solid OpenSCAD_Model
  facet normal -0.998795 0.0490688 0
    outer loop
      vertex -6.5 0 0
      vertex -6.4687 0.637111 10
      vertex -6.4687 0.637111 0
    endloop
  endfacet
  facet normal -0.998795 0.0490688 0
    outer loop
      vertex -6.4687 0.637111 10
      vertex -6.5 0 0
      vertex -6.5 0 10
    endloop
  endfacet
  facet normal 0.0490686 0.998795 -0
    outer loop
      vertex 0.526382 6.47414 0
      vertex 0 6.5 10
      vertex 0.526382 6.47414 10
    endloop
  endfacet
  facet normal 0.0490686 0.998795 0
    outer loop
      vertex 0 6.5 10
      vertex 0.526382 6.47414 0
      vertex 0 6.5 0
    endloop
  endfacet
  facet normal 0.67157 0.740941 -0
    outer loop
      vertex 4.59619 4.59619 0
      vertex 4.12356 5.02457 10
      vertex 4.59619 4.59619 10
    endloop
  endfacet
  facet normal 0.67157 0.740941 0
    outer loop
      vertex 4.12356 5.02457 10
      vertex 4.59619 4.59619 0
      vertex 4.12356 5.02457 0
    endloop
  endfacet
  facet normal -0.671596 0.740918 0
    outer loop
      vertex -4.12356 5.02457 0
      vertex -4.23044 4.92769 10
      vertex -4.12356 5.02457 10
    endloop
  endfacet
  facet normal -0.671596 0.740918 0
    outer loop
      vertex -4.23044 4.92769 10
      vertex -4.12356 5.02457 0
      vertex -4.23044 4.92769 0
    endloop
  endfacet
  facet normal -0.336884 0.941546 0
    outer loop
      vertex -1.88685 6.22011 0
      vertex -2.48744 6.00522 10
      vertex -1.88685 6.22011 10
    endloop
  endfacet
  facet normal -0.336884 0.941546 0
    outer loop
      vertex -2.48744 6.00522 10
      vertex -1.88685 6.22011 0
      vertex -2.48744 6.00522 0
    endloop
  endfacet
  facet normal 0.90399 0.427555 0
    outer loop
      vertex 6.00522 2.48744 10
      vertex 5.73249 3.06408 0
      vertex 5.73249 3.06408 10
    endloop
  endfacet
  facet normal 0.90399 0.427555 0
    outer loop
      vertex 5.73249 3.06408 0
      vertex 6.00522 2.48744 10
      vertex 6.00522 2.48744 0
    endloop
  endfacet
  facet normal 0.5141 0.85773 -0
    outer loop
      vertex 3.61121 5.40455 0
      vertex 3.37855 5.544 10
      vertex 3.61121 5.40455 10
    endloop
  endfacet
  facet normal 0.5141 0.85773 0
    outer loop
      vertex 3.37855 5.544 10
      vertex 3.61121 5.40455 0
      vertex 3.37855 5.544 0
    endloop
  endfacet
  facet normal -0.903933 0.427673 0
    outer loop
      vertex -6.00522 2.48744 0
      vertex -5.99765 2.50344 10
      vertex -5.99765 2.50344 0
    endloop
  endfacet
  facet normal -0.903933 0.427673 0
    outer loop
      vertex -5.99765 2.50344 10
      vertex -6.00522 2.48744 0
      vertex -6.00522 2.48744 10
    endloop
  endfacet
  facet normal -0.146735 0.989176 0
    outer loop
      vertex -0.637111 6.4687 0
      vertex -1.26809 6.3751 10
      vertex -0.637111 6.4687 10
    endloop
  endfacet
  facet normal -0.146735 0.989176 0
    outer loop
      vertex -1.26809 6.3751 10
      vertex -0.637111 6.4687 0
      vertex -1.26809 6.3751 0
    endloop
  endfacet
  facet normal -0 0 -1
    outer loop
      vertex -4.02122 -0.79987 0
      vertex -6.3751 -1.26809 0
      vertex -4.08026 -0.40187 0
    endloop
  endfacet
  facet normal 0 0 -1
    outer loop
      vertex -6.4687 -0.637111 0
      vertex -4.08026 -0.40187 0
      vertex -6.3751 -1.26809 0
    endloop
  endfacet
  facet normal 0 -0 -1
    outer loop
      vertex -6.00522 2.48744 0
      vertex -4.1 0 0
      vertex -6.22011 1.88685 0
    endloop
  endfacet
  facet normal 0 0 -1
    outer loop
      vertex -4.1 0 0
      vertex -6.00522 2.48744 0
      vertex -5.99765 2.50344 0
    endloop
  endfacet
  facet normal -0 0 -1
    outer loop
      vertex -4.08026 -0.40187 0
      vertex -6.4687 -0.637111 0
      vertex -4.1 0 0
    endloop
  endfacet
  facet normal 0 0 -1
    outer loop
      vertex -4.1 0 0
      vertex -6.3751 1.26809 0
      vertex -6.22011 1.88685 0
    endloop
  endfacet
  facet normal 0 0 -1
    outer loop
      vertex -6.5 0 0
      vertex -4.1 0 0
      vertex -6.4687 -0.637111 0
    endloop
  endfacet
  facet normal 0 0 -1
    outer loop
      vertex -4.1 0 0
      vertex -6.4687 0.637111 0
      vertex -6.3751 1.26809 0
    endloop
  endfacet
  facet normal 0 0 -1
    outer loop
      vertex -4.1 0 0
      vertex -6.5 0 0
      vertex -6.4687 0.637111 0
    endloop
  endfacet
  facet normal 0 0 -1
    outer loop
      vertex -3.40903 2.27784 0
      vertex -5.99765 2.50344 0
      vertex -4.23044 4.92769 0
    endloop
  endfacet
  facet normal 0 0 -1
    outer loop
      vertex -5.99765 2.50344 0
      vertex -31.8337 24.9826 0
      vertex -4.23044 4.92769 0
    endloop
  endfacet
  facet normal 0 0 -1
    outer loop
      vertex -33.6209 22.5729 0
      vertex -31.8337 24.9826 0
      vertex -5.99765 2.50344 0
    endloop
  endfacet
  facet normal 0 0 -1
    outer loop
      vertex -35.3375 23.6117 0
      vertex -31.8337 24.9826 0
      vertex -33.6209 22.5729 0
    endloop
  endfacet
  facet normal 0 0 -1
    outer loop
      vertex -35.3375 23.6117 0
      vertex -33.6209 22.5729 0
      vertex -33.6745 22.5006 0
    endloop
  endfacet
  facet normal -0 0 -1
    outer loop
      vertex -31.8337 24.9826 0
      vertex -35.3375 23.6117 0
      vertex -32.8529 26.9617 0
    endloop
  endfacet
  facet normal 0 0 -1
    outer loop
      vertex -35.7178 19.0916 0
      vertex -35.3375 23.6117 0
      vertex -33.6745 22.5006 0
    endloop
  endfacet
  facet normal 0 0 -1
    outer loop
      vertex -37.4817 20.0344 0
      vertex -35.7178 19.0916 0
      vertex -37.4171 15.4987 0
    endloop
  endfacet
  facet normal 0 0 -1
    outer loop
      vertex -35.7178 19.0916 0
      vertex -37.4817 20.0344 0
      vertex -35.3375 23.6117 0
    endloop
  endfacet
  facet normal 0 0 -1
    outer loop
      vertex -39.2649 16.264 0
      vertex -37.4171 15.4987 0
      vertex -38.7561 11.7565 0
    endloop
  endfacet
  facet normal 0 0 -1
    outer loop
      vertex -37.4171 15.4987 0
      vertex -39.2649 16.264 0
      vertex -37.4817 20.0344 0
    endloop
  endfacet
  facet normal 0 0 -1
    outer loop
      vertex -40.67 12.3371 0
      vertex -38.7561 11.7565 0
      vertex -39.7218 7.90116 0
    endloop
  endfacet
  facet normal 0 0 -1
    outer loop
      vertex -41.6834 8.29134 0
      vertex -39.7218 7.90116 0
      vertex -40.305 3.96969 0
    endloop
  endfacet
  facet normal 0 0 -1
    outer loop
      vertex -38.7561 11.7565 0
      vertex -40.67 12.3371 0
      vertex -39.2649 16.264 0
    endloop
  endfacet
  facet normal 0 0 -1
    outer loop
      vertex -42.2953 4.16573 0
      vertex -40.305 3.96969 0
      vertex -40.5 0 0
    endloop
  endfacet
  facet normal 0 0 -1
    outer loop
      vertex -42.2953 -4.16573 0
      vertex -40.305 -3.96969 0
      vertex -41.6834 -8.29134 0
    endloop
  endfacet
  facet normal -0 0 -1
    outer loop
      vertex -40.305 -3.96969 0
      vertex -42.2953 -4.16573 0
      vertex -40.5 0 0
    endloop
  endfacet
  facet normal 0 0 -1
    outer loop
      vertex -39.7218 7.90116 0
      vertex -41.6834 8.29134 0
      vertex -40.67 12.3371 0
    endloop
  endfacet
  facet normal 0 0 -1
    outer loop
      vertex -42.5 0 0
      vertex -40.5 0 0
      vertex -42.2953 -4.16573 0
    endloop
  endfacet
  facet normal 0 0 -1
    outer loop
      vertex -40.305 3.96969 0
      vertex -42.2953 4.16573 0
      vertex -41.6834 8.29134 0
    endloop
  endfacet
  facet normal 0 0 -1
    outer loop
      vertex -40.5 0 0
      vertex -42.5 0 0
      vertex -42.2953 4.16573 0
    endloop
  endfacet
  facet normal 0 0 -1
    outer loop
      vertex 3.37855 5.544 0
      vertex 11.0712 38.9277 0
      vertex 13.9185 37.9825 0
    endloop
  endfacet
  facet normal -0 0 -1
    outer loop
      vertex 4.12356 5.02457 0
      vertex 2.60101 3.16934 0
      vertex 3.61121 5.40455 0
    endloop
  endfacet
  facet normal 0 0 -1
    outer loop
      vertex 2.27784 3.40903 0
      vertex 3.61121 5.40455 0
      vertex 2.60101 3.16934 0
    endloop
  endfacet
  facet normal -0 0 -1
    outer loop
      vertex 3.61121 5.40455 0
      vertex 2.27784 3.40903 0
      vertex 3.37855 5.544 0
    endloop
  endfacet
  facet normal 0 0 -1
    outer loop
      vertex 1.93273 3.61588 0
      vertex 3.37855 5.544 0
      vertex 2.27784 3.40903 0
    endloop
  endfacet
  facet normal 0 0 -1
    outer loop
      vertex 1.569 3.78791 0
      vertex 3.37855 5.544 0
      vertex 1.93273 3.61588 0
    endloop
  endfacet
  facet normal 0 0 -1
    outer loop
      vertex 1.19017 3.92346 0
      vertex 3.37855 5.544 0
      vertex 1.569 3.78791 0
    endloop
  endfacet
  facet normal -0 0 -1
    outer loop
      vertex 3.37855 5.544 0
      vertex 1.19017 3.92346 0
      vertex 0.526382 6.47414 0
    endloop
  endfacet
  facet normal 0 0 -1
    outer loop
      vertex 0.526382 6.47414 0
      vertex 1.19017 3.92346 0
      vertex 0.79987 4.02122 0
    endloop
  endfacet
  facet normal 0 0 -1
    outer loop
      vertex 3.37855 5.544 0
      vertex 0.526382 6.47414 0
      vertex 11.0712 38.9277 0
    endloop
  endfacet
  facet normal 0 0 -1
    outer loop
      vertex 0.40187 4.08026 0
      vertex 0.526382 6.47414 0
      vertex 0.79987 4.02122 0
    endloop
  endfacet
  facet normal 0 0 -1
    outer loop
      vertex 0 4.1 0
      vertex 0.526382 6.47414 0
      vertex 0.40187 4.08026 0
    endloop
  endfacet
  facet normal 0 0 -1
    outer loop
      vertex 0 4.1 0
      vertex 0 6.5 0
      vertex 0.526382 6.47414 0
    endloop
  endfacet
  facet normal 0 0 -1
    outer loop
      vertex -0.40187 4.08026 0
      vertex 0 6.5 0
      vertex 0 4.1 0
    endloop
  endfacet
  facet normal 0 0 -1
    outer loop
      vertex -0.40187 4.08026 0
      vertex -0.637111 6.4687 0
      vertex 0 6.5 0
    endloop
  endfacet
  facet normal 0 0 -1
    outer loop
      vertex -0.79987 4.02122 0
      vertex -0.637111 6.4687 0
      vertex -0.40187 4.08026 0
    endloop
  endfacet
  facet normal 0 0 -1
    outer loop
      vertex -1.26809 6.3751 0
      vertex -0.79987 4.02122 0
      vertex -1.19017 3.92346 0
    endloop
  endfacet
  facet normal 0 0 -1
    outer loop
      vertex -0.79987 4.02122 0
      vertex -1.26809 6.3751 0
      vertex -0.637111 6.4687 0
    endloop
  endfacet
  facet normal 0 0 -1
    outer loop
      vertex -1.88685 6.22011 0
      vertex -1.19017 3.92346 0
      vertex -1.569 3.78791 0
    endloop
  endfacet
  facet normal 0 0 -1
    outer loop
      vertex -1.19017 3.92346 0
      vertex -1.88685 6.22011 0
      vertex -1.26809 6.3751 0
    endloop
  endfacet
  facet normal 0 0 -1
    outer loop
      vertex -2.48744 6.00522 0
      vertex -1.569 3.78791 0
      vertex -1.93273 3.61588 0
    endloop
  endfacet
  facet normal 0 0 -1
    outer loop
      vertex -3.06408 5.73249 0
      vertex -1.93273 3.61588 0
      vertex -2.27784 3.40903 0
    endloop
  endfacet
  facet normal 0 0 -1
    outer loop
      vertex -1.569 3.78791 0
      vertex -2.48744 6.00522 0
      vertex -1.88685 6.22011 0
    endloop
  endfacet
  facet normal 0 0 -1
    outer loop
      vertex -3.61121 5.40455 0
      vertex -2.27784 3.40903 0
      vertex -2.60101 3.16934 0
    endloop
  endfacet
  facet normal 0 0 -1
    outer loop
      vertex -4.23044 4.92769 0
      vertex -2.60101 3.16934 0
      vertex -2.89914 2.89914 0
    endloop
  endfacet
  facet normal 0 0 -1
    outer loop
      vertex -1.93273 3.61588 0
      vertex -3.06408 5.73249 0
      vertex -2.48744 6.00522 0
    endloop
  endfacet
  facet normal 0 0 -1
    outer loop
      vertex -4.23044 4.92769 0
      vertex -2.89914 2.89914 0
      vertex -3.16934 2.60101 0
    endloop
  endfacet
  facet normal 0 0 -1
    outer loop
      vertex -4.23044 4.92769 0
      vertex -3.16934 2.60101 0
      vertex -3.40903 2.27784 0
    endloop
  endfacet
  facet normal 0 0 -1
    outer loop
      vertex -2.27784 3.40903 0
      vertex -3.61121 5.40455 0
      vertex -3.06408 5.73249 0
    endloop
  endfacet
  facet normal 0 0 -1
    outer loop
      vertex -5.99765 2.50344 0
      vertex -3.40903 2.27784 0
      vertex -3.61588 1.93273 0
    endloop
  endfacet
  facet normal 0 0 -1
    outer loop
      vertex -5.99765 2.50344 0
      vertex -3.61588 1.93273 0
      vertex -3.78791 1.569 0
    endloop
  endfacet
  facet normal 0 0 -1
    outer loop
      vertex -5.99765 2.50344 0
      vertex -3.78791 1.569 0
      vertex -3.92346 1.19017 0
    endloop
  endfacet
  facet normal 0 0 -1
    outer loop
      vertex -5.99765 2.50344 0
      vertex -3.92346 1.19017 0
      vertex -4.02122 0.79987 0
    endloop
  endfacet
  facet normal 0 0 -1
    outer loop
      vertex -4.1 0 0
      vertex -5.99765 2.50344 0
      vertex -4.08026 0.40187 0
    endloop
  endfacet
  facet normal 0 0 -1
    outer loop
      vertex -2.60101 3.16934 0
      vertex -4.12356 5.02457 0
      vertex -3.61121 5.40455 0
    endloop
  endfacet
  facet normal 0 0 -1
    outer loop
      vertex -6.3751 -1.26809 0
      vertex -4.02122 -0.79987 0
      vertex -6.22011 -1.88685 0
    endloop
  endfacet
  facet normal 0 0 -1
    outer loop
      vertex -6.22011 -1.88685 0
      vertex -3.92346 -1.19017 0
      vertex -6.00522 -2.48744 0
    endloop
  endfacet
  facet normal -0 0 -1
    outer loop
      vertex -3.92346 -1.19017 0
      vertex -6.22011 -1.88685 0
      vertex -4.02122 -0.79987 0
    endloop
  endfacet
  facet normal 0 0 -1
    outer loop
      vertex -2.60101 3.16934 0
      vertex -4.23044 4.92769 0
      vertex -4.12356 5.02457 0
    endloop
  endfacet
  facet normal 0 0 -1
    outer loop
      vertex -4.08026 0.40187 0
      vertex -5.99765 2.50344 0
      vertex -4.02122 0.79987 0
    endloop
  endfacet
  facet normal 0 0 -1
    outer loop
      vertex -31.8337 -24.9826 0
      vertex -5.99765 -2.50344 0
      vertex -4.23044 -4.92769 0
    endloop
  endfacet
  facet normal 0 0 -1
    outer loop
      vertex -31.8337 -24.9826 0
      vertex -33.6209 -22.5729 0
      vertex -5.99765 -2.50344 0
    endloop
  endfacet
  facet normal 0 0 -1
    outer loop
      vertex -35.3375 -23.6117 0
      vertex -31.8337 -24.9826 0
      vertex -32.8529 -26.9617 0
    endloop
  endfacet
  facet normal 0 0 -1
    outer loop
      vertex -31.8337 -24.9826 0
      vertex -35.3375 -23.6117 0
      vertex -33.6209 -22.5729 0
    endloop
  endfacet
  facet normal -0 0 -1
    outer loop
      vertex -33.6209 -22.5729 0
      vertex -35.3375 -23.6117 0
      vertex -33.6745 -22.5006 0
    endloop
  endfacet
  facet normal 0 0 -1
    outer loop
      vertex -35.3375 -23.6117 0
      vertex -35.7178 -19.0916 0
      vertex -33.6745 -22.5006 0
    endloop
  endfacet
  facet normal 0 0 -1
    outer loop
      vertex -37.4817 -20.0344 0
      vertex -35.7178 -19.0916 0
      vertex -35.3375 -23.6117 0
    endloop
  endfacet
  facet normal -0 0 -1
    outer loop
      vertex -35.7178 -19.0916 0
      vertex -37.4817 -20.0344 0
      vertex -37.4171 -15.4987 0
    endloop
  endfacet
  facet normal 0 0 -1
    outer loop
      vertex -39.2649 -16.264 0
      vertex -37.4171 -15.4987 0
      vertex -37.4817 -20.0344 0
    endloop
  endfacet
  facet normal -0 0 -1
    outer loop
      vertex -37.4171 -15.4987 0
      vertex -39.2649 -16.264 0
      vertex -38.7561 -11.7565 0
    endloop
  endfacet
  facet normal 0 0 -1
    outer loop
      vertex -40.67 -12.3371 0
      vertex -38.7561 -11.7565 0
      vertex -39.2649 -16.264 0
    endloop
  endfacet
  facet normal -0 0 -1
    outer loop
      vertex -38.7561 -11.7565 0
      vertex -40.67 -12.3371 0
      vertex -39.7218 -7.90116 0
    endloop
  endfacet
  facet normal -0 0 -1
    outer loop
      vertex -39.7218 -7.90116 0
      vertex -41.6834 -8.29134 0
      vertex -40.305 -3.96969 0
    endloop
  endfacet
  facet normal 0 0 -1
    outer loop
      vertex -41.6834 -8.29134 0
      vertex -39.7218 -7.90116 0
      vertex -40.67 -12.3371 0
    endloop
  endfacet
  facet normal 0 0 -1
    outer loop
      vertex 6.31701 -1.5 0
      vertex 40.4263 1.5 0
      vertex 40.4263 -1.5 0
    endloop
  endfacet
  facet normal 0 0 -1
    outer loop
      vertex 6.31701 -1.5 0
      vertex 6.31701 1.5 0
      vertex 40.4263 1.5 0
    endloop
  endfacet
  facet normal 0 0 -1
    outer loop
      vertex 3.92346 -1.19017 0
      vertex 6.31701 -1.5 0
      vertex 6.22011 -1.88685 0
    endloop
  endfacet
  facet normal 0 0 -1
    outer loop
      vertex 6.31701 -1.5 0
      vertex 4.1 0 0
      vertex 6.31701 1.5 0
    endloop
  endfacet
  facet normal 0 0 -1
    outer loop
      vertex 3.92346 -1.19017 0
      vertex 6.22011 -1.88685 0
      vertex 6.00522 -2.48744 0
    endloop
  endfacet
  facet normal 0 0 -1
    outer loop
      vertex 4.08026 0.40187 0
      vertex 6.31701 1.5 0
      vertex 4.1 0 0
    endloop
  endfacet
  facet normal 0 0 -1
    outer loop
      vertex 3.78791 -1.569 0
      vertex 6.00522 -2.48744 0
      vertex 5.73249 -3.06408 0
    endloop
  endfacet
  facet normal 0 0 -1
    outer loop
      vertex 4.02122 0.79987 0
      vertex 6.31701 1.5 0
      vertex 4.08026 0.40187 0
    endloop
  endfacet
  facet normal 0 0 -1
    outer loop
      vertex 3.61588 -1.93273 0
      vertex 5.73249 -3.06408 0
      vertex 5.40455 -3.61121 0
    endloop
  endfacet
  facet normal 0 0 -1
    outer loop
      vertex 3.92346 1.19017 0
      vertex 6.31701 1.5 0
      vertex 4.02122 0.79987 0
    endloop
  endfacet
  facet normal 0 0 -1
    outer loop
      vertex 3.40903 -2.27784 0
      vertex 5.40455 -3.61121 0
      vertex 5.02457 -4.12356 0
    endloop
  endfacet
  facet normal -0 0 -1
    outer loop
      vertex 6.31701 1.5 0
      vertex 3.92346 1.19017 0
      vertex 6.22011 1.88685 0
    endloop
  endfacet
  facet normal 0 0 -1
    outer loop
      vertex 3.16934 -2.60101 0
      vertex 5.02457 -4.12356 0
      vertex 4.59619 -4.59619 0
    endloop
  endfacet
  facet normal -0 0 -1
    outer loop
      vertex 6.22011 1.88685 0
      vertex 3.92346 1.19017 0
      vertex 6.00522 2.48744 0
    endloop
  endfacet
  facet normal 0 0 -1
    outer loop
      vertex 2.89914 -2.89914 0
      vertex 4.59619 -4.59619 0
      vertex 4.12356 -5.02457 0
    endloop
  endfacet
  facet normal 0 0 -1
    outer loop
      vertex 3.78791 1.569 0
      vertex 6.00522 2.48744 0
      vertex 3.92346 1.19017 0
    endloop
  endfacet
  facet normal -0 0 -1
    outer loop
      vertex 6.00522 2.48744 0
      vertex 3.78791 1.569 0
      vertex 5.73249 3.06408 0
    endloop
  endfacet
  facet normal 0 0 -1
    outer loop
      vertex 6.31701 -1.5 0
      vertex 4.08026 -0.40187 0
      vertex 4.1 0 0
    endloop
  endfacet
  facet normal 0 0 -1
    outer loop
      vertex 6.31701 -1.5 0
      vertex 4.02122 -0.79987 0
      vertex 4.08026 -0.40187 0
    endloop
  endfacet
  facet normal 0 0 -1
    outer loop
      vertex 6.31701 -1.5 0
      vertex 3.92346 -1.19017 0
      vertex 4.02122 -0.79987 0
    endloop
  endfacet
  facet normal 0 0 -1
    outer loop
      vertex 6.00522 -2.48744 0
      vertex 3.78791 -1.569 0
      vertex 3.92346 -1.19017 0
    endloop
  endfacet
  facet normal 0 0 -1
    outer loop
      vertex 5.73249 -3.06408 0
      vertex 3.61588 -1.93273 0
      vertex 3.78791 -1.569 0
    endloop
  endfacet
  facet normal 0 0 -1
    outer loop
      vertex 2.60101 -3.16934 0
      vertex 4.12356 -5.02457 0
      vertex 3.61121 -5.40455 0
    endloop
  endfacet
  facet normal 0 0 -1
    outer loop
      vertex 5.40455 -3.61121 0
      vertex 3.40903 -2.27784 0
      vertex 3.61588 -1.93273 0
    endloop
  endfacet
  facet normal 0 0 -1
    outer loop
      vertex 2.27784 -3.40903 0
      vertex 3.61121 -5.40455 0
      vertex 3.37855 -5.544 0
    endloop
  endfacet
  facet normal 0 0 -1
    outer loop
      vertex 5.02457 -4.12356 0
      vertex 3.16934 -2.60101 0
      vertex 3.40903 -2.27784 0
    endloop
  endfacet
  facet normal 0 0 -1
    outer loop
      vertex 69.15 -42.5 0
      vertex 66.5455 -29.1022 0
      vertex 69.15 -30.0341 0
    endloop
  endfacet
  facet normal 0 0 -1
    outer loop
      vertex 69.15 -42.5 0
      vertex 63.751 -27.7805 0
      vertex 66.5455 -29.1022 0
    endloop
  endfacet
  facet normal 0 0 -1
    outer loop
      vertex 69.15 -42.5 0
      vertex 61.0995 -26.1913 0
      vertex 63.751 -27.7805 0
    endloop
  endfacet
  facet normal 0 0 -1
    outer loop
      vertex 69.15 -42.5 0
      vertex 58.6166 -24.3498 0
      vertex 61.0995 -26.1913 0
    endloop
  endfacet
  facet normal 0 0 -1
    outer loop
      vertex 28.6378 -28.6378 0
      vertex 58.6166 -24.3498 0
      vertex 69.15 -42.5 0
    endloop
  endfacet
  facet normal 0 -0 -1
    outer loop
      vertex 31.3069 -25.6929 0
      vertex 58.6166 -24.3498 0
      vertex 28.6378 -28.6378 0
    endloop
  endfacet
  facet normal 0 -0 -1
    outer loop
      vertex 33.6745 -22.5006 0
      vertex 56.3261 -22.2739 0
      vertex 31.3069 -25.6929 0
    endloop
  endfacet
  facet normal 0 0 -1
    outer loop
      vertex 47.2517 -3.08754 0
      vertex 40.4263 -1.5 0
      vertex 47.1 0 0
    endloop
  endfacet
  facet normal 0 0 -1
    outer loop
      vertex 40.305 -3.96969 0
      vertex 47.2517 -3.08754 0
      vertex 47.7053 -6.14534 0
    endloop
  endfacet
  facet normal 0 0 -1
    outer loop
      vertex 39.7218 -7.90116 0
      vertex 47.7053 -6.14534 0
      vertex 48.4564 -9.14397 0
    endloop
  endfacet
  facet normal 0 0 -1
    outer loop
      vertex 38.7561 -11.7565 0
      vertex 48.4564 -9.14397 0
      vertex 49.4978 -12.0545 0
    endloop
  endfacet
  facet normal 0 0 -1
    outer loop
      vertex 37.4171 -15.4987 0
      vertex 49.4978 -12.0545 0
      vertex 50.8195 -14.849 0
    endloop
  endfacet
  facet normal 0 0 -1
    outer loop
      vertex 37.4171 -15.4987 0
      vertex 50.8195 -14.849 0
      vertex 52.4087 -17.5005 0
    endloop
  endfacet
  facet normal -0 0 -1
    outer loop
      vertex 56.3261 -22.2739 0
      vertex 33.6745 -22.5006 0
      vertex 54.2502 -19.9834 0
    endloop
  endfacet
  facet normal -0 0 -1
    outer loop
      vertex 47.2517 -3.08754 0
      vertex 40.305 -3.96969 0
      vertex 40.4263 -1.5 0
    endloop
  endfacet
  facet normal -0 0 -1
    outer loop
      vertex 47.7053 -6.14534 0
      vertex 39.7218 -7.90116 0
      vertex 40.305 -3.96969 0
    endloop
  endfacet
  facet normal -0 0 -1
    outer loop
      vertex 48.4564 -9.14397 0
      vertex 38.7561 -11.7565 0
      vertex 39.7218 -7.90116 0
    endloop
  endfacet
  facet normal -0 0 -1
    outer loop
      vertex 49.4978 -12.0545 0
      vertex 37.4171 -15.4987 0
      vertex 38.7561 -11.7565 0
    endloop
  endfacet
  facet normal -0 0 -1
    outer loop
      vertex 52.4087 -17.5005 0
      vertex 35.7178 -19.0916 0
      vertex 37.4171 -15.4987 0
    endloop
  endfacet
  facet normal 0 0 -1
    outer loop
      vertex 54.2502 -19.9834 0
      vertex 35.7178 -19.0916 0
      vertex 52.4087 -17.5005 0
    endloop
  endfacet
  facet normal 0 -0 -1
    outer loop
      vertex 35.7178 -19.0916 0
      vertex 54.2502 -19.9834 0
      vertex 33.6745 -22.5006 0
    endloop
  endfacet
  facet normal -0 0 -1
    outer loop
      vertex 58.6166 -24.3498 0
      vertex 31.3069 -25.6929 0
      vertex 56.3261 -22.2739 0
    endloop
  endfacet
  facet normal 0 0 -1
    outer loop
      vertex 69.15 -42.5 0
      vertex 25.6929 -31.3069 0
      vertex 28.6378 -28.6378 0
    endloop
  endfacet
  facet normal 0 0 -1
    outer loop
      vertex 69.15 -42.5 0
      vertex 22.5006 -33.6745 0
      vertex 25.6929 -31.3069 0
    endloop
  endfacet
  facet normal 0 0 -1
    outer loop
      vertex 69.15 -42.5 0
      vertex 19.0916 -35.7178 0
      vertex 22.5006 -33.6745 0
    endloop
  endfacet
  facet normal 0 0 -1
    outer loop
      vertex 69.15 -42.5 0
      vertex 15.4987 -37.4171 0
      vertex 19.0916 -35.7178 0
    endloop
  endfacet
  facet normal 0 0 -1
    outer loop
      vertex 69.15 -42.5 0
      vertex 13.9185 -37.9825 0
      vertex 15.4987 -37.4171 0
    endloop
  endfacet
  facet normal 0 0 -1
    outer loop
      vertex 69.15 -42.5 0
      vertex 11.0712 -38.9277 0
      vertex 13.9185 -37.9825 0
    endloop
  endfacet
  facet normal 0 0 -1
    outer loop
      vertex 0 -42.5 0
      vertex 11.0712 -38.9277 0
      vertex 69.15 -42.5 0
    endloop
  endfacet
  facet normal 0 0 -1
    outer loop
      vertex 11.0712 -38.9277 0
      vertex 0 -42.5 0
      vertex 7.90116 -39.7218 0
    endloop
  endfacet
  facet normal 0 0 -1
    outer loop
      vertex 7.90116 -39.7218 0
      vertex 0 -42.5 0
      vertex 3.96969 -40.305 0
    endloop
  endfacet
  facet normal 0 0 -1
    outer loop
      vertex 0 -42.5 0
      vertex 0 -40.5 0
      vertex 3.96969 -40.305 0
    endloop
  endfacet
  facet normal 0 0 -1
    outer loop
      vertex 0 -42.5 0
      vertex -3.96969 -40.305 0
      vertex 0 -40.5 0
    endloop
  endfacet
  facet normal 0 0 -1
    outer loop
      vertex -4.16573 -42.2953 0
      vertex -3.96969 -40.305 0
      vertex 0 -42.5 0
    endloop
  endfacet
  facet normal 0 0 -1
    outer loop
      vertex -4.16573 -42.2953 0
      vertex -7.90116 -39.7218 0
      vertex -3.96969 -40.305 0
    endloop
  endfacet
  facet normal 0 0 -1
    outer loop
      vertex -8.29134 -41.6834 0
      vertex -7.90116 -39.7218 0
      vertex -4.16573 -42.2953 0
    endloop
  endfacet
  facet normal 0 0 -1
    outer loop
      vertex -8.29134 -41.6834 0
      vertex -11.7565 -38.7561 0
      vertex -7.90116 -39.7218 0
    endloop
  endfacet
  facet normal 0 0 -1
    outer loop
      vertex -12.3371 -40.67 0
      vertex -11.7565 -38.7561 0
      vertex -8.29134 -41.6834 0
    endloop
  endfacet
  facet normal 0 0 -1
    outer loop
      vertex -12.3371 -40.67 0
      vertex -15.4987 -37.4171 0
      vertex -11.7565 -38.7561 0
    endloop
  endfacet
  facet normal 0 0 -1
    outer loop
      vertex -16.264 -39.2649 0
      vertex -15.4987 -37.4171 0
      vertex -12.3371 -40.67 0
    endloop
  endfacet
  facet normal 0 0 -1
    outer loop
      vertex -16.264 -39.2649 0
      vertex -19.0916 -35.7178 0
      vertex -15.4987 -37.4171 0
    endloop
  endfacet
  facet normal 0 0 -1
    outer loop
      vertex -20.0344 -37.4817 0
      vertex -19.0916 -35.7178 0
      vertex -16.264 -39.2649 0
    endloop
  endfacet
  facet normal 0 0 -1
    outer loop
      vertex -20.0344 -37.4817 0
      vertex -22.5006 -33.6745 0
      vertex -19.0916 -35.7178 0
    endloop
  endfacet
  facet normal 0 0 -1
    outer loop
      vertex -23.6117 -35.3375 0
      vertex -22.5006 -33.6745 0
      vertex -20.0344 -37.4817 0
    endloop
  endfacet
  facet normal 0 0 -1
    outer loop
      vertex -23.6117 -35.3375 0
      vertex -25.6929 -31.3069 0
      vertex -22.5006 -33.6745 0
    endloop
  endfacet
  facet normal 0 0 -1
    outer loop
      vertex -26.9617 -32.8529 0
      vertex -25.6929 -31.3069 0
      vertex -23.6117 -35.3375 0
    endloop
  endfacet
  facet normal 0 0 -1
    outer loop
      vertex -26.9617 -32.8529 0
      vertex -28.6378 -28.6378 0
      vertex -25.6929 -31.3069 0
    endloop
  endfacet
  facet normal 0 0 -1
    outer loop
      vertex -30.052 -30.052 0
      vertex -28.6378 -28.6378 0
      vertex -26.9617 -32.8529 0
    endloop
  endfacet
  facet normal 0 0 -1
    outer loop
      vertex -30.052 -30.052 0
      vertex -31.3069 -25.6929 0
      vertex -28.6378 -28.6378 0
    endloop
  endfacet
  facet normal 0 0 -1
    outer loop
      vertex -32.8529 -26.9617 0
      vertex -31.3069 -25.6929 0
      vertex -30.052 -30.052 0
    endloop
  endfacet
  facet normal -0 0 -1
    outer loop
      vertex -31.3069 -25.6929 0
      vertex -32.8529 -26.9617 0
      vertex -31.8337 -24.9826 0
    endloop
  endfacet
  facet normal 0 0 -1
    outer loop
      vertex 66.5455 29.1022 0
      vertex 69.15 42.5 0
      vertex 69.15 30.0341 0
    endloop
  endfacet
  facet normal 0 0 -1
    outer loop
      vertex 63.751 27.7805 0
      vertex 69.15 42.5 0
      vertex 66.5455 29.1022 0
    endloop
  endfacet
  facet normal 0 0 -1
    outer loop
      vertex 61.0995 26.1913 0
      vertex 69.15 42.5 0
      vertex 63.751 27.7805 0
    endloop
  endfacet
  facet normal 0 0 -1
    outer loop
      vertex 58.6166 24.3498 0
      vertex 69.15 42.5 0
      vertex 61.0995 26.1913 0
    endloop
  endfacet
  facet normal 0 0 -1
    outer loop
      vertex 31.3069 25.6929 0
      vertex 58.6166 24.3498 0
      vertex 56.3261 22.2739 0
    endloop
  endfacet
  facet normal 0 0 -1
    outer loop
      vertex 33.6745 22.5006 0
      vertex 56.3261 22.2739 0
      vertex 54.2502 19.9834 0
    endloop
  endfacet
  facet normal 0 0 -1
    outer loop
      vertex 35.7178 19.0916 0
      vertex 54.2502 19.9834 0
      vertex 52.4087 17.5005 0
    endloop
  endfacet
  facet normal 0 0 -1
    outer loop
      vertex 40.4263 1.5 0
      vertex 47.1 0 0
      vertex 40.4263 -1.5 0
    endloop
  endfacet
  facet normal 0 0 -1
    outer loop
      vertex 47.1 0 0
      vertex 40.4263 1.5 0
      vertex 47.2517 3.08754 0
    endloop
  endfacet
  facet normal 0 0 -1
    outer loop
      vertex 40.305 3.96969 0
      vertex 47.2517 3.08754 0
      vertex 40.4263 1.5 0
    endloop
  endfacet
  facet normal 0 0 -1
    outer loop
      vertex 47.2517 3.08754 0
      vertex 40.305 3.96969 0
      vertex 47.7053 6.14534 0
    endloop
  endfacet
  facet normal 0 0 -1
    outer loop
      vertex 39.7218 7.90116 0
      vertex 47.7053 6.14534 0
      vertex 40.305 3.96969 0
    endloop
  endfacet
  facet normal 0 0 -1
    outer loop
      vertex 47.7053 6.14534 0
      vertex 39.7218 7.90116 0
      vertex 48.4564 9.14397 0
    endloop
  endfacet
  facet normal 0 0 -1
    outer loop
      vertex 38.7561 11.7565 0
      vertex 48.4564 9.14397 0
      vertex 39.7218 7.90116 0
    endloop
  endfacet
  facet normal 0 0 -1
    outer loop
      vertex 48.4564 9.14397 0
      vertex 38.7561 11.7565 0
      vertex 49.4978 12.0545 0
    endloop
  endfacet
  facet normal 0 0 -1
    outer loop
      vertex 37.4171 15.4987 0
      vertex 49.4978 12.0545 0
      vertex 38.7561 11.7565 0
    endloop
  endfacet
  facet normal 0 0 -1
    outer loop
      vertex 49.4978 12.0545 0
      vertex 37.4171 15.4987 0
      vertex 50.8195 14.849 0
    endloop
  endfacet
  facet normal 0 0 -1
    outer loop
      vertex 50.8195 14.849 0
      vertex 37.4171 15.4987 0
      vertex 52.4087 17.5005 0
    endloop
  endfacet
  facet normal 0 0 -1
    outer loop
      vertex 35.7178 19.0916 0
      vertex 52.4087 17.5005 0
      vertex 37.4171 15.4987 0
    endloop
  endfacet
  facet normal -0 0 -1
    outer loop
      vertex 54.2502 19.9834 0
      vertex 35.7178 19.0916 0
      vertex 33.6745 22.5006 0
    endloop
  endfacet
  facet normal 0 0 -1
    outer loop
      vertex 56.3261 22.2739 0
      vertex 33.6745 22.5006 0
      vertex 31.3069 25.6929 0
    endloop
  endfacet
  facet normal 0 0 -1
    outer loop
      vertex 58.6166 24.3498 0
      vertex 31.3069 25.6929 0
      vertex 28.6378 28.6378 0
    endloop
  endfacet
  facet normal 0 0 -1
    outer loop
      vertex 58.6166 24.3498 0
      vertex 28.6378 28.6378 0
      vertex 69.15 42.5 0
    endloop
  endfacet
  facet normal 0 0 -1
    outer loop
      vertex 25.6929 31.3069 0
      vertex 69.15 42.5 0
      vertex 28.6378 28.6378 0
    endloop
  endfacet
  facet normal 0 0 -1
    outer loop
      vertex 22.5006 33.6745 0
      vertex 69.15 42.5 0
      vertex 25.6929 31.3069 0
    endloop
  endfacet
  facet normal 0 0 -1
    outer loop
      vertex 19.0916 35.7178 0
      vertex 69.15 42.5 0
      vertex 22.5006 33.6745 0
    endloop
  endfacet
  facet normal 0 0 -1
    outer loop
      vertex 15.4987 37.4171 0
      vertex 69.15 42.5 0
      vertex 19.0916 35.7178 0
    endloop
  endfacet
  facet normal 0 0 -1
    outer loop
      vertex 13.9185 37.9825 0
      vertex 69.15 42.5 0
      vertex 15.4987 37.4171 0
    endloop
  endfacet
  facet normal 0 0 -1
    outer loop
      vertex 11.0712 38.9277 0
      vertex 69.15 42.5 0
      vertex 13.9185 37.9825 0
    endloop
  endfacet
  facet normal 0 0 -1
    outer loop
      vertex 0 42.5 0
      vertex 11.0712 38.9277 0
      vertex 7.90116 39.7218 0
    endloop
  endfacet
  facet normal 0 0 -1
    outer loop
      vertex 0 42.5 0
      vertex 7.90116 39.7218 0
      vertex 3.96969 40.305 0
    endloop
  endfacet
  facet normal 0 0 -1
    outer loop
      vertex 0 42.5 0
      vertex 3.96969 40.305 0
      vertex 0 40.5 0
    endloop
  endfacet
  facet normal 0 0 -1
    outer loop
      vertex 11.0712 38.9277 0
      vertex 0 42.5 0
      vertex 69.15 42.5 0
    endloop
  endfacet
  facet normal 0 0 -1
    outer loop
      vertex -3.96969 40.305 0
      vertex 0 42.5 0
      vertex 0 40.5 0
    endloop
  endfacet
  facet normal 0 0 -1
    outer loop
      vertex -3.96969 40.305 0
      vertex -4.16573 42.2953 0
      vertex 0 42.5 0
    endloop
  endfacet
  facet normal 0 0 -1
    outer loop
      vertex -7.90116 39.7218 0
      vertex -4.16573 42.2953 0
      vertex -3.96969 40.305 0
    endloop
  endfacet
  facet normal 0 0 -1
    outer loop
      vertex -7.90116 39.7218 0
      vertex -8.29134 41.6834 0
      vertex -4.16573 42.2953 0
    endloop
  endfacet
  facet normal 0 0 -1
    outer loop
      vertex -11.7565 38.7561 0
      vertex -8.29134 41.6834 0
      vertex -7.90116 39.7218 0
    endloop
  endfacet
  facet normal 0 0 -1
    outer loop
      vertex -11.7565 38.7561 0
      vertex -12.3371 40.67 0
      vertex -8.29134 41.6834 0
    endloop
  endfacet
  facet normal 0 0 -1
    outer loop
      vertex -15.4987 37.4171 0
      vertex -12.3371 40.67 0
      vertex -11.7565 38.7561 0
    endloop
  endfacet
  facet normal 0 0 -1
    outer loop
      vertex -15.4987 37.4171 0
      vertex -16.264 39.2649 0
      vertex -12.3371 40.67 0
    endloop
  endfacet
  facet normal 0 0 -1
    outer loop
      vertex -19.0916 35.7178 0
      vertex -16.264 39.2649 0
      vertex -15.4987 37.4171 0
    endloop
  endfacet
  facet normal 0 0 -1
    outer loop
      vertex -19.0916 35.7178 0
      vertex -20.0344 37.4817 0
      vertex -16.264 39.2649 0
    endloop
  endfacet
  facet normal 0 0 -1
    outer loop
      vertex -22.5006 33.6745 0
      vertex -20.0344 37.4817 0
      vertex -19.0916 35.7178 0
    endloop
  endfacet
  facet normal 0 0 -1
    outer loop
      vertex -22.5006 33.6745 0
      vertex -23.6117 35.3375 0
      vertex -20.0344 37.4817 0
    endloop
  endfacet
  facet normal 0 0 -1
    outer loop
      vertex -25.6929 31.3069 0
      vertex -23.6117 35.3375 0
      vertex -22.5006 33.6745 0
    endloop
  endfacet
  facet normal 0 0 -1
    outer loop
      vertex -25.6929 31.3069 0
      vertex -26.9617 32.8529 0
      vertex -23.6117 35.3375 0
    endloop
  endfacet
  facet normal 0 0 -1
    outer loop
      vertex -28.6378 28.6378 0
      vertex -26.9617 32.8529 0
      vertex -25.6929 31.3069 0
    endloop
  endfacet
  facet normal 0 0 -1
    outer loop
      vertex -28.6378 28.6378 0
      vertex -30.052 30.052 0
      vertex -26.9617 32.8529 0
    endloop
  endfacet
  facet normal 0 0 -1
    outer loop
      vertex -31.3069 25.6929 0
      vertex -30.052 30.052 0
      vertex -28.6378 28.6378 0
    endloop
  endfacet
  facet normal 0 0 -1
    outer loop
      vertex -32.8529 26.9617 0
      vertex -31.3069 25.6929 0
      vertex -31.8337 24.9826 0
    endloop
  endfacet
  facet normal 0 0 -1
    outer loop
      vertex -31.3069 25.6929 0
      vertex -32.8529 26.9617 0
      vertex -30.052 30.052 0
    endloop
  endfacet
  facet normal 0 0 -1
    outer loop
      vertex 11.0712 -38.9277 0
      vertex 3.37855 -5.544 0
      vertex 13.9185 -37.9825 0
    endloop
  endfacet
  facet normal 0 0 -1
    outer loop
      vertex 4.59619 -4.59619 0
      vertex 2.89914 -2.89914 0
      vertex 3.16934 -2.60101 0
    endloop
  endfacet
  facet normal 0 0 -1
    outer loop
      vertex 4.12356 -5.02457 0
      vertex 2.60101 -3.16934 0
      vertex 2.89914 -2.89914 0
    endloop
  endfacet
  facet normal 0 0 -1
    outer loop
      vertex 0.526382 -6.47414 0
      vertex 3.37855 -5.544 0
      vertex 11.0712 -38.9277 0
    endloop
  endfacet
  facet normal 0 -0 -1
    outer loop
      vertex 1.19017 -3.92346 0
      vertex 3.37855 -5.544 0
      vertex 0.526382 -6.47414 0
    endloop
  endfacet
  facet normal 0 0 -1
    outer loop
      vertex 3.61121 -5.40455 0
      vertex 2.27784 -3.40903 0
      vertex 2.60101 -3.16934 0
    endloop
  endfacet
  facet normal 0 0 -1
    outer loop
      vertex 3.37855 -5.544 0
      vertex 1.93273 -3.61588 0
      vertex 2.27784 -3.40903 0
    endloop
  endfacet
  facet normal 0 0 -1
    outer loop
      vertex 3.37855 -5.544 0
      vertex 1.569 -3.78791 0
      vertex 1.93273 -3.61588 0
    endloop
  endfacet
  facet normal 0 0 -1
    outer loop
      vertex 3.37855 -5.544 0
      vertex 1.19017 -3.92346 0
      vertex 1.569 -3.78791 0
    endloop
  endfacet
  facet normal 0 0 -1
    outer loop
      vertex 1.19017 -3.92346 0
      vertex 0.526382 -6.47414 0
      vertex 0.79987 -4.02122 0
    endloop
  endfacet
  facet normal 0 0 -1
    outer loop
      vertex 0.526382 -6.47414 0
      vertex 0.40187 -4.08026 0
      vertex 0.79987 -4.02122 0
    endloop
  endfacet
  facet normal 0 0 -1
    outer loop
      vertex 0 -4.1 0
      vertex 0.526382 -6.47414 0
      vertex 0 -6.5 0
    endloop
  endfacet
  facet normal 0 0 -1
    outer loop
      vertex 0.526382 -6.47414 0
      vertex 0 -4.1 0
      vertex 0.40187 -4.08026 0
    endloop
  endfacet
  facet normal 0 0 -1
    outer loop
      vertex 0 -6.5 0
      vertex -0.40187 -4.08026 0
      vertex 0 -4.1 0
    endloop
  endfacet
  facet normal 0 0 -1
    outer loop
      vertex -0.637111 -6.4687 0
      vertex -0.40187 -4.08026 0
      vertex 0 -6.5 0
    endloop
  endfacet
  facet normal 0 0 -1
    outer loop
      vertex -0.637111 -6.4687 0
      vertex -0.79987 -4.02122 0
      vertex -0.40187 -4.08026 0
    endloop
  endfacet
  facet normal 0 0 -1
    outer loop
      vertex -1.26809 -6.3751 0
      vertex -0.79987 -4.02122 0
      vertex -0.637111 -6.4687 0
    endloop
  endfacet
  facet normal -0 0 -1
    outer loop
      vertex -0.79987 -4.02122 0
      vertex -1.26809 -6.3751 0
      vertex -1.19017 -3.92346 0
    endloop
  endfacet
  facet normal 0 0 -1
    outer loop
      vertex -1.88685 -6.22011 0
      vertex -1.19017 -3.92346 0
      vertex -1.26809 -6.3751 0
    endloop
  endfacet
  facet normal -0 0 -1
    outer loop
      vertex -1.19017 -3.92346 0
      vertex -1.88685 -6.22011 0
      vertex -1.569 -3.78791 0
    endloop
  endfacet
  facet normal 0 0 -1
    outer loop
      vertex -2.48744 -6.00522 0
      vertex -1.569 -3.78791 0
      vertex -1.88685 -6.22011 0
    endloop
  endfacet
  facet normal -0 0 -1
    outer loop
      vertex -1.569 -3.78791 0
      vertex -2.48744 -6.00522 0
      vertex -1.93273 -3.61588 0
    endloop
  endfacet
  facet normal 0 0 -1
    outer loop
      vertex -3.06408 -5.73249 0
      vertex -1.93273 -3.61588 0
      vertex -2.48744 -6.00522 0
    endloop
  endfacet
  facet normal -0 0 -1
    outer loop
      vertex -1.93273 -3.61588 0
      vertex -3.06408 -5.73249 0
      vertex -2.27784 -3.40903 0
    endloop
  endfacet
  facet normal 0 0 -1
    outer loop
      vertex -3.61121 -5.40455 0
      vertex -2.27784 -3.40903 0
      vertex -3.06408 -5.73249 0
    endloop
  endfacet
  facet normal -0 0 -1
    outer loop
      vertex -2.27784 -3.40903 0
      vertex -3.61121 -5.40455 0
      vertex -2.60101 -3.16934 0
    endloop
  endfacet
  facet normal 0 0 -1
    outer loop
      vertex -4.12356 -5.02457 0
      vertex -2.60101 -3.16934 0
      vertex -3.61121 -5.40455 0
    endloop
  endfacet
  facet normal 0 0 -1
    outer loop
      vertex -4.23044 -4.92769 0
      vertex -2.60101 -3.16934 0
      vertex -4.12356 -5.02457 0
    endloop
  endfacet
  facet normal -0 0 -1
    outer loop
      vertex -2.60101 -3.16934 0
      vertex -4.23044 -4.92769 0
      vertex -2.89914 -2.89914 0
    endloop
  endfacet
  facet normal -0 0 -1
    outer loop
      vertex -2.89914 -2.89914 0
      vertex -4.23044 -4.92769 0
      vertex -3.16934 -2.60101 0
    endloop
  endfacet
  facet normal -0 0 -1
    outer loop
      vertex -3.16934 -2.60101 0
      vertex -4.23044 -4.92769 0
      vertex -3.40903 -2.27784 0
    endloop
  endfacet
  facet normal 0 0 -1
    outer loop
      vertex -5.99765 -2.50344 0
      vertex -3.40903 -2.27784 0
      vertex -4.23044 -4.92769 0
    endloop
  endfacet
  facet normal -0 0 -1
    outer loop
      vertex -3.40903 -2.27784 0
      vertex -5.99765 -2.50344 0
      vertex -3.61588 -1.93273 0
    endloop
  endfacet
  facet normal -0 0 -1
    outer loop
      vertex -3.61588 -1.93273 0
      vertex -5.99765 -2.50344 0
      vertex -3.78791 -1.569 0
    endloop
  endfacet
  facet normal -0 0 -1
    outer loop
      vertex -3.78791 -1.569 0
      vertex -6.00522 -2.48744 0
      vertex -3.92346 -1.19017 0
    endloop
  endfacet
  facet normal 0 0 -1
    outer loop
      vertex -6.00522 -2.48744 0
      vertex -3.78791 -1.569 0
      vertex -5.99765 -2.50344 0
    endloop
  endfacet
  facet normal 0 0 -1
    outer loop
      vertex 3.61588 1.93273 0
      vertex 5.73249 3.06408 0
      vertex 3.78791 1.569 0
    endloop
  endfacet
  facet normal -0 0 -1
    outer loop
      vertex 5.73249 3.06408 0
      vertex 3.61588 1.93273 0
      vertex 5.40455 3.61121 0
    endloop
  endfacet
  facet normal 0 0 -1
    outer loop
      vertex 3.40903 2.27784 0
      vertex 5.40455 3.61121 0
      vertex 3.61588 1.93273 0
    endloop
  endfacet
  facet normal -0 0 -1
    outer loop
      vertex 5.40455 3.61121 0
      vertex 3.40903 2.27784 0
      vertex 5.02457 4.12356 0
    endloop
  endfacet
  facet normal 0 0 -1
    outer loop
      vertex 3.16934 2.60101 0
      vertex 5.02457 4.12356 0
      vertex 3.40903 2.27784 0
    endloop
  endfacet
  facet normal -0 0 -1
    outer loop
      vertex 5.02457 4.12356 0
      vertex 3.16934 2.60101 0
      vertex 4.59619 4.59619 0
    endloop
  endfacet
  facet normal 0 0 -1
    outer loop
      vertex 2.89914 2.89914 0
      vertex 4.59619 4.59619 0
      vertex 3.16934 2.60101 0
    endloop
  endfacet
  facet normal -0 0 -1
    outer loop
      vertex 4.59619 4.59619 0
      vertex 2.89914 2.89914 0
      vertex 4.12356 5.02457 0
    endloop
  endfacet
  facet normal 0 0 -1
    outer loop
      vertex 2.60101 3.16934 0
      vertex 4.12356 5.02457 0
      vertex 2.89914 2.89914 0
    endloop
  endfacet
  facet normal 0.970032 0.242978 0
    outer loop
      vertex 6.31701 1.5 10
      vertex 6.22011 1.88685 0
      vertex 6.22011 1.88685 10
    endloop
  endfacet
  facet normal 0.970032 0.242978 0
    outer loop
      vertex 6.22011 1.88685 0
      vertex 6.31701 1.5 10
      vertex 6.31701 1.5 0
    endloop
  endfacet
  facet normal 0.941546 0.336884 0
    outer loop
      vertex 6.22011 1.88685 10
      vertex 6.00522 2.48744 0
      vertex 6.00522 2.48744 10
    endloop
  endfacet
  facet normal 0.941546 0.336884 0
    outer loop
      vertex 6.00522 2.48744 0
      vertex 6.22011 1.88685 10
      vertex 6.22011 1.88685 0
    endloop
  endfacet
  facet normal 0.803211 0.595695 0
    outer loop
      vertex 5.40455 3.61121 10
      vertex 5.02457 4.12356 0
      vertex 5.02457 4.12356 10
    endloop
  endfacet
  facet normal 0.803211 0.595695 0
    outer loop
      vertex 5.02457 4.12356 0
      vertex 5.40455 3.61121 10
      vertex 5.40455 3.61121 0
    endloop
  endfacet
  facet normal 0.740941 0.67157 0
    outer loop
      vertex 5.02457 4.12356 10
      vertex 4.59619 4.59619 0
      vertex 4.59619 4.59619 10
    endloop
  endfacet
  facet normal 0.740941 0.67157 0
    outer loop
      vertex 4.59619 4.59619 0
      vertex 5.02457 4.12356 10
      vertex 5.02457 4.12356 0
    endloop
  endfacet
  facet normal 0.857727 0.514106 0
    outer loop
      vertex 5.73249 3.06408 10
      vertex 5.40455 3.61121 0
      vertex 5.40455 3.61121 10
    endloop
  endfacet
  facet normal 0.857727 0.514106 0
    outer loop
      vertex 5.40455 3.61121 0
      vertex 5.73249 3.06408 10
      vertex 5.73249 3.06408 0
    endloop
  endfacet
  facet normal 0.595695 0.803211 -0
    outer loop
      vertex 4.12356 5.02457 0
      vertex 3.61121 5.40455 10
      vertex 4.12356 5.02457 10
    endloop
  endfacet
  facet normal 0.595695 0.803211 0
    outer loop
      vertex 3.61121 5.40455 10
      vertex 4.12356 5.02457 0
      vertex 3.61121 5.40455 0
    endloop
  endfacet
  facet normal -0.970032 0.242978 0
    outer loop
      vertex -6.3751 1.26809 0
      vertex -6.22011 1.88685 10
      vertex -6.22011 1.88685 0
    endloop
  endfacet
  facet normal -0.970032 0.242978 0
    outer loop
      vertex -6.22011 1.88685 10
      vertex -6.3751 1.26809 0
      vertex -6.3751 1.26809 10
    endloop
  endfacet
  facet normal -0.941546 0.336884 0
    outer loop
      vertex -6.22011 1.88685 0
      vertex -6.00522 2.48744 10
      vertex -6.00522 2.48744 0
    endloop
  endfacet
  facet normal -0.941546 0.336884 0
    outer loop
      vertex -6.00522 2.48744 10
      vertex -6.22011 1.88685 0
      vertex -6.22011 1.88685 10
    endloop
  endfacet
  facet normal -0.989176 0.146735 0
    outer loop
      vertex -6.4687 0.637111 0
      vertex -6.3751 1.26809 10
      vertex -6.3751 1.26809 0
    endloop
  endfacet
  facet normal -0.989176 0.146735 0
    outer loop
      vertex -6.3751 1.26809 10
      vertex -6.4687 0.637111 0
      vertex -6.4687 0.637111 10
    endloop
  endfacet
  facet normal -0.514106 0.857727 0
    outer loop
      vertex -3.06408 5.73249 0
      vertex -3.61121 5.40455 10
      vertex -3.06408 5.73249 10
    endloop
  endfacet
  facet normal -0.514106 0.857727 0
    outer loop
      vertex -3.61121 5.40455 10
      vertex -3.06408 5.73249 0
      vertex -3.61121 5.40455 0
    endloop
  endfacet
  facet normal -0.427555 0.90399 0
    outer loop
      vertex -2.48744 6.00522 0
      vertex -3.06408 5.73249 10
      vertex -2.48744 6.00522 10
    endloop
  endfacet
  facet normal -0.427555 0.90399 0
    outer loop
      vertex -3.06408 5.73249 10
      vertex -2.48744 6.00522 0
      vertex -3.06408 5.73249 0
    endloop
  endfacet
  facet normal -0.595695 0.803211 0
    outer loop
      vertex -3.61121 5.40455 0
      vertex -4.12356 5.02457 10
      vertex -3.61121 5.40455 10
    endloop
  endfacet
  facet normal -0.595695 0.803211 0
    outer loop
      vertex -4.12356 5.02457 10
      vertex -3.61121 5.40455 0
      vertex -4.12356 5.02457 0
    endloop
  endfacet
  facet normal -0.242978 0.970032 0
    outer loop
      vertex -1.26809 6.3751 0
      vertex -1.88685 6.22011 10
      vertex -1.26809 6.3751 10
    endloop
  endfacet
  facet normal -0.242978 0.970032 0
    outer loop
      vertex -1.88685 6.22011 10
      vertex -1.26809 6.3751 0
      vertex -1.88685 6.22011 0
    endloop
  endfacet
  facet normal -0.0490688 0.998795 0
    outer loop
      vertex 0 6.5 0
      vertex -0.637111 6.4687 10
      vertex 0 6.5 10
    endloop
  endfacet
  facet normal -0.0490688 0.998795 0
    outer loop
      vertex -0.637111 6.4687 10
      vertex 0 6.5 0
      vertex -0.637111 6.4687 0
    endloop
  endfacet
  facet normal 0.0490686 -0.998795 0
    outer loop
      vertex 0 -6.5 0
      vertex 0.526382 -6.47414 10
      vertex 0 -6.5 10
    endloop
  endfacet
  facet normal 0.0490686 -0.998795 0
    outer loop
      vertex 0.526382 -6.47414 10
      vertex 0 -6.5 0
      vertex 0.526382 -6.47414 0
    endloop
  endfacet
  facet normal 0.595695 -0.803211 0
    outer loop
      vertex 3.61121 -5.40455 0
      vertex 4.12356 -5.02457 10
      vertex 3.61121 -5.40455 10
    endloop
  endfacet
  facet normal 0.595695 -0.803211 0
    outer loop
      vertex 4.12356 -5.02457 10
      vertex 3.61121 -5.40455 0
      vertex 4.12356 -5.02457 0
    endloop
  endfacet
  facet normal 0.803211 -0.595695 0
    outer loop
      vertex 5.02457 -4.12356 10
      vertex 5.40455 -3.61121 0
      vertex 5.40455 -3.61121 10
    endloop
  endfacet
  facet normal 0.803211 -0.595695 0
    outer loop
      vertex 5.40455 -3.61121 0
      vertex 5.02457 -4.12356 10
      vertex 5.02457 -4.12356 0
    endloop
  endfacet
  facet normal 0.90399 -0.427555 0
    outer loop
      vertex 5.73249 -3.06408 10
      vertex 6.00522 -2.48744 0
      vertex 6.00522 -2.48744 10
    endloop
  endfacet
  facet normal 0.90399 -0.427555 0
    outer loop
      vertex 6.00522 -2.48744 0
      vertex 5.73249 -3.06408 10
      vertex 5.73249 -3.06408 0
    endloop
  endfacet
  facet normal -0.671596 -0.740918 0
    outer loop
      vertex -4.23044 -4.92769 0
      vertex -4.12356 -5.02457 10
      vertex -4.23044 -4.92769 10
    endloop
  endfacet
  facet normal -0.671596 -0.740918 -0
    outer loop
      vertex -4.12356 -5.02457 10
      vertex -4.23044 -4.92769 0
      vertex -4.12356 -5.02457 0
    endloop
  endfacet
  facet normal -0.514106 -0.857727 0
    outer loop
      vertex -3.61121 -5.40455 0
      vertex -3.06408 -5.73249 10
      vertex -3.61121 -5.40455 10
    endloop
  endfacet
  facet normal -0.514106 -0.857727 -0
    outer loop
      vertex -3.06408 -5.73249 10
      vertex -3.61121 -5.40455 0
      vertex -3.06408 -5.73249 0
    endloop
  endfacet
  facet normal -0.336884 -0.941546 0
    outer loop
      vertex -2.48744 -6.00522 0
      vertex -1.88685 -6.22011 10
      vertex -2.48744 -6.00522 10
    endloop
  endfacet
  facet normal -0.336884 -0.941546 -0
    outer loop
      vertex -1.88685 -6.22011 10
      vertex -2.48744 -6.00522 0
      vertex -1.88685 -6.22011 0
    endloop
  endfacet
  facet normal -0.146735 -0.989176 0
    outer loop
      vertex -1.26809 -6.3751 0
      vertex -0.637111 -6.4687 10
      vertex -1.26809 -6.3751 10
    endloop
  endfacet
  facet normal -0.146735 -0.989176 -0
    outer loop
      vertex -0.637111 -6.4687 10
      vertex -1.26809 -6.3751 0
      vertex -0.637111 -6.4687 0
    endloop
  endfacet
  facet normal -0.903933 -0.427673 0
    outer loop
      vertex -5.99765 -2.50344 0
      vertex -6.00522 -2.48744 10
      vertex -6.00522 -2.48744 0
    endloop
  endfacet
  facet normal -0.903933 -0.427673 0
    outer loop
      vertex -6.00522 -2.48744 10
      vertex -5.99765 -2.50344 0
      vertex -5.99765 -2.50344 10
    endloop
  endfacet
  facet normal -0.970032 -0.242978 0
    outer loop
      vertex -6.22011 -1.88685 0
      vertex -6.3751 -1.26809 10
      vertex -6.3751 -1.26809 0
    endloop
  endfacet
  facet normal -0.970032 -0.242978 0
    outer loop
      vertex -6.3751 -1.26809 10
      vertex -6.22011 -1.88685 0
      vertex -6.22011 -1.88685 10
    endloop
  endfacet
  facet normal -0.998795 -0.0490688 0
    outer loop
      vertex -6.4687 -0.637111 0
      vertex -6.5 0 10
      vertex -6.5 0 0
    endloop
  endfacet
  facet normal -0.998795 -0.0490688 0
    outer loop
      vertex -6.5 0 10
      vertex -6.4687 -0.637111 0
      vertex -6.4687 -0.637111 10
    endloop
  endfacet
  facet normal 0.67157 -0.740941 0
    outer loop
      vertex 4.12356 -5.02457 0
      vertex 4.59619 -4.59619 10
      vertex 4.12356 -5.02457 10
    endloop
  endfacet
  facet normal 0.67157 -0.740941 0
    outer loop
      vertex 4.59619 -4.59619 10
      vertex 4.12356 -5.02457 0
      vertex 4.59619 -4.59619 0
    endloop
  endfacet
  facet normal 0.5141 -0.85773 0
    outer loop
      vertex 3.37855 -5.544 0
      vertex 3.61121 -5.40455 10
      vertex 3.37855 -5.544 10
    endloop
  endfacet
  facet normal 0.5141 -0.85773 0
    outer loop
      vertex 3.61121 -5.40455 10
      vertex 3.37855 -5.544 0
      vertex 3.61121 -5.40455 0
    endloop
  endfacet
  facet normal 0.857727 -0.514106 0
    outer loop
      vertex 5.40455 -3.61121 10
      vertex 5.73249 -3.06408 0
      vertex 5.73249 -3.06408 10
    endloop
  endfacet
  facet normal 0.857727 -0.514106 0
    outer loop
      vertex 5.73249 -3.06408 0
      vertex 5.40455 -3.61121 10
      vertex 5.40455 -3.61121 0
    endloop
  endfacet
  facet normal 0.941546 -0.336884 0
    outer loop
      vertex 6.00522 -2.48744 10
      vertex 6.22011 -1.88685 0
      vertex 6.22011 -1.88685 10
    endloop
  endfacet
  facet normal 0.941546 -0.336884 0
    outer loop
      vertex 6.22011 -1.88685 0
      vertex 6.00522 -2.48744 10
      vertex 6.00522 -2.48744 0
    endloop
  endfacet
  facet normal 0.970032 -0.242978 0
    outer loop
      vertex 6.22011 -1.88685 10
      vertex 6.31701 -1.5 0
      vertex 6.31701 -1.5 10
    endloop
  endfacet
  facet normal 0.970032 -0.242978 0
    outer loop
      vertex 6.31701 -1.5 0
      vertex 6.22011 -1.88685 10
      vertex 6.22011 -1.88685 0
    endloop
  endfacet
  facet normal -0.595695 -0.803211 0
    outer loop
      vertex -4.12356 -5.02457 0
      vertex -3.61121 -5.40455 10
      vertex -4.12356 -5.02457 10
    endloop
  endfacet
  facet normal -0.595695 -0.803211 -0
    outer loop
      vertex -3.61121 -5.40455 10
      vertex -4.12356 -5.02457 0
      vertex -3.61121 -5.40455 0
    endloop
  endfacet
  facet normal -0.427555 -0.90399 0
    outer loop
      vertex -3.06408 -5.73249 0
      vertex -2.48744 -6.00522 10
      vertex -3.06408 -5.73249 10
    endloop
  endfacet
  facet normal -0.427555 -0.90399 -0
    outer loop
      vertex -2.48744 -6.00522 10
      vertex -3.06408 -5.73249 0
      vertex -2.48744 -6.00522 0
    endloop
  endfacet
  facet normal -0.242978 -0.970032 0
    outer loop
      vertex -1.88685 -6.22011 0
      vertex -1.26809 -6.3751 10
      vertex -1.88685 -6.22011 10
    endloop
  endfacet
  facet normal -0.242978 -0.970032 -0
    outer loop
      vertex -1.26809 -6.3751 10
      vertex -1.88685 -6.22011 0
      vertex -1.26809 -6.3751 0
    endloop
  endfacet
  facet normal -0.0490688 -0.998795 0
    outer loop
      vertex -0.637111 -6.4687 0
      vertex 0 -6.5 10
      vertex -0.637111 -6.4687 10
    endloop
  endfacet
  facet normal -0.0490688 -0.998795 -0
    outer loop
      vertex 0 -6.5 10
      vertex -0.637111 -6.4687 0
      vertex 0 -6.5 0
    endloop
  endfacet
  facet normal -0.941546 -0.336884 0
    outer loop
      vertex -6.00522 -2.48744 0
      vertex -6.22011 -1.88685 10
      vertex -6.22011 -1.88685 0
    endloop
  endfacet
  facet normal -0.941546 -0.336884 0
    outer loop
      vertex -6.22011 -1.88685 10
      vertex -6.00522 -2.48744 0
      vertex -6.00522 -2.48744 10
    endloop
  endfacet
  facet normal -0.989176 -0.146735 0
    outer loop
      vertex -6.3751 -1.26809 0
      vertex -6.4687 -0.637111 10
      vertex -6.4687 -0.637111 0
    endloop
  endfacet
  facet normal -0.989176 -0.146735 0
    outer loop
      vertex -6.4687 -0.637111 10
      vertex -6.3751 -1.26809 0
      vertex -6.3751 -1.26809 10
    endloop
  endfacet
  facet normal 0 0 1
    outer loop
      vertex 11.0712 38.9277 10
      vertex 13.9185 37.9825 10
      vertex 11.7565 38.7561 10
    endloop
  endfacet
  facet normal 0 0 1
    outer loop
      vertex 11.0712 38.9277 10
      vertex 3.37855 5.544 10
      vertex 13.9185 37.9825 10
    endloop
  endfacet
  facet normal 0 0 1
    outer loop
      vertex 4.59619 4.59619 10
      vertex 2.89914 2.89914 10
      vertex 3.16934 2.60101 10
    endloop
  endfacet
  facet normal 0 0 1
    outer loop
      vertex 3.61121 5.40455 10
      vertex 2.60101 3.16934 10
      vertex 2.89914 2.89914 10
    endloop
  endfacet
  facet normal -0 0 1
    outer loop
      vertex 0.526382 6.47414 10
      vertex 3.37855 5.544 10
      vertex 11.0712 38.9277 10
    endloop
  endfacet
  facet normal 0 -0 1
    outer loop
      vertex 1.19017 3.92346 10
      vertex 3.37855 5.544 10
      vertex 0.526382 6.47414 10
    endloop
  endfacet
  facet normal 0 0 1
    outer loop
      vertex 3.61121 5.40455 10
      vertex 2.27784 3.40903 10
      vertex 2.60101 3.16934 10
    endloop
  endfacet
  facet normal 0 0 1
    outer loop
      vertex 3.37855 5.544 10
      vertex 1.93273 3.61588 10
      vertex 2.27784 3.40903 10
    endloop
  endfacet
  facet normal 0 0 1
    outer loop
      vertex 3.37855 5.544 10
      vertex 1.569 3.78791 10
      vertex 1.93273 3.61588 10
    endloop
  endfacet
  facet normal 0 0 1
    outer loop
      vertex 3.37855 5.544 10
      vertex 1.19017 3.92346 10
      vertex 1.569 3.78791 10
    endloop
  endfacet
  facet normal 0 0 1
    outer loop
      vertex 1.19017 3.92346 10
      vertex 0.526382 6.47414 10
      vertex 0.79987 4.02122 10
    endloop
  endfacet
  facet normal 0 0 1
    outer loop
      vertex 0.526382 6.47414 10
      vertex 0.40187 4.08026 10
      vertex 0.79987 4.02122 10
    endloop
  endfacet
  facet normal 0 0 1
    outer loop
      vertex 0 4.1 10
      vertex 0.526382 6.47414 10
      vertex 0 6.5 10
    endloop
  endfacet
  facet normal 0 0 1
    outer loop
      vertex 0.526382 6.47414 10
      vertex 0 4.1 10
      vertex 0.40187 4.08026 10
    endloop
  endfacet
  facet normal 0 0 1
    outer loop
      vertex 0 6.5 10
      vertex -0.40187 4.08026 10
      vertex 0 4.1 10
    endloop
  endfacet
  facet normal -0 0 1
    outer loop
      vertex -0.637111 6.4687 10
      vertex -0.40187 4.08026 10
      vertex 0 6.5 10
    endloop
  endfacet
  facet normal 0 0 1
    outer loop
      vertex -0.637111 6.4687 10
      vertex -0.79987 4.02122 10
      vertex -0.40187 4.08026 10
    endloop
  endfacet
  facet normal -0 0 1
    outer loop
      vertex -1.26809 6.3751 10
      vertex -0.79987 4.02122 10
      vertex -0.637111 6.4687 10
    endloop
  endfacet
  facet normal 0 0 1
    outer loop
      vertex -0.79987 4.02122 10
      vertex -1.26809 6.3751 10
      vertex -1.19017 3.92346 10
    endloop
  endfacet
  facet normal -0 0 1
    outer loop
      vertex -1.88685 6.22011 10
      vertex -1.19017 3.92346 10
      vertex -1.26809 6.3751 10
    endloop
  endfacet
  facet normal 0 0 1
    outer loop
      vertex -1.19017 3.92346 10
      vertex -1.88685 6.22011 10
      vertex -1.569 3.78791 10
    endloop
  endfacet
  facet normal -0 0 1
    outer loop
      vertex -2.48744 6.00522 10
      vertex -1.569 3.78791 10
      vertex -1.88685 6.22011 10
    endloop
  endfacet
  facet normal 0 0 1
    outer loop
      vertex -1.569 3.78791 10
      vertex -2.48744 6.00522 10
      vertex -1.93273 3.61588 10
    endloop
  endfacet
  facet normal -0 0 1
    outer loop
      vertex -3.06408 5.73249 10
      vertex -1.93273 3.61588 10
      vertex -2.48744 6.00522 10
    endloop
  endfacet
  facet normal 0 0 1
    outer loop
      vertex -1.93273 3.61588 10
      vertex -3.06408 5.73249 10
      vertex -2.27784 3.40903 10
    endloop
  endfacet
  facet normal -0 0 1
    outer loop
      vertex -3.61121 5.40455 10
      vertex -2.27784 3.40903 10
      vertex -3.06408 5.73249 10
    endloop
  endfacet
  facet normal 0 0 1
    outer loop
      vertex -2.27784 3.40903 10
      vertex -3.61121 5.40455 10
      vertex -2.60101 3.16934 10
    endloop
  endfacet
  facet normal -0 0 1
    outer loop
      vertex -4.12356 5.02457 10
      vertex -2.60101 3.16934 10
      vertex -3.61121 5.40455 10
    endloop
  endfacet
  facet normal -0 0 1
    outer loop
      vertex -4.23044 4.92769 10
      vertex -2.60101 3.16934 10
      vertex -4.12356 5.02457 10
    endloop
  endfacet
  facet normal 0 0 1
    outer loop
      vertex -2.60101 3.16934 10
      vertex -4.23044 4.92769 10
      vertex -2.89914 2.89914 10
    endloop
  endfacet
  facet normal 0 0 1
    outer loop
      vertex -2.89914 2.89914 10
      vertex -4.23044 4.92769 10
      vertex -3.16934 2.60101 10
    endloop
  endfacet
  facet normal 0 0 1
    outer loop
      vertex -3.16934 2.60101 10
      vertex -4.23044 4.92769 10
      vertex -3.40903 2.27784 10
    endloop
  endfacet
  facet normal -0 0 1
    outer loop
      vertex -5.99765 2.50344 10
      vertex -3.40903 2.27784 10
      vertex -4.23044 4.92769 10
    endloop
  endfacet
  facet normal 0 0 1
    outer loop
      vertex -3.40903 2.27784 10
      vertex -5.99765 2.50344 10
      vertex -3.61588 1.93273 10
    endloop
  endfacet
  facet normal 0 0 1
    outer loop
      vertex -3.61588 1.93273 10
      vertex -5.99765 2.50344 10
      vertex -3.78791 1.569 10
    endloop
  endfacet
  facet normal 0 0 1
    outer loop
      vertex -3.78791 1.569 10
      vertex -6.00522 2.48744 10
      vertex -3.92346 1.19017 10
    endloop
  endfacet
  facet normal -0 0 1
    outer loop
      vertex -6.00522 2.48744 10
      vertex -3.78791 1.569 10
      vertex -5.99765 2.50344 10
    endloop
  endfacet
  facet normal 0 0 1
    outer loop
      vertex 40.4263 1.5 10
      vertex 40.4263 -1.5 10
      vertex 40.5 0 10
    endloop
  endfacet
  facet normal -0 0 1
    outer loop
      vertex 6.31701 1.5 10
      vertex 40.4263 -1.5 10
      vertex 40.4263 1.5 10
    endloop
  endfacet
  facet normal 0 0 1
    outer loop
      vertex 6.31701 1.5 10
      vertex 6.31701 -1.5 10
      vertex 40.4263 -1.5 10
    endloop
  endfacet
  facet normal 0 0 1
    outer loop
      vertex 3.92346 1.19017 10
      vertex 6.31701 1.5 10
      vertex 6.22011 1.88685 10
    endloop
  endfacet
  facet normal 0 0 1
    outer loop
      vertex 6.31701 1.5 10
      vertex 4.1 0 10
      vertex 6.31701 -1.5 10
    endloop
  endfacet
  facet normal 0 0 1
    outer loop
      vertex 3.92346 1.19017 10
      vertex 6.22011 1.88685 10
      vertex 6.00522 2.48744 10
    endloop
  endfacet
  facet normal -0 0 1
    outer loop
      vertex 4.08026 -0.40187 10
      vertex 6.31701 -1.5 10
      vertex 4.1 0 10
    endloop
  endfacet
  facet normal 0 0 1
    outer loop
      vertex 3.78791 1.569 10
      vertex 6.00522 2.48744 10
      vertex 5.73249 3.06408 10
    endloop
  endfacet
  facet normal -0 0 1
    outer loop
      vertex 4.02122 -0.79987 10
      vertex 6.31701 -1.5 10
      vertex 4.08026 -0.40187 10
    endloop
  endfacet
  facet normal 0 0 1
    outer loop
      vertex 3.61588 1.93273 10
      vertex 5.73249 3.06408 10
      vertex 5.40455 3.61121 10
    endloop
  endfacet
  facet normal -0 0 1
    outer loop
      vertex 3.92346 -1.19017 10
      vertex 6.31701 -1.5 10
      vertex 4.02122 -0.79987 10
    endloop
  endfacet
  facet normal 0 0 1
    outer loop
      vertex 3.40903 2.27784 10
      vertex 5.40455 3.61121 10
      vertex 5.02457 4.12356 10
    endloop
  endfacet
  facet normal 0 0 1
    outer loop
      vertex 6.31701 -1.5 10
      vertex 3.92346 -1.19017 10
      vertex 6.22011 -1.88685 10
    endloop
  endfacet
  facet normal 0 0 1
    outer loop
      vertex 3.16934 2.60101 10
      vertex 5.02457 4.12356 10
      vertex 4.59619 4.59619 10
    endloop
  endfacet
  facet normal 0 0 1
    outer loop
      vertex 6.22011 -1.88685 10
      vertex 3.92346 -1.19017 10
      vertex 6.00522 -2.48744 10
    endloop
  endfacet
  facet normal 0 0 1
    outer loop
      vertex 2.89914 2.89914 10
      vertex 4.59619 4.59619 10
      vertex 4.12356 5.02457 10
    endloop
  endfacet
  facet normal -0 0 1
    outer loop
      vertex 3.78791 -1.569 10
      vertex 6.00522 -2.48744 10
      vertex 3.92346 -1.19017 10
    endloop
  endfacet
  facet normal 0 0 1
    outer loop
      vertex 6.00522 -2.48744 10
      vertex 3.78791 -1.569 10
      vertex 5.73249 -3.06408 10
    endloop
  endfacet
  facet normal 0 0 1
    outer loop
      vertex 6.31701 1.5 10
      vertex 4.08026 0.40187 10
      vertex 4.1 0 10
    endloop
  endfacet
  facet normal 0 0 1
    outer loop
      vertex 6.31701 1.5 10
      vertex 4.02122 0.79987 10
      vertex 4.08026 0.40187 10
    endloop
  endfacet
  facet normal 0 0 1
    outer loop
      vertex 6.31701 1.5 10
      vertex 3.92346 1.19017 10
      vertex 4.02122 0.79987 10
    endloop
  endfacet
  facet normal 0 0 1
    outer loop
      vertex 6.00522 2.48744 10
      vertex 3.78791 1.569 10
      vertex 3.92346 1.19017 10
    endloop
  endfacet
  facet normal 0 0 1
    outer loop
      vertex 5.73249 3.06408 10
      vertex 3.61588 1.93273 10
      vertex 3.78791 1.569 10
    endloop
  endfacet
  facet normal 0 0 1
    outer loop
      vertex 2.89914 2.89914 10
      vertex 4.12356 5.02457 10
      vertex 3.61121 5.40455 10
    endloop
  endfacet
  facet normal 0 0 1
    outer loop
      vertex 5.40455 3.61121 10
      vertex 3.40903 2.27784 10
      vertex 3.61588 1.93273 10
    endloop
  endfacet
  facet normal 0 0 1
    outer loop
      vertex 2.27784 3.40903 10
      vertex 3.61121 5.40455 10
      vertex 3.37855 5.544 10
    endloop
  endfacet
  facet normal 0 0 1
    outer loop
      vertex 5.02457 4.12356 10
      vertex 3.16934 2.60101 10
      vertex 3.40903 2.27784 10
    endloop
  endfacet
  facet normal -0 0 1
    outer loop
      vertex 3.61588 -1.93273 10
      vertex 5.73249 -3.06408 10
      vertex 3.78791 -1.569 10
    endloop
  endfacet
  facet normal 0 0 1
    outer loop
      vertex 5.73249 -3.06408 10
      vertex 3.61588 -1.93273 10
      vertex 5.40455 -3.61121 10
    endloop
  endfacet
  facet normal -0 0 1
    outer loop
      vertex 3.40903 -2.27784 10
      vertex 5.40455 -3.61121 10
      vertex 3.61588 -1.93273 10
    endloop
  endfacet
  facet normal 0 0 1
    outer loop
      vertex 5.40455 -3.61121 10
      vertex 3.40903 -2.27784 10
      vertex 5.02457 -4.12356 10
    endloop
  endfacet
  facet normal -0 0 1
    outer loop
      vertex 3.16934 -2.60101 10
      vertex 5.02457 -4.12356 10
      vertex 3.40903 -2.27784 10
    endloop
  endfacet
  facet normal 0 0 1
    outer loop
      vertex 5.02457 -4.12356 10
      vertex 3.16934 -2.60101 10
      vertex 4.59619 -4.59619 10
    endloop
  endfacet
  facet normal -0 0 1
    outer loop
      vertex 2.89914 -2.89914 10
      vertex 4.59619 -4.59619 10
      vertex 3.16934 -2.60101 10
    endloop
  endfacet
  facet normal 0 0 1
    outer loop
      vertex 4.59619 -4.59619 10
      vertex 2.89914 -2.89914 10
      vertex 4.12356 -5.02457 10
    endloop
  endfacet
  facet normal -0 0 1
    outer loop
      vertex 2.60101 -3.16934 10
      vertex 4.12356 -5.02457 10
      vertex 2.89914 -2.89914 10
    endloop
  endfacet
  facet normal 0 0 1
    outer loop
      vertex 13.9185 -37.9825 10
      vertex 11.0712 -38.9277 10
      vertex 11.7565 -38.7561 10
    endloop
  endfacet
  facet normal 0 0 1
    outer loop
      vertex 3.37855 -5.544 10
      vertex 11.0712 -38.9277 10
      vertex 13.9185 -37.9825 10
    endloop
  endfacet
  facet normal 0 0 1
    outer loop
      vertex 4.12356 -5.02457 10
      vertex 2.60101 -3.16934 10
      vertex 3.61121 -5.40455 10
    endloop
  endfacet
  facet normal -0 0 1
    outer loop
      vertex 2.27784 -3.40903 10
      vertex 3.61121 -5.40455 10
      vertex 2.60101 -3.16934 10
    endloop
  endfacet
  facet normal 0 0 1
    outer loop
      vertex 3.61121 -5.40455 10
      vertex 2.27784 -3.40903 10
      vertex 3.37855 -5.544 10
    endloop
  endfacet
  facet normal -0 0 1
    outer loop
      vertex 1.93273 -3.61588 10
      vertex 3.37855 -5.544 10
      vertex 2.27784 -3.40903 10
    endloop
  endfacet
  facet normal -0 0 1
    outer loop
      vertex 1.569 -3.78791 10
      vertex 3.37855 -5.544 10
      vertex 1.93273 -3.61588 10
    endloop
  endfacet
  facet normal -0 0 1
    outer loop
      vertex 1.19017 -3.92346 10
      vertex 3.37855 -5.544 10
      vertex 1.569 -3.78791 10
    endloop
  endfacet
  facet normal 0 0 1
    outer loop
      vertex 3.37855 -5.544 10
      vertex 1.19017 -3.92346 10
      vertex 0.526382 -6.47414 10
    endloop
  endfacet
  facet normal 0 0 1
    outer loop
      vertex 0.526382 -6.47414 10
      vertex 1.19017 -3.92346 10
      vertex 0.79987 -4.02122 10
    endloop
  endfacet
  facet normal 0 0 1
    outer loop
      vertex 3.37855 -5.544 10
      vertex 0.526382 -6.47414 10
      vertex 11.0712 -38.9277 10
    endloop
  endfacet
  facet normal -0 0 1
    outer loop
      vertex 0.40187 -4.08026 10
      vertex 0.526382 -6.47414 10
      vertex 0.79987 -4.02122 10
    endloop
  endfacet
  facet normal -0 0 1
    outer loop
      vertex 0 -4.1 10
      vertex 0.526382 -6.47414 10
      vertex 0.40187 -4.08026 10
    endloop
  endfacet
  facet normal 0 0 1
    outer loop
      vertex 0 -4.1 10
      vertex 0 -6.5 10
      vertex 0.526382 -6.47414 10
    endloop
  endfacet
  facet normal 0 0 1
    outer loop
      vertex -0.40187 -4.08026 10
      vertex 0 -6.5 10
      vertex 0 -4.1 10
    endloop
  endfacet
  facet normal 0 0 1
    outer loop
      vertex -0.40187 -4.08026 10
      vertex -0.637111 -6.4687 10
      vertex 0 -6.5 10
    endloop
  endfacet
  facet normal 0 0 1
    outer loop
      vertex -0.79987 -4.02122 10
      vertex -0.637111 -6.4687 10
      vertex -0.40187 -4.08026 10
    endloop
  endfacet
  facet normal 0 0 1
    outer loop
      vertex -1.26809 -6.3751 10
      vertex -0.79987 -4.02122 10
      vertex -1.19017 -3.92346 10
    endloop
  endfacet
  facet normal 0 0 1
    outer loop
      vertex -0.79987 -4.02122 10
      vertex -1.26809 -6.3751 10
      vertex -0.637111 -6.4687 10
    endloop
  endfacet
  facet normal 0 0 1
    outer loop
      vertex -1.88685 -6.22011 10
      vertex -1.19017 -3.92346 10
      vertex -1.569 -3.78791 10
    endloop
  endfacet
  facet normal 0 0 1
    outer loop
      vertex -1.19017 -3.92346 10
      vertex -1.88685 -6.22011 10
      vertex -1.26809 -6.3751 10
    endloop
  endfacet
  facet normal 0 0 1
    outer loop
      vertex -2.48744 -6.00522 10
      vertex -1.569 -3.78791 10
      vertex -1.93273 -3.61588 10
    endloop
  endfacet
  facet normal 0 0 1
    outer loop
      vertex -3.06408 -5.73249 10
      vertex -1.93273 -3.61588 10
      vertex -2.27784 -3.40903 10
    endloop
  endfacet
  facet normal 0 0 1
    outer loop
      vertex -1.569 -3.78791 10
      vertex -2.48744 -6.00522 10
      vertex -1.88685 -6.22011 10
    endloop
  endfacet
  facet normal 0 0 1
    outer loop
      vertex -3.61121 -5.40455 10
      vertex -2.27784 -3.40903 10
      vertex -2.60101 -3.16934 10
    endloop
  endfacet
  facet normal 0 0 1
    outer loop
      vertex -4.23044 -4.92769 10
      vertex -2.60101 -3.16934 10
      vertex -2.89914 -2.89914 10
    endloop
  endfacet
  facet normal 0 0 1
    outer loop
      vertex -1.93273 -3.61588 10
      vertex -3.06408 -5.73249 10
      vertex -2.48744 -6.00522 10
    endloop
  endfacet
  facet normal 0 0 1
    outer loop
      vertex -4.23044 -4.92769 10
      vertex -2.89914 -2.89914 10
      vertex -3.16934 -2.60101 10
    endloop
  endfacet
  facet normal 0 0 1
    outer loop
      vertex -4.23044 -4.92769 10
      vertex -3.16934 -2.60101 10
      vertex -3.40903 -2.27784 10
    endloop
  endfacet
  facet normal 0 0 1
    outer loop
      vertex -2.27784 -3.40903 10
      vertex -3.61121 -5.40455 10
      vertex -3.06408 -5.73249 10
    endloop
  endfacet
  facet normal 0 0 1
    outer loop
      vertex -5.99765 -2.50344 10
      vertex -3.40903 -2.27784 10
      vertex -3.61588 -1.93273 10
    endloop
  endfacet
  facet normal 0 0 1
    outer loop
      vertex -5.99765 -2.50344 10
      vertex -3.61588 -1.93273 10
      vertex -3.78791 -1.569 10
    endloop
  endfacet
  facet normal 0 0 1
    outer loop
      vertex -6.00522 -2.48744 10
      vertex -3.78791 -1.569 10
      vertex -3.92346 -1.19017 10
    endloop
  endfacet
  facet normal 0 0 1
    outer loop
      vertex -6.22011 -1.88685 10
      vertex -3.92346 -1.19017 10
      vertex -4.02122 -0.79987 10
    endloop
  endfacet
  facet normal 0 0 1
    outer loop
      vertex -6.3751 -1.26809 10
      vertex -4.02122 -0.79987 10
      vertex -4.08026 -0.40187 10
    endloop
  endfacet
  facet normal 0 0 1
    outer loop
      vertex -2.60101 -3.16934 10
      vertex -4.12356 -5.02457 10
      vertex -3.61121 -5.40455 10
    endloop
  endfacet
  facet normal 0 0 1
    outer loop
      vertex -6.4687 -0.637111 10
      vertex -4.08026 -0.40187 10
      vertex -4.1 0 10
    endloop
  endfacet
  facet normal -0 0 1
    outer loop
      vertex -6.22011 1.88685 10
      vertex -3.92346 1.19017 10
      vertex -6.00522 2.48744 10
    endloop
  endfacet
  facet normal 0 0 1
    outer loop
      vertex -3.92346 1.19017 10
      vertex -6.22011 1.88685 10
      vertex -4.02122 0.79987 10
    endloop
  endfacet
  facet normal 0 0 1
    outer loop
      vertex -2.60101 -3.16934 10
      vertex -4.23044 -4.92769 10
      vertex -4.12356 -5.02457 10
    endloop
  endfacet
  facet normal -0 0 1
    outer loop
      vertex -6.3751 1.26809 10
      vertex -4.02122 0.79987 10
      vertex -6.22011 1.88685 10
    endloop
  endfacet
  facet normal 0 0 1
    outer loop
      vertex -31.8337 24.9826 10
      vertex -5.99765 2.50344 10
      vertex -4.23044 4.92769 10
    endloop
  endfacet
  facet normal 0 0 1
    outer loop
      vertex -5.99765 2.50344 10
      vertex -31.8337 24.9826 10
      vertex -33.6209 22.5729 10
    endloop
  endfacet
  facet normal 0 0 1
    outer loop
      vertex -4.02122 0.79987 10
      vertex -6.3751 1.26809 10
      vertex -4.08026 0.40187 10
    endloop
  endfacet
  facet normal -0 0 1
    outer loop
      vertex -6.4687 0.637111 10
      vertex -4.08026 0.40187 10
      vertex -6.3751 1.26809 10
    endloop
  endfacet
  facet normal 0 0 1
    outer loop
      vertex -3.92346 -1.19017 10
      vertex -6.22011 -1.88685 10
      vertex -6.00522 -2.48744 10
    endloop
  endfacet
  facet normal 0 0 1
    outer loop
      vertex -3.78791 -1.569 10
      vertex -6.00522 -2.48744 10
      vertex -5.99765 -2.50344 10
    endloop
  endfacet
  facet normal 0 0 1
    outer loop
      vertex -4.08026 0.40187 10
      vertex -6.4687 0.637111 10
      vertex -4.1 0 10
    endloop
  endfacet
  facet normal 0 0 1
    outer loop
      vertex -4.02122 -0.79987 10
      vertex -6.3751 -1.26809 10
      vertex -6.22011 -1.88685 10
    endloop
  endfacet
  facet normal 0 0 1
    outer loop
      vertex -6.5 0 10
      vertex -4.1 0 10
      vertex -6.4687 0.637111 10
    endloop
  endfacet
  facet normal 0 0 1
    outer loop
      vertex -4.08026 -0.40187 10
      vertex -6.4687 -0.637111 10
      vertex -6.3751 -1.26809 10
    endloop
  endfacet
  facet normal 0 0 1
    outer loop
      vertex -4.1 0 10
      vertex -6.5 0 10
      vertex -6.4687 -0.637111 10
    endloop
  endfacet
  facet normal 0 0 1
    outer loop
      vertex -3.40903 -2.27784 10
      vertex -5.99765 -2.50344 10
      vertex -4.23044 -4.92769 10
    endloop
  endfacet
  facet normal 0 0 1
    outer loop
      vertex -5.99765 -2.50344 10
      vertex -31.8337 -24.9826 10
      vertex -4.23044 -4.92769 10
    endloop
  endfacet
  facet normal 0 -0 1
    outer loop
      vertex -31.8337 -24.9826 10
      vertex -5.99765 -2.50344 10
      vertex -33.6209 -22.5729 10
    endloop
  endfacet
  facet normal 0.740941 -0.67157 0
    outer loop
      vertex 4.59619 -4.59619 10
      vertex 5.02457 -4.12356 0
      vertex 5.02457 -4.12356 10
    endloop
  endfacet
  facet normal 0.740941 -0.67157 0
    outer loop
      vertex 5.02457 -4.12356 0
      vertex 4.59619 -4.59619 10
      vertex 4.59619 -4.59619 0
    endloop
  endfacet
  facet normal -0.671546 -0.740963 0
    outer loop
      vertex 2.60101 3.16934 0
      vertex 2.89914 2.89914 10
      vertex 2.60101 3.16934 10
    endloop
  endfacet
  facet normal -0.671546 -0.740963 -0
    outer loop
      vertex 2.89914 2.89914 10
      vertex 2.60101 3.16934 0
      vertex 2.89914 2.89914 0
    endloop
  endfacet
  facet normal -0.998796 0.0490612 0
    outer loop
      vertex 4.08026 -0.40187 0
      vertex 4.1 0 10
      vertex 4.1 0 0
    endloop
  endfacet
  facet normal -0.998796 0.0490612 0
    outer loop
      vertex 4.1 0 10
      vertex 4.08026 -0.40187 0
      vertex 4.08026 -0.40187 10
    endloop
  endfacet
  facet normal 0.336895 -0.941542 0
    outer loop
      vertex -1.569 3.78791 0
      vertex -1.19017 3.92346 10
      vertex -1.569 3.78791 10
    endloop
  endfacet
  facet normal 0.336895 -0.941542 0
    outer loop
      vertex -1.19017 3.92346 10
      vertex -1.569 3.78791 0
      vertex -1.19017 3.92346 0
    endloop
  endfacet
  facet normal 0.903991 -0.427552 0
    outer loop
      vertex -3.78791 1.569 10
      vertex -3.61588 1.93273 0
      vertex -3.61588 1.93273 10
    endloop
  endfacet
  facet normal 0.903991 -0.427552 0
    outer loop
      vertex -3.61588 1.93273 0
      vertex -3.78791 1.569 10
      vertex -3.78791 1.569 0
    endloop
  endfacet
  facet normal 0.427552 0.903991 -0
    outer loop
      vertex -1.569 -3.78791 0
      vertex -1.93273 -3.61588 10
      vertex -1.569 -3.78791 10
    endloop
  endfacet
  facet normal 0.427552 0.903991 0
    outer loop
      vertex -1.93273 -3.61588 10
      vertex -1.569 -3.78791 0
      vertex -1.93273 -3.61588 0
    endloop
  endfacet
  facet normal -0.903991 -0.427552 0
    outer loop
      vertex 3.78791 1.569 0
      vertex 3.61588 1.93273 10
      vertex 3.61588 1.93273 0
    endloop
  endfacet
  facet normal -0.903991 -0.427552 0
    outer loop
      vertex 3.61588 1.93273 10
      vertex 3.78791 1.569 0
      vertex 3.78791 1.569 10
    endloop
  endfacet
  facet normal -0.85773 -0.514101 0
    outer loop
      vertex 3.61588 1.93273 0
      vertex 3.40903 2.27784 10
      vertex 3.40903 2.27784 0
    endloop
  endfacet
  facet normal -0.85773 -0.514101 0
    outer loop
      vertex 3.40903 2.27784 10
      vertex 3.61588 1.93273 0
      vertex 3.61588 1.93273 10
    endloop
  endfacet
  facet normal -0.427552 -0.903991 0
    outer loop
      vertex 1.569 3.78791 0
      vertex 1.93273 3.61588 10
      vertex 1.569 3.78791 10
    endloop
  endfacet
  facet normal -0.427552 -0.903991 -0
    outer loop
      vertex 1.93273 3.61588 10
      vertex 1.569 3.78791 0
      vertex 1.93273 3.61588 0
    endloop
  endfacet
  facet normal -0.146736 -0.989176 0
    outer loop
      vertex 0.40187 4.08026 0
      vertex 0.79987 4.02122 10
      vertex 0.40187 4.08026 10
    endloop
  endfacet
  facet normal -0.146736 -0.989176 -0
    outer loop
      vertex 0.79987 4.02122 10
      vertex 0.40187 4.08026 0
      vertex 0.79987 4.02122 0
    endloop
  endfacet
  facet normal 0.989176 -0.146736 0
    outer loop
      vertex -4.08026 0.40187 10
      vertex -4.02122 0.79987 0
      vertex -4.02122 0.79987 10
    endloop
  endfacet
  facet normal 0.989176 -0.146736 0
    outer loop
      vertex -4.02122 0.79987 0
      vertex -4.08026 0.40187 10
      vertex -4.08026 0.40187 0
    endloop
  endfacet
  facet normal 0.740963 -0.671546 0
    outer loop
      vertex -3.16934 2.60101 10
      vertex -2.89914 2.89914 0
      vertex -2.89914 2.89914 10
    endloop
  endfacet
  facet normal 0.740963 -0.671546 0
    outer loop
      vertex -2.89914 2.89914 0
      vertex -3.16934 2.60101 10
      vertex -3.16934 2.60101 0
    endloop
  endfacet
  facet normal 0.146736 -0.989176 0
    outer loop
      vertex -0.79987 4.02122 0
      vertex -0.40187 4.08026 10
      vertex -0.79987 4.02122 10
    endloop
  endfacet
  facet normal 0.146736 -0.989176 0
    outer loop
      vertex -0.40187 4.08026 10
      vertex -0.79987 4.02122 0
      vertex -0.40187 4.08026 0
    endloop
  endfacet
  facet normal -0.941542 0.336895 0
    outer loop
      vertex 3.78791 -1.569 0
      vertex 3.92346 -1.19017 10
      vertex 3.92346 -1.19017 0
    endloop
  endfacet
  facet normal -0.941542 0.336895 0
    outer loop
      vertex 3.92346 -1.19017 10
      vertex 3.78791 -1.569 0
      vertex 3.78791 -1.569 10
    endloop
  endfacet
  facet normal 0.146736 0.989176 -0
    outer loop
      vertex -0.40187 -4.08026 0
      vertex -0.79987 -4.02122 10
      vertex -0.40187 -4.08026 10
    endloop
  endfacet
  facet normal 0.146736 0.989176 0
    outer loop
      vertex -0.79987 -4.02122 10
      vertex -0.40187 -4.08026 0
      vertex -0.79987 -4.02122 0
    endloop
  endfacet
  facet normal 0.671546 0.740963 -0
    outer loop
      vertex -2.60101 -3.16934 0
      vertex -2.89914 -2.89914 10
      vertex -2.60101 -3.16934 10
    endloop
  endfacet
  facet normal 0.671546 0.740963 0
    outer loop
      vertex -2.89914 -2.89914 10
      vertex -2.60101 -3.16934 0
      vertex -2.89914 -2.89914 0
    endloop
  endfacet
  facet normal 0.989176 0.146736 0
    outer loop
      vertex -4.02122 -0.79987 10
      vertex -4.08026 -0.40187 0
      vertex -4.08026 -0.40187 10
    endloop
  endfacet
  facet normal 0.989176 0.146736 0
    outer loop
      vertex -4.08026 -0.40187 0
      vertex -4.02122 -0.79987 10
      vertex -4.02122 -0.79987 0
    endloop
  endfacet
  facet normal -0.989176 -0.146736 0
    outer loop
      vertex 4.08026 0.40187 0
      vertex 4.02122 0.79987 10
      vertex 4.02122 0.79987 0
    endloop
  endfacet
  facet normal -0.989176 -0.146736 0
    outer loop
      vertex 4.02122 0.79987 10
      vertex 4.08026 0.40187 0
      vertex 4.08026 0.40187 10
    endloop
  endfacet
  facet normal -0.970034 -0.242968 0
    outer loop
      vertex 4.02122 0.79987 0
      vertex 3.92346 1.19017 10
      vertex 3.92346 1.19017 0
    endloop
  endfacet
  facet normal -0.970034 -0.242968 0
    outer loop
      vertex 3.92346 1.19017 10
      vertex 4.02122 0.79987 0
      vertex 4.02122 0.79987 10
    endloop
  endfacet
  facet normal -0.941542 -0.336895 0
    outer loop
      vertex 3.92346 1.19017 0
      vertex 3.78791 1.569 10
      vertex 3.78791 1.569 0
    endloop
  endfacet
  facet normal -0.941542 -0.336895 0
    outer loop
      vertex 3.78791 1.569 10
      vertex 3.92346 1.19017 0
      vertex 3.92346 1.19017 10
    endloop
  endfacet
  facet normal -0.803195 -0.595717 0
    outer loop
      vertex 3.40903 2.27784 0
      vertex 3.16934 2.60101 10
      vertex 3.16934 2.60101 0
    endloop
  endfacet
  facet normal -0.803195 -0.595717 0
    outer loop
      vertex 3.16934 2.60101 10
      vertex 3.40903 2.27784 0
      vertex 3.40903 2.27784 10
    endloop
  endfacet
  facet normal -0.740963 -0.671546 0
    outer loop
      vertex 3.16934 2.60101 0
      vertex 2.89914 2.89914 10
      vertex 2.89914 2.89914 0
    endloop
  endfacet
  facet normal -0.740963 -0.671546 0
    outer loop
      vertex 2.89914 2.89914 10
      vertex 3.16934 2.60101 0
      vertex 3.16934 2.60101 10
    endloop
  endfacet
  facet normal -0.595717 -0.803195 0
    outer loop
      vertex 2.27784 3.40903 0
      vertex 2.60101 3.16934 10
      vertex 2.27784 3.40903 10
    endloop
  endfacet
  facet normal -0.595717 -0.803195 -0
    outer loop
      vertex 2.60101 3.16934 10
      vertex 2.27784 3.40903 0
      vertex 2.60101 3.16934 0
    endloop
  endfacet
  facet normal -0.0490612 -0.998796 0
    outer loop
      vertex 0 4.1 0
      vertex 0.40187 4.08026 10
      vertex 0 4.1 10
    endloop
  endfacet
  facet normal -0.0490612 -0.998796 -0
    outer loop
      vertex 0.40187 4.08026 10
      vertex 0 4.1 0
      vertex 0.40187 4.08026 0
    endloop
  endfacet
  facet normal -0.514101 -0.85773 0
    outer loop
      vertex 1.93273 3.61588 0
      vertex 2.27784 3.40903 10
      vertex 1.93273 3.61588 10
    endloop
  endfacet
  facet normal -0.514101 -0.85773 -0
    outer loop
      vertex 2.27784 3.40903 10
      vertex 1.93273 3.61588 0
      vertex 2.27784 3.40903 0
    endloop
  endfacet
  facet normal -0.336895 -0.941542 0
    outer loop
      vertex 1.19017 3.92346 0
      vertex 1.569 3.78791 10
      vertex 1.19017 3.92346 10
    endloop
  endfacet
  facet normal -0.336895 -0.941542 -0
    outer loop
      vertex 1.569 3.78791 10
      vertex 1.19017 3.92346 0
      vertex 1.569 3.78791 0
    endloop
  endfacet
  facet normal -0.242968 -0.970034 0
    outer loop
      vertex 0.79987 4.02122 0
      vertex 1.19017 3.92346 10
      vertex 0.79987 4.02122 10
    endloop
  endfacet
  facet normal -0.242968 -0.970034 -0
    outer loop
      vertex 1.19017 3.92346 10
      vertex 0.79987 4.02122 0
      vertex 1.19017 3.92346 0
    endloop
  endfacet
  facet normal 0.998796 -0.0490612 0
    outer loop
      vertex -4.1 0 10
      vertex -4.08026 0.40187 0
      vertex -4.08026 0.40187 10
    endloop
  endfacet
  facet normal 0.998796 -0.0490612 0
    outer loop
      vertex -4.08026 0.40187 0
      vertex -4.1 0 10
      vertex -4.1 0 0
    endloop
  endfacet
  facet normal 0.941542 -0.336895 0
    outer loop
      vertex -3.92346 1.19017 10
      vertex -3.78791 1.569 0
      vertex -3.78791 1.569 10
    endloop
  endfacet
  facet normal 0.941542 -0.336895 0
    outer loop
      vertex -3.78791 1.569 0
      vertex -3.92346 1.19017 10
      vertex -3.92346 1.19017 0
    endloop
  endfacet
  facet normal 0.970034 -0.242968 0
    outer loop
      vertex -4.02122 0.79987 10
      vertex -3.92346 1.19017 0
      vertex -3.92346 1.19017 10
    endloop
  endfacet
  facet normal 0.970034 -0.242968 0
    outer loop
      vertex -3.92346 1.19017 0
      vertex -4.02122 0.79987 10
      vertex -4.02122 0.79987 0
    endloop
  endfacet
  facet normal 0.85773 -0.514101 0
    outer loop
      vertex -3.61588 1.93273 10
      vertex -3.40903 2.27784 0
      vertex -3.40903 2.27784 10
    endloop
  endfacet
  facet normal 0.85773 -0.514101 0
    outer loop
      vertex -3.40903 2.27784 0
      vertex -3.61588 1.93273 10
      vertex -3.61588 1.93273 0
    endloop
  endfacet
  facet normal 0.803195 -0.595717 0
    outer loop
      vertex -3.40903 2.27784 10
      vertex -3.16934 2.60101 0
      vertex -3.16934 2.60101 10
    endloop
  endfacet
  facet normal 0.803195 -0.595717 0
    outer loop
      vertex -3.16934 2.60101 0
      vertex -3.40903 2.27784 10
      vertex -3.40903 2.27784 0
    endloop
  endfacet
  facet normal 0.242968 -0.970034 0
    outer loop
      vertex -1.19017 3.92346 0
      vertex -0.79987 4.02122 10
      vertex -1.19017 3.92346 10
    endloop
  endfacet
  facet normal 0.242968 -0.970034 0
    outer loop
      vertex -0.79987 4.02122 10
      vertex -1.19017 3.92346 0
      vertex -0.79987 4.02122 0
    endloop
  endfacet
  facet normal 0.0490612 -0.998796 0
    outer loop
      vertex -0.40187 4.08026 0
      vertex 0 4.1 10
      vertex -0.40187 4.08026 10
    endloop
  endfacet
  facet normal 0.0490612 -0.998796 0
    outer loop
      vertex 0 4.1 10
      vertex -0.40187 4.08026 0
      vertex 0 4.1 0
    endloop
  endfacet
  facet normal 0.514101 -0.85773 0
    outer loop
      vertex -2.27784 3.40903 0
      vertex -1.93273 3.61588 10
      vertex -2.27784 3.40903 10
    endloop
  endfacet
  facet normal 0.514101 -0.85773 0
    outer loop
      vertex -1.93273 3.61588 10
      vertex -2.27784 3.40903 0
      vertex -1.93273 3.61588 0
    endloop
  endfacet
  facet normal 0.595717 -0.803195 0
    outer loop
      vertex -2.60101 3.16934 0
      vertex -2.27784 3.40903 10
      vertex -2.60101 3.16934 10
    endloop
  endfacet
  facet normal 0.595717 -0.803195 0
    outer loop
      vertex -2.27784 3.40903 10
      vertex -2.60101 3.16934 0
      vertex -2.27784 3.40903 0
    endloop
  endfacet
  facet normal 0.427552 -0.903991 0
    outer loop
      vertex -1.93273 3.61588 0
      vertex -1.569 3.78791 10
      vertex -1.93273 3.61588 10
    endloop
  endfacet
  facet normal 0.427552 -0.903991 0
    outer loop
      vertex -1.569 3.78791 10
      vertex -1.93273 3.61588 0
      vertex -1.569 3.78791 0
    endloop
  endfacet
  facet normal 0.671546 -0.740963 0
    outer loop
      vertex -2.89914 2.89914 0
      vertex -2.60101 3.16934 10
      vertex -2.89914 2.89914 10
    endloop
  endfacet
  facet normal 0.671546 -0.740963 0
    outer loop
      vertex -2.60101 3.16934 10
      vertex -2.89914 2.89914 0
      vertex -2.60101 3.16934 0
    endloop
  endfacet
  facet normal -0.998796 -0.0490612 0
    outer loop
      vertex 4.1 0 0
      vertex 4.08026 0.40187 10
      vertex 4.08026 0.40187 0
    endloop
  endfacet
  facet normal -0.998796 -0.0490612 0
    outer loop
      vertex 4.08026 0.40187 10
      vertex 4.1 0 0
      vertex 4.1 0 10
    endloop
  endfacet
  facet normal -0.970034 0.242968 0
    outer loop
      vertex 3.92346 -1.19017 0
      vertex 4.02122 -0.79987 10
      vertex 4.02122 -0.79987 0
    endloop
  endfacet
  facet normal -0.970034 0.242968 0
    outer loop
      vertex 4.02122 -0.79987 10
      vertex 3.92346 -1.19017 0
      vertex 3.92346 -1.19017 10
    endloop
  endfacet
  facet normal -0.0490612 0.998796 0
    outer loop
      vertex 0.40187 -4.08026 0
      vertex 0 -4.1 10
      vertex 0.40187 -4.08026 10
    endloop
  endfacet
  facet normal -0.0490612 0.998796 0
    outer loop
      vertex 0 -4.1 10
      vertex 0.40187 -4.08026 0
      vertex 0 -4.1 0
    endloop
  endfacet
  facet normal -0.740963 0.671546 0
    outer loop
      vertex 2.89914 -2.89914 0
      vertex 3.16934 -2.60101 10
      vertex 3.16934 -2.60101 0
    endloop
  endfacet
  facet normal -0.740963 0.671546 0
    outer loop
      vertex 3.16934 -2.60101 10
      vertex 2.89914 -2.89914 0
      vertex 2.89914 -2.89914 10
    endloop
  endfacet
  facet normal -0.146736 0.989176 0
    outer loop
      vertex 0.79987 -4.02122 0
      vertex 0.40187 -4.08026 10
      vertex 0.79987 -4.02122 10
    endloop
  endfacet
  facet normal -0.146736 0.989176 0
    outer loop
      vertex 0.40187 -4.08026 10
      vertex 0.79987 -4.02122 0
      vertex 0.40187 -4.08026 0
    endloop
  endfacet
  facet normal -0.242968 0.970034 0
    outer loop
      vertex 1.19017 -3.92346 0
      vertex 0.79987 -4.02122 10
      vertex 1.19017 -3.92346 10
    endloop
  endfacet
  facet normal -0.242968 0.970034 0
    outer loop
      vertex 0.79987 -4.02122 10
      vertex 1.19017 -3.92346 0
      vertex 0.79987 -4.02122 0
    endloop
  endfacet
  facet normal -0.595717 0.803195 0
    outer loop
      vertex 2.60101 -3.16934 0
      vertex 2.27784 -3.40903 10
      vertex 2.60101 -3.16934 10
    endloop
  endfacet
  facet normal -0.595717 0.803195 0
    outer loop
      vertex 2.27784 -3.40903 10
      vertex 2.60101 -3.16934 0
      vertex 2.27784 -3.40903 0
    endloop
  endfacet
  facet normal -0.427552 0.903991 0
    outer loop
      vertex 1.93273 -3.61588 0
      vertex 1.569 -3.78791 10
      vertex 1.93273 -3.61588 10
    endloop
  endfacet
  facet normal -0.427552 0.903991 0
    outer loop
      vertex 1.569 -3.78791 10
      vertex 1.93273 -3.61588 0
      vertex 1.569 -3.78791 0
    endloop
  endfacet
  facet normal 0.0490612 0.998796 -0
    outer loop
      vertex 0 -4.1 0
      vertex -0.40187 -4.08026 10
      vertex 0 -4.1 10
    endloop
  endfacet
  facet normal 0.0490612 0.998796 0
    outer loop
      vertex -0.40187 -4.08026 10
      vertex 0 -4.1 0
      vertex -0.40187 -4.08026 0
    endloop
  endfacet
  facet normal 0.336895 0.941542 -0
    outer loop
      vertex -1.19017 -3.92346 0
      vertex -1.569 -3.78791 10
      vertex -1.19017 -3.92346 10
    endloop
  endfacet
  facet normal 0.336895 0.941542 0
    outer loop
      vertex -1.569 -3.78791 10
      vertex -1.19017 -3.92346 0
      vertex -1.569 -3.78791 0
    endloop
  endfacet
  facet normal 0.514101 0.85773 -0
    outer loop
      vertex -1.93273 -3.61588 0
      vertex -2.27784 -3.40903 10
      vertex -1.93273 -3.61588 10
    endloop
  endfacet
  facet normal 0.514101 0.85773 0
    outer loop
      vertex -2.27784 -3.40903 10
      vertex -1.93273 -3.61588 0
      vertex -2.27784 -3.40903 0
    endloop
  endfacet
  facet normal 0.970034 0.242968 0
    outer loop
      vertex -3.92346 -1.19017 10
      vertex -4.02122 -0.79987 0
      vertex -4.02122 -0.79987 10
    endloop
  endfacet
  facet normal 0.970034 0.242968 0
    outer loop
      vertex -4.02122 -0.79987 0
      vertex -3.92346 -1.19017 10
      vertex -3.92346 -1.19017 0
    endloop
  endfacet
  facet normal 0.998796 0.0490612 0
    outer loop
      vertex -4.08026 -0.40187 10
      vertex -4.1 0 0
      vertex -4.1 0 10
    endloop
  endfacet
  facet normal 0.998796 0.0490612 0
    outer loop
      vertex -4.1 0 0
      vertex -4.08026 -0.40187 10
      vertex -4.08026 -0.40187 0
    endloop
  endfacet
  facet normal 0.803195 0.595717 0
    outer loop
      vertex -3.16934 -2.60101 10
      vertex -3.40903 -2.27784 0
      vertex -3.40903 -2.27784 10
    endloop
  endfacet
  facet normal 0.803195 0.595717 0
    outer loop
      vertex -3.40903 -2.27784 0
      vertex -3.16934 -2.60101 10
      vertex -3.16934 -2.60101 0
    endloop
  endfacet
  facet normal 0.85773 0.514101 0
    outer loop
      vertex -3.40903 -2.27784 10
      vertex -3.61588 -1.93273 0
      vertex -3.61588 -1.93273 10
    endloop
  endfacet
  facet normal 0.85773 0.514101 0
    outer loop
      vertex -3.61588 -1.93273 0
      vertex -3.40903 -2.27784 10
      vertex -3.40903 -2.27784 0
    endloop
  endfacet
  facet normal 0.903991 0.427552 0
    outer loop
      vertex -3.61588 -1.93273 10
      vertex -3.78791 -1.569 0
      vertex -3.78791 -1.569 10
    endloop
  endfacet
  facet normal 0.903991 0.427552 0
    outer loop
      vertex -3.78791 -1.569 0
      vertex -3.61588 -1.93273 10
      vertex -3.61588 -1.93273 0
    endloop
  endfacet
  facet normal -0.989176 0.146736 0
    outer loop
      vertex 4.02122 -0.79987 0
      vertex 4.08026 -0.40187 10
      vertex 4.08026 -0.40187 0
    endloop
  endfacet
  facet normal -0.989176 0.146736 0
    outer loop
      vertex 4.08026 -0.40187 10
      vertex 4.02122 -0.79987 0
      vertex 4.02122 -0.79987 10
    endloop
  endfacet
  facet normal -0.85773 0.514101 0
    outer loop
      vertex 3.40903 -2.27784 0
      vertex 3.61588 -1.93273 10
      vertex 3.61588 -1.93273 0
    endloop
  endfacet
  facet normal -0.85773 0.514101 0
    outer loop
      vertex 3.61588 -1.93273 10
      vertex 3.40903 -2.27784 0
      vertex 3.40903 -2.27784 10
    endloop
  endfacet
  facet normal -0.336895 0.941542 0
    outer loop
      vertex 1.569 -3.78791 0
      vertex 1.19017 -3.92346 10
      vertex 1.569 -3.78791 10
    endloop
  endfacet
  facet normal -0.336895 0.941542 0
    outer loop
      vertex 1.19017 -3.92346 10
      vertex 1.569 -3.78791 0
      vertex 1.19017 -3.92346 0
    endloop
  endfacet
  facet normal -0.671546 0.740963 0
    outer loop
      vertex 2.89914 -2.89914 0
      vertex 2.60101 -3.16934 10
      vertex 2.89914 -2.89914 10
    endloop
  endfacet
  facet normal -0.671546 0.740963 0
    outer loop
      vertex 2.60101 -3.16934 10
      vertex 2.89914 -2.89914 0
      vertex 2.60101 -3.16934 0
    endloop
  endfacet
  facet normal -0.514101 0.85773 0
    outer loop
      vertex 2.27784 -3.40903 0
      vertex 1.93273 -3.61588 10
      vertex 2.27784 -3.40903 10
    endloop
  endfacet
  facet normal -0.514101 0.85773 0
    outer loop
      vertex 1.93273 -3.61588 10
      vertex 2.27784 -3.40903 0
      vertex 1.93273 -3.61588 0
    endloop
  endfacet
  facet normal 0.242968 0.970034 -0
    outer loop
      vertex -0.79987 -4.02122 0
      vertex -1.19017 -3.92346 10
      vertex -0.79987 -4.02122 10
    endloop
  endfacet
  facet normal 0.242968 0.970034 0
    outer loop
      vertex -1.19017 -3.92346 10
      vertex -0.79987 -4.02122 0
      vertex -1.19017 -3.92346 0
    endloop
  endfacet
  facet normal 0.595717 0.803195 -0
    outer loop
      vertex -2.27784 -3.40903 0
      vertex -2.60101 -3.16934 10
      vertex -2.27784 -3.40903 10
    endloop
  endfacet
  facet normal 0.595717 0.803195 0
    outer loop
      vertex -2.60101 -3.16934 10
      vertex -2.27784 -3.40903 0
      vertex -2.60101 -3.16934 0
    endloop
  endfacet
  facet normal 0.941542 0.336895 0
    outer loop
      vertex -3.78791 -1.569 10
      vertex -3.92346 -1.19017 0
      vertex -3.92346 -1.19017 10
    endloop
  endfacet
  facet normal 0.941542 0.336895 0
    outer loop
      vertex -3.92346 -1.19017 0
      vertex -3.78791 -1.569 10
      vertex -3.78791 -1.569 0
    endloop
  endfacet
  facet normal 0.740963 0.671546 0
    outer loop
      vertex -2.89914 -2.89914 10
      vertex -3.16934 -2.60101 0
      vertex -3.16934 -2.60101 10
    endloop
  endfacet
  facet normal 0.740963 0.671546 0
    outer loop
      vertex -3.16934 -2.60101 0
      vertex -2.89914 -2.89914 10
      vertex -2.89914 -2.89914 0
    endloop
  endfacet
  facet normal -0.903991 0.427552 0
    outer loop
      vertex 3.61588 -1.93273 0
      vertex 3.78791 -1.569 10
      vertex 3.78791 -1.569 0
    endloop
  endfacet
  facet normal -0.903991 0.427552 0
    outer loop
      vertex 3.78791 -1.569 10
      vertex 3.61588 -1.93273 0
      vertex 3.61588 -1.93273 10
    endloop
  endfacet
  facet normal -0.803195 0.595717 0
    outer loop
      vertex 3.16934 -2.60101 0
      vertex 3.40903 -2.27784 10
      vertex 3.40903 -2.27784 0
    endloop
  endfacet
  facet normal -0.803195 0.595717 0
    outer loop
      vertex 3.40903 -2.27784 10
      vertex 3.16934 -2.60101 0
      vertex 3.16934 -2.60101 10
    endloop
  endfacet
  facet normal -0.336897 0.941542 0
    outer loop
      vertex -12.3371 40.67 0
      vertex -16.264 39.2649 18.5433
      vertex -12.3371 40.67 18.7743
    endloop
  endfacet
  facet normal -0.336897 0.941542 0
    outer loop
      vertex -16.264 39.2649 18.5433
      vertex -12.3371 40.67 0
      vertex -16.264 39.2649 0
    endloop
  endfacet
  facet normal -0.903995 0.427542 0
    outer loop
      vertex -39.2649 16.264 17.1903
      vertex -37.4817 20.0344 0
      vertex -39.2649 16.264 0
    endloop
  endfacet
  facet normal -0.903995 0.427542 0
    outer loop
      vertex -37.4817 20.0344 0
      vertex -39.2649 16.264 17.1903
      vertex -37.4817 20.0344 17.2952
    endloop
  endfacet
  facet normal -0.427542 -0.903995 0
    outer loop
      vertex -16.264 -39.2649 0
      vertex -20.0344 -37.4817 18.3215
      vertex -20.0344 -37.4817 0
    endloop
  endfacet
  facet normal -0.427542 -0.903995 0
    outer loop
      vertex -20.0344 -37.4817 18.3215
      vertex -16.264 -39.2649 0
      vertex -16.264 -39.2649 18.5433
    endloop
  endfacet
  facet normal -0.989179 0.146713 0
    outer loop
      vertex -42.2953 4.16573 0
      vertex -41.6834 8.29134 17.048
      vertex -41.6834 8.29134 0
    endloop
  endfacet
  facet normal -0.989179 0.146713 0
    outer loop
      vertex -41.6834 8.29134 17.048
      vertex -42.2953 4.16573 0
      vertex -42.2953 4.16573 17.012
    endloop
  endfacet
  facet normal -0.740949 0.671561 0
    outer loop
      vertex -32.8529 26.9617 17.5675
      vertex -30.052 30.052 0
      vertex -32.8529 26.9617 0
    endloop
  endfacet
  facet normal -0.740949 0.671561 0
    outer loop
      vertex -30.052 30.052 0
      vertex -32.8529 26.9617 17.5675
      vertex -30.052 30.052 17.7322
    endloop
  endfacet
  facet normal -0.146713 0.989179 0
    outer loop
      vertex -4.16573 42.2953 0
      vertex -8.29134 41.6834 19.0123
      vertex -4.16573 42.2953 19.255
    endloop
  endfacet
  facet normal -0.146713 0.989179 0
    outer loop
      vertex -8.29134 41.6834 19.0123
      vertex -4.16573 42.2953 0
      vertex -8.29134 41.6834 0
    endloop
  endfacet
  facet normal -0.146713 -0.989179 0
    outer loop
      vertex -4.16573 -42.2953 0
      vertex -8.29134 -41.6834 19.0123
      vertex -8.29134 -41.6834 0
    endloop
  endfacet
  facet normal -0.146713 -0.989179 0
    outer loop
      vertex -8.29134 -41.6834 19.0123
      vertex -4.16573 -42.2953 0
      vertex -4.16573 -42.2953 19.255
    endloop
  endfacet
  facet normal -0.671561 -0.740949 0
    outer loop
      vertex -26.9617 -32.8529 0
      vertex -30.052 -30.052 17.7322
      vertex -30.052 -30.052 0
    endloop
  endfacet
  facet normal -0.671561 -0.740949 0
    outer loop
      vertex -30.052 -30.052 17.7322
      vertex -26.9617 -32.8529 0
      vertex -26.9617 -32.8529 17.914
    endloop
  endfacet
  facet normal -0.998795 0.0490798 0
    outer loop
      vertex -42.5 0 0
      vertex -42.2953 4.16573 17.012
      vertex -42.2953 4.16573 0
    endloop
  endfacet
  facet normal -0.998795 0.0490798 0
    outer loop
      vertex -42.2953 4.16573 17.012
      vertex -42.5 0 0
      vertex -42.5 0 17
    endloop
  endfacet
  facet normal 0 0 1
    outer loop
      vertex 69.15 42.5 22
      vertex 66.5455 29.1022 22
      vertex 69.15 30.0341 22
    endloop
  endfacet
  facet normal 0 0 1
    outer loop
      vertex 69.15 42.5 22
      vertex 63.751 27.7805 22
      vertex 66.5455 29.1022 22
    endloop
  endfacet
  facet normal -0 0 1
    outer loop
      vertex 42.5 42.5 22
      vertex 63.751 27.7805 22
      vertex 69.15 42.5 22
    endloop
  endfacet
  facet normal 0 0 1
    outer loop
      vertex 63.751 27.7805 22
      vertex 42.5 42.5 22
      vertex 61.0995 26.1913 22
    endloop
  endfacet
  facet normal 0 0 1
    outer loop
      vertex 61.0995 26.1913 22
      vertex 42.5 42.5 22
      vertex 58.6166 24.3498 22
    endloop
  endfacet
  facet normal 0 0 1
    outer loop
      vertex 58.6166 24.3498 22
      vertex 42.5 42.5 22
      vertex 56.3261 22.2739 22
    endloop
  endfacet
  facet normal 0 0 1
    outer loop
      vertex 56.3261 22.2739 22
      vertex 42.5 42.5 22
      vertex 54.2502 19.9834 22
    endloop
  endfacet
  facet normal 0 0 1
    outer loop
      vertex 47.2517 3.08754 22
      vertex 42.5 42.5 22
      vertex 47.1 0 22
    endloop
  endfacet
  facet normal 0 0 1
    outer loop
      vertex 47.7053 6.14534 22
      vertex 42.5 42.5 22
      vertex 47.2517 3.08754 22
    endloop
  endfacet
  facet normal 0 0 1
    outer loop
      vertex 48.4564 9.14397 22
      vertex 42.5 42.5 22
      vertex 47.7053 6.14534 22
    endloop
  endfacet
  facet normal 0 0 1
    outer loop
      vertex 49.4978 12.0545 22
      vertex 42.5 42.5 22
      vertex 48.4564 9.14397 22
    endloop
  endfacet
  facet normal 0 0 1
    outer loop
      vertex 50.8195 14.849 22
      vertex 42.5 42.5 22
      vertex 49.4978 12.0545 22
    endloop
  endfacet
  facet normal 0 0 1
    outer loop
      vertex 52.4087 17.5005 22
      vertex 42.5 42.5 22
      vertex 50.8195 14.849 22
    endloop
  endfacet
  facet normal 0 0 1
    outer loop
      vertex 54.2502 19.9834 22
      vertex 42.5 42.5 22
      vertex 52.4087 17.5005 22
    endloop
  endfacet
  facet normal 0 0 1
    outer loop
      vertex 66.5455 -29.1022 22
      vertex 69.15 -42.5 22
      vertex 69.15 -30.0341 22
    endloop
  endfacet
  facet normal 0 0 1
    outer loop
      vertex 63.751 -27.7805 22
      vertex 69.15 -42.5 22
      vertex 66.5455 -29.1022 22
    endloop
  endfacet
  facet normal 0 0 1
    outer loop
      vertex 42.5 -42.5 22
      vertex 63.751 -27.7805 22
      vertex 61.0995 -26.1913 22
    endloop
  endfacet
  facet normal 0 0 1
    outer loop
      vertex 42.5 -42.5 22
      vertex 61.0995 -26.1913 22
      vertex 58.6166 -24.3498 22
    endloop
  endfacet
  facet normal 0 0 1
    outer loop
      vertex 42.5 -42.5 22
      vertex 58.6166 -24.3498 22
      vertex 56.3261 -22.2739 22
    endloop
  endfacet
  facet normal 0 0 1
    outer loop
      vertex 42.5 -42.5 22
      vertex 56.3261 -22.2739 22
      vertex 54.2502 -19.9834 22
    endloop
  endfacet
  facet normal 0 0 1
    outer loop
      vertex 42.5 -42.5 22
      vertex 54.2502 -19.9834 22
      vertex 52.4087 -17.5005 22
    endloop
  endfacet
  facet normal 0 0 1
    outer loop
      vertex 42.5 -42.5 22
      vertex 47.1 0 22
      vertex 42.5 42.5 22
    endloop
  endfacet
  facet normal 0 0 1
    outer loop
      vertex 63.751 -27.7805 22
      vertex 42.5 -42.5 22
      vertex 69.15 -42.5 22
    endloop
  endfacet
  facet normal 0 0 1
    outer loop
      vertex 50.8195 -14.849 22
      vertex 42.5 -42.5 22
      vertex 52.4087 -17.5005 22
    endloop
  endfacet
  facet normal 0 0 1
    outer loop
      vertex 49.4978 -12.0545 22
      vertex 42.5 -42.5 22
      vertex 50.8195 -14.849 22
    endloop
  endfacet
  facet normal 0 0 1
    outer loop
      vertex 48.4564 -9.14397 22
      vertex 42.5 -42.5 22
      vertex 49.4978 -12.0545 22
    endloop
  endfacet
  facet normal 0 0 1
    outer loop
      vertex 47.7053 -6.14534 22
      vertex 42.5 -42.5 22
      vertex 48.4564 -9.14397 22
    endloop
  endfacet
  facet normal 0 0 1
    outer loop
      vertex 47.2517 -3.08754 22
      vertex 42.5 -42.5 22
      vertex 47.7053 -6.14534 22
    endloop
  endfacet
  facet normal 0 0 1
    outer loop
      vertex 47.1 0 22
      vertex 42.5 -42.5 22
      vertex 47.2517 -3.08754 22
    endloop
  endfacet
  facet normal -0.941542 0.336897 0
    outer loop
      vertex -40.67 12.3371 17.1076
      vertex -39.2649 16.264 0
      vertex -40.67 12.3371 0
    endloop
  endfacet
  facet normal -0.941542 0.336897 0
    outer loop
      vertex -39.2649 16.264 0
      vertex -40.67 12.3371 17.1076
      vertex -39.2649 16.264 17.1903
    endloop
  endfacet
  facet normal -0.970032 0.242978 0
    outer loop
      vertex -41.6834 8.29134 17.048
      vertex -40.67 12.3371 0
      vertex -41.6834 8.29134 0
    endloop
  endfacet
  facet normal -0.970032 0.242978 0
    outer loop
      vertex -40.67 12.3371 0
      vertex -41.6834 8.29134 17.048
      vertex -40.67 12.3371 17.1076
    endloop
  endfacet
  facet normal -0.857723 0.514111 0
    outer loop
      vertex -37.4817 20.0344 17.2952
      vertex -35.3375 23.6117 0
      vertex -37.4817 20.0344 0
    endloop
  endfacet
  facet normal -0.857723 0.514111 0
    outer loop
      vertex -35.3375 23.6117 0
      vertex -37.4817 20.0344 17.2952
      vertex -35.3375 23.6117 17.4213
    endloop
  endfacet
  facet normal -0.803199 0.59571 0
    outer loop
      vertex -35.3375 23.6117 17.4213
      vertex -32.8529 26.9617 0
      vertex -35.3375 23.6117 0
    endloop
  endfacet
  facet normal -0.803199 0.59571 0
    outer loop
      vertex -32.8529 26.9617 0
      vertex -35.3375 23.6117 17.4213
      vertex -32.8529 26.9617 17.5675
    endloop
  endfacet
  facet normal -0.242978 0.970032 0
    outer loop
      vertex -8.29134 41.6834 0
      vertex -12.3371 40.67 18.7743
      vertex -8.29134 41.6834 19.0123
    endloop
  endfacet
  facet normal -0.242978 0.970032 0
    outer loop
      vertex -12.3371 40.67 18.7743
      vertex -8.29134 41.6834 0
      vertex -12.3371 40.67 0
    endloop
  endfacet
  facet normal -0.0490798 0.998795 0
    outer loop
      vertex 0 42.5 0
      vertex -4.16573 42.2953 19.255
      vertex 0 42.5 19.5
    endloop
  endfacet
  facet normal -0.0490798 0.998795 0
    outer loop
      vertex -4.16573 42.2953 19.255
      vertex 0 42.5 0
      vertex -4.16573 42.2953 0
    endloop
  endfacet
  facet normal -0.514111 0.857723 0
    outer loop
      vertex -20.0344 37.4817 0
      vertex -23.6117 35.3375 18.1111
      vertex -20.0344 37.4817 18.3215
    endloop
  endfacet
  facet normal -0.514111 0.857723 0
    outer loop
      vertex -23.6117 35.3375 18.1111
      vertex -20.0344 37.4817 0
      vertex -23.6117 35.3375 0
    endloop
  endfacet
  facet normal -0.59571 0.803199 0
    outer loop
      vertex -23.6117 35.3375 0
      vertex -26.9617 32.8529 17.914
      vertex -23.6117 35.3375 18.1111
    endloop
  endfacet
  facet normal -0.59571 0.803199 0
    outer loop
      vertex -26.9617 32.8529 17.914
      vertex -23.6117 35.3375 0
      vertex -26.9617 32.8529 0
    endloop
  endfacet
  facet normal -0.427542 0.903995 0
    outer loop
      vertex -16.264 39.2649 0
      vertex -20.0344 37.4817 18.3215
      vertex -16.264 39.2649 18.5433
    endloop
  endfacet
  facet normal -0.427542 0.903995 0
    outer loop
      vertex -20.0344 37.4817 18.3215
      vertex -16.264 39.2649 0
      vertex -20.0344 37.4817 0
    endloop
  endfacet
  facet normal -0.671561 0.740949 0
    outer loop
      vertex -26.9617 32.8529 0
      vertex -30.052 30.052 17.7322
      vertex -26.9617 32.8529 17.914
    endloop
  endfacet
  facet normal -0.671561 0.740949 0
    outer loop
      vertex -30.052 30.052 17.7322
      vertex -26.9617 32.8529 0
      vertex -30.052 30.052 0
    endloop
  endfacet
  facet normal -0.336897 -0.941542 0
    outer loop
      vertex -12.3371 -40.67 0
      vertex -16.264 -39.2649 18.5433
      vertex -16.264 -39.2649 0
    endloop
  endfacet
  facet normal -0.336897 -0.941542 0
    outer loop
      vertex -16.264 -39.2649 18.5433
      vertex -12.3371 -40.67 0
      vertex -12.3371 -40.67 18.7743
    endloop
  endfacet
  facet normal -0.514111 -0.857723 0
    outer loop
      vertex -20.0344 -37.4817 0
      vertex -23.6117 -35.3375 18.1111
      vertex -23.6117 -35.3375 0
    endloop
  endfacet
  facet normal -0.514111 -0.857723 0
    outer loop
      vertex -23.6117 -35.3375 18.1111
      vertex -20.0344 -37.4817 0
      vertex -20.0344 -37.4817 18.3215
    endloop
  endfacet
  facet normal -0.970032 -0.242978 0
    outer loop
      vertex -40.67 -12.3371 0
      vertex -41.6834 -8.29134 17.048
      vertex -41.6834 -8.29134 0
    endloop
  endfacet
  facet normal -0.970032 -0.242978 0
    outer loop
      vertex -41.6834 -8.29134 17.048
      vertex -40.67 -12.3371 0
      vertex -40.67 -12.3371 17.1076
    endloop
  endfacet
  facet normal -0.998795 -0.0490798 0
    outer loop
      vertex -42.2953 -4.16573 0
      vertex -42.5 0 17
      vertex -42.5 0 0
    endloop
  endfacet
  facet normal -0.998795 -0.0490798 0
    outer loop
      vertex -42.5 0 17
      vertex -42.2953 -4.16573 0
      vertex -42.2953 -4.16573 17.012
    endloop
  endfacet
  facet normal -0.803199 -0.59571 0
    outer loop
      vertex -32.8529 -26.9617 0
      vertex -35.3375 -23.6117 17.4213
      vertex -35.3375 -23.6117 0
    endloop
  endfacet
  facet normal -0.803199 -0.59571 0
    outer loop
      vertex -35.3375 -23.6117 17.4213
      vertex -32.8529 -26.9617 0
      vertex -32.8529 -26.9617 17.5675
    endloop
  endfacet
  facet normal -0.857723 -0.514111 0
    outer loop
      vertex -35.3375 -23.6117 0
      vertex -37.4817 -20.0344 17.2952
      vertex -37.4817 -20.0344 0
    endloop
  endfacet
  facet normal -0.857723 -0.514111 0
    outer loop
      vertex -37.4817 -20.0344 17.2952
      vertex -35.3375 -23.6117 0
      vertex -35.3375 -23.6117 17.4213
    endloop
  endfacet
  facet normal -0.903995 -0.427542 0
    outer loop
      vertex -37.4817 -20.0344 0
      vertex -39.2649 -16.264 17.1903
      vertex -39.2649 -16.264 0
    endloop
  endfacet
  facet normal -0.903995 -0.427542 0
    outer loop
      vertex -39.2649 -16.264 17.1903
      vertex -37.4817 -20.0344 0
      vertex -37.4817 -20.0344 17.2952
    endloop
  endfacet
  facet normal -0.0490798 -0.998795 0
    outer loop
      vertex 0 -42.5 0
      vertex -4.16573 -42.2953 19.255
      vertex -4.16573 -42.2953 0
    endloop
  endfacet
  facet normal -0.0490798 -0.998795 0
    outer loop
      vertex -4.16573 -42.2953 19.255
      vertex 0 -42.5 0
      vertex 0 -42.5 19.5
    endloop
  endfacet
  facet normal -0.242978 -0.970032 0
    outer loop
      vertex -8.29134 -41.6834 0
      vertex -12.3371 -40.67 18.7743
      vertex -12.3371 -40.67 0
    endloop
  endfacet
  facet normal -0.242978 -0.970032 0
    outer loop
      vertex -12.3371 -40.67 18.7743
      vertex -8.29134 -41.6834 0
      vertex -8.29134 -41.6834 19.0123
    endloop
  endfacet
  facet normal -0.59571 -0.803199 0
    outer loop
      vertex -23.6117 -35.3375 0
      vertex -26.9617 -32.8529 17.914
      vertex -26.9617 -32.8529 0
    endloop
  endfacet
  facet normal -0.59571 -0.803199 0
    outer loop
      vertex -26.9617 -32.8529 17.914
      vertex -23.6117 -35.3375 0
      vertex -23.6117 -35.3375 18.1111
    endloop
  endfacet
  facet normal -0.941542 -0.336897 0
    outer loop
      vertex -39.2649 -16.264 0
      vertex -40.67 -12.3371 17.1076
      vertex -40.67 -12.3371 0
    endloop
  endfacet
  facet normal -0.941542 -0.336897 0
    outer loop
      vertex -40.67 -12.3371 17.1076
      vertex -39.2649 -16.264 0
      vertex -39.2649 -16.264 17.1903
    endloop
  endfacet
  facet normal -0.989179 -0.146713 0
    outer loop
      vertex -41.6834 -8.29134 0
      vertex -42.2953 -4.16573 17.012
      vertex -42.2953 -4.16573 0
    endloop
  endfacet
  facet normal -0.989179 -0.146713 0
    outer loop
      vertex -42.2953 -4.16573 17.012
      vertex -41.6834 -8.29134 0
      vertex -41.6834 -8.29134 17.048
    endloop
  endfacet
  facet normal -0.740949 -0.671561 0
    outer loop
      vertex -30.052 -30.052 0
      vertex -32.8529 -26.9617 17.5675
      vertex -32.8529 -26.9617 0
    endloop
  endfacet
  facet normal -0.740949 -0.671561 0
    outer loop
      vertex -32.8529 -26.9617 17.5675
      vertex -30.052 -30.052 0
      vertex -30.052 -30.052 17.7322
    endloop
  endfacet
  facet normal -0.595704 -0.803204 0
    outer loop
      vertex 25.6929 31.3069 0
      vertex 22.5006 33.6745 20.8236
      vertex 22.5006 33.6745 0
    endloop
  endfacet
  facet normal -0.595704 -0.803204 0
    outer loop
      vertex 22.5006 33.6745 20.8236
      vertex 25.6929 31.3069 0
      vertex 25.6929 31.3069 21.0113
    endloop
  endfacet
  facet normal 0.336894 -0.941543 0
    outer loop
      vertex -11.7565 38.7561 0
      vertex -15.4987 37.4171 18.5883
      vertex -15.4987 37.4171 0
    endloop
  endfacet
  facet normal 0.336894 -0.941543 0
    outer loop
      vertex -15.4987 37.4171 18.5883
      vertex -11.7565 38.7561 0
      vertex -11.7565 38.7561 18.8084
    endloop
  endfacet
  facet normal 0.903991 -0.427552 0
    outer loop
      vertex -37.4171 15.4987 17.299
      vertex -35.7178 19.0916 0
      vertex -35.7178 19.0916 17.399
    endloop
  endfacet
  facet normal 0.903991 -0.427552 0
    outer loop
      vertex -35.7178 19.0916 0
      vertex -37.4171 15.4987 17.299
      vertex -37.4171 15.4987 0
    endloop
  endfacet
  facet normal -0.941543 0.336894 0
    outer loop
      vertex 37.4171 -15.4987 21.701
      vertex 38.7561 -11.7565 0
      vertex 37.4171 -15.4987 0
    endloop
  endfacet
  facet normal -0.941543 0.336894 0
    outer loop
      vertex 38.7561 -11.7565 0
      vertex 37.4171 -15.4987 21.701
      vertex 38.7561 -11.7565 21.7798
    endloop
  endfacet
  facet normal -0.903991 -0.427552 0
    outer loop
      vertex 37.4171 15.4987 0
      vertex 35.7178 19.0916 21.601
      vertex 35.7178 19.0916 0
    endloop
  endfacet
  facet normal -0.903991 -0.427552 0
    outer loop
      vertex 35.7178 19.0916 21.601
      vertex 37.4171 15.4987 0
      vertex 37.4171 15.4987 21.701
    endloop
  endfacet
  facet normal -0.857726 -0.514107 0
    outer loop
      vertex 35.7178 19.0916 0
      vertex 33.6745 22.5006 21.4809
      vertex 33.6745 22.5006 0
    endloop
  endfacet
  facet normal -0.857726 -0.514107 0
    outer loop
      vertex 33.6745 22.5006 21.4809
      vertex 35.7178 19.0916 0
      vertex 35.7178 19.0916 21.601
    endloop
  endfacet
  facet normal -0.336899 -0.941541 0
    outer loop
      vertex 13.9185 37.9825 10
      vertex 11.7565 38.7561 20.1916
      vertex 11.7565 38.7561 10
    endloop
  endfacet
  facet normal -0.336894 -0.941542 1.16843e-06
    outer loop
      vertex 11.7565 38.7561 20.1916
      vertex 13.9185 37.9825 10
      vertex 15.4987 37.4171 20.4117
    endloop
  endfacet
  facet normal -0.336887 -0.941545 0
    outer loop
      vertex 15.4987 37.4171 0
      vertex 13.9185 37.9825 10
      vertex 13.9185 37.9825 0
    endloop
  endfacet
  facet normal -0.336887 -0.941545 0
    outer loop
      vertex 13.9185 37.9825 10
      vertex 15.4987 37.4171 0
      vertex 15.4987 37.4171 20.4117
    endloop
  endfacet
  facet normal -0.0490631 -0.998796 0
    outer loop
      vertex 3.96969 40.305 0
      vertex 0 40.5 19.5
      vertex 0 40.5 0
    endloop
  endfacet
  facet normal -0.0490631 -0.998796 0
    outer loop
      vertex 0 40.5 19.5
      vertex 3.96969 40.305 0
      vertex 3.96969 40.305 19.7335
    endloop
  endfacet
  facet normal 0.989176 -0.146736 0
    outer loop
      vertex -40.305 3.96969 17.1291
      vertex -39.7218 7.90116 0
      vertex -39.7218 7.90116 17.1634
    endloop
  endfacet
  facet normal 0.989176 -0.146736 0
    outer loop
      vertex -39.7218 7.90116 0
      vertex -40.305 3.96969 17.1291
      vertex -40.305 3.96969 0
    endloop
  endfacet
  facet normal 0.740951 -0.671559 0
    outer loop
      vertex -31.3069 25.6929 17.6584
      vertex -28.6378 28.6378 0
      vertex -28.6378 28.6378 17.8154
    endloop
  endfacet
  facet normal 0.740951 -0.671559 0
    outer loop
      vertex -28.6378 28.6378 0
      vertex -31.3069 25.6929 17.6584
      vertex -31.3069 25.6929 0
    endloop
  endfacet
  facet normal 0.146736 -0.989176 0
    outer loop
      vertex -3.96969 40.305 0
      vertex -7.90116 39.7218 19.0352
      vertex -7.90116 39.7218 0
    endloop
  endfacet
  facet normal 0.146736 -0.989176 0
    outer loop
      vertex -7.90116 39.7218 19.0352
      vertex -3.96969 40.305 0
      vertex -3.96969 40.305 19.2665
    endloop
  endfacet
  facet normal -0.998796 0.0490563 0
    outer loop
      vertex 40.4263 -1.5 0
      vertex 40.305 -3.96969 0
      vertex 40.4263 -1.5 10
    endloop
  endfacet
  facet normal -0.998795 0.0490741 0
    outer loop
      vertex 40.4263 -1.5 10
      vertex 40.5 0 21.8824
      vertex 40.5 0 10
    endloop
  endfacet
  facet normal -0.998796 0.0490563 0
    outer loop
      vertex 40.305 -3.96969 21.8709
      vertex 40.4263 -1.5 10
      vertex 40.305 -3.96969 0
    endloop
  endfacet
  facet normal -0.998796 0.0490631 1.40128e-06
    outer loop
      vertex 40.4263 -1.5 10
      vertex 40.305 -3.96969 21.8709
      vertex 40.5 0 21.8824
    endloop
  endfacet
  facet normal -0.803204 0.595704 0
    outer loop
      vertex 31.3069 -25.6929 21.3416
      vertex 33.6745 -22.5006 0
      vertex 31.3069 -25.6929 0
    endloop
  endfacet
  facet normal -0.803204 0.595704 0
    outer loop
      vertex 33.6745 -22.5006 0
      vertex 31.3069 -25.6929 21.3416
      vertex 33.6745 -22.5006 21.4809
    endloop
  endfacet
  facet normal 0.146736 0.989176 -0
    outer loop
      vertex -3.96969 -40.305 0
      vertex -7.90116 -39.7218 19.0352
      vertex -3.96969 -40.305 19.2665
    endloop
  endfacet
  facet normal 0.146736 0.989176 0
    outer loop
      vertex -7.90116 -39.7218 19.0352
      vertex -3.96969 -40.305 0
      vertex -7.90116 -39.7218 0
    endloop
  endfacet
  facet normal 0.671559 0.740951 -0
    outer loop
      vertex -25.6929 -31.3069 0
      vertex -28.6378 -28.6378 17.8154
      vertex -25.6929 -31.3069 17.9887
    endloop
  endfacet
  facet normal 0.671559 0.740951 0
    outer loop
      vertex -28.6378 -28.6378 17.8154
      vertex -25.6929 -31.3069 0
      vertex -28.6378 -28.6378 0
    endloop
  endfacet
  facet normal 0.998796 0.0490631 0
    outer loop
      vertex -40.305 -3.96969 17.1291
      vertex -40.5 0 0
      vertex -40.5 0 17.1176
    endloop
  endfacet
  facet normal 0.998796 0.0490631 0
    outer loop
      vertex -40.5 0 0
      vertex -40.305 -3.96969 17.1291
      vertex -40.305 -3.96969 0
    endloop
  endfacet
  facet normal -0.989176 -0.146736 0
    outer loop
      vertex 40.305 3.96969 0
      vertex 39.7218 7.90116 21.8366
      vertex 39.7218 7.90116 0
    endloop
  endfacet
  facet normal -0.989176 -0.146736 0
    outer loop
      vertex 39.7218 7.90116 21.8366
      vertex 40.305 3.96969 0
      vertex 40.305 3.96969 21.8709
    endloop
  endfacet
  facet normal -0.970032 -0.242977 0
    outer loop
      vertex 39.7218 7.90116 0
      vertex 38.7561 11.7565 21.7798
      vertex 38.7561 11.7565 0
    endloop
  endfacet
  facet normal -0.970032 -0.242977 0
    outer loop
      vertex 38.7561 11.7565 21.7798
      vertex 39.7218 7.90116 0
      vertex 39.7218 7.90116 21.8366
    endloop
  endfacet
  facet normal -0.941543 -0.336894 0
    outer loop
      vertex 38.7561 11.7565 0
      vertex 37.4171 15.4987 21.701
      vertex 37.4171 15.4987 0
    endloop
  endfacet
  facet normal -0.941543 -0.336894 0
    outer loop
      vertex 37.4171 15.4987 21.701
      vertex 38.7561 11.7565 0
      vertex 38.7561 11.7565 21.7798
    endloop
  endfacet
  facet normal -0.740951 -0.671559 0
    outer loop
      vertex 31.3069 25.6929 0
      vertex 28.6378 28.6378 21.1846
      vertex 28.6378 28.6378 0
    endloop
  endfacet
  facet normal -0.740951 -0.671559 0
    outer loop
      vertex 28.6378 28.6378 21.1846
      vertex 31.3069 25.6929 0
      vertex 31.3069 25.6929 21.3416
    endloop
  endfacet
  facet normal -0.803204 -0.595704 0
    outer loop
      vertex 33.6745 22.5006 0
      vertex 31.3069 25.6929 21.3416
      vertex 31.3069 25.6929 0
    endloop
  endfacet
  facet normal -0.803204 -0.595704 0
    outer loop
      vertex 31.3069 25.6929 21.3416
      vertex 33.6745 22.5006 0
      vertex 33.6745 22.5006 21.4809
    endloop
  endfacet
  facet normal -0.671559 -0.740951 0
    outer loop
      vertex 28.6378 28.6378 0
      vertex 25.6929 31.3069 21.0113
      vertex 25.6929 31.3069 0
    endloop
  endfacet
  facet normal -0.671559 -0.740951 0
    outer loop
      vertex 25.6929 31.3069 21.0113
      vertex 28.6378 28.6378 0
      vertex 28.6378 28.6378 21.1846
    endloop
  endfacet
  facet normal -0.514107 -0.857726 0
    outer loop
      vertex 22.5006 33.6745 0
      vertex 19.0916 35.7178 20.623
      vertex 19.0916 35.7178 0
    endloop
  endfacet
  facet normal -0.514107 -0.857726 0
    outer loop
      vertex 19.0916 35.7178 20.623
      vertex 22.5006 33.6745 0
      vertex 22.5006 33.6745 20.8236
    endloop
  endfacet
  facet normal -0.427552 -0.903991 0
    outer loop
      vertex 19.0916 35.7178 0
      vertex 15.4987 37.4171 20.4117
      vertex 15.4987 37.4171 0
    endloop
  endfacet
  facet normal -0.427552 -0.903991 0
    outer loop
      vertex 15.4987 37.4171 20.4117
      vertex 19.0916 35.7178 0
      vertex 19.0916 35.7178 20.623
    endloop
  endfacet
  facet normal -0.242994 -0.970028 0
    outer loop
      vertex 7.90116 39.7218 0
      vertex 11.0712 38.9277 10
      vertex 7.90116 39.7218 19.9648
    endloop
  endfacet
  facet normal -0.242994 -0.970028 -0
    outer loop
      vertex 11.0712 38.9277 10
      vertex 7.90116 39.7218 0
      vertex 11.0712 38.9277 0
    endloop
  endfacet
  facet normal -0.242978 -0.970032 5.39998e-06
    outer loop
      vertex 11.0712 38.9277 10
      vertex 11.7565 38.7561 20.1916
      vertex 7.90116 39.7218 19.9648
    endloop
  endfacet
  facet normal -0.242902 -0.970051 -0
    outer loop
      vertex 11.7565 38.7561 20.1916
      vertex 11.0712 38.9277 10
      vertex 11.7565 38.7561 10
    endloop
  endfacet
  facet normal -0.146736 -0.989176 0
    outer loop
      vertex 7.90116 39.7218 0
      vertex 3.96969 40.305 19.7335
      vertex 3.96969 40.305 0
    endloop
  endfacet
  facet normal -0.146736 -0.989176 0
    outer loop
      vertex 3.96969 40.305 19.7335
      vertex 7.90116 39.7218 0
      vertex 7.90116 39.7218 19.9648
    endloop
  endfacet
  facet normal 0.998796 -0.0490631 0
    outer loop
      vertex -40.5 0 17.1176
      vertex -40.305 3.96969 0
      vertex -40.305 3.96969 17.1291
    endloop
  endfacet
  facet normal 0.998796 -0.0490631 0
    outer loop
      vertex -40.305 3.96969 0
      vertex -40.5 0 17.1176
      vertex -40.5 0 0
    endloop
  endfacet
  facet normal 0.941543 -0.336894 0
    outer loop
      vertex -38.7561 11.7565 17.2202
      vertex -37.4171 15.4987 0
      vertex -37.4171 15.4987 17.299
    endloop
  endfacet
  facet normal 0.941543 -0.336894 0
    outer loop
      vertex -37.4171 15.4987 0
      vertex -38.7561 11.7565 17.2202
      vertex -38.7561 11.7565 0
    endloop
  endfacet
  facet normal 0.970032 -0.242977 0
    outer loop
      vertex -39.7218 7.90116 17.1634
      vertex -38.7561 11.7565 0
      vertex -38.7561 11.7565 17.2202
    endloop
  endfacet
  facet normal 0.970032 -0.242977 0
    outer loop
      vertex -38.7561 11.7565 0
      vertex -39.7218 7.90116 17.1634
      vertex -39.7218 7.90116 0
    endloop
  endfacet
  facet normal 0.857726 -0.514107 0
    outer loop
      vertex -35.7178 19.0916 17.399
      vertex -33.6745 22.5006 0
      vertex -33.6745 22.5006 17.5191
    endloop
  endfacet
  facet normal 0.857726 -0.514107 0
    outer loop
      vertex -33.6745 22.5006 0
      vertex -35.7178 19.0916 17.399
      vertex -35.7178 19.0916 0
    endloop
  endfacet
  facet normal 0.803204 -0.595703 0
    outer loop
      vertex -31.3069 25.6929 17.6584
      vertex -31.8337 24.9826 10
      vertex -31.3069 25.6929 0
    endloop
  endfacet
  facet normal 0.803204 -0.595704 8.70862e-08
    outer loop
      vertex -33.6745 22.5006 17.5191
      vertex -31.8337 24.9826 10
      vertex -31.3069 25.6929 17.6584
    endloop
  endfacet
  facet normal 0.8032 -0.595709 -2.42218e-06
    outer loop
      vertex -31.8337 24.9826 10
      vertex -33.6745 22.5006 17.5191
      vertex -33.6209 22.5729 10
    endloop
  endfacet
  facet normal 0.803321 -0.595546 0
    outer loop
      vertex -33.6745 22.5006 0
      vertex -33.6209 22.5729 10
      vertex -33.6745 22.5006 17.5191
    endloop
  endfacet
  facet normal 0.803321 -0.595546 0
    outer loop
      vertex -33.6209 22.5729 10
      vertex -33.6745 22.5006 0
      vertex -33.6209 22.5729 0
    endloop
  endfacet
  facet normal 0.803204 -0.595703 0
    outer loop
      vertex -31.3069 25.6929 0
      vertex -31.8337 24.9826 10
      vertex -31.8337 24.9826 0
    endloop
  endfacet
  facet normal 0.242977 -0.970032 0
    outer loop
      vertex -7.90116 39.7218 0
      vertex -11.7565 38.7561 18.8084
      vertex -11.7565 38.7561 0
    endloop
  endfacet
  facet normal 0.242977 -0.970032 0
    outer loop
      vertex -11.7565 38.7561 18.8084
      vertex -7.90116 39.7218 0
      vertex -7.90116 39.7218 19.0352
    endloop
  endfacet
  facet normal 0.0490631 -0.998796 0
    outer loop
      vertex 0 40.5 0
      vertex -3.96969 40.305 19.2665
      vertex -3.96969 40.305 0
    endloop
  endfacet
  facet normal 0.0490631 -0.998796 0
    outer loop
      vertex -3.96969 40.305 19.2665
      vertex 0 40.5 0
      vertex 0 40.5 19.5
    endloop
  endfacet
  facet normal 0.514107 -0.857726 0
    outer loop
      vertex -19.0916 35.7178 0
      vertex -22.5006 33.6745 18.1764
      vertex -22.5006 33.6745 0
    endloop
  endfacet
  facet normal 0.514107 -0.857726 0
    outer loop
      vertex -22.5006 33.6745 18.1764
      vertex -19.0916 35.7178 0
      vertex -19.0916 35.7178 18.377
    endloop
  endfacet
  facet normal 0.595704 -0.803204 0
    outer loop
      vertex -22.5006 33.6745 0
      vertex -25.6929 31.3069 17.9887
      vertex -25.6929 31.3069 0
    endloop
  endfacet
  facet normal 0.595704 -0.803204 0
    outer loop
      vertex -25.6929 31.3069 17.9887
      vertex -22.5006 33.6745 0
      vertex -22.5006 33.6745 18.1764
    endloop
  endfacet
  facet normal 0.427552 -0.903991 0
    outer loop
      vertex -15.4987 37.4171 0
      vertex -19.0916 35.7178 18.377
      vertex -19.0916 35.7178 0
    endloop
  endfacet
  facet normal 0.427552 -0.903991 0
    outer loop
      vertex -19.0916 35.7178 18.377
      vertex -15.4987 37.4171 0
      vertex -15.4987 37.4171 18.5883
    endloop
  endfacet
  facet normal 0.671559 -0.740951 0
    outer loop
      vertex -25.6929 31.3069 0
      vertex -28.6378 28.6378 17.8154
      vertex -28.6378 28.6378 0
    endloop
  endfacet
  facet normal 0.671559 -0.740951 0
    outer loop
      vertex -28.6378 28.6378 17.8154
      vertex -25.6929 31.3069 0
      vertex -25.6929 31.3069 17.9887
    endloop
  endfacet
  facet normal -0.998796 -0.0490563 -0
    outer loop
      vertex 40.4263 1.5 10
      vertex 40.305 3.96969 0
      vertex 40.4263 1.5 0
    endloop
  endfacet
  facet normal -0.998796 -0.0490563 0
    outer loop
      vertex 40.305 3.96969 0
      vertex 40.4263 1.5 10
      vertex 40.305 3.96969 21.8709
    endloop
  endfacet
  facet normal -0.998795 -0.0490741 -0
    outer loop
      vertex 40.5 0 21.8824
      vertex 40.4263 1.5 10
      vertex 40.5 0 10
    endloop
  endfacet
  facet normal -0.998796 -0.0490631 1.40128e-06
    outer loop
      vertex 40.4263 1.5 10
      vertex 40.5 0 21.8824
      vertex 40.305 3.96969 21.8709
    endloop
  endfacet
  facet normal -0.0490631 0.998796 0
    outer loop
      vertex 3.96969 -40.305 0
      vertex 0 -40.5 19.5
      vertex 3.96969 -40.305 19.7335
    endloop
  endfacet
  facet normal -0.0490631 0.998796 0
    outer loop
      vertex 0 -40.5 19.5
      vertex 3.96969 -40.305 0
      vertex 0 -40.5 0
    endloop
  endfacet
  facet normal -0.242902 0.970051 0
    outer loop
      vertex 11.0712 -38.9277 10
      vertex 11.7565 -38.7561 20.1916
      vertex 11.7565 -38.7561 10
    endloop
  endfacet
  facet normal -0.242978 0.970032 5.39998e-06
    outer loop
      vertex 11.7565 -38.7561 20.1916
      vertex 11.0712 -38.9277 10
      vertex 7.90116 -39.7218 19.9648
    endloop
  endfacet
  facet normal -0.242994 0.970028 0
    outer loop
      vertex 7.90116 -39.7218 0
      vertex 11.0712 -38.9277 10
      vertex 11.0712 -38.9277 0
    endloop
  endfacet
  facet normal -0.242994 0.970028 0
    outer loop
      vertex 11.0712 -38.9277 10
      vertex 7.90116 -39.7218 0
      vertex 7.90116 -39.7218 19.9648
    endloop
  endfacet
  facet normal -0.671559 0.740951 0
    outer loop
      vertex 28.6378 -28.6378 0
      vertex 25.6929 -31.3069 21.0113
      vertex 28.6378 -28.6378 21.1846
    endloop
  endfacet
  facet normal -0.671559 0.740951 0
    outer loop
      vertex 25.6929 -31.3069 21.0113
      vertex 28.6378 -28.6378 0
      vertex 25.6929 -31.3069 0
    endloop
  endfacet
  facet normal -0.903991 0.427552 0
    outer loop
      vertex 35.7178 -19.0916 21.601
      vertex 37.4171 -15.4987 0
      vertex 35.7178 -19.0916 0
    endloop
  endfacet
  facet normal -0.903991 0.427552 0
    outer loop
      vertex 37.4171 -15.4987 0
      vertex 35.7178 -19.0916 21.601
      vertex 37.4171 -15.4987 21.701
    endloop
  endfacet
  facet normal 0.336894 0.941543 -0
    outer loop
      vertex -11.7565 -38.7561 0
      vertex -15.4987 -37.4171 18.5883
      vertex -11.7565 -38.7561 18.8084
    endloop
  endfacet
  facet normal 0.336894 0.941543 0
    outer loop
      vertex -15.4987 -37.4171 18.5883
      vertex -11.7565 -38.7561 0
      vertex -15.4987 -37.4171 0
    endloop
  endfacet
  facet normal 0.514107 0.857726 -0
    outer loop
      vertex -19.0916 -35.7178 0
      vertex -22.5006 -33.6745 18.1764
      vertex -19.0916 -35.7178 18.377
    endloop
  endfacet
  facet normal 0.514107 0.857726 0
    outer loop
      vertex -22.5006 -33.6745 18.1764
      vertex -19.0916 -35.7178 0
      vertex -22.5006 -33.6745 0
    endloop
  endfacet
  facet normal 0.970032 0.242977 -0
    outer loop
      vertex -38.7561 -11.7565 0
      vertex -39.7218 -7.90116 17.1634
      vertex -38.7561 -11.7565 17.2202
    endloop
  endfacet
  facet normal 0.970032 0.242977 0
    outer loop
      vertex -39.7218 -7.90116 17.1634
      vertex -38.7561 -11.7565 0
      vertex -39.7218 -7.90116 0
    endloop
  endfacet
  facet normal 0.989176 0.146736 0
    outer loop
      vertex -39.7218 -7.90116 17.1634
      vertex -40.305 -3.96969 0
      vertex -40.305 -3.96969 17.1291
    endloop
  endfacet
  facet normal 0.989176 0.146736 0
    outer loop
      vertex -40.305 -3.96969 0
      vertex -39.7218 -7.90116 17.1634
      vertex -39.7218 -7.90116 0
    endloop
  endfacet
  facet normal 0.803321 0.595546 0
    outer loop
      vertex -33.6745 -22.5006 17.5191
      vertex -33.6209 -22.5729 10
      vertex -33.6745 -22.5006 0
    endloop
  endfacet
  facet normal 0.8032 0.595709 -2.42218e-06
    outer loop
      vertex -33.6745 -22.5006 17.5191
      vertex -31.8337 -24.9826 10
      vertex -33.6209 -22.5729 10
    endloop
  endfacet
  facet normal 0.803204 0.595704 8.70862e-08
    outer loop
      vertex -31.3069 -25.6929 17.6584
      vertex -31.8337 -24.9826 10
      vertex -33.6745 -22.5006 17.5191
    endloop
  endfacet
  facet normal 0.803204 0.595703 -0
    outer loop
      vertex -31.3069 -25.6929 0
      vertex -31.8337 -24.9826 10
      vertex -31.3069 -25.6929 17.6584
    endloop
  endfacet
  facet normal 0.803204 0.595703 0
    outer loop
      vertex -31.8337 -24.9826 10
      vertex -31.3069 -25.6929 0
      vertex -31.8337 -24.9826 0
    endloop
  endfacet
  facet normal 0.803321 0.595546 0
    outer loop
      vertex -33.6745 -22.5006 0
      vertex -33.6209 -22.5729 10
      vertex -33.6209 -22.5729 0
    endloop
  endfacet
  facet normal 0.903991 0.427552 -0
    outer loop
      vertex -35.7178 -19.0916 0
      vertex -37.4171 -15.4987 17.299
      vertex -35.7178 -19.0916 17.399
    endloop
  endfacet
  facet normal 0.903991 0.427552 0
    outer loop
      vertex -37.4171 -15.4987 17.299
      vertex -35.7178 -19.0916 0
      vertex -37.4171 -15.4987 0
    endloop
  endfacet
  facet normal 0.740951 0.671559 -0
    outer loop
      vertex -28.6378 -28.6378 0
      vertex -31.3069 -25.6929 17.6584
      vertex -28.6378 -28.6378 17.8154
    endloop
  endfacet
  facet normal 0.740951 0.671559 0
    outer loop
      vertex -31.3069 -25.6929 17.6584
      vertex -28.6378 -28.6378 0
      vertex -31.3069 -25.6929 0
    endloop
  endfacet
  facet normal -0.989176 0.146736 0
    outer loop
      vertex 39.7218 -7.90116 0
      vertex 40.305 -3.96969 21.8709
      vertex 40.305 -3.96969 0
    endloop
  endfacet
  facet normal -0.989176 0.146736 0
    outer loop
      vertex 40.305 -3.96969 21.8709
      vertex 39.7218 -7.90116 0
      vertex 39.7218 -7.90116 21.8366
    endloop
  endfacet
  facet normal -0.970032 0.242977 0
    outer loop
      vertex 38.7561 -11.7565 21.7798
      vertex 39.7218 -7.90116 0
      vertex 38.7561 -11.7565 0
    endloop
  endfacet
  facet normal -0.970032 0.242977 0
    outer loop
      vertex 39.7218 -7.90116 0
      vertex 38.7561 -11.7565 21.7798
      vertex 39.7218 -7.90116 21.8366
    endloop
  endfacet
  facet normal -0.146736 0.989176 0
    outer loop
      vertex 7.90116 -39.7218 0
      vertex 3.96969 -40.305 19.7335
      vertex 7.90116 -39.7218 19.9648
    endloop
  endfacet
  facet normal -0.146736 0.989176 0
    outer loop
      vertex 3.96969 -40.305 19.7335
      vertex 7.90116 -39.7218 0
      vertex 3.96969 -40.305 0
    endloop
  endfacet
  facet normal -0.336894 0.941542 1.16843e-06
    outer loop
      vertex 15.4987 -37.4171 20.4117
      vertex 13.9185 -37.9825 10
      vertex 11.7565 -38.7561 20.1916
    endloop
  endfacet
  facet normal -0.336887 0.941545 0
    outer loop
      vertex 15.4987 -37.4171 0
      vertex 13.9185 -37.9825 10
      vertex 15.4987 -37.4171 20.4117
    endloop
  endfacet
  facet normal -0.336887 0.941545 0
    outer loop
      vertex 13.9185 -37.9825 10
      vertex 15.4987 -37.4171 0
      vertex 13.9185 -37.9825 0
    endloop
  endfacet
  facet normal -0.336899 0.941541 0
    outer loop
      vertex 11.7565 -38.7561 20.1916
      vertex 13.9185 -37.9825 10
      vertex 11.7565 -38.7561 10
    endloop
  endfacet
  facet normal -0.740951 0.671559 0
    outer loop
      vertex 28.6378 -28.6378 21.1846
      vertex 31.3069 -25.6929 0
      vertex 28.6378 -28.6378 0
    endloop
  endfacet
  facet normal -0.740951 0.671559 0
    outer loop
      vertex 31.3069 -25.6929 0
      vertex 28.6378 -28.6378 21.1846
      vertex 31.3069 -25.6929 21.3416
    endloop
  endfacet
  facet normal -0.595704 0.803204 0
    outer loop
      vertex 25.6929 -31.3069 0
      vertex 22.5006 -33.6745 20.8236
      vertex 25.6929 -31.3069 21.0113
    endloop
  endfacet
  facet normal -0.595704 0.803204 0
    outer loop
      vertex 22.5006 -33.6745 20.8236
      vertex 25.6929 -31.3069 0
      vertex 22.5006 -33.6745 0
    endloop
  endfacet
  facet normal -0.427552 0.903991 0
    outer loop
      vertex 19.0916 -35.7178 0
      vertex 15.4987 -37.4171 20.4117
      vertex 19.0916 -35.7178 20.623
    endloop
  endfacet
  facet normal -0.427552 0.903991 0
    outer loop
      vertex 15.4987 -37.4171 20.4117
      vertex 19.0916 -35.7178 0
      vertex 15.4987 -37.4171 0
    endloop
  endfacet
  facet normal -0.857726 0.514107 0
    outer loop
      vertex 33.6745 -22.5006 21.4809
      vertex 35.7178 -19.0916 0
      vertex 33.6745 -22.5006 0
    endloop
  endfacet
  facet normal -0.857726 0.514107 0
    outer loop
      vertex 35.7178 -19.0916 0
      vertex 33.6745 -22.5006 21.4809
      vertex 35.7178 -19.0916 21.601
    endloop
  endfacet
  facet normal 0.0490631 0.998796 -0
    outer loop
      vertex 0 -40.5 0
      vertex -3.96969 -40.305 19.2665
      vertex 0 -40.5 19.5
    endloop
  endfacet
  facet normal 0.0490631 0.998796 0
    outer loop
      vertex -3.96969 -40.305 19.2665
      vertex 0 -40.5 0
      vertex -3.96969 -40.305 0
    endloop
  endfacet
  facet normal 0.242977 0.970032 -0
    outer loop
      vertex -7.90116 -39.7218 0
      vertex -11.7565 -38.7561 18.8084
      vertex -7.90116 -39.7218 19.0352
    endloop
  endfacet
  facet normal 0.242977 0.970032 0
    outer loop
      vertex -11.7565 -38.7561 18.8084
      vertex -7.90116 -39.7218 0
      vertex -11.7565 -38.7561 0
    endloop
  endfacet
  facet normal 0.427552 0.903991 -0
    outer loop
      vertex -15.4987 -37.4171 0
      vertex -19.0916 -35.7178 18.377
      vertex -15.4987 -37.4171 18.5883
    endloop
  endfacet
  facet normal 0.427552 0.903991 0
    outer loop
      vertex -19.0916 -35.7178 18.377
      vertex -15.4987 -37.4171 0
      vertex -19.0916 -35.7178 0
    endloop
  endfacet
  facet normal 0.595704 0.803204 -0
    outer loop
      vertex -22.5006 -33.6745 0
      vertex -25.6929 -31.3069 17.9887
      vertex -22.5006 -33.6745 18.1764
    endloop
  endfacet
  facet normal 0.595704 0.803204 0
    outer loop
      vertex -25.6929 -31.3069 17.9887
      vertex -22.5006 -33.6745 0
      vertex -25.6929 -31.3069 0
    endloop
  endfacet
  facet normal 0.941543 0.336894 -0
    outer loop
      vertex -37.4171 -15.4987 0
      vertex -38.7561 -11.7565 17.2202
      vertex -37.4171 -15.4987 17.299
    endloop
  endfacet
  facet normal 0.941543 0.336894 0
    outer loop
      vertex -38.7561 -11.7565 17.2202
      vertex -37.4171 -15.4987 0
      vertex -38.7561 -11.7565 0
    endloop
  endfacet
  facet normal 0.857726 0.514107 -0
    outer loop
      vertex -33.6745 -22.5006 0
      vertex -35.7178 -19.0916 17.399
      vertex -33.6745 -22.5006 17.5191
    endloop
  endfacet
  facet normal 0.857726 0.514107 0
    outer loop
      vertex -35.7178 -19.0916 17.399
      vertex -33.6745 -22.5006 0
      vertex -35.7178 -19.0916 0
    endloop
  endfacet
  facet normal -0.514107 0.857726 0
    outer loop
      vertex 22.5006 -33.6745 0
      vertex 19.0916 -35.7178 20.623
      vertex 22.5006 -33.6745 20.8236
    endloop
  endfacet
  facet normal -0.514107 0.857726 0
    outer loop
      vertex 19.0916 -35.7178 20.623
      vertex 22.5006 -33.6745 0
      vertex 19.0916 -35.7178 0
    endloop
  endfacet
  facet normal 0 1 -0
    outer loop
      vertex 40.4263 1.5 0
      vertex 6.31701 1.5 10
      vertex 40.4263 1.5 10
    endloop
  endfacet
  facet normal 0 1 0
    outer loop
      vertex 6.31701 1.5 10
      vertex 40.4263 1.5 0
      vertex 6.31701 1.5 0
    endloop
  endfacet
  facet normal 0 -1 0
    outer loop
      vertex 6.31701 -1.5 0
      vertex 40.4263 -1.5 10
      vertex 6.31701 -1.5 10
    endloop
  endfacet
  facet normal 0 -1 -0
    outer loop
      vertex 40.4263 -1.5 10
      vertex 6.31701 -1.5 0
      vertex 40.4263 -1.5 0
    endloop
  endfacet
  facet normal -0.951056 0.309017 0
    outer loop
      vertex 0.526382 6.47414 0
      vertex 11.0712 38.9277 10
      vertex 11.0712 38.9277 0
    endloop
  endfacet
  facet normal -0.951056 0.309017 0
    outer loop
      vertex 11.0712 38.9277 10
      vertex 0.526382 6.47414 0
      vertex 0.526382 6.47414 10
    endloop
  endfacet
  facet normal 0.951056 -0.309018 0
    outer loop
      vertex 3.37855 5.544 10
      vertex 13.9185 37.9825 0
      vertex 13.9185 37.9825 10
    endloop
  endfacet
  facet normal 0.951056 -0.309018 0
    outer loop
      vertex 13.9185 37.9825 0
      vertex 3.37855 5.544 10
      vertex 3.37855 5.544 0
    endloop
  endfacet
  facet normal 0.587785 0.809017 -0
    outer loop
      vertex -4.23044 4.92769 0
      vertex -31.8337 24.9826 10
      vertex -4.23044 4.92769 10
    endloop
  endfacet
  facet normal 0.587785 0.809017 0
    outer loop
      vertex -31.8337 24.9826 10
      vertex -4.23044 4.92769 0
      vertex -31.8337 24.9826 0
    endloop
  endfacet
  facet normal -0.587785 -0.809017 0
    outer loop
      vertex -33.6209 22.5729 0
      vertex -5.99765 2.50344 10
      vertex -33.6209 22.5729 10
    endloop
  endfacet
  facet normal -0.587785 -0.809017 -0
    outer loop
      vertex -5.99765 2.50344 10
      vertex -33.6209 22.5729 0
      vertex -5.99765 2.50344 0
    endloop
  endfacet
  facet normal -0.587785 0.809017 0
    outer loop
      vertex -5.99765 -2.50344 0
      vertex -33.6209 -22.5729 10
      vertex -5.99765 -2.50344 10
    endloop
  endfacet
  facet normal -0.587785 0.809017 0
    outer loop
      vertex -33.6209 -22.5729 10
      vertex -5.99765 -2.50344 0
      vertex -33.6209 -22.5729 0
    endloop
  endfacet
  facet normal 0.587785 -0.809017 0
    outer loop
      vertex -31.8337 -24.9826 0
      vertex -4.23044 -4.92769 10
      vertex -31.8337 -24.9826 10
    endloop
  endfacet
  facet normal 0.587785 -0.809017 0
    outer loop
      vertex -4.23044 -4.92769 10
      vertex -31.8337 -24.9826 0
      vertex -4.23044 -4.92769 0
    endloop
  endfacet
  facet normal 0.951056 0.309018 0
    outer loop
      vertex 13.9185 -37.9825 10
      vertex 3.37855 -5.544 0
      vertex 3.37855 -5.544 10
    endloop
  endfacet
  facet normal 0.951056 0.309018 0
    outer loop
      vertex 3.37855 -5.544 0
      vertex 13.9185 -37.9825 10
      vertex 13.9185 -37.9825 0
    endloop
  endfacet
  facet normal -0.951056 -0.309017 0
    outer loop
      vertex 11.0712 -38.9277 0
      vertex 0.526382 -6.47414 10
      vertex 0.526382 -6.47414 0
    endloop
  endfacet
  facet normal -0.951056 -0.309017 0
    outer loop
      vertex 0.526382 -6.47414 10
      vertex 11.0712 -38.9277 0
      vertex 11.0712 -38.9277 10
    endloop
  endfacet
  facet normal 0 1 -0
    outer loop
      vertex 69.15 42.5 0
      vertex 42.5 42.5 22
      vertex 69.15 42.5 22
    endloop
  endfacet
  facet normal 0 1 0
    outer loop
      vertex 0 42.5 0
      vertex 42.5 42.5 22
      vertex 69.15 42.5 0
    endloop
  endfacet
  facet normal 0 1 0
    outer loop
      vertex 42.5 42.5 22
      vertex 0 42.5 0
      vertex 0 42.5 19.5
    endloop
  endfacet
  facet normal 0 -1 0
    outer loop
      vertex 0 -42.5 0
      vertex 42.5 -42.5 22
      vertex 0 -42.5 19.5
    endloop
  endfacet
  facet normal 0 -1 -0
    outer loop
      vertex 42.5 -42.5 22
      vertex 0 -42.5 0
      vertex 69.15 -42.5 0
    endloop
  endfacet
  facet normal 0 -1 0
    outer loop
      vertex 42.5 -42.5 22
      vertex 69.15 -42.5 0
      vertex 69.15 -42.5 22
    endloop
  endfacet
  facet normal 0.336888 -0.941545 0
    outer loop
      vertex 66.5455 29.1022 0
      vertex 69.15 30.0341 22
      vertex 66.5455 29.1022 22
    endloop
  endfacet
  facet normal 0.336888 -0.941545 0
    outer loop
      vertex 69.15 30.0341 22
      vertex 66.5455 29.1022 0
      vertex 69.15 30.0341 0
    endloop
  endfacet
  facet normal 0.903989 -0.427555 0
    outer loop
      vertex 49.4978 12.0545 22
      vertex 50.8195 14.849 0
      vertex 50.8195 14.849 22
    endloop
  endfacet
  facet normal 0.903989 -0.427555 0
    outer loop
      vertex 50.8195 14.849 0
      vertex 49.4978 12.0545 22
      vertex 49.4978 12.0545 0
    endloop
  endfacet
  facet normal 0.427555 0.903989 -0
    outer loop
      vertex 66.5455 -29.1022 0
      vertex 63.751 -27.7805 22
      vertex 66.5455 -29.1022 22
    endloop
  endfacet
  facet normal 0.427555 0.903989 0
    outer loop
      vertex 63.751 -27.7805 22
      vertex 66.5455 -29.1022 0
      vertex 63.751 -27.7805 0
    endloop
  endfacet
  facet normal 0.989176 -0.146736 0
    outer loop
      vertex 47.2517 3.08754 22
      vertex 47.7053 6.14534 0
      vertex 47.7053 6.14534 22
    endloop
  endfacet
  facet normal 0.989176 -0.146736 0
    outer loop
      vertex 47.7053 6.14534 0
      vertex 47.2517 3.08754 22
      vertex 47.2517 3.08754 0
    endloop
  endfacet
  facet normal 0.740965 -0.671543 0
    outer loop
      vertex 54.2502 19.9834 22
      vertex 56.3261 22.2739 0
      vertex 56.3261 22.2739 22
    endloop
  endfacet
  facet normal 0.740965 -0.671543 0
    outer loop
      vertex 56.3261 22.2739 0
      vertex 54.2502 19.9834 22
      vertex 54.2502 19.9834 0
    endloop
  endfacet
  facet normal 0.671543 0.740965 -0
    outer loop
      vertex 58.6166 -24.3498 0
      vertex 56.3261 -22.2739 22
      vertex 58.6166 -24.3498 22
    endloop
  endfacet
  facet normal 0.671543 0.740965 0
    outer loop
      vertex 56.3261 -22.2739 22
      vertex 58.6166 -24.3498 0
      vertex 56.3261 -22.2739 0
    endloop
  endfacet
  facet normal 0.998795 -0.0490738 0
    outer loop
      vertex 47.1 0 22
      vertex 47.2517 3.08754 0
      vertex 47.2517 3.08754 22
    endloop
  endfacet
  facet normal 0.998795 -0.0490738 0
    outer loop
      vertex 47.2517 3.08754 0
      vertex 47.1 0 22
      vertex 47.1 0 0
    endloop
  endfacet
  facet normal 0.941545 -0.336889 0
    outer loop
      vertex 48.4564 9.14397 22
      vertex 49.4978 12.0545 0
      vertex 49.4978 12.0545 22
    endloop
  endfacet
  facet normal 0.941545 -0.336889 0
    outer loop
      vertex 49.4978 12.0545 0
      vertex 48.4564 9.14397 22
      vertex 48.4564 9.14397 0
    endloop
  endfacet
  facet normal 0.970033 -0.242975 0
    outer loop
      vertex 47.7053 6.14534 22
      vertex 48.4564 9.14397 0
      vertex 48.4564 9.14397 22
    endloop
  endfacet
  facet normal 0.970033 -0.242975 0
    outer loop
      vertex 48.4564 9.14397 0
      vertex 47.7053 6.14534 22
      vertex 47.7053 6.14534 0
    endloop
  endfacet
  facet normal 0.857735 -0.514091 0
    outer loop
      vertex 50.8195 14.849 22
      vertex 52.4087 17.5005 0
      vertex 52.4087 17.5005 22
    endloop
  endfacet
  facet normal 0.857735 -0.514091 0
    outer loop
      vertex 52.4087 17.5005 0
      vertex 50.8195 14.849 22
      vertex 50.8195 14.849 0
    endloop
  endfacet
  facet normal 0.803199 -0.595711 0
    outer loop
      vertex 52.4087 17.5005 22
      vertex 54.2502 19.9834 0
      vertex 54.2502 19.9834 22
    endloop
  endfacet
  facet normal 0.803199 -0.595711 0
    outer loop
      vertex 54.2502 19.9834 0
      vertex 52.4087 17.5005 22
      vertex 52.4087 17.5005 0
    endloop
  endfacet
  facet normal 0.514091 -0.857735 0
    outer loop
      vertex 61.0995 26.1913 0
      vertex 63.751 27.7805 22
      vertex 61.0995 26.1913 22
    endloop
  endfacet
  facet normal 0.514091 -0.857735 0
    outer loop
      vertex 63.751 27.7805 22
      vertex 61.0995 26.1913 0
      vertex 63.751 27.7805 0
    endloop
  endfacet
  facet normal 0.595711 -0.803199 0
    outer loop
      vertex 58.6166 24.3498 0
      vertex 61.0995 26.1913 22
      vertex 58.6166 24.3498 22
    endloop
  endfacet
  facet normal 0.595711 -0.803199 0
    outer loop
      vertex 61.0995 26.1913 22
      vertex 58.6166 24.3498 0
      vertex 61.0995 26.1913 0
    endloop
  endfacet
  facet normal 0.427555 -0.903989 0
    outer loop
      vertex 63.751 27.7805 0
      vertex 66.5455 29.1022 22
      vertex 63.751 27.7805 22
    endloop
  endfacet
  facet normal 0.427555 -0.903989 0
    outer loop
      vertex 66.5455 29.1022 22
      vertex 63.751 27.7805 0
      vertex 66.5455 29.1022 0
    endloop
  endfacet
  facet normal 0.671543 -0.740965 0
    outer loop
      vertex 56.3261 22.2739 0
      vertex 58.6166 24.3498 22
      vertex 56.3261 22.2739 22
    endloop
  endfacet
  facet normal 0.671543 -0.740965 0
    outer loop
      vertex 58.6166 24.3498 22
      vertex 56.3261 22.2739 0
      vertex 58.6166 24.3498 0
    endloop
  endfacet
  facet normal 0.336888 0.941545 -0
    outer loop
      vertex 69.15 -30.0341 0
      vertex 66.5455 -29.1022 22
      vertex 69.15 -30.0341 22
    endloop
  endfacet
  facet normal 0.336888 0.941545 0
    outer loop
      vertex 66.5455 -29.1022 22
      vertex 69.15 -30.0341 0
      vertex 66.5455 -29.1022 0
    endloop
  endfacet
  facet normal 0.514091 0.857735 -0
    outer loop
      vertex 63.751 -27.7805 0
      vertex 61.0995 -26.1913 22
      vertex 63.751 -27.7805 22
    endloop
  endfacet
  facet normal 0.514091 0.857735 0
    outer loop
      vertex 61.0995 -26.1913 22
      vertex 63.751 -27.7805 0
      vertex 61.0995 -26.1913 0
    endloop
  endfacet
  facet normal 0.970033 0.242975 0
    outer loop
      vertex 48.4564 -9.14397 22
      vertex 47.7053 -6.14534 0
      vertex 47.7053 -6.14534 22
    endloop
  endfacet
  facet normal 0.970033 0.242975 0
    outer loop
      vertex 47.7053 -6.14534 0
      vertex 48.4564 -9.14397 22
      vertex 48.4564 -9.14397 0
    endloop
  endfacet
  facet normal 0.998795 0.0490738 0
    outer loop
      vertex 47.2517 -3.08754 22
      vertex 47.1 0 0
      vertex 47.1 0 22
    endloop
  endfacet
  facet normal 0.998795 0.0490738 0
    outer loop
      vertex 47.1 0 0
      vertex 47.2517 -3.08754 22
      vertex 47.2517 -3.08754 0
    endloop
  endfacet
  facet normal 0.803199 0.595711 0
    outer loop
      vertex 54.2502 -19.9834 22
      vertex 52.4087 -17.5005 0
      vertex 52.4087 -17.5005 22
    endloop
  endfacet
  facet normal 0.803199 0.595711 0
    outer loop
      vertex 52.4087 -17.5005 0
      vertex 54.2502 -19.9834 22
      vertex 54.2502 -19.9834 0
    endloop
  endfacet
  facet normal 0.903989 0.427555 0
    outer loop
      vertex 50.8195 -14.849 22
      vertex 49.4978 -12.0545 0
      vertex 49.4978 -12.0545 22
    endloop
  endfacet
  facet normal 0.903989 0.427555 0
    outer loop
      vertex 49.4978 -12.0545 0
      vertex 50.8195 -14.849 22
      vertex 50.8195 -14.849 0
    endloop
  endfacet
  facet normal 0.595711 0.803199 -0
    outer loop
      vertex 61.0995 -26.1913 0
      vertex 58.6166 -24.3498 22
      vertex 61.0995 -26.1913 22
    endloop
  endfacet
  facet normal 0.595711 0.803199 0
    outer loop
      vertex 58.6166 -24.3498 22
      vertex 61.0995 -26.1913 0
      vertex 58.6166 -24.3498 0
    endloop
  endfacet
  facet normal 0.941545 0.336889 0
    outer loop
      vertex 49.4978 -12.0545 22
      vertex 48.4564 -9.14397 0
      vertex 48.4564 -9.14397 22
    endloop
  endfacet
  facet normal 0.941545 0.336889 0
    outer loop
      vertex 48.4564 -9.14397 0
      vertex 49.4978 -12.0545 22
      vertex 49.4978 -12.0545 0
    endloop
  endfacet
  facet normal 0.989176 0.146736 0
    outer loop
      vertex 47.7053 -6.14534 22
      vertex 47.2517 -3.08754 0
      vertex 47.2517 -3.08754 22
    endloop
  endfacet
  facet normal 0.989176 0.146736 0
    outer loop
      vertex 47.2517 -3.08754 0
      vertex 47.7053 -6.14534 22
      vertex 47.7053 -6.14534 0
    endloop
  endfacet
  facet normal 0.857735 0.514091 0
    outer loop
      vertex 52.4087 -17.5005 22
      vertex 50.8195 -14.849 0
      vertex 50.8195 -14.849 22
    endloop
  endfacet
  facet normal 0.857735 0.514091 0
    outer loop
      vertex 50.8195 -14.849 0
      vertex 52.4087 -17.5005 22
      vertex 52.4087 -17.5005 0
    endloop
  endfacet
  facet normal 0.740965 0.671543 0
    outer loop
      vertex 56.3261 -22.2739 22
      vertex 54.2502 -19.9834 0
      vertex 54.2502 -19.9834 22
    endloop
  endfacet
  facet normal 0.740965 0.671543 0
    outer loop
      vertex 54.2502 -19.9834 0
      vertex 56.3261 -22.2739 22
      vertex 56.3261 -22.2739 0
    endloop
  endfacet
  facet normal -0.0586986 0 0.998276
    outer loop
      vertex 42.5 42.5 22
      vertex 40.5 0 21.8824
      vertex 42.5 -42.5 22
    endloop
  endfacet
  facet normal -0.0587872 4.18333e-06 0.998271
    outer loop
      vertex 42.5 42.5 22
      vertex 40.305 3.96969 21.8709
      vertex 40.5 0 21.8824
    endloop
  endfacet
  facet normal -0.0587126 -8.40978e-08 0.998275
    outer loop
      vertex 42.5 42.5 22
      vertex 39.7218 7.90116 21.8366
      vertex 40.305 3.96969 21.8709
    endloop
  endfacet
  facet normal -0.0587154 1.44346e-07 0.998275
    outer loop
      vertex 42.5 42.5 22
      vertex 38.7561 11.7565 21.7798
      vertex 39.7218 7.90116 21.8366
    endloop
  endfacet
  facet normal -0.0587396 3.10323e-06 0.998273
    outer loop
      vertex 42.5 42.5 22
      vertex 37.4171 15.4987 21.701
      vertex 38.7561 11.7565 21.7798
    endloop
  endfacet
  facet normal -0.0587396 3.10163e-06 0.998273
    outer loop
      vertex 42.5 42.5 22
      vertex 35.7178 19.0916 21.601
      vertex 37.4171 15.4987 21.701
    endloop
  endfacet
  facet normal -0.0586934 -1.03341e-05 0.998276
    outer loop
      vertex 42.5 42.5 22
      vertex 33.6745 22.5006 21.4809
      vertex 35.7178 19.0916 21.601
    endloop
  endfacet
  facet normal -0.0587278 4.90372e-06 0.998274
    outer loop
      vertex 42.5 42.5 22
      vertex 31.3069 25.6929 21.3416
      vertex 33.6745 22.5006 21.4809
    endloop
  endfacet
  facet normal -0.0587201 -2.40389e-07 0.998274
    outer loop
      vertex 42.5 42.5 22
      vertex 28.6378 28.6378 21.1846
      vertex 31.3069 25.6929 21.3416
    endloop
  endfacet
  facet normal -0.0587337 1.34407e-05 0.998274
    outer loop
      vertex 42.5 42.5 22
      vertex 25.6929 31.3069 21.0113
      vertex 28.6378 28.6378 21.1846
    endloop
  endfacet
  facet normal -0.0587113 -2.02808e-05 0.998275
    outer loop
      vertex 42.5 42.5 22
      vertex 22.5006 33.6745 20.8236
      vertex 25.6929 31.3069 21.0113
    endloop
  endfacet
  facet normal -0.0587297 2.15557e-05 0.998274
    outer loop
      vertex 42.5 42.5 22
      vertex 19.0916 35.7178 20.623
      vertex 22.5006 33.6745 20.8236
    endloop
  endfacet
  facet normal -0.058718 -1.91168e-05 0.998275
    outer loop
      vertex 42.5 42.5 22
      vertex 15.4987 37.4171 20.4117
      vertex 19.0916 35.7178 20.623
    endloop
  endfacet
  facet normal -0.058719 -1.35718e-05 0.998275
    outer loop
      vertex 42.5 42.5 22
      vertex 11.7565 38.7561 20.1916
      vertex 15.4987 37.4171 20.4117
    endloop
  endfacet
  facet normal -0.0587224 1.42297e-05 0.998274
    outer loop
      vertex 42.5 42.5 22
      vertex 7.90116 39.7218 19.9648
      vertex 11.7565 38.7561 20.1916
    endloop
  endfacet
  facet normal -0.058722 9.30015e-06 0.998274
    outer loop
      vertex 0 42.5 19.5
      vertex 7.90116 39.7218 19.9648
      vertex 42.5 42.5 22
    endloop
  endfacet
  facet normal -0.0587359 -3.02041e-05 0.998274
    outer loop
      vertex 7.90116 39.7218 19.9648
      vertex 0 42.5 19.5
      vertex 3.96969 40.305 19.7335
    endloop
  endfacet
  facet normal -0.0587192 0 0.998275
    outer loop
      vertex 0 42.5 19.5
      vertex 0 40.5 19.5
      vertex 3.96969 40.305 19.7335
    endloop
  endfacet
  facet normal -0.0587192 0 0.998275
    outer loop
      vertex 0 42.5 19.5
      vertex -3.96969 40.305 19.2665
      vertex 0 40.5 19.5
    endloop
  endfacet
  facet normal -0.058711 -1.48468e-05 0.998275
    outer loop
      vertex -4.16573 42.2953 19.255
      vertex -3.96969 40.305 19.2665
      vertex 0 42.5 19.5
    endloop
  endfacet
  facet normal -0.0587289 -1.66163e-05 0.998274
    outer loop
      vertex -4.16573 42.2953 19.255
      vertex -7.90116 39.7218 19.0352
      vertex -3.96969 40.305 19.2665
    endloop
  endfacet
  facet normal -0.0587222 -2.63861e-05 0.998274
    outer loop
      vertex -8.29134 41.6834 19.0123
      vertex -7.90116 39.7218 19.0352
      vertex -4.16573 42.2953 19.255
    endloop
  endfacet
  facet normal -0.0587195 -2.58436e-05 0.998275
    outer loop
      vertex -8.29134 41.6834 19.0123
      vertex -11.7565 38.7561 18.8084
      vertex -7.90116 39.7218 19.0352
    endloop
  endfacet
  facet normal -0.0587188 -2.66457e-05 0.998275
    outer loop
      vertex -12.3371 40.67 18.7743
      vertex -11.7565 38.7561 18.8084
      vertex -8.29134 41.6834 19.0123
    endloop
  endfacet
  facet normal -0.0587061 -2.27628e-05 0.998275
    outer loop
      vertex -12.3371 40.67 18.7743
      vertex -15.4987 37.4171 18.5883
      vertex -11.7565 38.7561 18.8084
    endloop
  endfacet
  facet normal -0.0587204 -8.84272e-06 0.998274
    outer loop
      vertex -16.264 39.2649 18.5433
      vertex -15.4987 37.4171 18.5883
      vertex -12.3371 40.67 18.7743
    endloop
  endfacet
  facet normal -0.0587074 -3.44392e-06 0.998275
    outer loop
      vertex -16.264 39.2649 18.5433
      vertex -19.0916 35.7178 18.377
      vertex -15.4987 37.4171 18.5883
    endloop
  endfacet
  facet normal -0.0587333 1.72725e-05 0.998274
    outer loop
      vertex -20.0344 37.4817 18.3215
      vertex -19.0916 35.7178 18.377
      vertex -16.264 39.2649 18.5433
    endloop
  endfacet
  facet normal -0.0587482 9.28169e-06 0.998273
    outer loop
      vertex -20.0344 37.4817 18.3215
      vertex -22.5006 33.6745 18.1764
      vertex -19.0916 35.7178 18.377
    endloop
  endfacet
  facet normal -0.0587011 -2.1298e-05 0.998276
    outer loop
      vertex -23.6117 35.3375 18.1111
      vertex -22.5006 33.6745 18.1764
      vertex -20.0344 37.4817 18.3215
    endloop
  endfacet
  facet normal -0.0586874 -1.21059e-05 0.998276
    outer loop
      vertex -23.6117 35.3375 18.1111
      vertex -25.6929 31.3069 17.9887
      vertex -22.5006 33.6745 18.1764
    endloop
  endfacet
  facet normal -0.0587488 1.97125e-05 0.998273
    outer loop
      vertex -26.9617 32.8529 17.914
      vertex -25.6929 31.3069 17.9887
      vertex -23.6117 35.3375 18.1111
    endloop
  endfacet
  facet normal -0.0587573 1.26982e-05 0.998272
    outer loop
      vertex -26.9617 32.8529 17.914
      vertex -28.6378 28.6378 17.8154
      vertex -25.6929 31.3069 17.9887
    endloop
  endfacet
  facet normal -0.0587289 1.36597e-06 0.998274
    outer loop
      vertex -30.052 30.052 17.7322
      vertex -28.6378 28.6378 17.8154
      vertex -26.9617 32.8529 17.914
    endloop
  endfacet
  facet normal -0.0587253 4.99431e-06 0.998274
    outer loop
      vertex -30.052 30.052 17.7322
      vertex -31.3069 25.6929 17.6584
      vertex -28.6378 28.6378 17.8154
    endloop
  endfacet
  facet normal -0.0586979 -2.92244e-06 0.998276
    outer loop
      vertex -32.8529 26.9617 17.5675
      vertex -31.3069 25.6929 17.6584
      vertex -30.052 30.052 17.7322
    endloop
  endfacet
  facet normal -0.0587102 -1.79755e-05 0.998275
    outer loop
      vertex -32.8529 26.9617 17.5675
      vertex -33.6745 22.5006 17.5191
      vertex -31.3069 25.6929 17.6584
    endloop
  endfacet
  facet normal -0.0587189 -1.63813e-05 0.998275
    outer loop
      vertex -35.3375 23.6117 17.4213
      vertex -33.6745 22.5006 17.5191
      vertex -32.8529 26.9617 17.5675
    endloop
  endfacet
  facet normal -0.0586989 1.36348e-05 0.998276
    outer loop
      vertex -35.3375 23.6117 17.4213
      vertex -35.7178 19.0916 17.399
      vertex -33.6745 22.5006 17.5191
    endloop
  endfacet
  facet normal -0.0587363 1.6795e-05 0.998274
    outer loop
      vertex -37.4817 20.0344 17.2952
      vertex -35.7178 19.0916 17.399
      vertex -35.3375 23.6117 17.4213
    endloop
  endfacet
  facet normal -0.0587454 -3.3445e-07 0.998273
    outer loop
      vertex -35.7178 19.0916 17.399
      vertex -37.4817 20.0344 17.2952
      vertex -37.4171 15.4987 17.299
    endloop
  endfacet
  facet normal -0.0587252 -4.55306e-08 0.998274
    outer loop
      vertex -39.2649 16.264 17.1903
      vertex -37.4171 15.4987 17.299
      vertex -37.4817 20.0344 17.2952
    endloop
  endfacet
  facet normal -0.0587282 -7.20958e-06 0.998274
    outer loop
      vertex -37.4171 15.4987 17.299
      vertex -39.2649 16.264 17.1903
      vertex -38.7561 11.7565 17.2202
    endloop
  endfacet
  facet normal -0.0587336 -7.8206e-06 0.998274
    outer loop
      vertex -40.67 12.3371 17.1076
      vertex -38.7561 11.7565 17.2202
      vertex -39.2649 16.264 17.1903
    endloop
  endfacet
  facet normal -0.0587301 3.55834e-06 0.998274
    outer loop
      vertex -38.7561 11.7565 17.2202
      vertex -40.67 12.3371 17.1076
      vertex -39.7218 7.90116 17.1634
    endloop
  endfacet
  facet normal -0.0587275 2.31352e-06 0.998274
    outer loop
      vertex -39.7218 7.90116 17.1634
      vertex -41.6834 8.29134 17.048
      vertex -40.305 3.96969 17.1291
    endloop
  endfacet
  facet normal -0.0587272 4.19364e-06 0.998274
    outer loop
      vertex -41.6834 8.29134 17.048
      vertex -39.7218 7.90116 17.1634
      vertex -40.67 12.3371 17.1076
    endloop
  endfacet
  facet normal -0.0587872 -4.18333e-06 0.998271
    outer loop
      vertex 40.305 -3.96969 21.8709
      vertex 42.5 -42.5 22
      vertex 40.5 0 21.8824
    endloop
  endfacet
  facet normal -0.0587126 8.40978e-08 0.998275
    outer loop
      vertex 39.7218 -7.90116 21.8366
      vertex 42.5 -42.5 22
      vertex 40.305 -3.96969 21.8709
    endloop
  endfacet
  facet normal -0.0587154 -1.44346e-07 0.998275
    outer loop
      vertex 38.7561 -11.7565 21.7798
      vertex 42.5 -42.5 22
      vertex 39.7218 -7.90116 21.8366
    endloop
  endfacet
  facet normal -0.0587396 -3.10323e-06 0.998273
    outer loop
      vertex 37.4171 -15.4987 21.701
      vertex 42.5 -42.5 22
      vertex 38.7561 -11.7565 21.7798
    endloop
  endfacet
  facet normal -0.0587396 -3.10163e-06 0.998273
    outer loop
      vertex 35.7178 -19.0916 21.601
      vertex 42.5 -42.5 22
      vertex 37.4171 -15.4987 21.701
    endloop
  endfacet
  facet normal -0.0586934 1.03341e-05 0.998276
    outer loop
      vertex 33.6745 -22.5006 21.4809
      vertex 42.5 -42.5 22
      vertex 35.7178 -19.0916 21.601
    endloop
  endfacet
  facet normal -0.0587278 -4.90372e-06 0.998274
    outer loop
      vertex 31.3069 -25.6929 21.3416
      vertex 42.5 -42.5 22
      vertex 33.6745 -22.5006 21.4809
    endloop
  endfacet
  facet normal -0.0587201 2.40389e-07 0.998274
    outer loop
      vertex 28.6378 -28.6378 21.1846
      vertex 42.5 -42.5 22
      vertex 31.3069 -25.6929 21.3416
    endloop
  endfacet
  facet normal -0.0587337 -1.34407e-05 0.998274
    outer loop
      vertex 25.6929 -31.3069 21.0113
      vertex 42.5 -42.5 22
      vertex 28.6378 -28.6378 21.1846
    endloop
  endfacet
  facet normal -0.0587113 2.02808e-05 0.998275
    outer loop
      vertex 22.5006 -33.6745 20.8236
      vertex 42.5 -42.5 22
      vertex 25.6929 -31.3069 21.0113
    endloop
  endfacet
  facet normal -0.0587297 -2.15557e-05 0.998274
    outer loop
      vertex 19.0916 -35.7178 20.623
      vertex 42.5 -42.5 22
      vertex 22.5006 -33.6745 20.8236
    endloop
  endfacet
  facet normal -0.058718 1.91168e-05 0.998275
    outer loop
      vertex 15.4987 -37.4171 20.4117
      vertex 42.5 -42.5 22
      vertex 19.0916 -35.7178 20.623
    endloop
  endfacet
  facet normal -0.058719 1.35718e-05 0.998275
    outer loop
      vertex 11.7565 -38.7561 20.1916
      vertex 42.5 -42.5 22
      vertex 15.4987 -37.4171 20.4117
    endloop
  endfacet
  facet normal -0.0587224 -1.42297e-05 0.998274
    outer loop
      vertex 7.90116 -39.7218 19.9648
      vertex 42.5 -42.5 22
      vertex 11.7565 -38.7561 20.1916
    endloop
  endfacet
  facet normal -0.0587359 3.02041e-05 0.998274
    outer loop
      vertex 0 -42.5 19.5
      vertex 7.90116 -39.7218 19.9648
      vertex 3.96969 -40.305 19.7335
    endloop
  endfacet
  facet normal -0.0587192 0 0.998275
    outer loop
      vertex 0 -42.5 19.5
      vertex 3.96969 -40.305 19.7335
      vertex 0 -40.5 19.5
    endloop
  endfacet
  facet normal -0.058722 -9.30015e-06 0.998274
    outer loop
      vertex 7.90116 -39.7218 19.9648
      vertex 0 -42.5 19.5
      vertex 42.5 -42.5 22
    endloop
  endfacet
  facet normal -0.0587192 0 0.998275
    outer loop
      vertex -3.96969 -40.305 19.2665
      vertex 0 -42.5 19.5
      vertex 0 -40.5 19.5
    endloop
  endfacet
  facet normal -0.058711 1.48468e-05 0.998275
    outer loop
      vertex -3.96969 -40.305 19.2665
      vertex -4.16573 -42.2953 19.255
      vertex 0 -42.5 19.5
    endloop
  endfacet
  facet normal -0.0587289 1.66163e-05 0.998274
    outer loop
      vertex -7.90116 -39.7218 19.0352
      vertex -4.16573 -42.2953 19.255
      vertex -3.96969 -40.305 19.2665
    endloop
  endfacet
  facet normal -0.0587222 2.63861e-05 0.998274
    outer loop
      vertex -7.90116 -39.7218 19.0352
      vertex -8.29134 -41.6834 19.0123
      vertex -4.16573 -42.2953 19.255
    endloop
  endfacet
  facet normal -0.0587195 2.58436e-05 0.998275
    outer loop
      vertex -11.7565 -38.7561 18.8084
      vertex -8.29134 -41.6834 19.0123
      vertex -7.90116 -39.7218 19.0352
    endloop
  endfacet
  facet normal -0.0587188 2.66457e-05 0.998275
    outer loop
      vertex -11.7565 -38.7561 18.8084
      vertex -12.3371 -40.67 18.7743
      vertex -8.29134 -41.6834 19.0123
    endloop
  endfacet
  facet normal -0.0587061 2.27628e-05 0.998275
    outer loop
      vertex -15.4987 -37.4171 18.5883
      vertex -12.3371 -40.67 18.7743
      vertex -11.7565 -38.7561 18.8084
    endloop
  endfacet
  facet normal -0.0587204 8.84272e-06 0.998274
    outer loop
      vertex -15.4987 -37.4171 18.5883
      vertex -16.264 -39.2649 18.5433
      vertex -12.3371 -40.67 18.7743
    endloop
  endfacet
  facet normal -0.0587074 3.44392e-06 0.998275
    outer loop
      vertex -19.0916 -35.7178 18.377
      vertex -16.264 -39.2649 18.5433
      vertex -15.4987 -37.4171 18.5883
    endloop
  endfacet
  facet normal -0.0587333 -1.72725e-05 0.998274
    outer loop
      vertex -19.0916 -35.7178 18.377
      vertex -20.0344 -37.4817 18.3215
      vertex -16.264 -39.2649 18.5433
    endloop
  endfacet
  facet normal -0.0587482 -9.28169e-06 0.998273
    outer loop
      vertex -22.5006 -33.6745 18.1764
      vertex -20.0344 -37.4817 18.3215
      vertex -19.0916 -35.7178 18.377
    endloop
  endfacet
  facet normal -0.0587011 2.1298e-05 0.998276
    outer loop
      vertex -22.5006 -33.6745 18.1764
      vertex -23.6117 -35.3375 18.1111
      vertex -20.0344 -37.4817 18.3215
    endloop
  endfacet
  facet normal -0.0586874 1.21059e-05 0.998276
    outer loop
      vertex -25.6929 -31.3069 17.9887
      vertex -23.6117 -35.3375 18.1111
      vertex -22.5006 -33.6745 18.1764
    endloop
  endfacet
  facet normal -0.0587488 -1.97125e-05 0.998273
    outer loop
      vertex -25.6929 -31.3069 17.9887
      vertex -26.9617 -32.8529 17.914
      vertex -23.6117 -35.3375 18.1111
    endloop
  endfacet
  facet normal -0.0587573 -1.26982e-05 0.998272
    outer loop
      vertex -28.6378 -28.6378 17.8154
      vertex -26.9617 -32.8529 17.914
      vertex -25.6929 -31.3069 17.9887
    endloop
  endfacet
  facet normal -0.0587289 -1.36597e-06 0.998274
    outer loop
      vertex -28.6378 -28.6378 17.8154
      vertex -30.052 -30.052 17.7322
      vertex -26.9617 -32.8529 17.914
    endloop
  endfacet
  facet normal -0.0587253 -4.99431e-06 0.998274
    outer loop
      vertex -31.3069 -25.6929 17.6584
      vertex -30.052 -30.052 17.7322
      vertex -28.6378 -28.6378 17.8154
    endloop
  endfacet
  facet normal -0.0586979 2.92244e-06 0.998276
    outer loop
      vertex -31.3069 -25.6929 17.6584
      vertex -32.8529 -26.9617 17.5675
      vertex -30.052 -30.052 17.7322
    endloop
  endfacet
  facet normal -0.0587102 1.79755e-05 0.998275
    outer loop
      vertex -33.6745 -22.5006 17.5191
      vertex -32.8529 -26.9617 17.5675
      vertex -31.3069 -25.6929 17.6584
    endloop
  endfacet
  facet normal -0.0587189 1.63813e-05 0.998275
    outer loop
      vertex -33.6745 -22.5006 17.5191
      vertex -35.3375 -23.6117 17.4213
      vertex -32.8529 -26.9617 17.5675
    endloop
  endfacet
  facet normal -0.0586989 -1.36348e-05 0.998276
    outer loop
      vertex -35.7178 -19.0916 17.399
      vertex -35.3375 -23.6117 17.4213
      vertex -33.6745 -22.5006 17.5191
    endloop
  endfacet
  facet normal -0.0587454 3.3445e-07 0.998273
    outer loop
      vertex -37.4817 -20.0344 17.2952
      vertex -35.7178 -19.0916 17.399
      vertex -37.4171 -15.4987 17.299
    endloop
  endfacet
  facet normal -0.0587363 -1.6795e-05 0.998274
    outer loop
      vertex -35.7178 -19.0916 17.399
      vertex -37.4817 -20.0344 17.2952
      vertex -35.3375 -23.6117 17.4213
    endloop
  endfacet
  facet normal -0.0587282 7.20958e-06 0.998274
    outer loop
      vertex -39.2649 -16.264 17.1903
      vertex -37.4171 -15.4987 17.299
      vertex -38.7561 -11.7565 17.2202
    endloop
  endfacet
  facet normal -0.0587252 4.55306e-08 0.998274
    outer loop
      vertex -37.4171 -15.4987 17.299
      vertex -39.2649 -16.264 17.1903
      vertex -37.4817 -20.0344 17.2952
    endloop
  endfacet
  facet normal -0.0587301 -3.55834e-06 0.998274
    outer loop
      vertex -40.67 -12.3371 17.1076
      vertex -38.7561 -11.7565 17.2202
      vertex -39.7218 -7.90116 17.1634
    endloop
  endfacet
  facet normal -0.0587275 -2.31352e-06 0.998274
    outer loop
      vertex -41.6834 -8.29134 17.048
      vertex -39.7218 -7.90116 17.1634
      vertex -40.305 -3.96969 17.1291
    endloop
  endfacet
  facet normal -0.0587336 7.8206e-06 0.998274
    outer loop
      vertex -38.7561 -11.7565 17.2202
      vertex -40.67 -12.3371 17.1076
      vertex -39.2649 -16.264 17.1903
    endloop
  endfacet
  facet normal -0.0587344 6.78375e-06 0.998274
    outer loop
      vertex -42.2953 -4.16573 17.012
      vertex -40.305 -3.96969 17.1291
      vertex -40.5 0 17.1176
    endloop
  endfacet
  facet normal -0.0587338 3.22327e-07 0.998274
    outer loop
      vertex -42.2953 4.16573 17.012
      vertex -40.305 3.96969 17.1291
      vertex -41.6834 8.29134 17.048
    endloop
  endfacet
  facet normal -0.0587344 -6.78375e-06 0.998274
    outer loop
      vertex -40.305 3.96969 17.1291
      vertex -42.2953 4.16573 17.012
      vertex -40.5 0 17.1176
    endloop
  endfacet
  facet normal -0.0587272 -4.19364e-06 0.998274
    outer loop
      vertex -39.7218 -7.90116 17.1634
      vertex -41.6834 -8.29134 17.048
      vertex -40.67 -12.3371 17.1076
    endloop
  endfacet
  facet normal -0.0586986 8.71331e-06 0.998276
    outer loop
      vertex -42.5 0 17
      vertex -40.5 0 17.1176
      vertex -42.2953 4.16573 17.012
    endloop
  endfacet
  facet normal -0.0587338 -3.22327e-07 0.998274
    outer loop
      vertex -40.305 -3.96969 17.1291
      vertex -42.2953 -4.16573 17.012
      vertex -41.6834 -8.29134 17.048
    endloop
  endfacet
  facet normal -0.0586986 -8.71331e-06 0.998276
    outer loop
      vertex -40.5 0 17.1176
      vertex -42.5 0 17
      vertex -42.2953 -4.16573 17.012
    endloop
  endfacet
  facet normal 0.998796 -0.0490588 0
    outer loop
      vertex 41.9 0 16
      vertex 42.0738 3.53842 6
      vertex 42.0738 3.53842 16
    endloop
  endfacet
  facet normal 0.998796 -0.0490588 0
    outer loop
      vertex 42.0738 3.53842 6
      vertex 41.9 0 16
      vertex 41.9 0 6
    endloop
  endfacet
  facet normal 0.74096 -0.671549 0
    outer loop
      vertex 50.0943 22.9016 16
      vertex 52.4734 25.5266 6
      vertex 52.4734 25.5266 16
    endloop
  endfacet
  facet normal 0.74096 -0.671549 0
    outer loop
      vertex 52.4734 25.5266 6
      vertex 50.0943 22.9016 16
      vertex 50.0943 22.9016 6
    endloop
  endfacet
  facet normal 0.427562 -0.903986 0
    outer loop
      vertex 60.9826 31.8374 6
      vertex 64.1851 33.3521 16
      vertex 60.9826 31.8374 16
    endloop
  endfacet
  facet normal 0.427562 -0.903986 0
    outer loop
      vertex 64.1851 33.3521 16
      vertex 60.9826 31.8374 6
      vertex 64.1851 33.3521 6
    endloop
  endfacet
  facet normal 0.903986 -0.427562 0
    outer loop
      vertex 44.6479 13.8149 16
      vertex 46.1626 17.0174 6
      vertex 46.1626 17.0174 16
    endloop
  endfacet
  facet normal 0.903986 -0.427562 0
    outer loop
      vertex 46.1626 17.0174 6
      vertex 44.6479 13.8149 16
      vertex 44.6479 13.8149 6
    endloop
  endfacet
  facet normal 0.857732 -0.514097 0
    outer loop
      vertex 46.1626 17.0174 16
      vertex 47.9839 20.0561 6
      vertex 47.9839 20.0561 16
    endloop
  endfacet
  facet normal 0.857732 -0.514097 0
    outer loop
      vertex 47.9839 20.0561 6
      vertex 46.1626 17.0174 16
      vertex 46.1626 17.0174 6
    endloop
  endfacet
  facet normal 0.903986 0.427562 0
    outer loop
      vertex 46.1626 -17.0174 16
      vertex 44.6479 -13.8149 6
      vertex 44.6479 -13.8149 16
    endloop
  endfacet
  facet normal 0.903986 0.427562 0
    outer loop
      vertex 44.6479 -13.8149 6
      vertex 46.1626 -17.0174 16
      vertex 46.1626 -17.0174 6
    endloop
  endfacet
  facet normal 0.970032 -0.242978 0
    outer loop
      vertex 42.5937 7.04276 16
      vertex 43.4545 10.4793 6
      vertex 43.4545 10.4793 16
    endloop
  endfacet
  facet normal 0.970032 -0.242978 0
    outer loop
      vertex 43.4545 10.4793 6
      vertex 42.5937 7.04276 16
      vertex 42.5937 7.04276 6
    endloop
  endfacet
  facet normal 0.595705 -0.803203 0
    outer loop
      vertex 55.0984 27.9057 6
      vertex 57.9439 30.0161 16
      vertex 55.0984 27.9057 16
    endloop
  endfacet
  facet normal 0.595705 -0.803203 0
    outer loop
      vertex 57.9439 30.0161 16
      vertex 55.0984 27.9057 6
      vertex 57.9439 30.0161 6
    endloop
  endfacet
  facet normal 0.243026 -0.97002 0
    outer loop
      vertex 67.5207 34.5455 6
      vertex 69.15 34.9537 16
      vertex 67.5207 34.5455 16
    endloop
  endfacet
  facet normal 0.243026 -0.97002 0
    outer loop
      vertex 69.15 34.9537 16
      vertex 67.5207 34.5455 6
      vertex 69.15 34.9537 6
    endloop
  endfacet
  facet normal 0.803203 -0.595705 0
    outer loop
      vertex 47.9839 20.0561 16
      vertex 50.0943 22.9016 6
      vertex 50.0943 22.9016 16
    endloop
  endfacet
  facet normal 0.803203 -0.595705 0
    outer loop
      vertex 50.0943 22.9016 6
      vertex 47.9839 20.0561 16
      vertex 47.9839 20.0561 6
    endloop
  endfacet
  facet normal 0 0 -1
    outer loop
      vertex 67.5207 -34.5455 16
      vertex 69.15 -32.2766 16
      vertex 69.15 -34.9537 16
    endloop
  endfacet
  facet normal -0 0 -1
    outer loop
      vertex 69.15 -32.2766 16
      vertex 67.5207 -34.5455 16
      vertex 68.2755 -32.0575 16
    endloop
  endfacet
  facet normal 0 0 -1
    outer loop
      vertex 67.5207 -34.5455 16
      vertex 65.1801 -30.95 16
      vertex 68.2755 -32.0575 16
    endloop
  endfacet
  facet normal 0 0 -1
    outer loop
      vertex 64.1851 -33.3521 16
      vertex 65.1801 -30.95 16
      vertex 67.5207 -34.5455 16
    endloop
  endfacet
  facet normal 0 0 -1
    outer loop
      vertex 64.1851 -33.3521 16
      vertex 62.2082 -29.5444 16
      vertex 65.1801 -30.95 16
    endloop
  endfacet
  facet normal 0 0 -1
    outer loop
      vertex 60.9826 -31.8374 16
      vertex 62.2082 -29.5444 16
      vertex 64.1851 -33.3521 16
    endloop
  endfacet
  facet normal 0 0 -1
    outer loop
      vertex 60.9826 -31.8374 16
      vertex 59.3884 -27.8542 16
      vertex 62.2082 -29.5444 16
    endloop
  endfacet
  facet normal 0 0 -1
    outer loop
      vertex 57.9439 -30.0161 16
      vertex 59.3884 -27.8542 16
      vertex 60.9826 -31.8374 16
    endloop
  endfacet
  facet normal 0 0 -1
    outer loop
      vertex 57.9439 -30.0161 16
      vertex 56.7478 -25.8959 16
      vertex 59.3884 -27.8542 16
    endloop
  endfacet
  facet normal 0 0 -1
    outer loop
      vertex 55.0984 -27.9057 16
      vertex 56.7478 -25.8959 16
      vertex 57.9439 -30.0161 16
    endloop
  endfacet
  facet normal 0 0 -1
    outer loop
      vertex 55.0984 -27.9057 16
      vertex 54.3119 -23.6881 16
      vertex 56.7478 -25.8959 16
    endloop
  endfacet
  facet normal 0 0 -1
    outer loop
      vertex 52.4734 -25.5266 16
      vertex 54.3119 -23.6881 16
      vertex 55.0984 -27.9057 16
    endloop
  endfacet
  facet normal 0 0 -1
    outer loop
      vertex 52.4734 -25.5266 16
      vertex 52.1041 -21.2522 16
      vertex 54.3119 -23.6881 16
    endloop
  endfacet
  facet normal 0 0 -1
    outer loop
      vertex 50.0943 -22.9016 16
      vertex 52.1041 -21.2522 16
      vertex 52.4734 -25.5266 16
    endloop
  endfacet
  facet normal -0 0 -1
    outer loop
      vertex 52.1041 -21.2522 16
      vertex 50.0943 -22.9016 16
      vertex 50.1458 -18.6116 16
    endloop
  endfacet
  facet normal 0 0 -1
    outer loop
      vertex 47.9839 -20.0561 16
      vertex 50.1458 -18.6116 16
      vertex 50.0943 -22.9016 16
    endloop
  endfacet
  facet normal -0 0 -1
    outer loop
      vertex 50.1458 -18.6116 16
      vertex 47.9839 -20.0561 16
      vertex 48.4556 -15.7918 16
    endloop
  endfacet
  facet normal 0 0 -1
    outer loop
      vertex 46.1626 -17.0174 16
      vertex 48.4556 -15.7918 16
      vertex 47.9839 -20.0561 16
    endloop
  endfacet
  facet normal -0 0 -1
    outer loop
      vertex 48.4556 -15.7918 16
      vertex 46.1626 -17.0174 16
      vertex 47.05 -12.8199 16
    endloop
  endfacet
  facet normal 0 0 -1
    outer loop
      vertex 44.6479 -13.8149 16
      vertex 47.05 -12.8199 16
      vertex 46.1626 -17.0174 16
    endloop
  endfacet
  facet normal -0 0 -1
    outer loop
      vertex 47.05 -12.8199 16
      vertex 44.6479 -13.8149 16
      vertex 45.9425 -9.72454 16
    endloop
  endfacet
  facet normal 0 0 -1
    outer loop
      vertex 43.4545 -10.4793 16
      vertex 45.9425 -9.72454 16
      vertex 44.6479 -13.8149 16
    endloop
  endfacet
  facet normal -0 0 -1
    outer loop
      vertex 45.9425 -9.72454 16
      vertex 43.4545 -10.4793 16
      vertex 45.1437 -6.53553 16
    endloop
  endfacet
  facet normal 0 0 -1
    outer loop
      vertex 42.5937 -7.04276 16
      vertex 45.1437 -6.53553 16
      vertex 43.4545 -10.4793 16
    endloop
  endfacet
  facet normal -0 0 -1
    outer loop
      vertex 45.1437 -6.53553 16
      vertex 42.5937 -7.04276 16
      vertex 44.6613 -3.28357 16
    endloop
  endfacet
  facet normal 0 0 -1
    outer loop
      vertex 67.5207 34.5455 16
      vertex 69.15 32.2766 16
      vertex 68.2755 32.0575 16
    endloop
  endfacet
  facet normal 0 0 -1
    outer loop
      vertex 69.15 32.2766 16
      vertex 67.5207 34.5455 16
      vertex 69.15 34.9537 16
    endloop
  endfacet
  facet normal 0 0 -1
    outer loop
      vertex 65.1801 30.95 16
      vertex 67.5207 34.5455 16
      vertex 68.2755 32.0575 16
    endloop
  endfacet
  facet normal 0 0 -1
    outer loop
      vertex 65.1801 30.95 16
      vertex 64.1851 33.3521 16
      vertex 67.5207 34.5455 16
    endloop
  endfacet
  facet normal 0 0 -1
    outer loop
      vertex 62.2082 29.5444 16
      vertex 64.1851 33.3521 16
      vertex 65.1801 30.95 16
    endloop
  endfacet
  facet normal 0 0 -1
    outer loop
      vertex 62.2082 29.5444 16
      vertex 60.9826 31.8374 16
      vertex 64.1851 33.3521 16
    endloop
  endfacet
  facet normal 0 0 -1
    outer loop
      vertex 59.3884 27.8542 16
      vertex 60.9826 31.8374 16
      vertex 62.2082 29.5444 16
    endloop
  endfacet
  facet normal 0 0 -1
    outer loop
      vertex 59.3884 27.8542 16
      vertex 57.9439 30.0161 16
      vertex 60.9826 31.8374 16
    endloop
  endfacet
  facet normal 0 0 -1
    outer loop
      vertex 56.7478 25.8959 16
      vertex 57.9439 30.0161 16
      vertex 59.3884 27.8542 16
    endloop
  endfacet
  facet normal 0 0 -1
    outer loop
      vertex 56.7478 25.8959 16
      vertex 55.0984 27.9057 16
      vertex 57.9439 30.0161 16
    endloop
  endfacet
  facet normal 0 0 -1
    outer loop
      vertex 54.3119 23.6881 16
      vertex 55.0984 27.9057 16
      vertex 56.7478 25.8959 16
    endloop
  endfacet
  facet normal 0 0 -1
    outer loop
      vertex 54.3119 23.6881 16
      vertex 52.4734 25.5266 16
      vertex 55.0984 27.9057 16
    endloop
  endfacet
  facet normal 0 0 -1
    outer loop
      vertex 52.1041 21.2522 16
      vertex 52.4734 25.5266 16
      vertex 54.3119 23.6881 16
    endloop
  endfacet
  facet normal 0 0 -1
    outer loop
      vertex 50.0943 22.9016 16
      vertex 52.1041 21.2522 16
      vertex 50.1458 18.6116 16
    endloop
  endfacet
  facet normal 0 0 -1
    outer loop
      vertex 52.1041 21.2522 16
      vertex 50.0943 22.9016 16
      vertex 52.4734 25.5266 16
    endloop
  endfacet
  facet normal 0 0 -1
    outer loop
      vertex 47.9839 20.0561 16
      vertex 50.1458 18.6116 16
      vertex 48.4556 15.7918 16
    endloop
  endfacet
  facet normal 0 0 -1
    outer loop
      vertex 50.1458 18.6116 16
      vertex 47.9839 20.0561 16
      vertex 50.0943 22.9016 16
    endloop
  endfacet
  facet normal 0 0 -1
    outer loop
      vertex 46.1626 17.0174 16
      vertex 48.4556 15.7918 16
      vertex 47.05 12.8199 16
    endloop
  endfacet
  facet normal 0 0 -1
    outer loop
      vertex 48.4556 15.7918 16
      vertex 46.1626 17.0174 16
      vertex 47.9839 20.0561 16
    endloop
  endfacet
  facet normal 0 0 -1
    outer loop
      vertex 44.6479 13.8149 16
      vertex 47.05 12.8199 16
      vertex 45.9425 9.72454 16
    endloop
  endfacet
  facet normal 0 0 -1
    outer loop
      vertex 43.4545 10.4793 16
      vertex 45.9425 9.72454 16
      vertex 45.1437 6.53553 16
    endloop
  endfacet
  facet normal 0 0 -1
    outer loop
      vertex 42.5937 7.04276 16
      vertex 45.1437 6.53553 16
      vertex 44.6613 3.28357 16
    endloop
  endfacet
  facet normal 0 0 -1
    outer loop
      vertex 47.05 12.8199 16
      vertex 44.6479 13.8149 16
      vertex 46.1626 17.0174 16
    endloop
  endfacet
  facet normal 0 0 -1
    outer loop
      vertex 42.0738 3.53842 16
      vertex 44.6613 3.28357 16
      vertex 44.5 0 16
    endloop
  endfacet
  facet normal 0 0 -1
    outer loop
      vertex 42.0738 -3.53842 16
      vertex 44.6613 -3.28357 16
      vertex 42.5937 -7.04276 16
    endloop
  endfacet
  facet normal 0 0 -1
    outer loop
      vertex 45.9425 9.72454 16
      vertex 43.4545 10.4793 16
      vertex 44.6479 13.8149 16
    endloop
  endfacet
  facet normal -0 0 -1
    outer loop
      vertex 44.6613 -3.28357 16
      vertex 42.0738 -3.53842 16
      vertex 44.5 0 16
    endloop
  endfacet
  facet normal 0 0 -1
    outer loop
      vertex 45.1437 6.53553 16
      vertex 42.5937 7.04276 16
      vertex 43.4545 10.4793 16
    endloop
  endfacet
  facet normal 0 0 -1
    outer loop
      vertex 41.9 0 16
      vertex 44.5 0 16
      vertex 42.0738 -3.53842 16
    endloop
  endfacet
  facet normal 0 0 -1
    outer loop
      vertex 44.6613 3.28357 16
      vertex 42.0738 3.53842 16
      vertex 42.5937 7.04276 16
    endloop
  endfacet
  facet normal 0 0 -1
    outer loop
      vertex 44.5 0 16
      vertex 41.9 0 16
      vertex 42.0738 3.53842 16
    endloop
  endfacet
  facet normal 0.989173 -0.146753 0
    outer loop
      vertex 42.0738 3.53842 16
      vertex 42.5937 7.04276 6
      vertex 42.5937 7.04276 16
    endloop
  endfacet
  facet normal 0.989173 -0.146753 0
    outer loop
      vertex 42.5937 7.04276 6
      vertex 42.0738 3.53842 16
      vertex 42.0738 3.53842 6
    endloop
  endfacet
  facet normal 0.941553 -0.336866 0
    outer loop
      vertex 43.4545 10.4793 16
      vertex 44.6479 13.8149 6
      vertex 44.6479 13.8149 16
    endloop
  endfacet
  facet normal 0.941553 -0.336866 0
    outer loop
      vertex 44.6479 13.8149 6
      vertex 43.4545 10.4793 16
      vertex 43.4545 10.4793 6
    endloop
  endfacet
  facet normal 0.671549 -0.74096 0
    outer loop
      vertex 52.4734 25.5266 6
      vertex 55.0984 27.9057 16
      vertex 52.4734 25.5266 16
    endloop
  endfacet
  facet normal 0.671549 -0.74096 0
    outer loop
      vertex 55.0984 27.9057 16
      vertex 52.4734 25.5266 6
      vertex 55.0984 27.9057 6
    endloop
  endfacet
  facet normal 0.514097 -0.857732 0
    outer loop
      vertex 57.9439 30.0161 6
      vertex 60.9826 31.8374 16
      vertex 57.9439 30.0161 16
    endloop
  endfacet
  facet normal 0.514097 -0.857732 0
    outer loop
      vertex 60.9826 31.8374 16
      vertex 57.9439 30.0161 6
      vertex 60.9826 31.8374 6
    endloop
  endfacet
  facet normal 0.336866 -0.941553 0
    outer loop
      vertex 64.1851 33.3521 6
      vertex 67.5207 34.5455 16
      vertex 64.1851 33.3521 16
    endloop
  endfacet
  facet normal 0.336866 -0.941553 0
    outer loop
      vertex 67.5207 34.5455 16
      vertex 64.1851 33.3521 6
      vertex 67.5207 34.5455 6
    endloop
  endfacet
  facet normal 0.336866 0.941553 -0
    outer loop
      vertex 67.5207 -34.5455 6
      vertex 64.1851 -33.3521 16
      vertex 67.5207 -34.5455 16
    endloop
  endfacet
  facet normal 0.336866 0.941553 0
    outer loop
      vertex 64.1851 -33.3521 16
      vertex 67.5207 -34.5455 6
      vertex 64.1851 -33.3521 6
    endloop
  endfacet
  facet normal 0.74096 0.671549 0
    outer loop
      vertex 52.4734 -25.5266 16
      vertex 50.0943 -22.9016 6
      vertex 50.0943 -22.9016 16
    endloop
  endfacet
  facet normal 0.74096 0.671549 0
    outer loop
      vertex 50.0943 -22.9016 6
      vertex 52.4734 -25.5266 16
      vertex 52.4734 -25.5266 6
    endloop
  endfacet
  facet normal 0.857732 0.514097 0
    outer loop
      vertex 47.9839 -20.0561 16
      vertex 46.1626 -17.0174 6
      vertex 46.1626 -17.0174 16
    endloop
  endfacet
  facet normal 0.857732 0.514097 0
    outer loop
      vertex 46.1626 -17.0174 6
      vertex 47.9839 -20.0561 16
      vertex 47.9839 -20.0561 6
    endloop
  endfacet
  facet normal 0.998796 0.0490588 0
    outer loop
      vertex 42.0738 -3.53842 16
      vertex 41.9 0 6
      vertex 41.9 0 16
    endloop
  endfacet
  facet normal 0.998796 0.0490588 0
    outer loop
      vertex 41.9 0 6
      vertex 42.0738 -3.53842 16
      vertex 42.0738 -3.53842 6
    endloop
  endfacet
  facet normal 0.989173 0.146753 0
    outer loop
      vertex 42.5937 -7.04276 16
      vertex 42.0738 -3.53842 6
      vertex 42.0738 -3.53842 16
    endloop
  endfacet
  facet normal 0.989173 0.146753 0
    outer loop
      vertex 42.0738 -3.53842 6
      vertex 42.5937 -7.04276 16
      vertex 42.5937 -7.04276 6
    endloop
  endfacet
  facet normal 0.243026 0.97002 -0
    outer loop
      vertex 69.15 -34.9537 6
      vertex 67.5207 -34.5455 16
      vertex 69.15 -34.9537 16
    endloop
  endfacet
  facet normal 0.243026 0.97002 0
    outer loop
      vertex 67.5207 -34.5455 16
      vertex 69.15 -34.9537 6
      vertex 67.5207 -34.5455 6
    endloop
  endfacet
  facet normal 0.671549 0.74096 -0
    outer loop
      vertex 55.0984 -27.9057 6
      vertex 52.4734 -25.5266 16
      vertex 55.0984 -27.9057 16
    endloop
  endfacet
  facet normal 0.671549 0.74096 0
    outer loop
      vertex 52.4734 -25.5266 16
      vertex 55.0984 -27.9057 6
      vertex 52.4734 -25.5266 6
    endloop
  endfacet
  facet normal 0.803203 0.595705 0
    outer loop
      vertex 50.0943 -22.9016 16
      vertex 47.9839 -20.0561 6
      vertex 47.9839 -20.0561 16
    endloop
  endfacet
  facet normal 0.803203 0.595705 0
    outer loop
      vertex 47.9839 -20.0561 6
      vertex 50.0943 -22.9016 16
      vertex 50.0943 -22.9016 6
    endloop
  endfacet
  facet normal 0.941553 0.336866 0
    outer loop
      vertex 44.6479 -13.8149 16
      vertex 43.4545 -10.4793 6
      vertex 43.4545 -10.4793 16
    endloop
  endfacet
  facet normal 0.941553 0.336866 0
    outer loop
      vertex 43.4545 -10.4793 6
      vertex 44.6479 -13.8149 16
      vertex 44.6479 -13.8149 6
    endloop
  endfacet
  facet normal -0 0 1
    outer loop
      vertex 67.5207 34.5455 6
      vertex 69.15 32.2766 6
      vertex 69.15 34.9537 6
    endloop
  endfacet
  facet normal 0 0 1
    outer loop
      vertex 69.15 32.2766 6
      vertex 67.5207 34.5455 6
      vertex 68.2755 32.0575 6
    endloop
  endfacet
  facet normal 0 0 1
    outer loop
      vertex 67.5207 34.5455 6
      vertex 65.1801 30.95 6
      vertex 68.2755 32.0575 6
    endloop
  endfacet
  facet normal -0 0 1
    outer loop
      vertex 64.1851 33.3521 6
      vertex 65.1801 30.95 6
      vertex 67.5207 34.5455 6
    endloop
  endfacet
  facet normal 0 0 1
    outer loop
      vertex 64.1851 33.3521 6
      vertex 62.2082 29.5444 6
      vertex 65.1801 30.95 6
    endloop
  endfacet
  facet normal -0 0 1
    outer loop
      vertex 60.9826 31.8374 6
      vertex 62.2082 29.5444 6
      vertex 64.1851 33.3521 6
    endloop
  endfacet
  facet normal 0 0 1
    outer loop
      vertex 60.9826 31.8374 6
      vertex 59.3884 27.8542 6
      vertex 62.2082 29.5444 6
    endloop
  endfacet
  facet normal -0 0 1
    outer loop
      vertex 57.9439 30.0161 6
      vertex 59.3884 27.8542 6
      vertex 60.9826 31.8374 6
    endloop
  endfacet
  facet normal 0 0 1
    outer loop
      vertex 57.9439 30.0161 6
      vertex 56.7478 25.8959 6
      vertex 59.3884 27.8542 6
    endloop
  endfacet
  facet normal -0 0 1
    outer loop
      vertex 55.0984 27.9057 6
      vertex 56.7478 25.8959 6
      vertex 57.9439 30.0161 6
    endloop
  endfacet
  facet normal 0 0 1
    outer loop
      vertex 55.0984 27.9057 6
      vertex 54.3119 23.6881 6
      vertex 56.7478 25.8959 6
    endloop
  endfacet
  facet normal -0 0 1
    outer loop
      vertex 52.4734 25.5266 6
      vertex 54.3119 23.6881 6
      vertex 55.0984 27.9057 6
    endloop
  endfacet
  facet normal 0 0 1
    outer loop
      vertex 52.4734 25.5266 6
      vertex 52.1041 21.2522 6
      vertex 54.3119 23.6881 6
    endloop
  endfacet
  facet normal -0 0 1
    outer loop
      vertex 50.0943 22.9016 6
      vertex 52.1041 21.2522 6
      vertex 52.4734 25.5266 6
    endloop
  endfacet
  facet normal 0 0 1
    outer loop
      vertex 52.1041 21.2522 6
      vertex 50.0943 22.9016 6
      vertex 50.1458 18.6116 6
    endloop
  endfacet
  facet normal -0 0 1
    outer loop
      vertex 47.9839 20.0561 6
      vertex 50.1458 18.6116 6
      vertex 50.0943 22.9016 6
    endloop
  endfacet
  facet normal 0 0 1
    outer loop
      vertex 50.1458 18.6116 6
      vertex 47.9839 20.0561 6
      vertex 48.4556 15.7918 6
    endloop
  endfacet
  facet normal -0 0 1
    outer loop
      vertex 46.1626 17.0174 6
      vertex 48.4556 15.7918 6
      vertex 47.9839 20.0561 6
    endloop
  endfacet
  facet normal 0 0 1
    outer loop
      vertex 48.4556 15.7918 6
      vertex 46.1626 17.0174 6
      vertex 47.05 12.8199 6
    endloop
  endfacet
  facet normal -0 0 1
    outer loop
      vertex 44.6479 13.8149 6
      vertex 47.05 12.8199 6
      vertex 46.1626 17.0174 6
    endloop
  endfacet
  facet normal 0 0 1
    outer loop
      vertex 47.05 12.8199 6
      vertex 44.6479 13.8149 6
      vertex 45.9425 9.72454 6
    endloop
  endfacet
  facet normal -0 0 1
    outer loop
      vertex 43.4545 10.4793 6
      vertex 45.9425 9.72454 6
      vertex 44.6479 13.8149 6
    endloop
  endfacet
  facet normal 0 0 1
    outer loop
      vertex 45.9425 9.72454 6
      vertex 43.4545 10.4793 6
      vertex 45.1437 6.53553 6
    endloop
  endfacet
  facet normal -0 0 1
    outer loop
      vertex 42.5937 7.04276 6
      vertex 45.1437 6.53553 6
      vertex 43.4545 10.4793 6
    endloop
  endfacet
  facet normal 0 0 1
    outer loop
      vertex 45.1437 6.53553 6
      vertex 42.5937 7.04276 6
      vertex 44.6613 3.28357 6
    endloop
  endfacet
  facet normal 0 0 1
    outer loop
      vertex 67.5207 -34.5455 6
      vertex 69.15 -32.2766 6
      vertex 68.2755 -32.0575 6
    endloop
  endfacet
  facet normal 0 0 1
    outer loop
      vertex 69.15 -32.2766 6
      vertex 67.5207 -34.5455 6
      vertex 69.15 -34.9537 6
    endloop
  endfacet
  facet normal 0 0 1
    outer loop
      vertex 65.1801 -30.95 6
      vertex 67.5207 -34.5455 6
      vertex 68.2755 -32.0575 6
    endloop
  endfacet
  facet normal 0 0 1
    outer loop
      vertex 65.1801 -30.95 6
      vertex 64.1851 -33.3521 6
      vertex 67.5207 -34.5455 6
    endloop
  endfacet
  facet normal 0 0 1
    outer loop
      vertex 62.2082 -29.5444 6
      vertex 64.1851 -33.3521 6
      vertex 65.1801 -30.95 6
    endloop
  endfacet
  facet normal 0 0 1
    outer loop
      vertex 62.2082 -29.5444 6
      vertex 60.9826 -31.8374 6
      vertex 64.1851 -33.3521 6
    endloop
  endfacet
  facet normal 0 0 1
    outer loop
      vertex 59.3884 -27.8542 6
      vertex 60.9826 -31.8374 6
      vertex 62.2082 -29.5444 6
    endloop
  endfacet
  facet normal 0 0 1
    outer loop
      vertex 59.3884 -27.8542 6
      vertex 57.9439 -30.0161 6
      vertex 60.9826 -31.8374 6
    endloop
  endfacet
  facet normal 0 0 1
    outer loop
      vertex 56.7478 -25.8959 6
      vertex 57.9439 -30.0161 6
      vertex 59.3884 -27.8542 6
    endloop
  endfacet
  facet normal 0 0 1
    outer loop
      vertex 56.7478 -25.8959 6
      vertex 55.0984 -27.9057 6
      vertex 57.9439 -30.0161 6
    endloop
  endfacet
  facet normal 0 0 1
    outer loop
      vertex 54.3119 -23.6881 6
      vertex 55.0984 -27.9057 6
      vertex 56.7478 -25.8959 6
    endloop
  endfacet
  facet normal 0 0 1
    outer loop
      vertex 54.3119 -23.6881 6
      vertex 52.4734 -25.5266 6
      vertex 55.0984 -27.9057 6
    endloop
  endfacet
  facet normal 0 0 1
    outer loop
      vertex 52.1041 -21.2522 6
      vertex 52.4734 -25.5266 6
      vertex 54.3119 -23.6881 6
    endloop
  endfacet
  facet normal 0 0 1
    outer loop
      vertex 50.0943 -22.9016 6
      vertex 52.1041 -21.2522 6
      vertex 50.1458 -18.6116 6
    endloop
  endfacet
  facet normal 0 0 1
    outer loop
      vertex 52.1041 -21.2522 6
      vertex 50.0943 -22.9016 6
      vertex 52.4734 -25.5266 6
    endloop
  endfacet
  facet normal 0 0 1
    outer loop
      vertex 47.9839 -20.0561 6
      vertex 50.1458 -18.6116 6
      vertex 48.4556 -15.7918 6
    endloop
  endfacet
  facet normal 0 0 1
    outer loop
      vertex 50.1458 -18.6116 6
      vertex 47.9839 -20.0561 6
      vertex 50.0943 -22.9016 6
    endloop
  endfacet
  facet normal 0 0 1
    outer loop
      vertex 46.1626 -17.0174 6
      vertex 48.4556 -15.7918 6
      vertex 47.05 -12.8199 6
    endloop
  endfacet
  facet normal 0 0 1
    outer loop
      vertex 48.4556 -15.7918 6
      vertex 46.1626 -17.0174 6
      vertex 47.9839 -20.0561 6
    endloop
  endfacet
  facet normal 0 0 1
    outer loop
      vertex 44.6479 -13.8149 6
      vertex 47.05 -12.8199 6
      vertex 45.9425 -9.72454 6
    endloop
  endfacet
  facet normal 0 0 1
    outer loop
      vertex 43.4545 -10.4793 6
      vertex 45.9425 -9.72454 6
      vertex 45.1437 -6.53553 6
    endloop
  endfacet
  facet normal 0 0 1
    outer loop
      vertex 42.5937 -7.04276 6
      vertex 45.1437 -6.53553 6
      vertex 44.6613 -3.28357 6
    endloop
  endfacet
  facet normal 0 0 1
    outer loop
      vertex 47.05 -12.8199 6
      vertex 44.6479 -13.8149 6
      vertex 46.1626 -17.0174 6
    endloop
  endfacet
  facet normal 0 0 1
    outer loop
      vertex 42.0738 -3.53842 6
      vertex 44.6613 -3.28357 6
      vertex 44.5 0 6
    endloop
  endfacet
  facet normal -0 0 1
    outer loop
      vertex 42.0738 3.53842 6
      vertex 44.6613 3.28357 6
      vertex 42.5937 7.04276 6
    endloop
  endfacet
  facet normal 0 0 1
    outer loop
      vertex 45.9425 -9.72454 6
      vertex 43.4545 -10.4793 6
      vertex 44.6479 -13.8149 6
    endloop
  endfacet
  facet normal 0 0 1
    outer loop
      vertex 44.6613 3.28357 6
      vertex 42.0738 3.53842 6
      vertex 44.5 0 6
    endloop
  endfacet
  facet normal 0 0 1
    outer loop
      vertex 45.1437 -6.53553 6
      vertex 42.5937 -7.04276 6
      vertex 43.4545 -10.4793 6
    endloop
  endfacet
  facet normal 0 0 1
    outer loop
      vertex 41.9 0 6
      vertex 44.5 0 6
      vertex 42.0738 3.53842 6
    endloop
  endfacet
  facet normal 0 0 1
    outer loop
      vertex 44.6613 -3.28357 6
      vertex 42.0738 -3.53842 6
      vertex 42.5937 -7.04276 6
    endloop
  endfacet
  facet normal 0 0 1
    outer loop
      vertex 44.5 0 6
      vertex 41.9 0 6
      vertex 42.0738 -3.53842 6
    endloop
  endfacet
  facet normal 0.595705 0.803203 -0
    outer loop
      vertex 57.9439 -30.0161 6
      vertex 55.0984 -27.9057 16
      vertex 57.9439 -30.0161 16
    endloop
  endfacet
  facet normal 0.595705 0.803203 0
    outer loop
      vertex 55.0984 -27.9057 16
      vertex 57.9439 -30.0161 6
      vertex 55.0984 -27.9057 6
    endloop
  endfacet
  facet normal 0.427562 0.903986 -0
    outer loop
      vertex 64.1851 -33.3521 6
      vertex 60.9826 -31.8374 16
      vertex 64.1851 -33.3521 16
    endloop
  endfacet
  facet normal 0.427562 0.903986 0
    outer loop
      vertex 60.9826 -31.8374 16
      vertex 64.1851 -33.3521 6
      vertex 60.9826 -31.8374 6
    endloop
  endfacet
  facet normal 0.970032 0.242978 0
    outer loop
      vertex 43.4545 -10.4793 16
      vertex 42.5937 -7.04276 6
      vertex 42.5937 -7.04276 16
    endloop
  endfacet
  facet normal 0.970032 0.242978 0
    outer loop
      vertex 42.5937 -7.04276 6
      vertex 43.4545 -10.4793 16
      vertex 43.4545 -10.4793 6
    endloop
  endfacet
  facet normal 0.514097 0.857732 -0
    outer loop
      vertex 60.9826 -31.8374 6
      vertex 57.9439 -30.0161 16
      vertex 60.9826 -31.8374 16
    endloop
  endfacet
  facet normal 0.514097 0.857732 0
    outer loop
      vertex 57.9439 -30.0161 16
      vertex 60.9826 -31.8374 6
      vertex 57.9439 -30.0161 6
    endloop
  endfacet
  facet normal -0.998796 0.0490642 0
    outer loop
      vertex 44.5 0 6
      vertex 44.6613 3.28357 16
      vertex 44.6613 3.28357 6
    endloop
  endfacet
  facet normal -0.998796 0.0490642 0
    outer loop
      vertex 44.6613 3.28357 16
      vertex 44.5 0 6
      vertex 44.5 0 16
    endloop
  endfacet
  facet normal -0.671564 0.740947 0
    outer loop
      vertex 56.7478 25.8959 6
      vertex 54.3119 23.6881 16
      vertex 56.7478 25.8959 16
    endloop
  endfacet
  facet normal -0.671564 0.740947 0
    outer loop
      vertex 54.3119 23.6881 16
      vertex 56.7478 25.8959 6
      vertex 54.3119 23.6881 6
    endloop
  endfacet
  facet normal -0.336876 0.941549 0
    outer loop
      vertex 68.2755 32.0575 6
      vertex 65.1801 30.95 16
      vertex 68.2755 32.0575 16
    endloop
  endfacet
  facet normal -0.336876 0.941549 0
    outer loop
      vertex 65.1801 30.95 16
      vertex 68.2755 32.0575 6
      vertex 65.1801 30.95 6
    endloop
  endfacet
  facet normal -0.803222 -0.595679 0
    outer loop
      vertex 52.1041 -21.2522 6
      vertex 50.1458 -18.6116 16
      vertex 50.1458 -18.6116 6
    endloop
  endfacet
  facet normal -0.803222 -0.595679 0
    outer loop
      vertex 50.1458 -18.6116 16
      vertex 52.1041 -21.2522 6
      vertex 52.1041 -21.2522 16
    endloop
  endfacet
  facet normal -0.857718 0.51412 0
    outer loop
      vertex 48.4556 15.7918 6
      vertex 50.1458 18.6116 16
      vertex 50.1458 18.6116 6
    endloop
  endfacet
  facet normal -0.857718 0.51412 0
    outer loop
      vertex 50.1458 18.6116 16
      vertex 48.4556 15.7918 6
      vertex 48.4556 15.7918 16
    endloop
  endfacet
  facet normal -0.803222 0.595679 0
    outer loop
      vertex 50.1458 18.6116 6
      vertex 52.1041 21.2522 16
      vertex 52.1041 21.2522 6
    endloop
  endfacet
  facet normal -0.803222 0.595679 0
    outer loop
      vertex 52.1041 21.2522 16
      vertex 50.1458 18.6116 6
      vertex 50.1458 18.6116 16
    endloop
  endfacet
  facet normal -0.336876 -0.941549 0
    outer loop
      vertex 65.1801 -30.95 6
      vertex 68.2755 -32.0575 16
      vertex 65.1801 -30.95 16
    endloop
  endfacet
  facet normal -0.336876 -0.941549 -0
    outer loop
      vertex 68.2755 -32.0575 16
      vertex 65.1801 -30.95 6
      vertex 68.2755 -32.0575 6
    endloop
  endfacet
  facet normal -0.51412 -0.857718 0
    outer loop
      vertex 59.3884 -27.8542 6
      vertex 62.2082 -29.5444 16
      vertex 59.3884 -27.8542 16
    endloop
  endfacet
  facet normal -0.51412 -0.857718 -0
    outer loop
      vertex 62.2082 -29.5444 16
      vertex 59.3884 -27.8542 6
      vertex 62.2082 -29.5444 6
    endloop
  endfacet
  facet normal -0.90399 0.427554 0
    outer loop
      vertex 47.05 12.8199 6
      vertex 48.4556 15.7918 16
      vertex 48.4556 15.7918 6
    endloop
  endfacet
  facet normal -0.90399 0.427554 0
    outer loop
      vertex 48.4556 15.7918 16
      vertex 47.05 12.8199 6
      vertex 47.05 12.8199 16
    endloop
  endfacet
  facet normal -0.970032 0.242979 0
    outer loop
      vertex 45.1437 6.53553 6
      vertex 45.9425 9.72454 16
      vertex 45.9425 9.72454 6
    endloop
  endfacet
  facet normal -0.970032 0.242979 0
    outer loop
      vertex 45.9425 9.72454 16
      vertex 45.1437 6.53553 6
      vertex 45.1437 6.53553 16
    endloop
  endfacet
  facet normal -0.51412 0.857718 0
    outer loop
      vertex 62.2082 29.5444 6
      vertex 59.3884 27.8542 16
      vertex 62.2082 29.5444 16
    endloop
  endfacet
  facet normal -0.51412 0.857718 0
    outer loop
      vertex 59.3884 27.8542 16
      vertex 62.2082 29.5444 6
      vertex 59.3884 27.8542 6
    endloop
  endfacet
  facet normal -0.671564 -0.740947 0
    outer loop
      vertex 54.3119 -23.6881 6
      vertex 56.7478 -25.8959 16
      vertex 54.3119 -23.6881 16
    endloop
  endfacet
  facet normal -0.671564 -0.740947 -0
    outer loop
      vertex 56.7478 -25.8959 16
      vertex 54.3119 -23.6881 6
      vertex 56.7478 -25.8959 6
    endloop
  endfacet
  facet normal -0.427554 -0.90399 0
    outer loop
      vertex 62.2082 -29.5444 6
      vertex 65.1801 -30.95 16
      vertex 62.2082 -29.5444 16
    endloop
  endfacet
  facet normal -0.427554 -0.90399 -0
    outer loop
      vertex 65.1801 -30.95 16
      vertex 62.2082 -29.5444 6
      vertex 65.1801 -30.95 6
    endloop
  endfacet
  facet normal -0.595679 -0.803222 0
    outer loop
      vertex 56.7478 -25.8959 6
      vertex 59.3884 -27.8542 16
      vertex 56.7478 -25.8959 16
    endloop
  endfacet
  facet normal -0.595679 -0.803222 -0
    outer loop
      vertex 59.3884 -27.8542 16
      vertex 56.7478 -25.8959 6
      vertex 59.3884 -27.8542 6
    endloop
  endfacet
  facet normal -0.740947 -0.671564 0
    outer loop
      vertex 54.3119 -23.6881 6
      vertex 52.1041 -21.2522 16
      vertex 52.1041 -21.2522 6
    endloop
  endfacet
  facet normal -0.740947 -0.671564 0
    outer loop
      vertex 52.1041 -21.2522 16
      vertex 54.3119 -23.6881 6
      vertex 54.3119 -23.6881 16
    endloop
  endfacet
  facet normal -0.90399 -0.427554 0
    outer loop
      vertex 48.4556 -15.7918 6
      vertex 47.05 -12.8199 16
      vertex 47.05 -12.8199 6
    endloop
  endfacet
  facet normal -0.90399 -0.427554 0
    outer loop
      vertex 47.05 -12.8199 16
      vertex 48.4556 -15.7918 6
      vertex 48.4556 -15.7918 16
    endloop
  endfacet
  facet normal -0.970032 -0.242979 0
    outer loop
      vertex 45.9425 -9.72454 6
      vertex 45.1437 -6.53553 16
      vertex 45.1437 -6.53553 6
    endloop
  endfacet
  facet normal -0.970032 -0.242979 0
    outer loop
      vertex 45.1437 -6.53553 16
      vertex 45.9425 -9.72454 6
      vertex 45.9425 -9.72454 16
    endloop
  endfacet
  facet normal -0.998796 -0.0490642 0
    outer loop
      vertex 44.6613 -3.28357 6
      vertex 44.5 0 16
      vertex 44.5 0 6
    endloop
  endfacet
  facet normal -0.998796 -0.0490642 0
    outer loop
      vertex 44.5 0 16
      vertex 44.6613 -3.28357 6
      vertex 44.6613 -3.28357 16
    endloop
  endfacet
  facet normal -0.941548 -0.33688 0
    outer loop
      vertex 47.05 -12.8199 6
      vertex 45.9425 -9.72454 16
      vertex 45.9425 -9.72454 6
    endloop
  endfacet
  facet normal -0.941548 -0.33688 0
    outer loop
      vertex 45.9425 -9.72454 16
      vertex 47.05 -12.8199 6
      vertex 47.05 -12.8199 16
    endloop
  endfacet
  facet normal -0.740947 0.671564 0
    outer loop
      vertex 52.1041 21.2522 6
      vertex 54.3119 23.6881 16
      vertex 54.3119 23.6881 6
    endloop
  endfacet
  facet normal -0.740947 0.671564 0
    outer loop
      vertex 54.3119 23.6881 16
      vertex 52.1041 21.2522 6
      vertex 52.1041 21.2522 16
    endloop
  endfacet
  facet normal -0.989176 0.146736 0
    outer loop
      vertex 44.6613 3.28357 6
      vertex 45.1437 6.53553 16
      vertex 45.1437 6.53553 6
    endloop
  endfacet
  facet normal -0.989176 0.146736 0
    outer loop
      vertex 45.1437 6.53553 16
      vertex 44.6613 3.28357 6
      vertex 44.6613 3.28357 16
    endloop
  endfacet
  facet normal -0.941548 0.33688 0
    outer loop
      vertex 45.9425 9.72454 6
      vertex 47.05 12.8199 16
      vertex 47.05 12.8199 6
    endloop
  endfacet
  facet normal -0.941548 0.33688 0
    outer loop
      vertex 47.05 12.8199 16
      vertex 45.9425 9.72454 6
      vertex 45.9425 9.72454 16
    endloop
  endfacet
  facet normal -0.595679 0.803222 0
    outer loop
      vertex 59.3884 27.8542 6
      vertex 56.7478 25.8959 16
      vertex 59.3884 27.8542 16
    endloop
  endfacet
  facet normal -0.595679 0.803222 0
    outer loop
      vertex 56.7478 25.8959 16
      vertex 59.3884 27.8542 6
      vertex 56.7478 25.8959 6
    endloop
  endfacet
  facet normal -0.427554 0.90399 0
    outer loop
      vertex 65.1801 30.95 6
      vertex 62.2082 29.5444 16
      vertex 65.1801 30.95 16
    endloop
  endfacet
  facet normal -0.427554 0.90399 0
    outer loop
      vertex 62.2082 29.5444 16
      vertex 65.1801 30.95 6
      vertex 62.2082 29.5444 6
    endloop
  endfacet
  facet normal -0.243031 0.970018 0
    outer loop
      vertex 69.15 32.2766 6
      vertex 68.2755 32.0575 16
      vertex 69.15 32.2766 16
    endloop
  endfacet
  facet normal -0.243031 0.970018 0
    outer loop
      vertex 68.2755 32.0575 16
      vertex 69.15 32.2766 6
      vertex 68.2755 32.0575 6
    endloop
  endfacet
  facet normal -0.243031 -0.970018 0
    outer loop
      vertex 68.2755 -32.0575 6
      vertex 69.15 -32.2766 16
      vertex 68.2755 -32.0575 16
    endloop
  endfacet
  facet normal -0.243031 -0.970018 -0
    outer loop
      vertex 69.15 -32.2766 16
      vertex 68.2755 -32.0575 6
      vertex 69.15 -32.2766 6
    endloop
  endfacet
  facet normal -0.857718 -0.51412 0
    outer loop
      vertex 50.1458 -18.6116 6
      vertex 48.4556 -15.7918 16
      vertex 48.4556 -15.7918 6
    endloop
  endfacet
  facet normal -0.857718 -0.51412 0
    outer loop
      vertex 48.4556 -15.7918 16
      vertex 50.1458 -18.6116 6
      vertex 50.1458 -18.6116 16
    endloop
  endfacet
  facet normal -0.989176 -0.146736 0
    outer loop
      vertex 45.1437 -6.53553 6
      vertex 44.6613 -3.28357 16
      vertex 44.6613 -3.28357 6
    endloop
  endfacet
  facet normal -0.989176 -0.146736 0
    outer loop
      vertex 44.6613 -3.28357 16
      vertex 45.1437 -6.53553 6
      vertex 45.1437 -6.53553 16
    endloop
  endfacet
  facet normal 1 0 0
    outer loop
      vertex 69.15 -30.0341 22
      vertex 69.15 -32.2766 16
      vertex 69.15 -30.0341 0
    endloop
  endfacet
  facet normal 1 0 0
    outer loop
      vertex 69.15 -30.0341 22
      vertex 69.15 -34.9537 16
      vertex 69.15 -32.2766 16
    endloop
  endfacet
  facet normal 1 0 0
    outer loop
      vertex 69.15 -34.9537 16
      vertex 69.15 -42.5 22
      vertex 69.15 -34.9537 6
    endloop
  endfacet
  facet normal 1 -0 0
    outer loop
      vertex 69.15 -42.5 22
      vertex 69.15 -34.9537 16
      vertex 69.15 -30.0341 22
    endloop
  endfacet
  facet normal 1 -0 0
    outer loop
      vertex 69.15 -32.2766 6
      vertex 69.15 -30.0341 0
      vertex 69.15 -32.2766 16
    endloop
  endfacet
  facet normal 1 -0 0
    outer loop
      vertex 69.15 -34.9537 6
      vertex 69.15 -30.0341 0
      vertex 69.15 -32.2766 6
    endloop
  endfacet
  facet normal 1 0 0
    outer loop
      vertex 69.15 -34.9537 6
      vertex 69.15 -42.5 0
      vertex 69.15 -30.0341 0
    endloop
  endfacet
  facet normal 1 0 0
    outer loop
      vertex 69.15 -42.5 0
      vertex 69.15 -34.9537 6
      vertex 69.15 -42.5 22
    endloop
  endfacet
  facet normal 1 0 0
    outer loop
      vertex 69.15 42.5 22
      vertex 69.15 34.9537 16
      vertex 69.15 42.5 0
    endloop
  endfacet
  facet normal 1 -0 0
    outer loop
      vertex 69.15 30.0341 22
      vertex 69.15 34.9537 16
      vertex 69.15 42.5 22
    endloop
  endfacet
  facet normal 1 0 0
    outer loop
      vertex 69.15 32.2766 16
      vertex 69.15 30.0341 22
      vertex 69.15 32.2766 6
    endloop
  endfacet
  facet normal 1 0 0
    outer loop
      vertex 69.15 34.9537 16
      vertex 69.15 30.0341 22
      vertex 69.15 32.2766 16
    endloop
  endfacet
  facet normal 1 -0 0
    outer loop
      vertex 69.15 34.9537 6
      vertex 69.15 42.5 0
      vertex 69.15 34.9537 16
    endloop
  endfacet
  facet normal 1 0 0
    outer loop
      vertex 69.15 30.0341 0
      vertex 69.15 34.9537 6
      vertex 69.15 32.2766 6
    endloop
  endfacet
  facet normal 1 0 0
    outer loop
      vertex 69.15 34.9537 6
      vertex 69.15 30.0341 0
      vertex 69.15 42.5 0
    endloop
  endfacet
  facet normal 1 0 0
    outer loop
      vertex 69.15 30.0341 0
      vertex 69.15 32.2766 6
      vertex 69.15 30.0341 22
    endloop
  endfacet
endsolid OpenSCAD_Model
