solid OpenSCAD_Model
  facet normal -0.998795 0.0490688 0
    outer loop
      vertex -6.5 0 0
      vertex -6.4687 0.637111 10
      vertex -6.4687 0.637111 0
    endloop
  endfacet
  facet normal -0.998795 0.0490688 0
    outer loop
      vertex -6.4687 0.637111 10
      vertex -6.5 0 0
      vertex -6.5 0 10
    endloop
  endfacet
  facet normal 0.0490688 0.998795 -0
    outer loop
      vertex 0.637111 6.4687 0
      vertex 0 6.5 10
      vertex 0.637111 6.4687 10
    endloop
  endfacet
  facet normal 0.0490688 0.998795 0
    outer loop
      vertex 0 6.5 10
      vertex 0.637111 6.4687 0
      vertex 0 6.5 0
    endloop
  endfacet
  facet normal 0.67157 0.740941 -0
    outer loop
      vertex 4.59619 4.59619 0
      vertex 4.12356 5.02457 10
      vertex 4.59619 4.59619 10
    endloop
  endfacet
  facet normal 0.67157 0.740941 0
    outer loop
      vertex 4.12356 5.02457 10
      vertex 4.59619 4.59619 0
      vertex 4.12356 5.02457 0
    endloop
  endfacet
  facet normal -0.671597 0.740917 0
    outer loop
      vertex -4.45799 4.72146 0
      vertex -4.59619 4.59619 10
      vertex -4.45799 4.72146 10
    endloop
  endfacet
  facet normal -0.671597 0.740917 0
    outer loop
      vertex -4.59619 4.59619 10
      vertex -4.45799 4.72146 0
      vertex -4.59619 4.59619 0
    endloop
  endfacet
  facet normal -0.941546 -0.336884 0
    outer loop
      vertex -6.00522 -2.48744 0
      vertex -6.22011 -1.88685 10
      vertex -6.22011 -1.88685 0
    endloop
  endfacet
  facet normal -0.941546 -0.336884 0
    outer loop
      vertex -6.22011 -1.88685 10
      vertex -6.00522 -2.48744 0
      vertex -6.00522 -2.48744 10
    endloop
  endfacet
  facet normal 0.90399 0.427555 0
    outer loop
      vertex 6.00522 2.48744 10
      vertex 5.73249 3.06408 0
      vertex 5.73249 3.06408 10
    endloop
  endfacet
  facet normal 0.90399 0.427555 0
    outer loop
      vertex 5.73249 3.06408 0
      vertex 6.00522 2.48744 10
      vertex 6.00522 2.48744 0
    endloop
  endfacet
  facet normal 0.336884 0.941546 -0
    outer loop
      vertex 2.48744 6.00522 0
      vertex 1.88685 6.22011 10
      vertex 2.48744 6.00522 10
    endloop
  endfacet
  facet normal 0.336884 0.941546 0
    outer loop
      vertex 1.88685 6.22011 10
      vertex 2.48744 6.00522 0
      vertex 1.88685 6.22011 0
    endloop
  endfacet
  facet normal 0.242978 0.970032 -0
    outer loop
      vertex 1.88685 6.22011 0
      vertex 1.26809 6.3751 10
      vertex 1.88685 6.22011 10
    endloop
  endfacet
  facet normal 0.242978 0.970032 0
    outer loop
      vertex 1.26809 6.3751 10
      vertex 1.88685 6.22011 0
      vertex 1.26809 6.3751 0
    endloop
  endfacet
  facet normal 0.514106 0.857727 -0
    outer loop
      vertex 3.61121 5.40455 0
      vertex 3.06408 5.73249 10
      vertex 3.61121 5.40455 10
    endloop
  endfacet
  facet normal 0.514106 0.857727 0
    outer loop
      vertex 3.06408 5.73249 10
      vertex 3.61121 5.40455 0
      vertex 3.06408 5.73249 0
    endloop
  endfacet
  facet normal -0.90399 0.427555 0
    outer loop
      vertex -6.00522 2.48744 0
      vertex -5.73249 3.06408 10
      vertex -5.73249 3.06408 0
    endloop
  endfacet
  facet normal -0.90399 0.427555 0
    outer loop
      vertex -5.73249 3.06408 10
      vertex -6.00522 2.48744 0
      vertex -6.00522 2.48744 10
    endloop
  endfacet
  facet normal -0.146735 0.989176 0
    outer loop
      vertex -0.637111 6.4687 0
      vertex -1.26809 6.3751 10
      vertex -0.637111 6.4687 10
    endloop
  endfacet
  facet normal -0.146735 0.989176 0
    outer loop
      vertex -1.26809 6.3751 10
      vertex -0.637111 6.4687 0
      vertex -1.26809 6.3751 0
    endloop
  endfacet
  facet normal 0.941546 -0.336884 0
    outer loop
      vertex 6.00522 -2.48744 10
      vertex 6.22011 -1.88685 0
      vertex 6.22011 -1.88685 10
    endloop
  endfacet
  facet normal 0.941546 -0.336884 0
    outer loop
      vertex 6.22011 -1.88685 0
      vertex 6.00522 -2.48744 10
      vertex 6.00522 -2.48744 0
    endloop
  endfacet
  facet normal -0 0 -1
    outer loop
      vertex -3.78791 -1.569 0
      vertex -6.00522 -2.48744 0
      vertex -3.92346 -1.19017 0
    endloop
  endfacet
  facet normal 0 0 -1
    outer loop
      vertex -6.22011 -1.88685 0
      vertex -3.92346 -1.19017 0
      vertex -6.00522 -2.48744 0
    endloop
  endfacet
  facet normal 0 -0 -1
    outer loop
      vertex -4.59619 4.59619 0
      vertex -4.1 0 0
      vertex -5.02457 4.12356 0
    endloop
  endfacet
  facet normal 0 0 -1
    outer loop
      vertex -4.1 0 0
      vertex -4.59619 4.59619 0
      vertex -4.45799 4.72146 0
    endloop
  endfacet
  facet normal -0 0 -1
    outer loop
      vertex -3.92346 -1.19017 0
      vertex -6.22011 -1.88685 0
      vertex -4.02122 -0.79987 0
    endloop
  endfacet
  facet normal 0 0 -1
    outer loop
      vertex -4.1 0 0
      vertex -5.40455 3.61121 0
      vertex -5.02457 4.12356 0
    endloop
  endfacet
  facet normal 0 0 -1
    outer loop
      vertex -6.3751 -1.26809 0
      vertex -4.02122 -0.79987 0
      vertex -6.22011 -1.88685 0
    endloop
  endfacet
  facet normal 0 0 -1
    outer loop
      vertex -4.1 0 0
      vertex -5.73249 3.06408 0
      vertex -5.40455 3.61121 0
    endloop
  endfacet
  facet normal -0 0 -1
    outer loop
      vertex -4.02122 -0.79987 0
      vertex -6.3751 -1.26809 0
      vertex -4.08026 -0.40187 0
    endloop
  endfacet
  facet normal 0 0 -1
    outer loop
      vertex -4.1 0 0
      vertex -6.00522 2.48744 0
      vertex -5.73249 3.06408 0
    endloop
  endfacet
  facet normal 0 0 -1
    outer loop
      vertex -6.4687 -0.637111 0
      vertex -4.08026 -0.40187 0
      vertex -6.3751 -1.26809 0
    endloop
  endfacet
  facet normal 0 0 -1
    outer loop
      vertex -4.1 0 0
      vertex -6.22011 1.88685 0
      vertex -6.00522 2.48744 0
    endloop
  endfacet
  facet normal -0 0 -1
    outer loop
      vertex -4.08026 -0.40187 0
      vertex -6.4687 -0.637111 0
      vertex -4.1 0 0
    endloop
  endfacet
  facet normal 0 0 -1
    outer loop
      vertex -4.1 0 0
      vertex -6.3751 1.26809 0
      vertex -6.22011 1.88685 0
    endloop
  endfacet
  facet normal 0 0 -1
    outer loop
      vertex -6.5 0 0
      vertex -4.1 0 0
      vertex -6.4687 -0.637111 0
    endloop
  endfacet
  facet normal 0 0 -1
    outer loop
      vertex -4.1 0 0
      vertex -6.4687 0.637111 0
      vertex -6.3751 1.26809 0
    endloop
  endfacet
  facet normal 0 0 -1
    outer loop
      vertex -4.1 0 0
      vertex -6.5 0 0
      vertex -6.4687 0.637111 0
    endloop
  endfacet
  facet normal 0 0 -1
    outer loop
      vertex 6.31701 -1.5 0
      vertex 30.4263 1.5 0
      vertex 30.4263 -1.5 0
    endloop
  endfacet
  facet normal 0 0 -1
    outer loop
      vertex 6.31701 -1.5 0
      vertex 6.31701 1.5 0
      vertex 30.4263 1.5 0
    endloop
  endfacet
  facet normal 0 0 -1
    outer loop
      vertex 3.92346 -1.19017 0
      vertex 6.31701 -1.5 0
      vertex 6.22011 -1.88685 0
    endloop
  endfacet
  facet normal 0 0 -1
    outer loop
      vertex 6.31701 -1.5 0
      vertex 4.1 0 0
      vertex 6.31701 1.5 0
    endloop
  endfacet
  facet normal 0 0 -1
    outer loop
      vertex 3.92346 -1.19017 0
      vertex 6.22011 -1.88685 0
      vertex 6.00522 -2.48744 0
    endloop
  endfacet
  facet normal 0 0 -1
    outer loop
      vertex 4.08026 0.40187 0
      vertex 6.31701 1.5 0
      vertex 4.1 0 0
    endloop
  endfacet
  facet normal 0 0 -1
    outer loop
      vertex 3.78791 -1.569 0
      vertex 6.00522 -2.48744 0
      vertex 5.73249 -3.06408 0
    endloop
  endfacet
  facet normal 0 0 -1
    outer loop
      vertex 4.02122 0.79987 0
      vertex 6.31701 1.5 0
      vertex 4.08026 0.40187 0
    endloop
  endfacet
  facet normal 0 0 -1
    outer loop
      vertex 3.61588 -1.93273 0
      vertex 5.73249 -3.06408 0
      vertex 5.40455 -3.61121 0
    endloop
  endfacet
  facet normal 0 0 -1
    outer loop
      vertex 3.92346 1.19017 0
      vertex 6.31701 1.5 0
      vertex 4.02122 0.79987 0
    endloop
  endfacet
  facet normal 0 0 -1
    outer loop
      vertex 3.40903 -2.27784 0
      vertex 5.40455 -3.61121 0
      vertex 5.02457 -4.12356 0
    endloop
  endfacet
  facet normal -0 0 -1
    outer loop
      vertex 6.31701 1.5 0
      vertex 3.92346 1.19017 0
      vertex 6.22011 1.88685 0
    endloop
  endfacet
  facet normal 0 0 -1
    outer loop
      vertex 3.16934 -2.60101 0
      vertex 5.02457 -4.12356 0
      vertex 4.59619 -4.59619 0
    endloop
  endfacet
  facet normal -0 0 -1
    outer loop
      vertex 6.22011 1.88685 0
      vertex 3.92346 1.19017 0
      vertex 6.00522 2.48744 0
    endloop
  endfacet
  facet normal 0 0 -1
    outer loop
      vertex 2.89914 -2.89914 0
      vertex 4.59619 -4.59619 0
      vertex 4.12356 -5.02457 0
    endloop
  endfacet
  facet normal 0 0 -1
    outer loop
      vertex 3.78791 1.569 0
      vertex 6.00522 2.48744 0
      vertex 3.92346 1.19017 0
    endloop
  endfacet
  facet normal -0 0 -1
    outer loop
      vertex 6.00522 2.48744 0
      vertex 3.78791 1.569 0
      vertex 5.73249 3.06408 0
    endloop
  endfacet
  facet normal 0 0 -1
    outer loop
      vertex 6.31701 -1.5 0
      vertex 4.08026 -0.40187 0
      vertex 4.1 0 0
    endloop
  endfacet
  facet normal 0 0 -1
    outer loop
      vertex 6.31701 -1.5 0
      vertex 4.02122 -0.79987 0
      vertex 4.08026 -0.40187 0
    endloop
  endfacet
  facet normal 0 0 -1
    outer loop
      vertex 6.31701 -1.5 0
      vertex 3.92346 -1.19017 0
      vertex 4.02122 -0.79987 0
    endloop
  endfacet
  facet normal 0 0 -1
    outer loop
      vertex 6.00522 -2.48744 0
      vertex 3.78791 -1.569 0
      vertex 3.92346 -1.19017 0
    endloop
  endfacet
  facet normal 0 0 -1
    outer loop
      vertex 5.73249 -3.06408 0
      vertex 3.61588 -1.93273 0
      vertex 3.78791 -1.569 0
    endloop
  endfacet
  facet normal 0 0 -1
    outer loop
      vertex 2.60101 -3.16934 0
      vertex 4.12356 -5.02457 0
      vertex 3.61121 -5.40455 0
    endloop
  endfacet
  facet normal 0 0 -1
    outer loop
      vertex 5.40455 -3.61121 0
      vertex 3.40903 -2.27784 0
      vertex 3.61588 -1.93273 0
    endloop
  endfacet
  facet normal 0 0 -1
    outer loop
      vertex 5.02457 -4.12356 0
      vertex 3.16934 -2.60101 0
      vertex 3.40903 -2.27784 0
    endloop
  endfacet
  facet normal 0 0 -1
    outer loop
      vertex 2.27784 -3.40903 0
      vertex 3.61121 -5.40455 0
      vertex 3.06408 -5.73249 0
    endloop
  endfacet
  facet normal 0 0 -1
    outer loop
      vertex 4.59619 -4.59619 0
      vertex 2.89914 -2.89914 0
      vertex 3.16934 -2.60101 0
    endloop
  endfacet
  facet normal 0 0 -1
    outer loop
      vertex 4.12356 -5.02457 0
      vertex 2.60101 -3.16934 0
      vertex 2.89914 -2.89914 0
    endloop
  endfacet
  facet normal 0 0 -1
    outer loop
      vertex 1.93273 -3.61588 0
      vertex 3.06408 -5.73249 0
      vertex 2.48744 -6.00522 0
    endloop
  endfacet
  facet normal 0 0 -1
    outer loop
      vertex 3.61121 -5.40455 0
      vertex 2.27784 -3.40903 0
      vertex 2.60101 -3.16934 0
    endloop
  endfacet
  facet normal 0 0 -1
    outer loop
      vertex 3.06408 -5.73249 0
      vertex 1.93273 -3.61588 0
      vertex 2.27784 -3.40903 0
    endloop
  endfacet
  facet normal 0 0 -1
    outer loop
      vertex 1.569 -3.78791 0
      vertex 2.48744 -6.00522 0
      vertex 1.88685 -6.22011 0
    endloop
  endfacet
  facet normal 0 0 -1
    outer loop
      vertex 2.48744 -6.00522 0
      vertex 1.569 -3.78791 0
      vertex 1.93273 -3.61588 0
    endloop
  endfacet
  facet normal 0 0 -1
    outer loop
      vertex 1.19017 -3.92346 0
      vertex 1.88685 -6.22011 0
      vertex 1.26809 -6.3751 0
    endloop
  endfacet
  facet normal 0 0 -1
    outer loop
      vertex 1.88685 -6.22011 0
      vertex 1.19017 -3.92346 0
      vertex 1.569 -3.78791 0
    endloop
  endfacet
  facet normal 0 0 -1
    outer loop
      vertex 1.26809 -6.3751 0
      vertex 0.79987 -4.02122 0
      vertex 1.19017 -3.92346 0
    endloop
  endfacet
  facet normal 0 0 -1
    outer loop
      vertex 0.637111 -6.4687 0
      vertex 0.79987 -4.02122 0
      vertex 1.26809 -6.3751 0
    endloop
  endfacet
  facet normal 0 0 -1
    outer loop
      vertex 0.637111 -6.4687 0
      vertex 0.40187 -4.08026 0
      vertex 0.79987 -4.02122 0
    endloop
  endfacet
  facet normal 0 0 -1
    outer loop
      vertex 0 -6.5 0
      vertex 0.40187 -4.08026 0
      vertex 0.637111 -6.4687 0
    endloop
  endfacet
  facet normal 0 0 -1
    outer loop
      vertex 0 -6.5 0
      vertex 0 -4.1 0
      vertex 0.40187 -4.08026 0
    endloop
  endfacet
  facet normal 0 0 -1
    outer loop
      vertex 0 -6.5 0
      vertex -0.40187 -4.08026 0
      vertex 0 -4.1 0
    endloop
  endfacet
  facet normal 0 0 -1
    outer loop
      vertex -0.637111 -6.4687 0
      vertex -0.40187 -4.08026 0
      vertex 0 -6.5 0
    endloop
  endfacet
  facet normal 0 0 -1
    outer loop
      vertex -0.637111 -6.4687 0
      vertex -0.79987 -4.02122 0
      vertex -0.40187 -4.08026 0
    endloop
  endfacet
  facet normal 0 0 -1
    outer loop
      vertex -1.26809 -6.3751 0
      vertex -0.79987 -4.02122 0
      vertex -0.637111 -6.4687 0
    endloop
  endfacet
  facet normal 0 0 -1
    outer loop
      vertex -1.86263 -6.22618 0
      vertex -0.79987 -4.02122 0
      vertex -1.26809 -6.3751 0
    endloop
  endfacet
  facet normal -0 0 -1
    outer loop
      vertex -0.79987 -4.02122 0
      vertex -1.86263 -6.22618 0
      vertex -1.19017 -3.92346 0
    endloop
  endfacet
  facet normal -0 0 -1
    outer loop
      vertex -1.19017 -3.92346 0
      vertex -1.86263 -6.22618 0
      vertex -1.569 -3.78791 0
    endloop
  endfacet
  facet normal 0 0 -1
    outer loop
      vertex -1.86263 -6.22618 0
      vertex -1.93273 -3.61588 0
      vertex -1.569 -3.78791 0
    endloop
  endfacet
  facet normal 0 0 -1
    outer loop
      vertex -4.45799 -4.72146 0
      vertex -1.93273 -3.61588 0
      vertex -1.86263 -6.22618 0
    endloop
  endfacet
  facet normal -0 0 -1
    outer loop
      vertex -1.93273 -3.61588 0
      vertex -4.45799 -4.72146 0
      vertex -2.27784 -3.40903 0
    endloop
  endfacet
  facet normal -0 0 -1
    outer loop
      vertex -2.27784 -3.40903 0
      vertex -4.45799 -4.72146 0
      vertex -2.60101 -3.16934 0
    endloop
  endfacet
  facet normal -0 0 -1
    outer loop
      vertex -2.60101 -3.16934 0
      vertex -4.45799 -4.72146 0
      vertex -2.89914 -2.89914 0
    endloop
  endfacet
  facet normal 0 0 -1
    outer loop
      vertex -4.59619 -4.59619 0
      vertex -2.89914 -2.89914 0
      vertex -4.45799 -4.72146 0
    endloop
  endfacet
  facet normal -0 0 -1
    outer loop
      vertex -2.89914 -2.89914 0
      vertex -4.59619 -4.59619 0
      vertex -3.16934 -2.60101 0
    endloop
  endfacet
  facet normal 0 0 -1
    outer loop
      vertex -5.02457 -4.12356 0
      vertex -3.16934 -2.60101 0
      vertex -4.59619 -4.59619 0
    endloop
  endfacet
  facet normal -0 0 -1
    outer loop
      vertex -3.61588 -1.93273 0
      vertex -5.73249 -3.06408 0
      vertex -3.78791 -1.569 0
    endloop
  endfacet
  facet normal 0 0 -1
    outer loop
      vertex -5.73249 -3.06408 0
      vertex -3.61588 -1.93273 0
      vertex -5.40455 -3.61121 0
    endloop
  endfacet
  facet normal -0 0 -1
    outer loop
      vertex -3.40903 -2.27784 0
      vertex -5.40455 -3.61121 0
      vertex -3.61588 -1.93273 0
    endloop
  endfacet
  facet normal 0 0 -1
    outer loop
      vertex -5.40455 -3.61121 0
      vertex -3.40903 -2.27784 0
      vertex -5.02457 -4.12356 0
    endloop
  endfacet
  facet normal -0 0 -1
    outer loop
      vertex -3.16934 -2.60101 0
      vertex -5.02457 -4.12356 0
      vertex -3.40903 -2.27784 0
    endloop
  endfacet
  facet normal 0 0 -1
    outer loop
      vertex -13.9222 -27.114 0
      vertex -4.45799 -4.72146 0
      vertex -1.86263 -6.22618 0
    endloop
  endfacet
  facet normal 0 0 -1
    outer loop
      vertex -16.5204 -25.6142 0
      vertex -13.9222 -27.114 0
      vertex -15.3204 -28.6624 0
    endloop
  endfacet
  facet normal 0 0 -1
    outer loop
      vertex -13.9222 -27.114 0
      vertex -16.5204 -25.6142 0
      vertex -4.45799 -4.72146 0
    endloop
  endfacet
  facet normal 0 0 -1
    outer loop
      vertex -18.056 -27.0228 0
      vertex -16.5204 -25.6142 0
      vertex -15.3204 -28.6624 0
    endloop
  endfacet
  facet normal -0 0 -1
    outer loop
      vertex -16.5204 -25.6142 0
      vertex -18.056 -27.0228 0
      vertex -16.9449 -25.3598 0
    endloop
  endfacet
  facet normal 0 0 -1
    outer loop
      vertex -18.056 -27.0228 0
      vertex -19.349 -23.5768 0
      vertex -16.9449 -25.3598 0
    endloop
  endfacet
  facet normal 0 0 -1
    outer loop
      vertex -20.6178 -25.1228 0
      vertex -19.349 -23.5768 0
      vertex -18.056 -27.0228 0
    endloop
  endfacet
  facet normal 0 0 -1
    outer loop
      vertex -20.6178 -25.1228 0
      vertex -21.5668 -21.5668 0
      vertex -19.349 -23.5768 0
    endloop
  endfacet
  facet normal 0 0 -1
    outer loop
      vertex -22.981 -22.981 0
      vertex -21.5668 -21.5668 0
      vertex -20.6178 -25.1228 0
    endloop
  endfacet
  facet normal 0 0 -1
    outer loop
      vertex -22.981 -22.981 0
      vertex -23.5768 -19.349 0
      vertex -21.5668 -21.5668 0
    endloop
  endfacet
  facet normal 0 0 -1
    outer loop
      vertex -25.1228 -20.6178 0
      vertex -23.5768 -19.349 0
      vertex -22.981 -22.981 0
    endloop
  endfacet
  facet normal 0 0 -1
    outer loop
      vertex -25.1228 -20.6178 0
      vertex -25.3598 -16.9449 0
      vertex -23.5768 -19.349 0
    endloop
  endfacet
  facet normal 0 0 -1
    outer loop
      vertex -27.0228 -18.056 0
      vertex -25.3598 -16.9449 0
      vertex -25.1228 -20.6178 0
    endloop
  endfacet
  facet normal -0 0 -1
    outer loop
      vertex -25.3598 -16.9449 0
      vertex -27.0228 -18.056 0
      vertex -26.8986 -14.3776 0
    endloop
  endfacet
  facet normal 0 0 -1
    outer loop
      vertex -28.6624 -15.3204 0
      vertex -26.8986 -14.3776 0
      vertex -27.0228 -18.056 0
    endloop
  endfacet
  facet normal -0 0 -1
    outer loop
      vertex -26.8986 -14.3776 0
      vertex -28.6624 -15.3204 0
      vertex -28.1783 -11.6718 0
    endloop
  endfacet
  facet normal 0 0 -1
    outer loop
      vertex -30.0261 -12.4372 0
      vertex -28.1783 -11.6718 0
      vertex -28.6624 -15.3204 0
    endloop
  endfacet
  facet normal -0 0 -1
    outer loop
      vertex -28.1783 -11.6718 0
      vertex -30.0261 -12.4372 0
      vertex -29.1867 -8.85368 0
    endloop
  endfacet
  facet normal 0 0 -1
    outer loop
      vertex -31.1006 -9.43425 0
      vertex -29.1867 -8.85368 0
      vertex -30.0261 -12.4372 0
    endloop
  endfacet
  facet normal -0 0 -1
    outer loop
      vertex -29.1867 -8.85368 0
      vertex -31.1006 -9.43425 0
      vertex -29.914 -5.95025 0
    endloop
  endfacet
  facet normal 0 0 -1
    outer loop
      vertex -31.8755 -6.34044 0
      vertex -29.914 -5.95025 0
      vertex -31.1006 -9.43425 0
    endloop
  endfacet
  facet normal -0 0 -1
    outer loop
      vertex -29.914 -5.95025 0
      vertex -31.8755 -6.34044 0
      vertex -30.3531 -2.98952 0
    endloop
  endfacet
  facet normal 0 0 -1
    outer loop
      vertex 59.15 -32.5 0
      vertex 56.5455 -29.1022 0
      vertex 59.15 -30.0341 0
    endloop
  endfacet
  facet normal 0 0 -1
    outer loop
      vertex 59.15 -32.5 0
      vertex 53.751 -27.7805 0
      vertex 56.5455 -29.1022 0
    endloop
  endfacet
  facet normal 0 0 -1
    outer loop
      vertex 59.15 -32.5 0
      vertex 51.0995 -26.1913 0
      vertex 53.751 -27.7805 0
    endloop
  endfacet
  facet normal 0 0 -1
    outer loop
      vertex 14.3776 -26.8986 0
      vertex 51.0995 -26.1913 0
      vertex 59.15 -32.5 0
    endloop
  endfacet
  facet normal 0 0 -1
    outer loop
      vertex 37.2517 -3.08754 0
      vertex 30.4263 -1.5 0
      vertex 37.1 0 0
    endloop
  endfacet
  facet normal 0 0 -1
    outer loop
      vertex 29.914 -5.95025 0
      vertex 37.2517 -3.08754 0
      vertex 37.7053 -6.14534 0
    endloop
  endfacet
  facet normal 0 0 -1
    outer loop
      vertex 29.1867 -8.85368 0
      vertex 37.7053 -6.14534 0
      vertex 38.4564 -9.14397 0
    endloop
  endfacet
  facet normal 0 0 -1
    outer loop
      vertex 28.1783 -11.6718 0
      vertex 38.4564 -9.14397 0
      vertex 39.4978 -12.0545 0
    endloop
  endfacet
  facet normal 0 0 -1
    outer loop
      vertex 26.8986 -14.3776 0
      vertex 39.4978 -12.0545 0
      vertex 40.8195 -14.849 0
    endloop
  endfacet
  facet normal 0 0 -1
    outer loop
      vertex 25.3598 -16.9449 0
      vertex 40.8195 -14.849 0
      vertex 42.4087 -17.5005 0
    endloop
  endfacet
  facet normal 0 0 -1
    outer loop
      vertex 23.5768 -19.349 0
      vertex 42.4087 -17.5005 0
      vertex 44.2502 -19.9834 0
    endloop
  endfacet
  facet normal 0 0 -1
    outer loop
      vertex 37.2517 -3.08754 0
      vertex 30.3531 -2.98952 0
      vertex 30.4263 -1.5 0
    endloop
  endfacet
  facet normal -0 0 -1
    outer loop
      vertex 37.2517 -3.08754 0
      vertex 29.914 -5.95025 0
      vertex 30.3531 -2.98952 0
    endloop
  endfacet
  facet normal 0 0 -1
    outer loop
      vertex 21.5668 -21.5668 0
      vertex 44.2502 -19.9834 0
      vertex 46.3261 -22.2739 0
    endloop
  endfacet
  facet normal -0 0 -1
    outer loop
      vertex 37.7053 -6.14534 0
      vertex 29.1867 -8.85368 0
      vertex 29.914 -5.95025 0
    endloop
  endfacet
  facet normal 0 0 -1
    outer loop
      vertex 19.349 -23.5768 0
      vertex 46.3261 -22.2739 0
      vertex 48.6166 -24.3498 0
    endloop
  endfacet
  facet normal -0 0 -1
    outer loop
      vertex 38.4564 -9.14397 0
      vertex 28.1783 -11.6718 0
      vertex 29.1867 -8.85368 0
    endloop
  endfacet
  facet normal 0 0 -1
    outer loop
      vertex 51.0995 -26.1913 0
      vertex 16.9449 -25.3598 0
      vertex 48.6166 -24.3498 0
    endloop
  endfacet
  facet normal -0 0 -1
    outer loop
      vertex 39.4978 -12.0545 0
      vertex 26.8986 -14.3776 0
      vertex 28.1783 -11.6718 0
    endloop
  endfacet
  facet normal -0 0 -1
    outer loop
      vertex 40.8195 -14.849 0
      vertex 25.3598 -16.9449 0
      vertex 26.8986 -14.3776 0
    endloop
  endfacet
  facet normal -0 0 -1
    outer loop
      vertex 42.4087 -17.5005 0
      vertex 23.5768 -19.349 0
      vertex 25.3598 -16.9449 0
    endloop
  endfacet
  facet normal -0 0 -1
    outer loop
      vertex 44.2502 -19.9834 0
      vertex 21.5668 -21.5668 0
      vertex 23.5768 -19.349 0
    endloop
  endfacet
  facet normal -0 0 -1
    outer loop
      vertex 46.3261 -22.2739 0
      vertex 19.349 -23.5768 0
      vertex 21.5668 -21.5668 0
    endloop
  endfacet
  facet normal -0 0 -1
    outer loop
      vertex 48.6166 -24.3498 0
      vertex 16.9449 -25.3598 0
      vertex 19.349 -23.5768 0
    endloop
  endfacet
  facet normal -0 0 -1
    outer loop
      vertex 51.0995 -26.1913 0
      vertex 14.3776 -26.8986 0
      vertex 16.9449 -25.3598 0
    endloop
  endfacet
  facet normal 0 0 -1
    outer loop
      vertex 59.15 -32.5 0
      vertex 11.6718 -28.1783 0
      vertex 14.3776 -26.8986 0
    endloop
  endfacet
  facet normal 0 0 -1
    outer loop
      vertex 59.15 -32.5 0
      vertex 8.85368 -29.1867 0
      vertex 11.6718 -28.1783 0
    endloop
  endfacet
  facet normal 0 0 -1
    outer loop
      vertex 0 -32.5 0
      vertex 8.85368 -29.1867 0
      vertex 59.15 -32.5 0
    endloop
  endfacet
  facet normal 0 0 -1
    outer loop
      vertex 8.85368 -29.1867 0
      vertex 0 -32.5 0
      vertex 5.95025 -29.914 0
    endloop
  endfacet
  facet normal 0 0 -1
    outer loop
      vertex 5.95025 -29.914 0
      vertex 0 -32.5 0
      vertex 2.98952 -30.3531 0
    endloop
  endfacet
  facet normal 0 0 -1
    outer loop
      vertex 0 -32.5 0
      vertex 0 -30.5 0
      vertex 2.98952 -30.3531 0
    endloop
  endfacet
  facet normal 0 0 -1
    outer loop
      vertex 0 -32.5 0
      vertex -2.98952 -30.3531 0
      vertex 0 -30.5 0
    endloop
  endfacet
  facet normal 0 0 -1
    outer loop
      vertex -3.18556 -32.3435 0
      vertex -2.98952 -30.3531 0
      vertex 0 -32.5 0
    endloop
  endfacet
  facet normal 0 0 -1
    outer loop
      vertex -3.18556 -32.3435 0
      vertex -5.95025 -29.914 0
      vertex -2.98952 -30.3531 0
    endloop
  endfacet
  facet normal 0 0 -1
    outer loop
      vertex -6.34044 -31.8755 0
      vertex -5.95025 -29.914 0
      vertex -3.18556 -32.3435 0
    endloop
  endfacet
  facet normal 0 0 -1
    outer loop
      vertex -6.34044 -31.8755 0
      vertex -8.85368 -29.1867 0
      vertex -5.95025 -29.914 0
    endloop
  endfacet
  facet normal 0 0 -1
    outer loop
      vertex -9.43425 -31.1006 0
      vertex -8.85368 -29.1867 0
      vertex -6.34044 -31.8755 0
    endloop
  endfacet
  facet normal 0 0 -1
    outer loop
      vertex -9.43425 -31.1006 0
      vertex -11.6718 -28.1783 0
      vertex -8.85368 -29.1867 0
    endloop
  endfacet
  facet normal 0 0 -1
    outer loop
      vertex -12.4372 -30.0261 0
      vertex -11.6718 -28.1783 0
      vertex -9.43425 -31.1006 0
    endloop
  endfacet
  facet normal 0 0 -1
    outer loop
      vertex -12.4372 -30.0261 0
      vertex -13.9222 -27.114 0
      vertex -11.6718 -28.1783 0
    endloop
  endfacet
  facet normal 0 -0 -1
    outer loop
      vertex -13.9222 -27.114 0
      vertex -12.4372 -30.0261 0
      vertex -15.3204 -28.6624 0
    endloop
  endfacet
  facet normal 0 0 -1
    outer loop
      vertex 56.5455 29.1022 0
      vertex 59.15 32.5 0
      vertex 59.15 30.0341 0
    endloop
  endfacet
  facet normal 0 0 -1
    outer loop
      vertex 53.751 27.7805 0
      vertex 59.15 32.5 0
      vertex 56.5455 29.1022 0
    endloop
  endfacet
  facet normal 0 0 -1
    outer loop
      vertex 51.0995 26.1913 0
      vertex 59.15 32.5 0
      vertex 53.751 27.7805 0
    endloop
  endfacet
  facet normal 0 0 -1
    outer loop
      vertex 16.9449 25.3598 0
      vertex 51.0995 26.1913 0
      vertex 48.6166 24.3498 0
    endloop
  endfacet
  facet normal 0 0 -1
    outer loop
      vertex 30.4263 1.5 0
      vertex 37.1 0 0
      vertex 30.4263 -1.5 0
    endloop
  endfacet
  facet normal 0 0 -1
    outer loop
      vertex 37.1 0 0
      vertex 30.4263 1.5 0
      vertex 37.2517 3.08754 0
    endloop
  endfacet
  facet normal 0 0 -1
    outer loop
      vertex 30.3531 2.98952 0
      vertex 37.2517 3.08754 0
      vertex 30.4263 1.5 0
    endloop
  endfacet
  facet normal 0 0 -1
    outer loop
      vertex 29.914 5.95025 0
      vertex 37.2517 3.08754 0
      vertex 30.3531 2.98952 0
    endloop
  endfacet
  facet normal 0 0 -1
    outer loop
      vertex 37.2517 3.08754 0
      vertex 29.914 5.95025 0
      vertex 37.7053 6.14534 0
    endloop
  endfacet
  facet normal 0 0 -1
    outer loop
      vertex 29.1867 8.85368 0
      vertex 37.7053 6.14534 0
      vertex 29.914 5.95025 0
    endloop
  endfacet
  facet normal 0 0 -1
    outer loop
      vertex 37.7053 6.14534 0
      vertex 29.1867 8.85368 0
      vertex 38.4564 9.14397 0
    endloop
  endfacet
  facet normal 0 0 -1
    outer loop
      vertex 28.1783 11.6718 0
      vertex 38.4564 9.14397 0
      vertex 29.1867 8.85368 0
    endloop
  endfacet
  facet normal 0 0 -1
    outer loop
      vertex 38.4564 9.14397 0
      vertex 28.1783 11.6718 0
      vertex 39.4978 12.0545 0
    endloop
  endfacet
  facet normal 0 0 -1
    outer loop
      vertex 26.8986 14.3776 0
      vertex 39.4978 12.0545 0
      vertex 28.1783 11.6718 0
    endloop
  endfacet
  facet normal 0 0 -1
    outer loop
      vertex 39.4978 12.0545 0
      vertex 26.8986 14.3776 0
      vertex 40.8195 14.849 0
    endloop
  endfacet
  facet normal 0 0 -1
    outer loop
      vertex 25.3598 16.9449 0
      vertex 40.8195 14.849 0
      vertex 26.8986 14.3776 0
    endloop
  endfacet
  facet normal 0 0 -1
    outer loop
      vertex 40.8195 14.849 0
      vertex 25.3598 16.9449 0
      vertex 42.4087 17.5005 0
    endloop
  endfacet
  facet normal 0 0 -1
    outer loop
      vertex 23.5768 19.349 0
      vertex 42.4087 17.5005 0
      vertex 25.3598 16.9449 0
    endloop
  endfacet
  facet normal 0 0 -1
    outer loop
      vertex 42.4087 17.5005 0
      vertex 23.5768 19.349 0
      vertex 44.2502 19.9834 0
    endloop
  endfacet
  facet normal 0 0 -1
    outer loop
      vertex 21.5668 21.5668 0
      vertex 44.2502 19.9834 0
      vertex 23.5768 19.349 0
    endloop
  endfacet
  facet normal 0 0 -1
    outer loop
      vertex 44.2502 19.9834 0
      vertex 21.5668 21.5668 0
      vertex 46.3261 22.2739 0
    endloop
  endfacet
  facet normal 0 0 -1
    outer loop
      vertex 19.349 23.5768 0
      vertex 46.3261 22.2739 0
      vertex 21.5668 21.5668 0
    endloop
  endfacet
  facet normal 0 0 -1
    outer loop
      vertex 46.3261 22.2739 0
      vertex 19.349 23.5768 0
      vertex 48.6166 24.3498 0
    endloop
  endfacet
  facet normal 0 0 -1
    outer loop
      vertex 16.9449 25.3598 0
      vertex 48.6166 24.3498 0
      vertex 19.349 23.5768 0
    endloop
  endfacet
  facet normal 0 0 -1
    outer loop
      vertex 14.3776 26.8986 0
      vertex 51.0995 26.1913 0
      vertex 16.9449 25.3598 0
    endloop
  endfacet
  facet normal 0 0 -1
    outer loop
      vertex 51.0995 26.1913 0
      vertex 14.3776 26.8986 0
      vertex 59.15 32.5 0
    endloop
  endfacet
  facet normal 0 0 -1
    outer loop
      vertex 11.6718 28.1783 0
      vertex 59.15 32.5 0
      vertex 14.3776 26.8986 0
    endloop
  endfacet
  facet normal 0 0 -1
    outer loop
      vertex 8.85368 29.1867 0
      vertex 59.15 32.5 0
      vertex 11.6718 28.1783 0
    endloop
  endfacet
  facet normal 0 0 -1
    outer loop
      vertex 0 32.5 0
      vertex 8.85368 29.1867 0
      vertex 5.95025 29.914 0
    endloop
  endfacet
  facet normal 0 0 -1
    outer loop
      vertex 0 32.5 0
      vertex 5.95025 29.914 0
      vertex 2.98952 30.3531 0
    endloop
  endfacet
  facet normal 0 0 -1
    outer loop
      vertex 0 32.5 0
      vertex 2.98952 30.3531 0
      vertex 0 30.5 0
    endloop
  endfacet
  facet normal 0 0 -1
    outer loop
      vertex 8.85368 29.1867 0
      vertex 0 32.5 0
      vertex 59.15 32.5 0
    endloop
  endfacet
  facet normal 0 0 -1
    outer loop
      vertex -2.98952 30.3531 0
      vertex 0 32.5 0
      vertex 0 30.5 0
    endloop
  endfacet
  facet normal 0 0 -1
    outer loop
      vertex -2.98952 30.3531 0
      vertex -3.18556 32.3435 0
      vertex 0 32.5 0
    endloop
  endfacet
  facet normal 0 0 -1
    outer loop
      vertex -5.95025 29.914 0
      vertex -3.18556 32.3435 0
      vertex -2.98952 30.3531 0
    endloop
  endfacet
  facet normal 0 0 -1
    outer loop
      vertex -5.95025 29.914 0
      vertex -6.34044 31.8755 0
      vertex -3.18556 32.3435 0
    endloop
  endfacet
  facet normal 0 0 -1
    outer loop
      vertex -8.85368 29.1867 0
      vertex -6.34044 31.8755 0
      vertex -5.95025 29.914 0
    endloop
  endfacet
  facet normal 0 0 -1
    outer loop
      vertex -8.85368 29.1867 0
      vertex -9.43425 31.1006 0
      vertex -6.34044 31.8755 0
    endloop
  endfacet
  facet normal 0 0 -1
    outer loop
      vertex -11.6718 28.1783 0
      vertex -9.43425 31.1006 0
      vertex -8.85368 29.1867 0
    endloop
  endfacet
  facet normal 0 0 -1
    outer loop
      vertex -11.6718 28.1783 0
      vertex -12.4372 30.0261 0
      vertex -9.43425 31.1006 0
    endloop
  endfacet
  facet normal 0 0 -1
    outer loop
      vertex -13.9222 27.114 0
      vertex -12.4372 30.0261 0
      vertex -11.6718 28.1783 0
    endloop
  endfacet
  facet normal 0 0 -1
    outer loop
      vertex -12.4372 30.0261 0
      vertex -13.9222 27.114 0
      vertex -15.3204 28.6624 0
    endloop
  endfacet
  facet normal 0 0 -1
    outer loop
      vertex 3.61588 1.93273 0
      vertex 5.73249 3.06408 0
      vertex 3.78791 1.569 0
    endloop
  endfacet
  facet normal -0 0 -1
    outer loop
      vertex 5.73249 3.06408 0
      vertex 3.61588 1.93273 0
      vertex 5.40455 3.61121 0
    endloop
  endfacet
  facet normal 0 0 -1
    outer loop
      vertex 3.40903 2.27784 0
      vertex 5.40455 3.61121 0
      vertex 3.61588 1.93273 0
    endloop
  endfacet
  facet normal -0 0 -1
    outer loop
      vertex 5.40455 3.61121 0
      vertex 3.40903 2.27784 0
      vertex 5.02457 4.12356 0
    endloop
  endfacet
  facet normal 0 0 -1
    outer loop
      vertex 3.16934 2.60101 0
      vertex 5.02457 4.12356 0
      vertex 3.40903 2.27784 0
    endloop
  endfacet
  facet normal -0 0 -1
    outer loop
      vertex 5.02457 4.12356 0
      vertex 3.16934 2.60101 0
      vertex 4.59619 4.59619 0
    endloop
  endfacet
  facet normal 0 0 -1
    outer loop
      vertex 2.89914 2.89914 0
      vertex 4.59619 4.59619 0
      vertex 3.16934 2.60101 0
    endloop
  endfacet
  facet normal -0 0 -1
    outer loop
      vertex 4.59619 4.59619 0
      vertex 2.89914 2.89914 0
      vertex 4.12356 5.02457 0
    endloop
  endfacet
  facet normal 0 0 -1
    outer loop
      vertex 2.60101 3.16934 0
      vertex 4.12356 5.02457 0
      vertex 2.89914 2.89914 0
    endloop
  endfacet
  facet normal -0 0 -1
    outer loop
      vertex 4.12356 5.02457 0
      vertex 2.60101 3.16934 0
      vertex 3.61121 5.40455 0
    endloop
  endfacet
  facet normal 0 0 -1
    outer loop
      vertex 2.27784 3.40903 0
      vertex 3.61121 5.40455 0
      vertex 2.60101 3.16934 0
    endloop
  endfacet
  facet normal -0 0 -1
    outer loop
      vertex 3.61121 5.40455 0
      vertex 2.27784 3.40903 0
      vertex 3.06408 5.73249 0
    endloop
  endfacet
  facet normal 0 0 -1
    outer loop
      vertex 1.93273 3.61588 0
      vertex 3.06408 5.73249 0
      vertex 2.27784 3.40903 0
    endloop
  endfacet
  facet normal -0 0 -1
    outer loop
      vertex 3.06408 5.73249 0
      vertex 1.93273 3.61588 0
      vertex 2.48744 6.00522 0
    endloop
  endfacet
  facet normal 0 0 -1
    outer loop
      vertex 1.569 3.78791 0
      vertex 2.48744 6.00522 0
      vertex 1.93273 3.61588 0
    endloop
  endfacet
  facet normal -0 0 -1
    outer loop
      vertex 2.48744 6.00522 0
      vertex 1.569 3.78791 0
      vertex 1.88685 6.22011 0
    endloop
  endfacet
  facet normal 0 0 -1
    outer loop
      vertex 1.19017 3.92346 0
      vertex 1.88685 6.22011 0
      vertex 1.569 3.78791 0
    endloop
  endfacet
  facet normal -0 0 -1
    outer loop
      vertex 1.88685 6.22011 0
      vertex 1.19017 3.92346 0
      vertex 1.26809 6.3751 0
    endloop
  endfacet
  facet normal 0 0 -1
    outer loop
      vertex 0.79987 4.02122 0
      vertex 1.26809 6.3751 0
      vertex 1.19017 3.92346 0
    endloop
  endfacet
  facet normal 0 0 -1
    outer loop
      vertex 0.79987 4.02122 0
      vertex 0.637111 6.4687 0
      vertex 1.26809 6.3751 0
    endloop
  endfacet
  facet normal 0 0 -1
    outer loop
      vertex 0.40187 4.08026 0
      vertex 0.637111 6.4687 0
      vertex 0.79987 4.02122 0
    endloop
  endfacet
  facet normal 0 0 -1
    outer loop
      vertex 0 4.1 0
      vertex 0.637111 6.4687 0
      vertex 0.40187 4.08026 0
    endloop
  endfacet
  facet normal 0 0 -1
    outer loop
      vertex 0 4.1 0
      vertex 0 6.5 0
      vertex 0.637111 6.4687 0
    endloop
  endfacet
  facet normal 0 0 -1
    outer loop
      vertex -0.40187 4.08026 0
      vertex 0 6.5 0
      vertex 0 4.1 0
    endloop
  endfacet
  facet normal 0 0 -1
    outer loop
      vertex -0.40187 4.08026 0
      vertex -0.637111 6.4687 0
      vertex 0 6.5 0
    endloop
  endfacet
  facet normal 0 0 -1
    outer loop
      vertex -0.79987 4.02122 0
      vertex -0.637111 6.4687 0
      vertex -0.40187 4.08026 0
    endloop
  endfacet
  facet normal 0 0 -1
    outer loop
      vertex -1.86263 6.22618 0
      vertex -0.79987 4.02122 0
      vertex -1.19017 3.92346 0
    endloop
  endfacet
  facet normal 0 0 -1
    outer loop
      vertex -0.79987 4.02122 0
      vertex -1.26809 6.3751 0
      vertex -0.637111 6.4687 0
    endloop
  endfacet
  facet normal 0 0 -1
    outer loop
      vertex -1.86263 6.22618 0
      vertex -1.19017 3.92346 0
      vertex -1.569 3.78791 0
    endloop
  endfacet
  facet normal 0 0 -1
    outer loop
      vertex -0.79987 4.02122 0
      vertex -1.86263 6.22618 0
      vertex -1.26809 6.3751 0
    endloop
  endfacet
  facet normal 0 0 -1
    outer loop
      vertex -1.93273 3.61588 0
      vertex -1.86263 6.22618 0
      vertex -1.569 3.78791 0
    endloop
  endfacet
  facet normal 0 0 -1
    outer loop
      vertex -4.45799 4.72146 0
      vertex -1.93273 3.61588 0
      vertex -2.27784 3.40903 0
    endloop
  endfacet
  facet normal 0 0 -1
    outer loop
      vertex -4.45799 4.72146 0
      vertex -2.27784 3.40903 0
      vertex -2.60101 3.16934 0
    endloop
  endfacet
  facet normal 0 0 -1
    outer loop
      vertex -4.45799 4.72146 0
      vertex -2.60101 3.16934 0
      vertex -2.89914 2.89914 0
    endloop
  endfacet
  facet normal 0 0 -1
    outer loop
      vertex -4.45799 4.72146 0
      vertex -2.89914 2.89914 0
      vertex -3.16934 2.60101 0
    endloop
  endfacet
  facet normal 0 0 -1
    outer loop
      vertex -4.45799 4.72146 0
      vertex -3.16934 2.60101 0
      vertex -3.40903 2.27784 0
    endloop
  endfacet
  facet normal 0 0 -1
    outer loop
      vertex -4.45799 4.72146 0
      vertex -3.40903 2.27784 0
      vertex -3.61588 1.93273 0
    endloop
  endfacet
  facet normal 0 0 -1
    outer loop
      vertex -4.45799 4.72146 0
      vertex -3.61588 1.93273 0
      vertex -3.78791 1.569 0
    endloop
  endfacet
  facet normal 0 0 -1
    outer loop
      vertex -6.00522 -2.48744 0
      vertex -3.78791 -1.569 0
      vertex -5.73249 -3.06408 0
    endloop
  endfacet
  facet normal 0 0 -1
    outer loop
      vertex -4.1 0 0
      vertex -4.45799 4.72146 0
      vertex -4.08026 0.40187 0
    endloop
  endfacet
  facet normal 0 0 -1
    outer loop
      vertex -4.45799 4.72146 0
      vertex -4.02122 0.79987 0
      vertex -4.08026 0.40187 0
    endloop
  endfacet
  facet normal 0 0 -1
    outer loop
      vertex -4.45799 4.72146 0
      vertex -3.92346 1.19017 0
      vertex -4.02122 0.79987 0
    endloop
  endfacet
  facet normal 0 0 -1
    outer loop
      vertex -4.45799 4.72146 0
      vertex -3.78791 1.569 0
      vertex -3.92346 1.19017 0
    endloop
  endfacet
  facet normal 0 0 -1
    outer loop
      vertex -1.93273 3.61588 0
      vertex -4.45799 4.72146 0
      vertex -1.86263 6.22618 0
    endloop
  endfacet
  facet normal 0 0 -1
    outer loop
      vertex -4.45799 4.72146 0
      vertex -13.9222 27.114 0
      vertex -1.86263 6.22618 0
    endloop
  endfacet
  facet normal 0 0 -1
    outer loop
      vertex -16.5204 25.6142 0
      vertex -13.9222 27.114 0
      vertex -4.45799 4.72146 0
    endloop
  endfacet
  facet normal -0 0 -1
    outer loop
      vertex -13.9222 27.114 0
      vertex -16.5204 25.6142 0
      vertex -15.3204 28.6624 0
    endloop
  endfacet
  facet normal 0 0 -1
    outer loop
      vertex -18.056 27.0228 0
      vertex -16.5204 25.6142 0
      vertex -16.9449 25.3598 0
    endloop
  endfacet
  facet normal 0 0 -1
    outer loop
      vertex -16.5204 25.6142 0
      vertex -18.056 27.0228 0
      vertex -15.3204 28.6624 0
    endloop
  endfacet
  facet normal 0 0 -1
    outer loop
      vertex -19.349 23.5768 0
      vertex -18.056 27.0228 0
      vertex -16.9449 25.3598 0
    endloop
  endfacet
  facet normal 0 0 -1
    outer loop
      vertex -19.349 23.5768 0
      vertex -20.6178 25.1228 0
      vertex -18.056 27.0228 0
    endloop
  endfacet
  facet normal 0 0 -1
    outer loop
      vertex -21.5668 21.5668 0
      vertex -20.6178 25.1228 0
      vertex -19.349 23.5768 0
    endloop
  endfacet
  facet normal 0 0 -1
    outer loop
      vertex -21.5668 21.5668 0
      vertex -22.981 22.981 0
      vertex -20.6178 25.1228 0
    endloop
  endfacet
  facet normal 0 0 -1
    outer loop
      vertex -23.5768 19.349 0
      vertex -22.981 22.981 0
      vertex -21.5668 21.5668 0
    endloop
  endfacet
  facet normal 0 0 -1
    outer loop
      vertex -23.5768 19.349 0
      vertex -25.1228 20.6178 0
      vertex -22.981 22.981 0
    endloop
  endfacet
  facet normal 0 0 -1
    outer loop
      vertex -25.3598 16.9449 0
      vertex -25.1228 20.6178 0
      vertex -23.5768 19.349 0
    endloop
  endfacet
  facet normal 0 0 -1
    outer loop
      vertex -27.0228 18.056 0
      vertex -25.3598 16.9449 0
      vertex -26.8986 14.3776 0
    endloop
  endfacet
  facet normal 0 0 -1
    outer loop
      vertex -25.3598 16.9449 0
      vertex -27.0228 18.056 0
      vertex -25.1228 20.6178 0
    endloop
  endfacet
  facet normal 0 0 -1
    outer loop
      vertex -28.6624 15.3204 0
      vertex -26.8986 14.3776 0
      vertex -28.1783 11.6718 0
    endloop
  endfacet
  facet normal 0 0 -1
    outer loop
      vertex -26.8986 14.3776 0
      vertex -28.6624 15.3204 0
      vertex -27.0228 18.056 0
    endloop
  endfacet
  facet normal 0 0 -1
    outer loop
      vertex -30.0261 12.4372 0
      vertex -28.1783 11.6718 0
      vertex -29.1867 8.85368 0
    endloop
  endfacet
  facet normal 0 0 -1
    outer loop
      vertex -31.1006 9.43425 0
      vertex -29.1867 8.85368 0
      vertex -29.914 5.95025 0
    endloop
  endfacet
  facet normal 0 0 -1
    outer loop
      vertex -28.1783 11.6718 0
      vertex -30.0261 12.4372 0
      vertex -28.6624 15.3204 0
    endloop
  endfacet
  facet normal 0 0 -1
    outer loop
      vertex -31.8755 6.34044 0
      vertex -29.914 5.95025 0
      vertex -30.3531 2.98952 0
    endloop
  endfacet
  facet normal 0 0 -1
    outer loop
      vertex -32.3435 3.18556 0
      vertex -30.3531 2.98952 0
      vertex -30.5 0 0
    endloop
  endfacet
  facet normal 0 0 -1
    outer loop
      vertex -32.3435 -3.18556 0
      vertex -30.3531 -2.98952 0
      vertex -31.8755 -6.34044 0
    endloop
  endfacet
  facet normal 0 0 -1
    outer loop
      vertex -29.1867 8.85368 0
      vertex -31.1006 9.43425 0
      vertex -30.0261 12.4372 0
    endloop
  endfacet
  facet normal -0 0 -1
    outer loop
      vertex -30.3531 -2.98952 0
      vertex -32.3435 -3.18556 0
      vertex -30.5 0 0
    endloop
  endfacet
  facet normal 0 0 -1
    outer loop
      vertex -29.914 5.95025 0
      vertex -31.8755 6.34044 0
      vertex -31.1006 9.43425 0
    endloop
  endfacet
  facet normal 0 0 -1
    outer loop
      vertex -32.5 0 0
      vertex -30.5 0 0
      vertex -32.3435 -3.18556 0
    endloop
  endfacet
  facet normal 0 0 -1
    outer loop
      vertex -30.3531 2.98952 0
      vertex -32.3435 3.18556 0
      vertex -31.8755 6.34044 0
    endloop
  endfacet
  facet normal 0 0 -1
    outer loop
      vertex -30.5 0 0
      vertex -32.5 0 0
      vertex -32.3435 3.18556 0
    endloop
  endfacet
  facet normal 0.970032 0.242978 0
    outer loop
      vertex 6.31701 1.5 10
      vertex 6.22011 1.88685 0
      vertex 6.22011 1.88685 10
    endloop
  endfacet
  facet normal 0.970032 0.242978 0
    outer loop
      vertex 6.22011 1.88685 0
      vertex 6.31701 1.5 10
      vertex 6.31701 1.5 0
    endloop
  endfacet
  facet normal 0.941546 0.336884 0
    outer loop
      vertex 6.22011 1.88685 10
      vertex 6.00522 2.48744 0
      vertex 6.00522 2.48744 10
    endloop
  endfacet
  facet normal 0.941546 0.336884 0
    outer loop
      vertex 6.00522 2.48744 0
      vertex 6.22011 1.88685 10
      vertex 6.22011 1.88685 0
    endloop
  endfacet
  facet normal 0.803211 0.595695 0
    outer loop
      vertex 5.40455 3.61121 10
      vertex 5.02457 4.12356 0
      vertex 5.02457 4.12356 10
    endloop
  endfacet
  facet normal 0.803211 0.595695 0
    outer loop
      vertex 5.02457 4.12356 0
      vertex 5.40455 3.61121 10
      vertex 5.40455 3.61121 0
    endloop
  endfacet
  facet normal 0.740941 0.67157 0
    outer loop
      vertex 5.02457 4.12356 10
      vertex 4.59619 4.59619 0
      vertex 4.59619 4.59619 10
    endloop
  endfacet
  facet normal 0.740941 0.67157 0
    outer loop
      vertex 4.59619 4.59619 0
      vertex 5.02457 4.12356 10
      vertex 5.02457 4.12356 0
    endloop
  endfacet
  facet normal 0.857727 0.514106 0
    outer loop
      vertex 5.73249 3.06408 10
      vertex 5.40455 3.61121 0
      vertex 5.40455 3.61121 10
    endloop
  endfacet
  facet normal 0.857727 0.514106 0
    outer loop
      vertex 5.40455 3.61121 0
      vertex 5.73249 3.06408 10
      vertex 5.73249 3.06408 0
    endloop
  endfacet
  facet normal 0.146735 0.989176 -0
    outer loop
      vertex 1.26809 6.3751 0
      vertex 0.637111 6.4687 10
      vertex 1.26809 6.3751 10
    endloop
  endfacet
  facet normal 0.146735 0.989176 0
    outer loop
      vertex 0.637111 6.4687 10
      vertex 1.26809 6.3751 0
      vertex 0.637111 6.4687 0
    endloop
  endfacet
  facet normal 0.427555 0.90399 -0
    outer loop
      vertex 3.06408 5.73249 0
      vertex 2.48744 6.00522 10
      vertex 3.06408 5.73249 10
    endloop
  endfacet
  facet normal 0.427555 0.90399 0
    outer loop
      vertex 2.48744 6.00522 10
      vertex 3.06408 5.73249 0
      vertex 2.48744 6.00522 0
    endloop
  endfacet
  facet normal 0.595695 0.803211 -0
    outer loop
      vertex 4.12356 5.02457 0
      vertex 3.61121 5.40455 10
      vertex 4.12356 5.02457 10
    endloop
  endfacet
  facet normal 0.595695 0.803211 0
    outer loop
      vertex 3.61121 5.40455 10
      vertex 4.12356 5.02457 0
      vertex 3.61121 5.40455 0
    endloop
  endfacet
  facet normal -0.970032 0.242978 0
    outer loop
      vertex -6.3751 1.26809 0
      vertex -6.22011 1.88685 10
      vertex -6.22011 1.88685 0
    endloop
  endfacet
  facet normal -0.970032 0.242978 0
    outer loop
      vertex -6.22011 1.88685 10
      vertex -6.3751 1.26809 0
      vertex -6.3751 1.26809 10
    endloop
  endfacet
  facet normal -0.803211 0.595695 0
    outer loop
      vertex -5.40455 3.61121 0
      vertex -5.02457 4.12356 10
      vertex -5.02457 4.12356 0
    endloop
  endfacet
  facet normal -0.803211 0.595695 0
    outer loop
      vertex -5.02457 4.12356 10
      vertex -5.40455 3.61121 0
      vertex -5.40455 3.61121 10
    endloop
  endfacet
  facet normal -0.740941 0.67157 0
    outer loop
      vertex -5.02457 4.12356 0
      vertex -4.59619 4.59619 10
      vertex -4.59619 4.59619 0
    endloop
  endfacet
  facet normal -0.740941 0.67157 0
    outer loop
      vertex -4.59619 4.59619 10
      vertex -5.02457 4.12356 0
      vertex -5.02457 4.12356 10
    endloop
  endfacet
  facet normal -0.857727 0.514106 0
    outer loop
      vertex -5.73249 3.06408 0
      vertex -5.40455 3.61121 10
      vertex -5.40455 3.61121 0
    endloop
  endfacet
  facet normal -0.857727 0.514106 0
    outer loop
      vertex -5.40455 3.61121 10
      vertex -5.73249 3.06408 0
      vertex -5.73249 3.06408 10
    endloop
  endfacet
  facet normal -0.941546 0.336884 0
    outer loop
      vertex -6.22011 1.88685 0
      vertex -6.00522 2.48744 10
      vertex -6.00522 2.48744 0
    endloop
  endfacet
  facet normal -0.941546 0.336884 0
    outer loop
      vertex -6.00522 2.48744 10
      vertex -6.22011 1.88685 0
      vertex -6.22011 1.88685 10
    endloop
  endfacet
  facet normal -0.989176 0.146735 0
    outer loop
      vertex -6.4687 0.637111 0
      vertex -6.3751 1.26809 10
      vertex -6.3751 1.26809 0
    endloop
  endfacet
  facet normal -0.989176 0.146735 0
    outer loop
      vertex -6.3751 1.26809 10
      vertex -6.4687 0.637111 0
      vertex -6.4687 0.637111 10
    endloop
  endfacet
  facet normal -0.242973 0.970033 0
    outer loop
      vertex -1.26809 6.3751 0
      vertex -1.86263 6.22618 10
      vertex -1.26809 6.3751 10
    endloop
  endfacet
  facet normal -0.242973 0.970033 0
    outer loop
      vertex -1.86263 6.22618 10
      vertex -1.26809 6.3751 0
      vertex -1.86263 6.22618 0
    endloop
  endfacet
  facet normal -0.0490688 0.998795 0
    outer loop
      vertex 0 6.5 0
      vertex -0.637111 6.4687 10
      vertex 0 6.5 10
    endloop
  endfacet
  facet normal -0.0490688 0.998795 0
    outer loop
      vertex -0.637111 6.4687 10
      vertex 0 6.5 0
      vertex -0.637111 6.4687 0
    endloop
  endfacet
  facet normal 0.0490688 -0.998795 0
    outer loop
      vertex 0 -6.5 0
      vertex 0.637111 -6.4687 10
      vertex 0 -6.5 10
    endloop
  endfacet
  facet normal 0.0490688 -0.998795 0
    outer loop
      vertex 0.637111 -6.4687 10
      vertex 0 -6.5 0
      vertex 0.637111 -6.4687 0
    endloop
  endfacet
  facet normal 0.242978 -0.970032 0
    outer loop
      vertex 1.26809 -6.3751 0
      vertex 1.88685 -6.22011 10
      vertex 1.26809 -6.3751 10
    endloop
  endfacet
  facet normal 0.242978 -0.970032 0
    outer loop
      vertex 1.88685 -6.22011 10
      vertex 1.26809 -6.3751 0
      vertex 1.88685 -6.22011 0
    endloop
  endfacet
  facet normal 0.595695 -0.803211 0
    outer loop
      vertex 3.61121 -5.40455 0
      vertex 4.12356 -5.02457 10
      vertex 3.61121 -5.40455 10
    endloop
  endfacet
  facet normal 0.595695 -0.803211 0
    outer loop
      vertex 4.12356 -5.02457 10
      vertex 3.61121 -5.40455 0
      vertex 4.12356 -5.02457 0
    endloop
  endfacet
  facet normal 0.427555 -0.90399 0
    outer loop
      vertex 2.48744 -6.00522 0
      vertex 3.06408 -5.73249 10
      vertex 2.48744 -6.00522 10
    endloop
  endfacet
  facet normal 0.427555 -0.90399 0
    outer loop
      vertex 3.06408 -5.73249 10
      vertex 2.48744 -6.00522 0
      vertex 3.06408 -5.73249 0
    endloop
  endfacet
  facet normal 0.803211 -0.595695 0
    outer loop
      vertex 5.02457 -4.12356 10
      vertex 5.40455 -3.61121 0
      vertex 5.40455 -3.61121 10
    endloop
  endfacet
  facet normal 0.803211 -0.595695 0
    outer loop
      vertex 5.40455 -3.61121 0
      vertex 5.02457 -4.12356 10
      vertex 5.02457 -4.12356 0
    endloop
  endfacet
  facet normal 0.90399 -0.427555 0
    outer loop
      vertex 5.73249 -3.06408 10
      vertex 6.00522 -2.48744 0
      vertex 6.00522 -2.48744 10
    endloop
  endfacet
  facet normal 0.90399 -0.427555 0
    outer loop
      vertex 6.00522 -2.48744 0
      vertex 5.73249 -3.06408 10
      vertex 5.73249 -3.06408 0
    endloop
  endfacet
  facet normal -0.671597 -0.740917 0
    outer loop
      vertex -4.59619 -4.59619 0
      vertex -4.45799 -4.72146 10
      vertex -4.59619 -4.59619 10
    endloop
  endfacet
  facet normal -0.671597 -0.740917 -0
    outer loop
      vertex -4.45799 -4.72146 10
      vertex -4.59619 -4.59619 0
      vertex -4.45799 -4.72146 0
    endloop
  endfacet
  facet normal -0.146735 -0.989176 0
    outer loop
      vertex -1.26809 -6.3751 0
      vertex -0.637111 -6.4687 10
      vertex -1.26809 -6.3751 10
    endloop
  endfacet
  facet normal -0.146735 -0.989176 -0
    outer loop
      vertex -0.637111 -6.4687 10
      vertex -1.26809 -6.3751 0
      vertex -0.637111 -6.4687 0
    endloop
  endfacet
  facet normal -0.90399 -0.427555 0
    outer loop
      vertex -5.73249 -3.06408 0
      vertex -6.00522 -2.48744 10
      vertex -6.00522 -2.48744 0
    endloop
  endfacet
  facet normal -0.90399 -0.427555 0
    outer loop
      vertex -6.00522 -2.48744 10
      vertex -5.73249 -3.06408 0
      vertex -5.73249 -3.06408 10
    endloop
  endfacet
  facet normal -0.803211 -0.595695 0
    outer loop
      vertex -5.02457 -4.12356 0
      vertex -5.40455 -3.61121 10
      vertex -5.40455 -3.61121 0
    endloop
  endfacet
  facet normal -0.803211 -0.595695 0
    outer loop
      vertex -5.40455 -3.61121 10
      vertex -5.02457 -4.12356 0
      vertex -5.02457 -4.12356 10
    endloop
  endfacet
  facet normal -0.970032 -0.242978 0
    outer loop
      vertex -6.22011 -1.88685 0
      vertex -6.3751 -1.26809 10
      vertex -6.3751 -1.26809 0
    endloop
  endfacet
  facet normal -0.970032 -0.242978 0
    outer loop
      vertex -6.3751 -1.26809 10
      vertex -6.22011 -1.88685 0
      vertex -6.22011 -1.88685 10
    endloop
  endfacet
  facet normal -0.998795 -0.0490688 0
    outer loop
      vertex -6.4687 -0.637111 0
      vertex -6.5 0 10
      vertex -6.5 0 0
    endloop
  endfacet
  facet normal -0.998795 -0.0490688 0
    outer loop
      vertex -6.5 0 10
      vertex -6.4687 -0.637111 0
      vertex -6.4687 -0.637111 10
    endloop
  endfacet
  facet normal 0.146735 -0.989176 0
    outer loop
      vertex 0.637111 -6.4687 0
      vertex 1.26809 -6.3751 10
      vertex 0.637111 -6.4687 10
    endloop
  endfacet
  facet normal 0.146735 -0.989176 0
    outer loop
      vertex 1.26809 -6.3751 10
      vertex 0.637111 -6.4687 0
      vertex 1.26809 -6.3751 0
    endloop
  endfacet
  facet normal 0.336884 -0.941546 0
    outer loop
      vertex 1.88685 -6.22011 0
      vertex 2.48744 -6.00522 10
      vertex 1.88685 -6.22011 10
    endloop
  endfacet
  facet normal 0.336884 -0.941546 0
    outer loop
      vertex 2.48744 -6.00522 10
      vertex 1.88685 -6.22011 0
      vertex 2.48744 -6.00522 0
    endloop
  endfacet
  facet normal 0.67157 -0.740941 0
    outer loop
      vertex 4.12356 -5.02457 0
      vertex 4.59619 -4.59619 10
      vertex 4.12356 -5.02457 10
    endloop
  endfacet
  facet normal 0.67157 -0.740941 0
    outer loop
      vertex 4.59619 -4.59619 10
      vertex 4.12356 -5.02457 0
      vertex 4.59619 -4.59619 0
    endloop
  endfacet
  facet normal 0.514106 -0.857727 0
    outer loop
      vertex 3.06408 -5.73249 0
      vertex 3.61121 -5.40455 10
      vertex 3.06408 -5.73249 10
    endloop
  endfacet
  facet normal 0.514106 -0.857727 0
    outer loop
      vertex 3.61121 -5.40455 10
      vertex 3.06408 -5.73249 0
      vertex 3.61121 -5.40455 0
    endloop
  endfacet
  facet normal 0.857727 -0.514106 0
    outer loop
      vertex 5.40455 -3.61121 10
      vertex 5.73249 -3.06408 0
      vertex 5.73249 -3.06408 10
    endloop
  endfacet
  facet normal 0.857727 -0.514106 0
    outer loop
      vertex 5.73249 -3.06408 0
      vertex 5.40455 -3.61121 10
      vertex 5.40455 -3.61121 0
    endloop
  endfacet
  facet normal 0.970032 -0.242978 0
    outer loop
      vertex 6.22011 -1.88685 10
      vertex 6.31701 -1.5 0
      vertex 6.31701 -1.5 10
    endloop
  endfacet
  facet normal 0.970032 -0.242978 0
    outer loop
      vertex 6.31701 -1.5 0
      vertex 6.22011 -1.88685 10
      vertex 6.22011 -1.88685 0
    endloop
  endfacet
  facet normal -0.242973 -0.970033 0
    outer loop
      vertex -1.86263 -6.22618 0
      vertex -1.26809 -6.3751 10
      vertex -1.86263 -6.22618 10
    endloop
  endfacet
  facet normal -0.242973 -0.970033 -0
    outer loop
      vertex -1.26809 -6.3751 10
      vertex -1.86263 -6.22618 0
      vertex -1.26809 -6.3751 0
    endloop
  endfacet
  facet normal -0.0490688 -0.998795 0
    outer loop
      vertex -0.637111 -6.4687 0
      vertex 0 -6.5 10
      vertex -0.637111 -6.4687 10
    endloop
  endfacet
  facet normal -0.0490688 -0.998795 -0
    outer loop
      vertex 0 -6.5 10
      vertex -0.637111 -6.4687 0
      vertex 0 -6.5 0
    endloop
  endfacet
  facet normal -0.857727 -0.514106 0
    outer loop
      vertex -5.40455 -3.61121 0
      vertex -5.73249 -3.06408 10
      vertex -5.73249 -3.06408 0
    endloop
  endfacet
  facet normal -0.857727 -0.514106 0
    outer loop
      vertex -5.73249 -3.06408 10
      vertex -5.40455 -3.61121 0
      vertex -5.40455 -3.61121 10
    endloop
  endfacet
  facet normal -0.740941 -0.67157 0
    outer loop
      vertex -4.59619 -4.59619 0
      vertex -5.02457 -4.12356 10
      vertex -5.02457 -4.12356 0
    endloop
  endfacet
  facet normal -0.740941 -0.67157 0
    outer loop
      vertex -5.02457 -4.12356 10
      vertex -4.59619 -4.59619 0
      vertex -4.59619 -4.59619 10
    endloop
  endfacet
  facet normal -0.989176 -0.146735 0
    outer loop
      vertex -6.3751 -1.26809 0
      vertex -6.4687 -0.637111 10
      vertex -6.4687 -0.637111 0
    endloop
  endfacet
  facet normal -0.989176 -0.146735 0
    outer loop
      vertex -6.4687 -0.637111 10
      vertex -6.3751 -1.26809 0
      vertex -6.3751 -1.26809 10
    endloop
  endfacet
  facet normal 0 0 1
    outer loop
      vertex -3.78791 1.569 10
      vertex -6.00522 2.48744 10
      vertex -3.92346 1.19017 10
    endloop
  endfacet
  facet normal -0 0 1
    outer loop
      vertex -6.22011 1.88685 10
      vertex -3.92346 1.19017 10
      vertex -6.00522 2.48744 10
    endloop
  endfacet
  facet normal 0 -0 1
    outer loop
      vertex -4.59619 -4.59619 10
      vertex -4.1 0 10
      vertex -5.02457 -4.12356 10
    endloop
  endfacet
  facet normal 0 0 1
    outer loop
      vertex -4.1 0 10
      vertex -4.59619 -4.59619 10
      vertex -4.45799 -4.72146 10
    endloop
  endfacet
  facet normal 0 0 1
    outer loop
      vertex -3.92346 1.19017 10
      vertex -6.22011 1.88685 10
      vertex -4.02122 0.79987 10
    endloop
  endfacet
  facet normal 0 0 1
    outer loop
      vertex -4.1 0 10
      vertex -5.40455 -3.61121 10
      vertex -5.02457 -4.12356 10
    endloop
  endfacet
  facet normal -0 0 1
    outer loop
      vertex -6.3751 1.26809 10
      vertex -4.02122 0.79987 10
      vertex -6.22011 1.88685 10
    endloop
  endfacet
  facet normal 0 0 1
    outer loop
      vertex -4.1 0 10
      vertex -5.73249 -3.06408 10
      vertex -5.40455 -3.61121 10
    endloop
  endfacet
  facet normal 0 0 1
    outer loop
      vertex -4.02122 0.79987 10
      vertex -6.3751 1.26809 10
      vertex -4.08026 0.40187 10
    endloop
  endfacet
  facet normal 0 0 1
    outer loop
      vertex -4.1 0 10
      vertex -6.00522 -2.48744 10
      vertex -5.73249 -3.06408 10
    endloop
  endfacet
  facet normal -0 0 1
    outer loop
      vertex -6.4687 0.637111 10
      vertex -4.08026 0.40187 10
      vertex -6.3751 1.26809 10
    endloop
  endfacet
  facet normal 0 0 1
    outer loop
      vertex -4.1 0 10
      vertex -6.22011 -1.88685 10
      vertex -6.00522 -2.48744 10
    endloop
  endfacet
  facet normal 0 0 1
    outer loop
      vertex -4.08026 0.40187 10
      vertex -6.4687 0.637111 10
      vertex -4.1 0 10
    endloop
  endfacet
  facet normal 0 0 1
    outer loop
      vertex -4.1 0 10
      vertex -6.3751 -1.26809 10
      vertex -6.22011 -1.88685 10
    endloop
  endfacet
  facet normal 0 0 1
    outer loop
      vertex -6.5 0 10
      vertex -4.1 0 10
      vertex -6.4687 0.637111 10
    endloop
  endfacet
  facet normal 0 0 1
    outer loop
      vertex -4.1 0 10
      vertex -6.4687 -0.637111 10
      vertex -6.3751 -1.26809 10
    endloop
  endfacet
  facet normal 0 0 1
    outer loop
      vertex -4.1 0 10
      vertex -6.5 0 10
      vertex -6.4687 -0.637111 10
    endloop
  endfacet
  facet normal -0 0 1
    outer loop
      vertex 6.31701 1.5 10
      vertex 30.5 0 10
      vertex 30.4263 1.5 10
    endloop
  endfacet
  facet normal 0 0 1
    outer loop
      vertex 6.31701 -1.5 10
      vertex 30.5 0 10
      vertex 6.31701 1.5 10
    endloop
  endfacet
  facet normal 0 0 1
    outer loop
      vertex 30.5 0 10
      vertex 6.31701 -1.5 10
      vertex 30.4263 -1.5 10
    endloop
  endfacet
  facet normal 0 0 1
    outer loop
      vertex 3.92346 1.19017 10
      vertex 6.31701 1.5 10
      vertex 6.22011 1.88685 10
    endloop
  endfacet
  facet normal 0 0 1
    outer loop
      vertex 6.31701 1.5 10
      vertex 4.1 0 10
      vertex 6.31701 -1.5 10
    endloop
  endfacet
  facet normal 0 0 1
    outer loop
      vertex 3.92346 1.19017 10
      vertex 6.22011 1.88685 10
      vertex 6.00522 2.48744 10
    endloop
  endfacet
  facet normal -0 0 1
    outer loop
      vertex 4.08026 -0.40187 10
      vertex 6.31701 -1.5 10
      vertex 4.1 0 10
    endloop
  endfacet
  facet normal 0 0 1
    outer loop
      vertex 3.78791 1.569 10
      vertex 6.00522 2.48744 10
      vertex 5.73249 3.06408 10
    endloop
  endfacet
  facet normal -0 0 1
    outer loop
      vertex 4.02122 -0.79987 10
      vertex 6.31701 -1.5 10
      vertex 4.08026 -0.40187 10
    endloop
  endfacet
  facet normal 0 0 1
    outer loop
      vertex 3.61588 1.93273 10
      vertex 5.73249 3.06408 10
      vertex 5.40455 3.61121 10
    endloop
  endfacet
  facet normal -0 0 1
    outer loop
      vertex 3.92346 -1.19017 10
      vertex 6.31701 -1.5 10
      vertex 4.02122 -0.79987 10
    endloop
  endfacet
  facet normal 0 0 1
    outer loop
      vertex 3.40903 2.27784 10
      vertex 5.40455 3.61121 10
      vertex 5.02457 4.12356 10
    endloop
  endfacet
  facet normal 0 0 1
    outer loop
      vertex 6.31701 -1.5 10
      vertex 3.92346 -1.19017 10
      vertex 6.22011 -1.88685 10
    endloop
  endfacet
  facet normal 0 0 1
    outer loop
      vertex 3.16934 2.60101 10
      vertex 5.02457 4.12356 10
      vertex 4.59619 4.59619 10
    endloop
  endfacet
  facet normal 0 0 1
    outer loop
      vertex 6.22011 -1.88685 10
      vertex 3.92346 -1.19017 10
      vertex 6.00522 -2.48744 10
    endloop
  endfacet
  facet normal 0 0 1
    outer loop
      vertex 2.89914 2.89914 10
      vertex 4.59619 4.59619 10
      vertex 4.12356 5.02457 10
    endloop
  endfacet
  facet normal -0 0 1
    outer loop
      vertex 3.78791 -1.569 10
      vertex 6.00522 -2.48744 10
      vertex 3.92346 -1.19017 10
    endloop
  endfacet
  facet normal 0 0 1
    outer loop
      vertex 6.00522 -2.48744 10
      vertex 3.78791 -1.569 10
      vertex 5.73249 -3.06408 10
    endloop
  endfacet
  facet normal 0 0 1
    outer loop
      vertex 6.31701 1.5 10
      vertex 4.08026 0.40187 10
      vertex 4.1 0 10
    endloop
  endfacet
  facet normal 0 0 1
    outer loop
      vertex 6.31701 1.5 10
      vertex 4.02122 0.79987 10
      vertex 4.08026 0.40187 10
    endloop
  endfacet
  facet normal 0 0 1
    outer loop
      vertex 6.31701 1.5 10
      vertex 3.92346 1.19017 10
      vertex 4.02122 0.79987 10
    endloop
  endfacet
  facet normal 0 0 1
    outer loop
      vertex 6.00522 2.48744 10
      vertex 3.78791 1.569 10
      vertex 3.92346 1.19017 10
    endloop
  endfacet
  facet normal 0 0 1
    outer loop
      vertex 5.73249 3.06408 10
      vertex 3.61588 1.93273 10
      vertex 3.78791 1.569 10
    endloop
  endfacet
  facet normal 0 0 1
    outer loop
      vertex 2.60101 3.16934 10
      vertex 4.12356 5.02457 10
      vertex 3.61121 5.40455 10
    endloop
  endfacet
  facet normal 0 0 1
    outer loop
      vertex 5.40455 3.61121 10
      vertex 3.40903 2.27784 10
      vertex 3.61588 1.93273 10
    endloop
  endfacet
  facet normal 0 0 1
    outer loop
      vertex 5.02457 4.12356 10
      vertex 3.16934 2.60101 10
      vertex 3.40903 2.27784 10
    endloop
  endfacet
  facet normal 0 0 1
    outer loop
      vertex 2.27784 3.40903 10
      vertex 3.61121 5.40455 10
      vertex 3.06408 5.73249 10
    endloop
  endfacet
  facet normal 0 0 1
    outer loop
      vertex 4.59619 4.59619 10
      vertex 2.89914 2.89914 10
      vertex 3.16934 2.60101 10
    endloop
  endfacet
  facet normal 0 0 1
    outer loop
      vertex 4.12356 5.02457 10
      vertex 2.60101 3.16934 10
      vertex 2.89914 2.89914 10
    endloop
  endfacet
  facet normal 0 0 1
    outer loop
      vertex 1.93273 3.61588 10
      vertex 3.06408 5.73249 10
      vertex 2.48744 6.00522 10
    endloop
  endfacet
  facet normal 0 0 1
    outer loop
      vertex 3.61121 5.40455 10
      vertex 2.27784 3.40903 10
      vertex 2.60101 3.16934 10
    endloop
  endfacet
  facet normal 0 0 1
    outer loop
      vertex 3.06408 5.73249 10
      vertex 1.93273 3.61588 10
      vertex 2.27784 3.40903 10
    endloop
  endfacet
  facet normal 0 0 1
    outer loop
      vertex 1.569 3.78791 10
      vertex 2.48744 6.00522 10
      vertex 1.88685 6.22011 10
    endloop
  endfacet
  facet normal 0 0 1
    outer loop
      vertex 2.48744 6.00522 10
      vertex 1.569 3.78791 10
      vertex 1.93273 3.61588 10
    endloop
  endfacet
  facet normal 0 0 1
    outer loop
      vertex 1.19017 3.92346 10
      vertex 1.88685 6.22011 10
      vertex 1.26809 6.3751 10
    endloop
  endfacet
  facet normal 0 0 1
    outer loop
      vertex 1.88685 6.22011 10
      vertex 1.19017 3.92346 10
      vertex 1.569 3.78791 10
    endloop
  endfacet
  facet normal 0 0 1
    outer loop
      vertex 1.26809 6.3751 10
      vertex 0.79987 4.02122 10
      vertex 1.19017 3.92346 10
    endloop
  endfacet
  facet normal 0 0 1
    outer loop
      vertex 0.637111 6.4687 10
      vertex 0.79987 4.02122 10
      vertex 1.26809 6.3751 10
    endloop
  endfacet
  facet normal 0 0 1
    outer loop
      vertex 0.637111 6.4687 10
      vertex 0.40187 4.08026 10
      vertex 0.79987 4.02122 10
    endloop
  endfacet
  facet normal 0 0 1
    outer loop
      vertex 0 6.5 10
      vertex 0.40187 4.08026 10
      vertex 0.637111 6.4687 10
    endloop
  endfacet
  facet normal 0 0 1
    outer loop
      vertex 0 6.5 10
      vertex 0 4.1 10
      vertex 0.40187 4.08026 10
    endloop
  endfacet
  facet normal 0 0 1
    outer loop
      vertex 0 6.5 10
      vertex -0.40187 4.08026 10
      vertex 0 4.1 10
    endloop
  endfacet
  facet normal -0 0 1
    outer loop
      vertex -0.637111 6.4687 10
      vertex -0.40187 4.08026 10
      vertex 0 6.5 10
    endloop
  endfacet
  facet normal 0 0 1
    outer loop
      vertex -0.637111 6.4687 10
      vertex -0.79987 4.02122 10
      vertex -0.40187 4.08026 10
    endloop
  endfacet
  facet normal -0 0 1
    outer loop
      vertex -1.26809 6.3751 10
      vertex -0.79987 4.02122 10
      vertex -0.637111 6.4687 10
    endloop
  endfacet
  facet normal -0 0 1
    outer loop
      vertex -1.86263 6.22618 10
      vertex -0.79987 4.02122 10
      vertex -1.26809 6.3751 10
    endloop
  endfacet
  facet normal 0 0 1
    outer loop
      vertex -0.79987 4.02122 10
      vertex -1.86263 6.22618 10
      vertex -1.19017 3.92346 10
    endloop
  endfacet
  facet normal 0 0 1
    outer loop
      vertex -1.19017 3.92346 10
      vertex -1.86263 6.22618 10
      vertex -1.569 3.78791 10
    endloop
  endfacet
  facet normal 0 0 1
    outer loop
      vertex -1.86263 6.22618 10
      vertex -1.93273 3.61588 10
      vertex -1.569 3.78791 10
    endloop
  endfacet
  facet normal -0 0 1
    outer loop
      vertex -4.45799 4.72146 10
      vertex -1.93273 3.61588 10
      vertex -1.86263 6.22618 10
    endloop
  endfacet
  facet normal 0 0 1
    outer loop
      vertex -1.93273 3.61588 10
      vertex -4.45799 4.72146 10
      vertex -2.27784 3.40903 10
    endloop
  endfacet
  facet normal 0 0 1
    outer loop
      vertex -2.27784 3.40903 10
      vertex -4.45799 4.72146 10
      vertex -2.60101 3.16934 10
    endloop
  endfacet
  facet normal 0 0 1
    outer loop
      vertex -2.60101 3.16934 10
      vertex -4.45799 4.72146 10
      vertex -2.89914 2.89914 10
    endloop
  endfacet
  facet normal -0 0 1
    outer loop
      vertex -4.59619 4.59619 10
      vertex -2.89914 2.89914 10
      vertex -4.45799 4.72146 10
    endloop
  endfacet
  facet normal 0 0 1
    outer loop
      vertex -2.89914 2.89914 10
      vertex -4.59619 4.59619 10
      vertex -3.16934 2.60101 10
    endloop
  endfacet
  facet normal -0 0 1
    outer loop
      vertex -5.02457 4.12356 10
      vertex -3.16934 2.60101 10
      vertex -4.59619 4.59619 10
    endloop
  endfacet
  facet normal 0 0 1
    outer loop
      vertex -3.61588 1.93273 10
      vertex -5.73249 3.06408 10
      vertex -3.78791 1.569 10
    endloop
  endfacet
  facet normal -0 0 1
    outer loop
      vertex -5.73249 3.06408 10
      vertex -3.61588 1.93273 10
      vertex -5.40455 3.61121 10
    endloop
  endfacet
  facet normal 0 0 1
    outer loop
      vertex -3.40903 2.27784 10
      vertex -5.40455 3.61121 10
      vertex -3.61588 1.93273 10
    endloop
  endfacet
  facet normal -0 0 1
    outer loop
      vertex -5.40455 3.61121 10
      vertex -3.40903 2.27784 10
      vertex -5.02457 4.12356 10
    endloop
  endfacet
  facet normal 0 0 1
    outer loop
      vertex -3.16934 2.60101 10
      vertex -5.02457 4.12356 10
      vertex -3.40903 2.27784 10
    endloop
  endfacet
  facet normal -0 0 1
    outer loop
      vertex -14.3776 26.8986 10
      vertex -1.86263 6.22618 10
      vertex -13.9222 27.114 10
    endloop
  endfacet
  facet normal 0 0 1
    outer loop
      vertex -1.86263 6.22618 10
      vertex -14.3776 26.8986 10
      vertex -4.45799 4.72146 10
    endloop
  endfacet
  facet normal 0 0 1
    outer loop
      vertex -4.45799 4.72146 10
      vertex -14.3776 26.8986 10
      vertex -16.5204 25.6142 10
    endloop
  endfacet
  facet normal -0 0 1
    outer loop
      vertex 3.61588 -1.93273 10
      vertex 5.73249 -3.06408 10
      vertex 3.78791 -1.569 10
    endloop
  endfacet
  facet normal 0 0 1
    outer loop
      vertex 5.73249 -3.06408 10
      vertex 3.61588 -1.93273 10
      vertex 5.40455 -3.61121 10
    endloop
  endfacet
  facet normal -0 0 1
    outer loop
      vertex 3.40903 -2.27784 10
      vertex 5.40455 -3.61121 10
      vertex 3.61588 -1.93273 10
    endloop
  endfacet
  facet normal 0 0 1
    outer loop
      vertex 5.40455 -3.61121 10
      vertex 3.40903 -2.27784 10
      vertex 5.02457 -4.12356 10
    endloop
  endfacet
  facet normal -0 0 1
    outer loop
      vertex 3.16934 -2.60101 10
      vertex 5.02457 -4.12356 10
      vertex 3.40903 -2.27784 10
    endloop
  endfacet
  facet normal 0 0 1
    outer loop
      vertex 5.02457 -4.12356 10
      vertex 3.16934 -2.60101 10
      vertex 4.59619 -4.59619 10
    endloop
  endfacet
  facet normal -0 0 1
    outer loop
      vertex 2.89914 -2.89914 10
      vertex 4.59619 -4.59619 10
      vertex 3.16934 -2.60101 10
    endloop
  endfacet
  facet normal 0 0 1
    outer loop
      vertex 4.59619 -4.59619 10
      vertex 2.89914 -2.89914 10
      vertex 4.12356 -5.02457 10
    endloop
  endfacet
  facet normal -0 0 1
    outer loop
      vertex 2.60101 -3.16934 10
      vertex 4.12356 -5.02457 10
      vertex 2.89914 -2.89914 10
    endloop
  endfacet
  facet normal 0 0 1
    outer loop
      vertex 4.12356 -5.02457 10
      vertex 2.60101 -3.16934 10
      vertex 3.61121 -5.40455 10
    endloop
  endfacet
  facet normal -0 0 1
    outer loop
      vertex 2.27784 -3.40903 10
      vertex 3.61121 -5.40455 10
      vertex 2.60101 -3.16934 10
    endloop
  endfacet
  facet normal 0 0 1
    outer loop
      vertex 3.61121 -5.40455 10
      vertex 2.27784 -3.40903 10
      vertex 3.06408 -5.73249 10
    endloop
  endfacet
  facet normal -0 0 1
    outer loop
      vertex 1.93273 -3.61588 10
      vertex 3.06408 -5.73249 10
      vertex 2.27784 -3.40903 10
    endloop
  endfacet
  facet normal 0 0 1
    outer loop
      vertex 3.06408 -5.73249 10
      vertex 1.93273 -3.61588 10
      vertex 2.48744 -6.00522 10
    endloop
  endfacet
  facet normal -0 0 1
    outer loop
      vertex 1.569 -3.78791 10
      vertex 2.48744 -6.00522 10
      vertex 1.93273 -3.61588 10
    endloop
  endfacet
  facet normal 0 0 1
    outer loop
      vertex 2.48744 -6.00522 10
      vertex 1.569 -3.78791 10
      vertex 1.88685 -6.22011 10
    endloop
  endfacet
  facet normal -0 0 1
    outer loop
      vertex 1.19017 -3.92346 10
      vertex 1.88685 -6.22011 10
      vertex 1.569 -3.78791 10
    endloop
  endfacet
  facet normal 0 0 1
    outer loop
      vertex 1.88685 -6.22011 10
      vertex 1.19017 -3.92346 10
      vertex 1.26809 -6.3751 10
    endloop
  endfacet
  facet normal -0 0 1
    outer loop
      vertex 0.79987 -4.02122 10
      vertex 1.26809 -6.3751 10
      vertex 1.19017 -3.92346 10
    endloop
  endfacet
  facet normal 0 0 1
    outer loop
      vertex 0.79987 -4.02122 10
      vertex 0.637111 -6.4687 10
      vertex 1.26809 -6.3751 10
    endloop
  endfacet
  facet normal -0 0 1
    outer loop
      vertex 0.40187 -4.08026 10
      vertex 0.637111 -6.4687 10
      vertex 0.79987 -4.02122 10
    endloop
  endfacet
  facet normal -0 0 1
    outer loop
      vertex 0 -4.1 10
      vertex 0.637111 -6.4687 10
      vertex 0.40187 -4.08026 10
    endloop
  endfacet
  facet normal 0 0 1
    outer loop
      vertex 0 -4.1 10
      vertex 0 -6.5 10
      vertex 0.637111 -6.4687 10
    endloop
  endfacet
  facet normal 0 0 1
    outer loop
      vertex -0.40187 -4.08026 10
      vertex 0 -6.5 10
      vertex 0 -4.1 10
    endloop
  endfacet
  facet normal 0 0 1
    outer loop
      vertex -0.40187 -4.08026 10
      vertex -0.637111 -6.4687 10
      vertex 0 -6.5 10
    endloop
  endfacet
  facet normal 0 0 1
    outer loop
      vertex -0.79987 -4.02122 10
      vertex -0.637111 -6.4687 10
      vertex -0.40187 -4.08026 10
    endloop
  endfacet
  facet normal 0 0 1
    outer loop
      vertex -1.86263 -6.22618 10
      vertex -0.79987 -4.02122 10
      vertex -1.19017 -3.92346 10
    endloop
  endfacet
  facet normal 0 0 1
    outer loop
      vertex -0.79987 -4.02122 10
      vertex -1.26809 -6.3751 10
      vertex -0.637111 -6.4687 10
    endloop
  endfacet
  facet normal 0 0 1
    outer loop
      vertex -1.86263 -6.22618 10
      vertex -1.19017 -3.92346 10
      vertex -1.569 -3.78791 10
    endloop
  endfacet
  facet normal 0 0 1
    outer loop
      vertex -0.79987 -4.02122 10
      vertex -1.86263 -6.22618 10
      vertex -1.26809 -6.3751 10
    endloop
  endfacet
  facet normal 0 0 1
    outer loop
      vertex -1.93273 -3.61588 10
      vertex -1.86263 -6.22618 10
      vertex -1.569 -3.78791 10
    endloop
  endfacet
  facet normal 0 0 1
    outer loop
      vertex -4.45799 -4.72146 10
      vertex -1.93273 -3.61588 10
      vertex -2.27784 -3.40903 10
    endloop
  endfacet
  facet normal 0 0 1
    outer loop
      vertex -4.45799 -4.72146 10
      vertex -2.27784 -3.40903 10
      vertex -2.60101 -3.16934 10
    endloop
  endfacet
  facet normal 0 0 1
    outer loop
      vertex -4.45799 -4.72146 10
      vertex -2.60101 -3.16934 10
      vertex -2.89914 -2.89914 10
    endloop
  endfacet
  facet normal 0 0 1
    outer loop
      vertex -4.45799 -4.72146 10
      vertex -2.89914 -2.89914 10
      vertex -3.16934 -2.60101 10
    endloop
  endfacet
  facet normal 0 0 1
    outer loop
      vertex -4.45799 -4.72146 10
      vertex -3.16934 -2.60101 10
      vertex -3.40903 -2.27784 10
    endloop
  endfacet
  facet normal 0 0 1
    outer loop
      vertex -4.45799 -4.72146 10
      vertex -3.40903 -2.27784 10
      vertex -3.61588 -1.93273 10
    endloop
  endfacet
  facet normal 0 0 1
    outer loop
      vertex -4.45799 -4.72146 10
      vertex -3.61588 -1.93273 10
      vertex -3.78791 -1.569 10
    endloop
  endfacet
  facet normal -0 0 1
    outer loop
      vertex -6.00522 2.48744 10
      vertex -3.78791 1.569 10
      vertex -5.73249 3.06408 10
    endloop
  endfacet
  facet normal 0 0 1
    outer loop
      vertex -4.1 0 10
      vertex -4.45799 -4.72146 10
      vertex -4.08026 -0.40187 10
    endloop
  endfacet
  facet normal 0 0 1
    outer loop
      vertex -4.45799 -4.72146 10
      vertex -4.02122 -0.79987 10
      vertex -4.08026 -0.40187 10
    endloop
  endfacet
  facet normal 0 0 1
    outer loop
      vertex -4.45799 -4.72146 10
      vertex -3.92346 -1.19017 10
      vertex -4.02122 -0.79987 10
    endloop
  endfacet
  facet normal 0 0 1
    outer loop
      vertex -4.45799 -4.72146 10
      vertex -3.78791 -1.569 10
      vertex -3.92346 -1.19017 10
    endloop
  endfacet
  facet normal 0 0 1
    outer loop
      vertex -1.93273 -3.61588 10
      vertex -4.45799 -4.72146 10
      vertex -1.86263 -6.22618 10
    endloop
  endfacet
  facet normal 0 0 1
    outer loop
      vertex -14.3776 -26.8986 10
      vertex -1.86263 -6.22618 10
      vertex -4.45799 -4.72146 10
    endloop
  endfacet
  facet normal 0 0 1
    outer loop
      vertex -1.86263 -6.22618 10
      vertex -14.3776 -26.8986 10
      vertex -13.9222 -27.114 10
    endloop
  endfacet
  facet normal 0 -0 1
    outer loop
      vertex -14.3776 -26.8986 10
      vertex -4.45799 -4.72146 10
      vertex -16.5204 -25.6142 10
    endloop
  endfacet
  facet normal 0.740941 -0.67157 0
    outer loop
      vertex 4.59619 -4.59619 10
      vertex 5.02457 -4.12356 0
      vertex 5.02457 -4.12356 10
    endloop
  endfacet
  facet normal 0.740941 -0.67157 0
    outer loop
      vertex 5.02457 -4.12356 0
      vertex 4.59619 -4.59619 10
      vertex 4.59619 -4.59619 0
    endloop
  endfacet
  facet normal -0.671546 -0.740963 0
    outer loop
      vertex 2.60101 3.16934 0
      vertex 2.89914 2.89914 10
      vertex 2.60101 3.16934 10
    endloop
  endfacet
  facet normal -0.671546 -0.740963 -0
    outer loop
      vertex 2.89914 2.89914 10
      vertex 2.60101 3.16934 0
      vertex 2.89914 2.89914 0
    endloop
  endfacet
  facet normal -0.998796 0.0490612 0
    outer loop
      vertex 4.08026 -0.40187 0
      vertex 4.1 0 10
      vertex 4.1 0 0
    endloop
  endfacet
  facet normal -0.998796 0.0490612 0
    outer loop
      vertex 4.1 0 10
      vertex 4.08026 -0.40187 0
      vertex 4.08026 -0.40187 10
    endloop
  endfacet
  facet normal 0.336895 -0.941542 0
    outer loop
      vertex -1.569 3.78791 0
      vertex -1.19017 3.92346 10
      vertex -1.569 3.78791 10
    endloop
  endfacet
  facet normal 0.336895 -0.941542 0
    outer loop
      vertex -1.19017 3.92346 10
      vertex -1.569 3.78791 0
      vertex -1.19017 3.92346 0
    endloop
  endfacet
  facet normal 0.903991 -0.427552 0
    outer loop
      vertex -3.78791 1.569 10
      vertex -3.61588 1.93273 0
      vertex -3.61588 1.93273 10
    endloop
  endfacet
  facet normal 0.903991 -0.427552 0
    outer loop
      vertex -3.61588 1.93273 0
      vertex -3.78791 1.569 10
      vertex -3.78791 1.569 0
    endloop
  endfacet
  facet normal -0.903991 -0.427552 0
    outer loop
      vertex 3.78791 1.569 0
      vertex 3.61588 1.93273 10
      vertex 3.61588 1.93273 0
    endloop
  endfacet
  facet normal -0.903991 -0.427552 0
    outer loop
      vertex 3.61588 1.93273 10
      vertex 3.78791 1.569 0
      vertex 3.78791 1.569 10
    endloop
  endfacet
  facet normal -0.85773 -0.514101 0
    outer loop
      vertex 3.61588 1.93273 0
      vertex 3.40903 2.27784 10
      vertex 3.40903 2.27784 0
    endloop
  endfacet
  facet normal -0.85773 -0.514101 0
    outer loop
      vertex 3.40903 2.27784 10
      vertex 3.61588 1.93273 0
      vertex 3.61588 1.93273 10
    endloop
  endfacet
  facet normal -0.427552 -0.903991 0
    outer loop
      vertex 1.569 3.78791 0
      vertex 1.93273 3.61588 10
      vertex 1.569 3.78791 10
    endloop
  endfacet
  facet normal -0.427552 -0.903991 -0
    outer loop
      vertex 1.93273 3.61588 10
      vertex 1.569 3.78791 0
      vertex 1.93273 3.61588 0
    endloop
  endfacet
  facet normal -0.146736 -0.989176 0
    outer loop
      vertex 0.40187 4.08026 0
      vertex 0.79987 4.02122 10
      vertex 0.40187 4.08026 10
    endloop
  endfacet
  facet normal -0.146736 -0.989176 -0
    outer loop
      vertex 0.79987 4.02122 10
      vertex 0.40187 4.08026 0
      vertex 0.79987 4.02122 0
    endloop
  endfacet
  facet normal 0.989176 -0.146736 0
    outer loop
      vertex -4.08026 0.40187 10
      vertex -4.02122 0.79987 0
      vertex -4.02122 0.79987 10
    endloop
  endfacet
  facet normal 0.989176 -0.146736 0
    outer loop
      vertex -4.02122 0.79987 0
      vertex -4.08026 0.40187 10
      vertex -4.08026 0.40187 0
    endloop
  endfacet
  facet normal 0.740963 -0.671546 0
    outer loop
      vertex -3.16934 2.60101 10
      vertex -2.89914 2.89914 0
      vertex -2.89914 2.89914 10
    endloop
  endfacet
  facet normal 0.740963 -0.671546 0
    outer loop
      vertex -2.89914 2.89914 0
      vertex -3.16934 2.60101 10
      vertex -3.16934 2.60101 0
    endloop
  endfacet
  facet normal 0.146736 -0.989176 0
    outer loop
      vertex -0.79987 4.02122 0
      vertex -0.40187 4.08026 10
      vertex -0.79987 4.02122 10
    endloop
  endfacet
  facet normal 0.146736 -0.989176 0
    outer loop
      vertex -0.40187 4.08026 10
      vertex -0.79987 4.02122 0
      vertex -0.40187 4.08026 0
    endloop
  endfacet
  facet normal -0.941542 0.336895 0
    outer loop
      vertex 3.78791 -1.569 0
      vertex 3.92346 -1.19017 10
      vertex 3.92346 -1.19017 0
    endloop
  endfacet
  facet normal -0.941542 0.336895 0
    outer loop
      vertex 3.92346 -1.19017 10
      vertex 3.78791 -1.569 0
      vertex 3.78791 -1.569 10
    endloop
  endfacet
  facet normal 0.146736 0.989176 -0
    outer loop
      vertex -0.40187 -4.08026 0
      vertex -0.79987 -4.02122 10
      vertex -0.40187 -4.08026 10
    endloop
  endfacet
  facet normal 0.146736 0.989176 0
    outer loop
      vertex -0.79987 -4.02122 10
      vertex -0.40187 -4.08026 0
      vertex -0.79987 -4.02122 0
    endloop
  endfacet
  facet normal 0.671546 0.740963 -0
    outer loop
      vertex -2.60101 -3.16934 0
      vertex -2.89914 -2.89914 10
      vertex -2.60101 -3.16934 10
    endloop
  endfacet
  facet normal 0.671546 0.740963 0
    outer loop
      vertex -2.89914 -2.89914 10
      vertex -2.60101 -3.16934 0
      vertex -2.89914 -2.89914 0
    endloop
  endfacet
  facet normal -0.989176 -0.146736 0
    outer loop
      vertex 4.08026 0.40187 0
      vertex 4.02122 0.79987 10
      vertex 4.02122 0.79987 0
    endloop
  endfacet
  facet normal -0.989176 -0.146736 0
    outer loop
      vertex 4.02122 0.79987 10
      vertex 4.08026 0.40187 0
      vertex 4.08026 0.40187 10
    endloop
  endfacet
  facet normal -0.970034 -0.242968 0
    outer loop
      vertex 4.02122 0.79987 0
      vertex 3.92346 1.19017 10
      vertex 3.92346 1.19017 0
    endloop
  endfacet
  facet normal -0.970034 -0.242968 0
    outer loop
      vertex 3.92346 1.19017 10
      vertex 4.02122 0.79987 0
      vertex 4.02122 0.79987 10
    endloop
  endfacet
  facet normal -0.941542 -0.336895 0
    outer loop
      vertex 3.92346 1.19017 0
      vertex 3.78791 1.569 10
      vertex 3.78791 1.569 0
    endloop
  endfacet
  facet normal -0.941542 -0.336895 0
    outer loop
      vertex 3.78791 1.569 10
      vertex 3.92346 1.19017 0
      vertex 3.92346 1.19017 10
    endloop
  endfacet
  facet normal -0.803195 -0.595717 0
    outer loop
      vertex 3.40903 2.27784 0
      vertex 3.16934 2.60101 10
      vertex 3.16934 2.60101 0
    endloop
  endfacet
  facet normal -0.803195 -0.595717 0
    outer loop
      vertex 3.16934 2.60101 10
      vertex 3.40903 2.27784 0
      vertex 3.40903 2.27784 10
    endloop
  endfacet
  facet normal -0.740963 -0.671546 0
    outer loop
      vertex 3.16934 2.60101 0
      vertex 2.89914 2.89914 10
      vertex 2.89914 2.89914 0
    endloop
  endfacet
  facet normal -0.740963 -0.671546 0
    outer loop
      vertex 2.89914 2.89914 10
      vertex 3.16934 2.60101 0
      vertex 3.16934 2.60101 10
    endloop
  endfacet
  facet normal -0.595717 -0.803195 0
    outer loop
      vertex 2.27784 3.40903 0
      vertex 2.60101 3.16934 10
      vertex 2.27784 3.40903 10
    endloop
  endfacet
  facet normal -0.595717 -0.803195 -0
    outer loop
      vertex 2.60101 3.16934 10
      vertex 2.27784 3.40903 0
      vertex 2.60101 3.16934 0
    endloop
  endfacet
  facet normal -0.0490612 -0.998796 0
    outer loop
      vertex 0 4.1 0
      vertex 0.40187 4.08026 10
      vertex 0 4.1 10
    endloop
  endfacet
  facet normal -0.0490612 -0.998796 -0
    outer loop
      vertex 0.40187 4.08026 10
      vertex 0 4.1 0
      vertex 0.40187 4.08026 0
    endloop
  endfacet
  facet normal -0.514101 -0.85773 0
    outer loop
      vertex 1.93273 3.61588 0
      vertex 2.27784 3.40903 10
      vertex 1.93273 3.61588 10
    endloop
  endfacet
  facet normal -0.514101 -0.85773 -0
    outer loop
      vertex 2.27784 3.40903 10
      vertex 1.93273 3.61588 0
      vertex 2.27784 3.40903 0
    endloop
  endfacet
  facet normal -0.336895 -0.941542 0
    outer loop
      vertex 1.19017 3.92346 0
      vertex 1.569 3.78791 10
      vertex 1.19017 3.92346 10
    endloop
  endfacet
  facet normal -0.336895 -0.941542 -0
    outer loop
      vertex 1.569 3.78791 10
      vertex 1.19017 3.92346 0
      vertex 1.569 3.78791 0
    endloop
  endfacet
  facet normal -0.242968 -0.970034 0
    outer loop
      vertex 0.79987 4.02122 0
      vertex 1.19017 3.92346 10
      vertex 0.79987 4.02122 10
    endloop
  endfacet
  facet normal -0.242968 -0.970034 -0
    outer loop
      vertex 1.19017 3.92346 10
      vertex 0.79987 4.02122 0
      vertex 1.19017 3.92346 0
    endloop
  endfacet
  facet normal 0.998796 -0.0490612 0
    outer loop
      vertex -4.1 0 10
      vertex -4.08026 0.40187 0
      vertex -4.08026 0.40187 10
    endloop
  endfacet
  facet normal 0.998796 -0.0490612 0
    outer loop
      vertex -4.08026 0.40187 0
      vertex -4.1 0 10
      vertex -4.1 0 0
    endloop
  endfacet
  facet normal 0.941542 -0.336895 0
    outer loop
      vertex -3.92346 1.19017 10
      vertex -3.78791 1.569 0
      vertex -3.78791 1.569 10
    endloop
  endfacet
  facet normal 0.941542 -0.336895 0
    outer loop
      vertex -3.78791 1.569 0
      vertex -3.92346 1.19017 10
      vertex -3.92346 1.19017 0
    endloop
  endfacet
  facet normal 0.970034 -0.242968 0
    outer loop
      vertex -4.02122 0.79987 10
      vertex -3.92346 1.19017 0
      vertex -3.92346 1.19017 10
    endloop
  endfacet
  facet normal 0.970034 -0.242968 0
    outer loop
      vertex -3.92346 1.19017 0
      vertex -4.02122 0.79987 10
      vertex -4.02122 0.79987 0
    endloop
  endfacet
  facet normal 0.85773 -0.514101 0
    outer loop
      vertex -3.61588 1.93273 10
      vertex -3.40903 2.27784 0
      vertex -3.40903 2.27784 10
    endloop
  endfacet
  facet normal 0.85773 -0.514101 0
    outer loop
      vertex -3.40903 2.27784 0
      vertex -3.61588 1.93273 10
      vertex -3.61588 1.93273 0
    endloop
  endfacet
  facet normal 0.803195 -0.595717 0
    outer loop
      vertex -3.40903 2.27784 10
      vertex -3.16934 2.60101 0
      vertex -3.16934 2.60101 10
    endloop
  endfacet
  facet normal 0.803195 -0.595717 0
    outer loop
      vertex -3.16934 2.60101 0
      vertex -3.40903 2.27784 10
      vertex -3.40903 2.27784 0
    endloop
  endfacet
  facet normal 0.242968 -0.970034 0
    outer loop
      vertex -1.19017 3.92346 0
      vertex -0.79987 4.02122 10
      vertex -1.19017 3.92346 10
    endloop
  endfacet
  facet normal 0.242968 -0.970034 0
    outer loop
      vertex -0.79987 4.02122 10
      vertex -1.19017 3.92346 0
      vertex -0.79987 4.02122 0
    endloop
  endfacet
  facet normal 0.0490612 -0.998796 0
    outer loop
      vertex -0.40187 4.08026 0
      vertex 0 4.1 10
      vertex -0.40187 4.08026 10
    endloop
  endfacet
  facet normal 0.0490612 -0.998796 0
    outer loop
      vertex 0 4.1 10
      vertex -0.40187 4.08026 0
      vertex 0 4.1 0
    endloop
  endfacet
  facet normal 0.514101 -0.85773 0
    outer loop
      vertex -2.27784 3.40903 0
      vertex -1.93273 3.61588 10
      vertex -2.27784 3.40903 10
    endloop
  endfacet
  facet normal 0.514101 -0.85773 0
    outer loop
      vertex -1.93273 3.61588 10
      vertex -2.27784 3.40903 0
      vertex -1.93273 3.61588 0
    endloop
  endfacet
  facet normal 0.595717 -0.803195 0
    outer loop
      vertex -2.60101 3.16934 0
      vertex -2.27784 3.40903 10
      vertex -2.60101 3.16934 10
    endloop
  endfacet
  facet normal 0.595717 -0.803195 0
    outer loop
      vertex -2.27784 3.40903 10
      vertex -2.60101 3.16934 0
      vertex -2.27784 3.40903 0
    endloop
  endfacet
  facet normal 0.427552 -0.903991 0
    outer loop
      vertex -1.93273 3.61588 0
      vertex -1.569 3.78791 10
      vertex -1.93273 3.61588 10
    endloop
  endfacet
  facet normal 0.427552 -0.903991 0
    outer loop
      vertex -1.569 3.78791 10
      vertex -1.93273 3.61588 0
      vertex -1.569 3.78791 0
    endloop
  endfacet
  facet normal 0.671546 -0.740963 0
    outer loop
      vertex -2.89914 2.89914 0
      vertex -2.60101 3.16934 10
      vertex -2.89914 2.89914 10
    endloop
  endfacet
  facet normal 0.671546 -0.740963 0
    outer loop
      vertex -2.60101 3.16934 10
      vertex -2.89914 2.89914 0
      vertex -2.60101 3.16934 0
    endloop
  endfacet
  facet normal -0.998796 -0.0490612 0
    outer loop
      vertex 4.1 0 0
      vertex 4.08026 0.40187 10
      vertex 4.08026 0.40187 0
    endloop
  endfacet
  facet normal -0.998796 -0.0490612 0
    outer loop
      vertex 4.08026 0.40187 10
      vertex 4.1 0 0
      vertex 4.1 0 10
    endloop
  endfacet
  facet normal -0.970034 0.242968 0
    outer loop
      vertex 3.92346 -1.19017 0
      vertex 4.02122 -0.79987 10
      vertex 4.02122 -0.79987 0
    endloop
  endfacet
  facet normal -0.970034 0.242968 0
    outer loop
      vertex 4.02122 -0.79987 10
      vertex 3.92346 -1.19017 0
      vertex 3.92346 -1.19017 10
    endloop
  endfacet
  facet normal -0.0490612 0.998796 0
    outer loop
      vertex 0.40187 -4.08026 0
      vertex 0 -4.1 10
      vertex 0.40187 -4.08026 10
    endloop
  endfacet
  facet normal -0.0490612 0.998796 0
    outer loop
      vertex 0 -4.1 10
      vertex 0.40187 -4.08026 0
      vertex 0 -4.1 0
    endloop
  endfacet
  facet normal -0.242968 0.970034 0
    outer loop
      vertex 1.19017 -3.92346 0
      vertex 0.79987 -4.02122 10
      vertex 1.19017 -3.92346 10
    endloop
  endfacet
  facet normal -0.242968 0.970034 0
    outer loop
      vertex 0.79987 -4.02122 10
      vertex 1.19017 -3.92346 0
      vertex 0.79987 -4.02122 0
    endloop
  endfacet
  facet normal -0.671546 0.740963 0
    outer loop
      vertex 2.89914 -2.89914 0
      vertex 2.60101 -3.16934 10
      vertex 2.89914 -2.89914 10
    endloop
  endfacet
  facet normal -0.671546 0.740963 0
    outer loop
      vertex 2.60101 -3.16934 10
      vertex 2.89914 -2.89914 0
      vertex 2.60101 -3.16934 0
    endloop
  endfacet
  facet normal -0.595717 0.803195 0
    outer loop
      vertex 2.60101 -3.16934 0
      vertex 2.27784 -3.40903 10
      vertex 2.60101 -3.16934 10
    endloop
  endfacet
  facet normal -0.595717 0.803195 0
    outer loop
      vertex 2.27784 -3.40903 10
      vertex 2.60101 -3.16934 0
      vertex 2.27784 -3.40903 0
    endloop
  endfacet
  facet normal -0.427552 0.903991 0
    outer loop
      vertex 1.93273 -3.61588 0
      vertex 1.569 -3.78791 10
      vertex 1.93273 -3.61588 10
    endloop
  endfacet
  facet normal -0.427552 0.903991 0
    outer loop
      vertex 1.569 -3.78791 10
      vertex 1.93273 -3.61588 0
      vertex 1.569 -3.78791 0
    endloop
  endfacet
  facet normal 0.336895 0.941542 -0
    outer loop
      vertex -1.19017 -3.92346 0
      vertex -1.569 -3.78791 10
      vertex -1.19017 -3.92346 10
    endloop
  endfacet
  facet normal 0.336895 0.941542 0
    outer loop
      vertex -1.569 -3.78791 10
      vertex -1.19017 -3.92346 0
      vertex -1.569 -3.78791 0
    endloop
  endfacet
  facet normal 0.514101 0.85773 -0
    outer loop
      vertex -1.93273 -3.61588 0
      vertex -2.27784 -3.40903 10
      vertex -1.93273 -3.61588 10
    endloop
  endfacet
  facet normal 0.514101 0.85773 0
    outer loop
      vertex -2.27784 -3.40903 10
      vertex -1.93273 -3.61588 0
      vertex -2.27784 -3.40903 0
    endloop
  endfacet
  facet normal 0.970034 0.242968 0
    outer loop
      vertex -3.92346 -1.19017 10
      vertex -4.02122 -0.79987 0
      vertex -4.02122 -0.79987 10
    endloop
  endfacet
  facet normal 0.970034 0.242968 0
    outer loop
      vertex -4.02122 -0.79987 0
      vertex -3.92346 -1.19017 10
      vertex -3.92346 -1.19017 0
    endloop
  endfacet
  facet normal 0.998796 0.0490612 0
    outer loop
      vertex -4.08026 -0.40187 10
      vertex -4.1 0 0
      vertex -4.1 0 10
    endloop
  endfacet
  facet normal 0.998796 0.0490612 0
    outer loop
      vertex -4.1 0 0
      vertex -4.08026 -0.40187 10
      vertex -4.08026 -0.40187 0
    endloop
  endfacet
  facet normal 0.803195 0.595717 0
    outer loop
      vertex -3.16934 -2.60101 10
      vertex -3.40903 -2.27784 0
      vertex -3.40903 -2.27784 10
    endloop
  endfacet
  facet normal 0.803195 0.595717 0
    outer loop
      vertex -3.40903 -2.27784 0
      vertex -3.16934 -2.60101 10
      vertex -3.16934 -2.60101 0
    endloop
  endfacet
  facet normal 0.903991 0.427552 0
    outer loop
      vertex -3.61588 -1.93273 10
      vertex -3.78791 -1.569 0
      vertex -3.78791 -1.569 10
    endloop
  endfacet
  facet normal 0.903991 0.427552 0
    outer loop
      vertex -3.78791 -1.569 0
      vertex -3.61588 -1.93273 10
      vertex -3.61588 -1.93273 0
    endloop
  endfacet
  facet normal -0.85773 0.514101 0
    outer loop
      vertex 3.40903 -2.27784 0
      vertex 3.61588 -1.93273 10
      vertex 3.61588 -1.93273 0
    endloop
  endfacet
  facet normal -0.85773 0.514101 0
    outer loop
      vertex 3.61588 -1.93273 10
      vertex 3.40903 -2.27784 0
      vertex 3.40903 -2.27784 10
    endloop
  endfacet
  facet normal -0.146736 0.989176 0
    outer loop
      vertex 0.79987 -4.02122 0
      vertex 0.40187 -4.08026 10
      vertex 0.79987 -4.02122 10
    endloop
  endfacet
  facet normal -0.146736 0.989176 0
    outer loop
      vertex 0.40187 -4.08026 10
      vertex 0.79987 -4.02122 0
      vertex 0.40187 -4.08026 0
    endloop
  endfacet
  facet normal -0.336895 0.941542 0
    outer loop
      vertex 1.569 -3.78791 0
      vertex 1.19017 -3.92346 10
      vertex 1.569 -3.78791 10
    endloop
  endfacet
  facet normal -0.336895 0.941542 0
    outer loop
      vertex 1.19017 -3.92346 10
      vertex 1.569 -3.78791 0
      vertex 1.19017 -3.92346 0
    endloop
  endfacet
  facet normal -0.514101 0.85773 0
    outer loop
      vertex 2.27784 -3.40903 0
      vertex 1.93273 -3.61588 10
      vertex 2.27784 -3.40903 10
    endloop
  endfacet
  facet normal -0.514101 0.85773 0
    outer loop
      vertex 1.93273 -3.61588 10
      vertex 2.27784 -3.40903 0
      vertex 1.93273 -3.61588 0
    endloop
  endfacet
  facet normal 0.0490612 0.998796 -0
    outer loop
      vertex 0 -4.1 0
      vertex -0.40187 -4.08026 10
      vertex 0 -4.1 10
    endloop
  endfacet
  facet normal 0.0490612 0.998796 0
    outer loop
      vertex -0.40187 -4.08026 10
      vertex 0 -4.1 0
      vertex -0.40187 -4.08026 0
    endloop
  endfacet
  facet normal 0.242968 0.970034 -0
    outer loop
      vertex -0.79987 -4.02122 0
      vertex -1.19017 -3.92346 10
      vertex -0.79987 -4.02122 10
    endloop
  endfacet
  facet normal 0.242968 0.970034 0
    outer loop
      vertex -1.19017 -3.92346 10
      vertex -0.79987 -4.02122 0
      vertex -1.19017 -3.92346 0
    endloop
  endfacet
  facet normal 0.427552 0.903991 -0
    outer loop
      vertex -1.569 -3.78791 0
      vertex -1.93273 -3.61588 10
      vertex -1.569 -3.78791 10
    endloop
  endfacet
  facet normal 0.427552 0.903991 0
    outer loop
      vertex -1.93273 -3.61588 10
      vertex -1.569 -3.78791 0
      vertex -1.93273 -3.61588 0
    endloop
  endfacet
  facet normal 0.595717 0.803195 -0
    outer loop
      vertex -2.27784 -3.40903 0
      vertex -2.60101 -3.16934 10
      vertex -2.27784 -3.40903 10
    endloop
  endfacet
  facet normal 0.595717 0.803195 0
    outer loop
      vertex -2.60101 -3.16934 10
      vertex -2.27784 -3.40903 0
      vertex -2.60101 -3.16934 0
    endloop
  endfacet
  facet normal 0.941542 0.336895 0
    outer loop
      vertex -3.78791 -1.569 10
      vertex -3.92346 -1.19017 0
      vertex -3.92346 -1.19017 10
    endloop
  endfacet
  facet normal 0.941542 0.336895 0
    outer loop
      vertex -3.92346 -1.19017 0
      vertex -3.78791 -1.569 10
      vertex -3.78791 -1.569 0
    endloop
  endfacet
  facet normal 0.989176 0.146736 0
    outer loop
      vertex -4.02122 -0.79987 10
      vertex -4.08026 -0.40187 0
      vertex -4.08026 -0.40187 10
    endloop
  endfacet
  facet normal 0.989176 0.146736 0
    outer loop
      vertex -4.08026 -0.40187 0
      vertex -4.02122 -0.79987 10
      vertex -4.02122 -0.79987 0
    endloop
  endfacet
  facet normal 0.85773 0.514101 0
    outer loop
      vertex -3.40903 -2.27784 10
      vertex -3.61588 -1.93273 0
      vertex -3.61588 -1.93273 10
    endloop
  endfacet
  facet normal 0.85773 0.514101 0
    outer loop
      vertex -3.61588 -1.93273 0
      vertex -3.40903 -2.27784 10
      vertex -3.40903 -2.27784 0
    endloop
  endfacet
  facet normal 0.740963 0.671546 0
    outer loop
      vertex -2.89914 -2.89914 10
      vertex -3.16934 -2.60101 0
      vertex -3.16934 -2.60101 10
    endloop
  endfacet
  facet normal 0.740963 0.671546 0
    outer loop
      vertex -3.16934 -2.60101 0
      vertex -2.89914 -2.89914 10
      vertex -2.89914 -2.89914 0
    endloop
  endfacet
  facet normal -0.989176 0.146736 0
    outer loop
      vertex 4.02122 -0.79987 0
      vertex 4.08026 -0.40187 10
      vertex 4.08026 -0.40187 0
    endloop
  endfacet
  facet normal -0.989176 0.146736 0
    outer loop
      vertex 4.08026 -0.40187 10
      vertex 4.02122 -0.79987 0
      vertex 4.02122 -0.79987 10
    endloop
  endfacet
  facet normal -0.903991 0.427552 0
    outer loop
      vertex 3.61588 -1.93273 0
      vertex 3.78791 -1.569 10
      vertex 3.78791 -1.569 0
    endloop
  endfacet
  facet normal -0.903991 0.427552 0
    outer loop
      vertex 3.78791 -1.569 10
      vertex 3.61588 -1.93273 0
      vertex 3.61588 -1.93273 10
    endloop
  endfacet
  facet normal -0.803195 0.595717 0
    outer loop
      vertex 3.16934 -2.60101 0
      vertex 3.40903 -2.27784 10
      vertex 3.40903 -2.27784 0
    endloop
  endfacet
  facet normal -0.803195 0.595717 0
    outer loop
      vertex 3.40903 -2.27784 10
      vertex 3.16934 -2.60101 0
      vertex 3.16934 -2.60101 10
    endloop
  endfacet
  facet normal -0.740963 0.671546 0
    outer loop
      vertex 2.89914 -2.89914 0
      vertex 3.16934 -2.60101 10
      vertex 3.16934 -2.60101 0
    endloop
  endfacet
  facet normal -0.740963 0.671546 0
    outer loop
      vertex 3.16934 -2.60101 10
      vertex 2.89914 -2.89914 0
      vertex 2.89914 -2.89914 10
    endloop
  endfacet
  facet normal -0.336897 0.941541 0
    outer loop
      vertex -9.43425 31.1006 0
      vertex -12.4372 30.0261 18.5433
      vertex -9.43425 31.1006 18.7743
    endloop
  endfacet
  facet normal -0.336897 0.941541 0
    outer loop
      vertex -12.4372 30.0261 18.5433
      vertex -9.43425 31.1006 0
      vertex -12.4372 30.0261 0
    endloop
  endfacet
  facet normal -0.903983 0.427567 0
    outer loop
      vertex -30.0261 12.4372 17.1903
      vertex -28.6624 15.3204 0
      vertex -30.0261 12.4372 0
    endloop
  endfacet
  facet normal -0.903983 0.427567 0
    outer loop
      vertex -28.6624 15.3204 0
      vertex -30.0261 12.4372 17.1903
      vertex -28.6624 15.3204 17.2952
    endloop
  endfacet
  facet normal -0.903983 -0.427567 0
    outer loop
      vertex -28.6624 -15.3204 0
      vertex -30.0261 -12.4372 17.1903
      vertex -30.0261 -12.4372 0
    endloop
  endfacet
  facet normal -0.903983 -0.427567 0
    outer loop
      vertex -30.0261 -12.4372 17.1903
      vertex -28.6624 -15.3204 0
      vertex -28.6624 -15.3204 17.2952
    endloop
  endfacet
  facet normal -0.595707 0.803202 0
    outer loop
      vertex -18.056 27.0228 0
      vertex -20.6178 25.1228 17.914
      vertex -18.056 27.0228 18.1111
    endloop
  endfacet
  facet normal -0.595707 0.803202 0
    outer loop
      vertex -20.6178 25.1228 17.914
      vertex -18.056 27.0228 0
      vertex -20.6178 25.1228 0
    endloop
  endfacet
  facet normal -0.0490688 -0.998795 0
    outer loop
      vertex 0 -32.5 0
      vertex -3.18556 -32.3435 19.255
      vertex -3.18556 -32.3435 0
    endloop
  endfacet
  facet normal -0.0490688 -0.998795 0
    outer loop
      vertex -3.18556 -32.3435 19.255
      vertex 0 -32.5 0
      vertex 0 -32.5 19.5
    endloop
  endfacet
  facet normal -0.51409 -0.857736 0
    outer loop
      vertex -15.3204 -28.6624 0
      vertex -18.056 -27.0228 18.1111
      vertex -18.056 -27.0228 0
    endloop
  endfacet
  facet normal -0.51409 -0.857736 0
    outer loop
      vertex -18.056 -27.0228 18.1111
      vertex -15.3204 -28.6624 0
      vertex -15.3204 -28.6624 18.3215
    endloop
  endfacet
  facet normal -0.595707 -0.803202 0
    outer loop
      vertex -18.056 -27.0228 0
      vertex -20.6178 -25.1228 17.914
      vertex -20.6178 -25.1228 0
    endloop
  endfacet
  facet normal -0.595707 -0.803202 0
    outer loop
      vertex -20.6178 -25.1228 17.914
      vertex -18.056 -27.0228 0
      vertex -18.056 -27.0228 18.1111
    endloop
  endfacet
  facet normal -0.740964 -0.671545 0
    outer loop
      vertex -22.981 -22.981 0
      vertex -25.1228 -20.6178 17.5675
      vertex -25.1228 -20.6178 0
    endloop
  endfacet
  facet normal -0.740964 -0.671545 0
    outer loop
      vertex -25.1228 -20.6178 17.5675
      vertex -22.981 -22.981 0
      vertex -22.981 -22.981 17.7322
    endloop
  endfacet
  facet normal -0.998795 0.0490688 0
    outer loop
      vertex -32.5 0 0
      vertex -32.3435 3.18556 17.012
      vertex -32.3435 3.18556 0
    endloop
  endfacet
  facet normal -0.998795 0.0490688 0
    outer loop
      vertex -32.3435 3.18556 17.012
      vertex -32.5 0 0
      vertex -32.5 0 17
    endloop
  endfacet
  facet normal -0.941541 0.336897 0
    outer loop
      vertex -31.1006 9.43425 17.1076
      vertex -30.0261 12.4372 0
      vertex -31.1006 9.43425 0
    endloop
  endfacet
  facet normal -0.941541 0.336897 0
    outer loop
      vertex -30.0261 12.4372 0
      vertex -31.1006 9.43425 17.1076
      vertex -30.0261 12.4372 17.1903
    endloop
  endfacet
  facet normal -0.970036 0.242963 0
    outer loop
      vertex -31.8755 6.34044 17.048
      vertex -31.1006 9.43425 0
      vertex -31.8755 6.34044 0
    endloop
  endfacet
  facet normal -0.970036 0.242963 0
    outer loop
      vertex -31.1006 9.43425 0
      vertex -31.8755 6.34044 17.048
      vertex -31.1006 9.43425 17.1076
    endloop
  endfacet
  facet normal -0.989176 0.146736 0
    outer loop
      vertex -32.3435 3.18556 17.012
      vertex -31.8755 6.34044 0
      vertex -32.3435 3.18556 0
    endloop
  endfacet
  facet normal -0.989176 0.146736 0
    outer loop
      vertex -31.8755 6.34044 0
      vertex -32.3435 3.18556 17.012
      vertex -31.8755 6.34044 17.048
    endloop
  endfacet
  facet normal -0.740964 0.671545 0
    outer loop
      vertex -25.1228 20.6178 17.5675
      vertex -22.981 22.981 0
      vertex -25.1228 20.6178 0
    endloop
  endfacet
  facet normal -0.740964 0.671545 0
    outer loop
      vertex -22.981 22.981 0
      vertex -25.1228 20.6178 17.5675
      vertex -22.981 22.981 17.7322
    endloop
  endfacet
  facet normal -0.857736 0.51409 0
    outer loop
      vertex -28.6624 15.3204 17.2952
      vertex -27.0228 18.056 0
      vertex -28.6624 15.3204 0
    endloop
  endfacet
  facet normal -0.857736 0.51409 0
    outer loop
      vertex -27.0228 18.056 0
      vertex -28.6624 15.3204 17.2952
      vertex -27.0228 18.056 17.4213
    endloop
  endfacet
  facet normal -0.803202 0.595707 0
    outer loop
      vertex -27.0228 18.056 17.4213
      vertex -25.1228 20.6178 0
      vertex -27.0228 18.056 0
    endloop
  endfacet
  facet normal -0.803202 0.595707 0
    outer loop
      vertex -25.1228 20.6178 0
      vertex -27.0228 18.056 17.4213
      vertex -25.1228 20.6178 17.5675
    endloop
  endfacet
  facet normal -0.0490688 0.998795 0
    outer loop
      vertex 0 32.5 0
      vertex -3.18556 32.3435 19.255
      vertex 0 32.5 19.5
    endloop
  endfacet
  facet normal -0.0490688 0.998795 0
    outer loop
      vertex -3.18556 32.3435 19.255
      vertex 0 32.5 0
      vertex -3.18556 32.3435 0
    endloop
  endfacet
  facet normal -0.242963 0.970036 0
    outer loop
      vertex -6.34044 31.8755 0
      vertex -9.43425 31.1006 18.7743
      vertex -6.34044 31.8755 19.0123
    endloop
  endfacet
  facet normal -0.242963 0.970036 0
    outer loop
      vertex -9.43425 31.1006 18.7743
      vertex -6.34044 31.8755 0
      vertex -9.43425 31.1006 0
    endloop
  endfacet
  facet normal -0.146736 0.989176 0
    outer loop
      vertex -3.18556 32.3435 0
      vertex -6.34044 31.8755 19.0123
      vertex -3.18556 32.3435 19.255
    endloop
  endfacet
  facet normal -0.146736 0.989176 0
    outer loop
      vertex -6.34044 31.8755 19.0123
      vertex -3.18556 32.3435 0
      vertex -6.34044 31.8755 0
    endloop
  endfacet
  facet normal -0.427567 0.903983 0
    outer loop
      vertex -12.4372 30.0261 0
      vertex -15.3204 28.6624 18.3215
      vertex -12.4372 30.0261 18.5433
    endloop
  endfacet
  facet normal -0.427567 0.903983 0
    outer loop
      vertex -15.3204 28.6624 18.3215
      vertex -12.4372 30.0261 0
      vertex -15.3204 28.6624 0
    endloop
  endfacet
  facet normal -0.51409 0.857736 0
    outer loop
      vertex -15.3204 28.6624 0
      vertex -18.056 27.0228 18.1111
      vertex -15.3204 28.6624 18.3215
    endloop
  endfacet
  facet normal -0.51409 0.857736 0
    outer loop
      vertex -18.056 27.0228 18.1111
      vertex -15.3204 28.6624 0
      vertex -18.056 27.0228 0
    endloop
  endfacet
  facet normal -0.671545 0.740964 0
    outer loop
      vertex -20.6178 25.1228 0
      vertex -22.981 22.981 17.7322
      vertex -20.6178 25.1228 17.914
    endloop
  endfacet
  facet normal -0.671545 0.740964 0
    outer loop
      vertex -22.981 22.981 17.7322
      vertex -20.6178 25.1228 0
      vertex -22.981 22.981 0
    endloop
  endfacet
  facet normal -0.242963 -0.970036 0
    outer loop
      vertex -6.34044 -31.8755 0
      vertex -9.43425 -31.1006 18.7743
      vertex -9.43425 -31.1006 0
    endloop
  endfacet
  facet normal -0.242963 -0.970036 0
    outer loop
      vertex -9.43425 -31.1006 18.7743
      vertex -6.34044 -31.8755 0
      vertex -6.34044 -31.8755 19.0123
    endloop
  endfacet
  facet normal -0.336897 -0.941541 0
    outer loop
      vertex -9.43425 -31.1006 0
      vertex -12.4372 -30.0261 18.5433
      vertex -12.4372 -30.0261 0
    endloop
  endfacet
  facet normal -0.336897 -0.941541 0
    outer loop
      vertex -12.4372 -30.0261 18.5433
      vertex -9.43425 -31.1006 0
      vertex -9.43425 -31.1006 18.7743
    endloop
  endfacet
  facet normal -0.146736 -0.989176 0
    outer loop
      vertex -3.18556 -32.3435 0
      vertex -6.34044 -31.8755 19.0123
      vertex -6.34044 -31.8755 0
    endloop
  endfacet
  facet normal -0.146736 -0.989176 0
    outer loop
      vertex -6.34044 -31.8755 19.0123
      vertex -3.18556 -32.3435 0
      vertex -3.18556 -32.3435 19.255
    endloop
  endfacet
  facet normal -0.427567 -0.903983 0
    outer loop
      vertex -12.4372 -30.0261 0
      vertex -15.3204 -28.6624 18.3215
      vertex -15.3204 -28.6624 0
    endloop
  endfacet
  facet normal -0.427567 -0.903983 0
    outer loop
      vertex -15.3204 -28.6624 18.3215
      vertex -12.4372 -30.0261 0
      vertex -12.4372 -30.0261 18.5433
    endloop
  endfacet
  facet normal -0.671545 -0.740964 0
    outer loop
      vertex -20.6178 -25.1228 0
      vertex -22.981 -22.981 17.7322
      vertex -22.981 -22.981 0
    endloop
  endfacet
  facet normal -0.671545 -0.740964 0
    outer loop
      vertex -22.981 -22.981 17.7322
      vertex -20.6178 -25.1228 0
      vertex -20.6178 -25.1228 17.914
    endloop
  endfacet
  facet normal -0.970036 -0.242963 0
    outer loop
      vertex -31.1006 -9.43425 0
      vertex -31.8755 -6.34044 17.048
      vertex -31.8755 -6.34044 0
    endloop
  endfacet
  facet normal -0.970036 -0.242963 0
    outer loop
      vertex -31.8755 -6.34044 17.048
      vertex -31.1006 -9.43425 0
      vertex -31.1006 -9.43425 17.1076
    endloop
  endfacet
  facet normal -0.998795 -0.0490688 0
    outer loop
      vertex -32.3435 -3.18556 0
      vertex -32.5 0 17
      vertex -32.5 0 0
    endloop
  endfacet
  facet normal -0.998795 -0.0490688 0
    outer loop
      vertex -32.5 0 17
      vertex -32.3435 -3.18556 0
      vertex -32.3435 -3.18556 17.012
    endloop
  endfacet
  facet normal -0.857736 -0.51409 0
    outer loop
      vertex -27.0228 -18.056 0
      vertex -28.6624 -15.3204 17.2952
      vertex -28.6624 -15.3204 0
    endloop
  endfacet
  facet normal -0.857736 -0.51409 0
    outer loop
      vertex -28.6624 -15.3204 17.2952
      vertex -27.0228 -18.056 0
      vertex -27.0228 -18.056 17.4213
    endloop
  endfacet
  facet normal -0.803202 -0.595707 0
    outer loop
      vertex -25.1228 -20.6178 0
      vertex -27.0228 -18.056 17.4213
      vertex -27.0228 -18.056 0
    endloop
  endfacet
  facet normal -0.803202 -0.595707 0
    outer loop
      vertex -27.0228 -18.056 17.4213
      vertex -25.1228 -20.6178 0
      vertex -25.1228 -20.6178 17.5675
    endloop
  endfacet
  facet normal 0 0 1
    outer loop
      vertex 59.15 32.5 22
      vertex 56.5455 29.1022 22
      vertex 59.15 30.0341 22
    endloop
  endfacet
  facet normal 0 0 1
    outer loop
      vertex 59.15 32.5 22
      vertex 53.751 27.7805 22
      vertex 56.5455 29.1022 22
    endloop
  endfacet
  facet normal -0 0 1
    outer loop
      vertex 32.5 32.5 22
      vertex 53.751 27.7805 22
      vertex 59.15 32.5 22
    endloop
  endfacet
  facet normal 0 0 1
    outer loop
      vertex 53.751 27.7805 22
      vertex 32.5 32.5 22
      vertex 51.0995 26.1913 22
    endloop
  endfacet
  facet normal 0 0 1
    outer loop
      vertex 37.2517 3.08754 22
      vertex 32.5 32.5 22
      vertex 37.1 0 22
    endloop
  endfacet
  facet normal 0 0 1
    outer loop
      vertex 37.7053 6.14534 22
      vertex 32.5 32.5 22
      vertex 37.2517 3.08754 22
    endloop
  endfacet
  facet normal 0 0 1
    outer loop
      vertex 38.4564 9.14397 22
      vertex 32.5 32.5 22
      vertex 37.7053 6.14534 22
    endloop
  endfacet
  facet normal 0 0 1
    outer loop
      vertex 39.4978 12.0545 22
      vertex 32.5 32.5 22
      vertex 38.4564 9.14397 22
    endloop
  endfacet
  facet normal 0 0 1
    outer loop
      vertex 40.8195 14.849 22
      vertex 32.5 32.5 22
      vertex 39.4978 12.0545 22
    endloop
  endfacet
  facet normal 0 0 1
    outer loop
      vertex 42.4087 17.5005 22
      vertex 32.5 32.5 22
      vertex 40.8195 14.849 22
    endloop
  endfacet
  facet normal 0 0 1
    outer loop
      vertex 44.2502 19.9834 22
      vertex 32.5 32.5 22
      vertex 42.4087 17.5005 22
    endloop
  endfacet
  facet normal 0 0 1
    outer loop
      vertex 46.3261 22.2739 22
      vertex 32.5 32.5 22
      vertex 44.2502 19.9834 22
    endloop
  endfacet
  facet normal 0 0 1
    outer loop
      vertex 48.6166 24.3498 22
      vertex 32.5 32.5 22
      vertex 46.3261 22.2739 22
    endloop
  endfacet
  facet normal 0 0 1
    outer loop
      vertex 51.0995 26.1913 22
      vertex 32.5 32.5 22
      vertex 48.6166 24.3498 22
    endloop
  endfacet
  facet normal 0 0 1
    outer loop
      vertex 56.5455 -29.1022 22
      vertex 59.15 -32.5 22
      vertex 59.15 -30.0341 22
    endloop
  endfacet
  facet normal 0 0 1
    outer loop
      vertex 53.751 -27.7805 22
      vertex 59.15 -32.5 22
      vertex 56.5455 -29.1022 22
    endloop
  endfacet
  facet normal 0 0 1
    outer loop
      vertex 32.5 -32.5 22
      vertex 53.751 -27.7805 22
      vertex 51.0995 -26.1913 22
    endloop
  endfacet
  facet normal 0 0 1
    outer loop
      vertex 32.5 -32.5 22
      vertex 51.0995 -26.1913 22
      vertex 48.6166 -24.3498 22
    endloop
  endfacet
  facet normal 0 0 1
    outer loop
      vertex 32.5 -32.5 22
      vertex 37.1 0 22
      vertex 32.5 32.5 22
    endloop
  endfacet
  facet normal 0 0 1
    outer loop
      vertex 53.751 -27.7805 22
      vertex 32.5 -32.5 22
      vertex 59.15 -32.5 22
    endloop
  endfacet
  facet normal 0 0 1
    outer loop
      vertex 46.3261 -22.2739 22
      vertex 32.5 -32.5 22
      vertex 48.6166 -24.3498 22
    endloop
  endfacet
  facet normal 0 0 1
    outer loop
      vertex 44.2502 -19.9834 22
      vertex 32.5 -32.5 22
      vertex 46.3261 -22.2739 22
    endloop
  endfacet
  facet normal 0 0 1
    outer loop
      vertex 42.4087 -17.5005 22
      vertex 32.5 -32.5 22
      vertex 44.2502 -19.9834 22
    endloop
  endfacet
  facet normal 0 0 1
    outer loop
      vertex 40.8195 -14.849 22
      vertex 32.5 -32.5 22
      vertex 42.4087 -17.5005 22
    endloop
  endfacet
  facet normal 0 0 1
    outer loop
      vertex 39.4978 -12.0545 22
      vertex 32.5 -32.5 22
      vertex 40.8195 -14.849 22
    endloop
  endfacet
  facet normal 0 0 1
    outer loop
      vertex 38.4564 -9.14397 22
      vertex 32.5 -32.5 22
      vertex 39.4978 -12.0545 22
    endloop
  endfacet
  facet normal 0 0 1
    outer loop
      vertex 37.7053 -6.14534 22
      vertex 32.5 -32.5 22
      vertex 38.4564 -9.14397 22
    endloop
  endfacet
  facet normal 0 0 1
    outer loop
      vertex 37.2517 -3.08754 22
      vertex 32.5 -32.5 22
      vertex 37.7053 -6.14534 22
    endloop
  endfacet
  facet normal 0 0 1
    outer loop
      vertex 37.1 0 22
      vertex 32.5 -32.5 22
      vertex 37.2517 -3.08754 22
    endloop
  endfacet
  facet normal -0.989176 -0.146736 0
    outer loop
      vertex -31.8755 -6.34044 0
      vertex -32.3435 -3.18556 17.012
      vertex -32.3435 -3.18556 0
    endloop
  endfacet
  facet normal -0.989176 -0.146736 0
    outer loop
      vertex -32.3435 -3.18556 17.012
      vertex -31.8755 -6.34044 0
      vertex -31.8755 -6.34044 17.048
    endloop
  endfacet
  facet normal -0.941541 -0.336897 0
    outer loop
      vertex -30.0261 -12.4372 0
      vertex -31.1006 -9.43425 17.1076
      vertex -31.1006 -9.43425 0
    endloop
  endfacet
  facet normal -0.941541 -0.336897 0
    outer loop
      vertex -31.1006 -9.43425 17.1076
      vertex -30.0261 -12.4372 0
      vertex -30.0261 -12.4372 17.1903
    endloop
  endfacet
  facet normal -0.998795 -0.0490841 -0
    outer loop
      vertex 30.4263 1.5 10
      vertex 30.3531 2.98952 0
      vertex 30.4263 1.5 0
    endloop
  endfacet
  facet normal -0.998795 -0.0490841 0
    outer loop
      vertex 30.3531 2.98952 0
      vertex 30.4263 1.5 10
      vertex 30.3531 2.98952 21.8349
    endloop
  endfacet
  facet normal -0.998795 -0.0490741 -0
    outer loop
      vertex 30.5 0 21.8462
      vertex 30.4263 1.5 10
      vertex 30.5 0 10
    endloop
  endfacet
  facet normal -0.998795 -0.0490791 -6.31373e-07
    outer loop
      vertex 30.4263 1.5 10
      vertex 30.5 0 21.8462
      vertex 30.3531 2.98952 21.8349
    endloop
  endfacet
  facet normal 0.998795 -0.0490791 0
    outer loop
      vertex -30.5 0 17.1538
      vertex -30.3531 2.98952 0
      vertex -30.3531 2.98952 17.1651
    endloop
  endfacet
  facet normal 0.998795 -0.0490791 0
    outer loop
      vertex -30.3531 2.98952 0
      vertex -30.5 0 17.1538
      vertex -30.5 0 0
    endloop
  endfacet
  facet normal -0.0490791 -0.998795 0
    outer loop
      vertex 2.98952 30.3531 0
      vertex 0 30.5 19.5
      vertex 0 30.5 0
    endloop
  endfacet
  facet normal -0.0490791 -0.998795 0
    outer loop
      vertex 0 30.5 19.5
      vertex 2.98952 30.3531 0
      vertex 2.98952 30.3531 19.73
    endloop
  endfacet
  facet normal -0.740967 -0.671541 0
    outer loop
      vertex 23.5768 19.349 0
      vertex 21.5668 21.5668 21.159
      vertex 21.5668 21.5668 0
    endloop
  endfacet
  facet normal -0.740967 -0.671541 0
    outer loop
      vertex 21.5668 21.5668 21.159
      vertex 23.5768 19.349 0
      vertex 23.5768 19.349 21.3136
    endloop
  endfacet
  facet normal 0.671541 -0.740967 0
    outer loop
      vertex -19.349 23.5768 0
      vertex -21.5668 21.5668 17.841
      vertex -21.5668 21.5668 0
    endloop
  endfacet
  facet normal 0.671541 -0.740967 0
    outer loop
      vertex -21.5668 21.5668 17.841
      vertex -19.349 23.5768 0
      vertex -19.349 23.5768 18.0116
    endloop
  endfacet
  facet normal 0.336908 -0.941538 0
    outer loop
      vertex -8.85368 29.1867 0
      vertex -11.6718 28.1783 18.6022
      vertex -11.6718 28.1783 0
    endloop
  endfacet
  facet normal 0.336908 -0.941538 0
    outer loop
      vertex -11.6718 28.1783 18.6022
      vertex -8.85368 29.1867 0
      vertex -8.85368 29.1867 18.8189
    endloop
  endfacet
  facet normal 0.803208 0.595699 -0
    outer loop
      vertex -23.5768 -19.349 0
      vertex -25.3598 -16.9449 17.5492
      vertex -23.5768 -19.349 17.6864
    endloop
  endfacet
  facet normal 0.803208 0.595699 0
    outer loop
      vertex -25.3598 -16.9449 17.5492
      vertex -23.5768 -19.349 0
      vertex -25.3598 -16.9449 0
    endloop
  endfacet
  facet normal -0.970029 -0.242989 0
    outer loop
      vertex 29.914 5.95025 0
      vertex 29.1867 8.85368 21.7451
      vertex 29.1867 8.85368 0
    endloop
  endfacet
  facet normal -0.970029 -0.242989 0
    outer loop
      vertex 29.1867 8.85368 21.7451
      vertex 29.914 5.95025 0
      vertex 29.914 5.95025 21.8011
    endloop
  endfacet
  facet normal -0.989181 -0.146703 0
    outer loop
      vertex 30.3531 2.98952 0
      vertex 29.914 5.95025 21.8011
      vertex 29.914 5.95025 0
    endloop
  endfacet
  facet normal -0.989181 -0.146703 0
    outer loop
      vertex 29.914 5.95025 21.8011
      vertex 30.3531 2.98952 0
      vertex 30.3531 2.98952 21.8349
    endloop
  endfacet
  facet normal -0.427542 -0.903996 0
    outer loop
      vertex 14.3776 26.8986 0
      vertex 11.6718 28.1783 20.3978
      vertex 11.6718 28.1783 0
    endloop
  endfacet
  facet normal -0.427542 -0.903996 0
    outer loop
      vertex 11.6718 28.1783 20.3978
      vertex 14.3776 26.8986 0
      vertex 14.3776 26.8986 20.606
    endloop
  endfacet
  facet normal 0.857726 -0.514108 0
    outer loop
      vertex -26.8986 14.3776 17.4309
      vertex -25.3598 16.9449 0
      vertex -25.3598 16.9449 17.5492
    endloop
  endfacet
  facet normal 0.857726 -0.514108 0
    outer loop
      vertex -25.3598 16.9449 0
      vertex -26.8986 14.3776 17.4309
      vertex -26.8986 14.3776 0
    endloop
  endfacet
  facet normal 0.803208 -0.595699 0
    outer loop
      vertex -25.3598 16.9449 17.5492
      vertex -23.5768 19.349 0
      vertex -23.5768 19.349 17.6864
    endloop
  endfacet
  facet normal 0.803208 -0.595699 0
    outer loop
      vertex -23.5768 19.349 0
      vertex -25.3598 16.9449 17.5492
      vertex -25.3598 16.9449 0
    endloop
  endfacet
  facet normal -0.857726 0.514108 0
    outer loop
      vertex 25.3598 -16.9449 21.4508
      vertex 26.8986 -14.3776 0
      vertex 25.3598 -16.9449 0
    endloop
  endfacet
  facet normal -0.857726 0.514108 0
    outer loop
      vertex 26.8986 -14.3776 0
      vertex 25.3598 -16.9449 21.4508
      vertex 26.8986 -14.3776 21.5691
    endloop
  endfacet
  facet normal -0.242989 0.970029 0
    outer loop
      vertex 8.85368 -29.1867 0
      vertex 5.95025 -29.914 19.9577
      vertex 8.85368 -29.1867 20.1811
    endloop
  endfacet
  facet normal -0.242989 0.970029 0
    outer loop
      vertex 5.95025 -29.914 19.9577
      vertex 8.85368 -29.1867 0
      vertex 5.95025 -29.914 0
    endloop
  endfacet
  facet normal -0.671541 0.740967 0
    outer loop
      vertex 21.5668 -21.5668 0
      vertex 19.349 -23.5768 20.9884
      vertex 21.5668 -21.5668 21.159
    endloop
  endfacet
  facet normal -0.671541 0.740967 0
    outer loop
      vertex 19.349 -23.5768 20.9884
      vertex 21.5668 -21.5668 0
      vertex 19.349 -23.5768 0
    endloop
  endfacet
  facet normal -0.989181 0.146703 0
    outer loop
      vertex 29.914 -5.95025 21.8011
      vertex 30.3531 -2.98952 0
      vertex 29.914 -5.95025 0
    endloop
  endfacet
  facet normal -0.989181 0.146703 0
    outer loop
      vertex 30.3531 -2.98952 0
      vertex 29.914 -5.95025 21.8011
      vertex 30.3531 -2.98952 21.8349
    endloop
  endfacet
  facet normal 0.336908 0.941538 -0
    outer loop
      vertex -8.85368 -29.1867 0
      vertex -11.6718 -28.1783 18.6022
      vertex -8.85368 -29.1867 18.8189
    endloop
  endfacet
  facet normal 0.336908 0.941538 0
    outer loop
      vertex -11.6718 -28.1783 18.6022
      vertex -8.85368 -29.1867 0
      vertex -11.6718 -28.1783 0
    endloop
  endfacet
  facet normal 0.514108 0.857726 -0
    outer loop
      vertex -14.3776 -26.8986 10
      vertex -16.9449 -25.3598 18.1965
      vertex -14.3776 -26.8986 18.394
    endloop
  endfacet
  facet normal 0.514119 0.857719 4.85815e-06
    outer loop
      vertex -16.5204 -25.6142 10
      vertex -16.9449 -25.3598 18.1965
      vertex -14.3776 -26.8986 10
    endloop
  endfacet
  facet normal 0.51405 0.85776 0
    outer loop
      vertex -16.9449 -25.3598 0
      vertex -16.5204 -25.6142 10
      vertex -16.5204 -25.6142 0
    endloop
  endfacet
  facet normal 0.51405 0.85776 0
    outer loop
      vertex -16.5204 -25.6142 10
      vertex -16.9449 -25.3598 0
      vertex -16.9449 -25.3598 18.1965
    endloop
  endfacet
  facet normal -0.941538 -0.336908 0
    outer loop
      vertex 29.1867 8.85368 0
      vertex 28.1783 11.6718 21.6676
      vertex 28.1783 11.6718 0
    endloop
  endfacet
  facet normal -0.941538 -0.336908 0
    outer loop
      vertex 28.1783 11.6718 21.6676
      vertex 29.1867 8.85368 0
      vertex 29.1867 8.85368 21.7451
    endloop
  endfacet
  facet normal -0.903996 -0.427542 0
    outer loop
      vertex 28.1783 11.6718 0
      vertex 26.8986 14.3776 21.5691
      vertex 26.8986 14.3776 0
    endloop
  endfacet
  facet normal -0.903996 -0.427542 0
    outer loop
      vertex 26.8986 14.3776 21.5691
      vertex 28.1783 11.6718 0
      vertex 28.1783 11.6718 21.6676
    endloop
  endfacet
  facet normal -0.803208 -0.595699 0
    outer loop
      vertex 25.3598 16.9449 0
      vertex 23.5768 19.349 21.3136
      vertex 23.5768 19.349 0
    endloop
  endfacet
  facet normal -0.803208 -0.595699 0
    outer loop
      vertex 23.5768 19.349 21.3136
      vertex 25.3598 16.9449 0
      vertex 25.3598 16.9449 21.4508
    endloop
  endfacet
  facet normal -0.857726 -0.514108 0
    outer loop
      vertex 26.8986 14.3776 0
      vertex 25.3598 16.9449 21.4508
      vertex 25.3598 16.9449 0
    endloop
  endfacet
  facet normal -0.857726 -0.514108 0
    outer loop
      vertex 25.3598 16.9449 21.4508
      vertex 26.8986 14.3776 0
      vertex 26.8986 14.3776 21.5691
    endloop
  endfacet
  facet normal -0.242989 -0.970029 0
    outer loop
      vertex 8.85368 29.1867 0
      vertex 5.95025 29.914 19.9577
      vertex 5.95025 29.914 0
    endloop
  endfacet
  facet normal -0.242989 -0.970029 0
    outer loop
      vertex 5.95025 29.914 19.9577
      vertex 8.85368 29.1867 0
      vertex 8.85368 29.1867 20.1811
    endloop
  endfacet
  facet normal -0.671541 -0.740967 0
    outer loop
      vertex 21.5668 21.5668 0
      vertex 19.349 23.5768 20.9884
      vertex 19.349 23.5768 0
    endloop
  endfacet
  facet normal -0.671541 -0.740967 0
    outer loop
      vertex 19.349 23.5768 20.9884
      vertex 21.5668 21.5668 0
      vertex 21.5668 21.5668 21.159
    endloop
  endfacet
  facet normal -0.595699 -0.803208 0
    outer loop
      vertex 19.349 23.5768 0
      vertex 16.9449 25.3598 20.8035
      vertex 16.9449 25.3598 0
    endloop
  endfacet
  facet normal -0.595699 -0.803208 0
    outer loop
      vertex 16.9449 25.3598 20.8035
      vertex 19.349 23.5768 0
      vertex 19.349 23.5768 20.9884
    endloop
  endfacet
  facet normal 0.903996 -0.427542 0
    outer loop
      vertex -28.1783 11.6718 17.3324
      vertex -26.8986 14.3776 0
      vertex -26.8986 14.3776 17.4309
    endloop
  endfacet
  facet normal 0.903996 -0.427542 0
    outer loop
      vertex -26.8986 14.3776 0
      vertex -28.1783 11.6718 17.3324
      vertex -28.1783 11.6718 0
    endloop
  endfacet
  facet normal 0.970029 -0.242989 0
    outer loop
      vertex -29.914 5.95025 17.1989
      vertex -29.1867 8.85368 0
      vertex -29.1867 8.85368 17.2549
    endloop
  endfacet
  facet normal 0.970029 -0.242989 0
    outer loop
      vertex -29.1867 8.85368 0
      vertex -29.914 5.95025 17.1989
      vertex -29.914 5.95025 0
    endloop
  endfacet
  facet normal 0.51405 -0.85776 0
    outer loop
      vertex -16.9449 25.3598 0
      vertex -16.5204 25.6142 10
      vertex -16.9449 25.3598 18.1965
    endloop
  endfacet
  facet normal 0.51405 -0.85776 0
    outer loop
      vertex -16.5204 25.6142 10
      vertex -16.9449 25.3598 0
      vertex -16.5204 25.6142 0
    endloop
  endfacet
  facet normal 0.514119 -0.857719 4.85815e-06
    outer loop
      vertex -14.3776 26.8986 10
      vertex -16.9449 25.3598 18.1965
      vertex -16.5204 25.6142 10
    endloop
  endfacet
  facet normal 0.514108 -0.857726 0
    outer loop
      vertex -16.9449 25.3598 18.1965
      vertex -14.3776 26.8986 10
      vertex -14.3776 26.8986 18.394
    endloop
  endfacet
  facet normal 0.0490791 -0.998795 0
    outer loop
      vertex 0 30.5 0
      vertex -2.98952 30.3531 19.27
      vertex -2.98952 30.3531 0
    endloop
  endfacet
  facet normal 0.0490791 -0.998795 0
    outer loop
      vertex -2.98952 30.3531 19.27
      vertex 0 30.5 0
      vertex 0 30.5 19.5
    endloop
  endfacet
  facet normal 0.242989 -0.970029 0
    outer loop
      vertex -5.95025 29.914 0
      vertex -8.85368 29.1867 18.8189
      vertex -8.85368 29.1867 0
    endloop
  endfacet
  facet normal 0.242989 -0.970029 0
    outer loop
      vertex -8.85368 29.1867 18.8189
      vertex -5.95025 29.914 0
      vertex -5.95025 29.914 19.0423
    endloop
  endfacet
  facet normal 0.146703 -0.989181 0
    outer loop
      vertex -2.98952 30.3531 0
      vertex -5.95025 29.914 19.0423
      vertex -5.95025 29.914 0
    endloop
  endfacet
  facet normal 0.146703 -0.989181 0
    outer loop
      vertex -5.95025 29.914 19.0423
      vertex -2.98952 30.3531 0
      vertex -2.98952 30.3531 19.27
    endloop
  endfacet
  facet normal -0.998795 0.0490841 0
    outer loop
      vertex 30.4263 -1.5 0
      vertex 30.3531 -2.98952 0
      vertex 30.4263 -1.5 10
    endloop
  endfacet
  facet normal -0.998795 0.0490741 0
    outer loop
      vertex 30.4263 -1.5 10
      vertex 30.5 0 21.8462
      vertex 30.5 0 10
    endloop
  endfacet
  facet normal -0.998795 0.0490841 0
    outer loop
      vertex 30.3531 -2.98952 21.8349
      vertex 30.4263 -1.5 10
      vertex 30.3531 -2.98952 0
    endloop
  endfacet
  facet normal -0.998795 0.0490791 -6.31373e-07
    outer loop
      vertex 30.4263 -1.5 10
      vertex 30.3531 -2.98952 21.8349
      vertex 30.5 0 21.8462
    endloop
  endfacet
  facet normal -0.0490791 0.998795 0
    outer loop
      vertex 2.98952 -30.3531 0
      vertex 0 -30.5 19.5
      vertex 2.98952 -30.3531 19.73
    endloop
  endfacet
  facet normal -0.0490791 0.998795 0
    outer loop
      vertex 0 -30.5 19.5
      vertex 2.98952 -30.3531 0
      vertex 0 -30.5 0
    endloop
  endfacet
  facet normal -0.146703 0.989181 0
    outer loop
      vertex 5.95025 -29.914 0
      vertex 2.98952 -30.3531 19.73
      vertex 5.95025 -29.914 19.9577
    endloop
  endfacet
  facet normal -0.146703 0.989181 0
    outer loop
      vertex 2.98952 -30.3531 19.73
      vertex 5.95025 -29.914 0
      vertex 2.98952 -30.3531 0
    endloop
  endfacet
  facet normal -0.427542 0.903996 0
    outer loop
      vertex 14.3776 -26.8986 0
      vertex 11.6718 -28.1783 20.3978
      vertex 14.3776 -26.8986 20.606
    endloop
  endfacet
  facet normal -0.427542 0.903996 0
    outer loop
      vertex 11.6718 -28.1783 20.3978
      vertex 14.3776 -26.8986 0
      vertex 11.6718 -28.1783 0
    endloop
  endfacet
  facet normal -0.595699 0.803208 0
    outer loop
      vertex 19.349 -23.5768 0
      vertex 16.9449 -25.3598 20.8035
      vertex 19.349 -23.5768 20.9884
    endloop
  endfacet
  facet normal -0.595699 0.803208 0
    outer loop
      vertex 16.9449 -25.3598 20.8035
      vertex 19.349 -23.5768 0
      vertex 16.9449 -25.3598 0
    endloop
  endfacet
  facet normal -0.740967 0.671541 0
    outer loop
      vertex 21.5668 -21.5668 21.159
      vertex 23.5768 -19.349 0
      vertex 21.5668 -21.5668 0
    endloop
  endfacet
  facet normal -0.740967 0.671541 0
    outer loop
      vertex 23.5768 -19.349 0
      vertex 21.5668 -21.5668 21.159
      vertex 23.5768 -19.349 21.3136
    endloop
  endfacet
  facet normal -0.803208 0.595699 0
    outer loop
      vertex 23.5768 -19.349 21.3136
      vertex 25.3598 -16.9449 0
      vertex 23.5768 -19.349 0
    endloop
  endfacet
  facet normal -0.803208 0.595699 0
    outer loop
      vertex 25.3598 -16.9449 0
      vertex 23.5768 -19.349 21.3136
      vertex 25.3598 -16.9449 21.4508
    endloop
  endfacet
  facet normal 0.146703 0.989181 -0
    outer loop
      vertex -2.98952 -30.3531 0
      vertex -5.95025 -29.914 19.0423
      vertex -2.98952 -30.3531 19.27
    endloop
  endfacet
  facet normal 0.146703 0.989181 0
    outer loop
      vertex -5.95025 -29.914 19.0423
      vertex -2.98952 -30.3531 0
      vertex -5.95025 -29.914 0
    endloop
  endfacet
  facet normal 0.671541 0.740967 -0
    outer loop
      vertex -19.349 -23.5768 0
      vertex -21.5668 -21.5668 17.841
      vertex -19.349 -23.5768 18.0116
    endloop
  endfacet
  facet normal 0.671541 0.740967 0
    outer loop
      vertex -21.5668 -21.5668 17.841
      vertex -19.349 -23.5768 0
      vertex -21.5668 -21.5668 0
    endloop
  endfacet
  facet normal 0.0490791 0.998795 -0
    outer loop
      vertex 0 -30.5 0
      vertex -2.98952 -30.3531 19.27
      vertex 0 -30.5 19.5
    endloop
  endfacet
  facet normal 0.0490791 0.998795 0
    outer loop
      vertex -2.98952 -30.3531 19.27
      vertex 0 -30.5 0
      vertex -2.98952 -30.3531 0
    endloop
  endfacet
  facet normal 0.595699 0.803208 -0
    outer loop
      vertex -16.9449 -25.3598 0
      vertex -19.349 -23.5768 18.0116
      vertex -16.9449 -25.3598 18.1965
    endloop
  endfacet
  facet normal 0.595699 0.803208 0
    outer loop
      vertex -19.349 -23.5768 18.0116
      vertex -16.9449 -25.3598 0
      vertex -19.349 -23.5768 0
    endloop
  endfacet
  facet normal 0.740967 0.671541 -0
    outer loop
      vertex -21.5668 -21.5668 0
      vertex -23.5768 -19.349 17.6864
      vertex -21.5668 -21.5668 17.841
    endloop
  endfacet
  facet normal 0.740967 0.671541 0
    outer loop
      vertex -23.5768 -19.349 17.6864
      vertex -21.5668 -21.5668 0
      vertex -23.5768 -19.349 0
    endloop
  endfacet
  facet normal 0.903996 0.427542 -0
    outer loop
      vertex -26.8986 -14.3776 0
      vertex -28.1783 -11.6718 17.3324
      vertex -26.8986 -14.3776 17.4309
    endloop
  endfacet
  facet normal 0.903996 0.427542 0
    outer loop
      vertex -28.1783 -11.6718 17.3324
      vertex -26.8986 -14.3776 0
      vertex -28.1783 -11.6718 0
    endloop
  endfacet
  facet normal 0.970029 0.242989 -0
    outer loop
      vertex -29.1867 -8.85368 0
      vertex -29.914 -5.95025 17.1989
      vertex -29.1867 -8.85368 17.2549
    endloop
  endfacet
  facet normal 0.970029 0.242989 0
    outer loop
      vertex -29.914 -5.95025 17.1989
      vertex -29.1867 -8.85368 0
      vertex -29.914 -5.95025 0
    endloop
  endfacet
  facet normal 0.998795 0.0490791 0
    outer loop
      vertex -30.3531 -2.98952 17.1651
      vertex -30.5 0 0
      vertex -30.5 0 17.1538
    endloop
  endfacet
  facet normal 0.998795 0.0490791 0
    outer loop
      vertex -30.5 0 0
      vertex -30.3531 -2.98952 17.1651
      vertex -30.3531 -2.98952 0
    endloop
  endfacet
  facet normal -0.146703 -0.989181 0
    outer loop
      vertex 5.95025 29.914 0
      vertex 2.98952 30.3531 19.73
      vertex 2.98952 30.3531 0
    endloop
  endfacet
  facet normal -0.146703 -0.989181 0
    outer loop
      vertex 2.98952 30.3531 19.73
      vertex 5.95025 29.914 0
      vertex 5.95025 29.914 19.9577
    endloop
  endfacet
  facet normal -0.336908 -0.941538 0
    outer loop
      vertex 11.6718 28.1783 0
      vertex 8.85368 29.1867 20.1811
      vertex 8.85368 29.1867 0
    endloop
  endfacet
  facet normal -0.336908 -0.941538 0
    outer loop
      vertex 8.85368 29.1867 20.1811
      vertex 11.6718 28.1783 0
      vertex 11.6718 28.1783 20.3978
    endloop
  endfacet
  facet normal -0.514108 -0.857726 0
    outer loop
      vertex 16.9449 25.3598 0
      vertex 14.3776 26.8986 20.606
      vertex 14.3776 26.8986 0
    endloop
  endfacet
  facet normal -0.514108 -0.857726 0
    outer loop
      vertex 14.3776 26.8986 20.606
      vertex 16.9449 25.3598 0
      vertex 16.9449 25.3598 20.8035
    endloop
  endfacet
  facet normal 0.740967 -0.671541 0
    outer loop
      vertex -23.5768 19.349 17.6864
      vertex -21.5668 21.5668 0
      vertex -21.5668 21.5668 17.841
    endloop
  endfacet
  facet normal 0.740967 -0.671541 0
    outer loop
      vertex -21.5668 21.5668 0
      vertex -23.5768 19.349 17.6864
      vertex -23.5768 19.349 0
    endloop
  endfacet
  facet normal 0.989181 -0.146703 0
    outer loop
      vertex -30.3531 2.98952 17.1651
      vertex -29.914 5.95025 0
      vertex -29.914 5.95025 17.1989
    endloop
  endfacet
  facet normal 0.989181 -0.146703 0
    outer loop
      vertex -29.914 5.95025 0
      vertex -30.3531 2.98952 17.1651
      vertex -30.3531 2.98952 0
    endloop
  endfacet
  facet normal 0.941538 -0.336908 0
    outer loop
      vertex -29.1867 8.85368 17.2549
      vertex -28.1783 11.6718 0
      vertex -28.1783 11.6718 17.3324
    endloop
  endfacet
  facet normal 0.941538 -0.336908 0
    outer loop
      vertex -28.1783 11.6718 0
      vertex -29.1867 8.85368 17.2549
      vertex -29.1867 8.85368 0
    endloop
  endfacet
  facet normal 0.595699 -0.803208 0
    outer loop
      vertex -16.9449 25.3598 0
      vertex -19.349 23.5768 18.0116
      vertex -19.349 23.5768 0
    endloop
  endfacet
  facet normal 0.595699 -0.803208 0
    outer loop
      vertex -19.349 23.5768 18.0116
      vertex -16.9449 25.3598 0
      vertex -16.9449 25.3598 18.1965
    endloop
  endfacet
  facet normal 0.427574 -0.90398 0
    outer loop
      vertex -13.9222 27.114 10
      vertex -14.3776 26.8986 18.394
      vertex -14.3776 26.8986 10
    endloop
  endfacet
  facet normal 0.427542 -0.903995 -2.13798e-06
    outer loop
      vertex -14.3776 26.8986 18.394
      vertex -13.9222 27.114 10
      vertex -11.6718 28.1783 18.6022
    endloop
  endfacet
  facet normal 0.427535 -0.903999 0
    outer loop
      vertex -11.6718 28.1783 0
      vertex -13.9222 27.114 10
      vertex -13.9222 27.114 0
    endloop
  endfacet
  facet normal 0.427535 -0.903999 0
    outer loop
      vertex -13.9222 27.114 10
      vertex -11.6718 28.1783 0
      vertex -11.6718 28.1783 18.6022
    endloop
  endfacet
  facet normal -0.336908 0.941538 0
    outer loop
      vertex 11.6718 -28.1783 0
      vertex 8.85368 -29.1867 20.1811
      vertex 11.6718 -28.1783 20.3978
    endloop
  endfacet
  facet normal -0.336908 0.941538 0
    outer loop
      vertex 8.85368 -29.1867 20.1811
      vertex 11.6718 -28.1783 0
      vertex 8.85368 -29.1867 0
    endloop
  endfacet
  facet normal -0.514108 0.857726 0
    outer loop
      vertex 16.9449 -25.3598 0
      vertex 14.3776 -26.8986 20.606
      vertex 16.9449 -25.3598 20.8035
    endloop
  endfacet
  facet normal -0.514108 0.857726 0
    outer loop
      vertex 14.3776 -26.8986 20.606
      vertex 16.9449 -25.3598 0
      vertex 14.3776 -26.8986 0
    endloop
  endfacet
  facet normal -0.903996 0.427542 0
    outer loop
      vertex 26.8986 -14.3776 21.5691
      vertex 28.1783 -11.6718 0
      vertex 26.8986 -14.3776 0
    endloop
  endfacet
  facet normal -0.903996 0.427542 0
    outer loop
      vertex 28.1783 -11.6718 0
      vertex 26.8986 -14.3776 21.5691
      vertex 28.1783 -11.6718 21.6676
    endloop
  endfacet
  facet normal -0.941538 0.336908 0
    outer loop
      vertex 28.1783 -11.6718 21.6676
      vertex 29.1867 -8.85368 0
      vertex 28.1783 -11.6718 0
    endloop
  endfacet
  facet normal -0.941538 0.336908 0
    outer loop
      vertex 29.1867 -8.85368 0
      vertex 28.1783 -11.6718 21.6676
      vertex 29.1867 -8.85368 21.7451
    endloop
  endfacet
  facet normal 0.242989 0.970029 -0
    outer loop
      vertex -5.95025 -29.914 0
      vertex -8.85368 -29.1867 18.8189
      vertex -5.95025 -29.914 19.0423
    endloop
  endfacet
  facet normal 0.242989 0.970029 0
    outer loop
      vertex -8.85368 -29.1867 18.8189
      vertex -5.95025 -29.914 0
      vertex -8.85368 -29.1867 0
    endloop
  endfacet
  facet normal 0.427542 0.903995 -2.13798e-06
    outer loop
      vertex -11.6718 -28.1783 18.6022
      vertex -13.9222 -27.114 10
      vertex -14.3776 -26.8986 18.394
    endloop
  endfacet
  facet normal 0.427535 0.903999 -0
    outer loop
      vertex -11.6718 -28.1783 0
      vertex -13.9222 -27.114 10
      vertex -11.6718 -28.1783 18.6022
    endloop
  endfacet
  facet normal 0.427535 0.903999 0
    outer loop
      vertex -13.9222 -27.114 10
      vertex -11.6718 -28.1783 0
      vertex -13.9222 -27.114 0
    endloop
  endfacet
  facet normal 0.427574 0.90398 0
    outer loop
      vertex -14.3776 -26.8986 18.394
      vertex -13.9222 -27.114 10
      vertex -14.3776 -26.8986 10
    endloop
  endfacet
  facet normal 0.857726 0.514108 -0
    outer loop
      vertex -25.3598 -16.9449 0
      vertex -26.8986 -14.3776 17.4309
      vertex -25.3598 -16.9449 17.5492
    endloop
  endfacet
  facet normal 0.857726 0.514108 0
    outer loop
      vertex -26.8986 -14.3776 17.4309
      vertex -25.3598 -16.9449 0
      vertex -26.8986 -14.3776 0
    endloop
  endfacet
  facet normal 0.989181 0.146703 -0
    outer loop
      vertex -29.914 -5.95025 0
      vertex -30.3531 -2.98952 17.1651
      vertex -29.914 -5.95025 17.1989
    endloop
  endfacet
  facet normal 0.989181 0.146703 0
    outer loop
      vertex -30.3531 -2.98952 17.1651
      vertex -29.914 -5.95025 0
      vertex -30.3531 -2.98952 0
    endloop
  endfacet
  facet normal 0.941538 0.336908 -0
    outer loop
      vertex -28.1783 -11.6718 0
      vertex -29.1867 -8.85368 17.2549
      vertex -28.1783 -11.6718 17.3324
    endloop
  endfacet
  facet normal 0.941538 0.336908 0
    outer loop
      vertex -29.1867 -8.85368 17.2549
      vertex -28.1783 -11.6718 0
      vertex -29.1867 -8.85368 0
    endloop
  endfacet
  facet normal -0.970029 0.242989 0
    outer loop
      vertex 29.1867 -8.85368 21.7451
      vertex 29.914 -5.95025 0
      vertex 29.1867 -8.85368 0
    endloop
  endfacet
  facet normal -0.970029 0.242989 0
    outer loop
      vertex 29.914 -5.95025 0
      vertex 29.1867 -8.85368 21.7451
      vertex 29.914 -5.95025 21.8011
    endloop
  endfacet
  facet normal 0 1 -0
    outer loop
      vertex 30.4263 1.5 0
      vertex 6.31701 1.5 10
      vertex 30.4263 1.5 10
    endloop
  endfacet
  facet normal 0 1 0
    outer loop
      vertex 6.31701 1.5 10
      vertex 30.4263 1.5 0
      vertex 6.31701 1.5 0
    endloop
  endfacet
  facet normal 0 -1 0
    outer loop
      vertex 6.31701 -1.5 0
      vertex 30.4263 -1.5 10
      vertex 6.31701 -1.5 10
    endloop
  endfacet
  facet normal 0 -1 -0
    outer loop
      vertex 30.4263 -1.5 10
      vertex 6.31701 -1.5 0
      vertex 30.4263 -1.5 0
    endloop
  endfacet
  facet normal 0.866026 0.499999 0
    outer loop
      vertex -1.86263 6.22618 10
      vertex -13.9222 27.114 0
      vertex -13.9222 27.114 10
    endloop
  endfacet
  facet normal 0.866026 0.499999 0
    outer loop
      vertex -13.9222 27.114 0
      vertex -1.86263 6.22618 10
      vertex -1.86263 6.22618 0
    endloop
  endfacet
  facet normal -0.866026 -0.499999 0
    outer loop
      vertex -4.45799 4.72146 0
      vertex -16.5204 25.6142 10
      vertex -16.5204 25.6142 0
    endloop
  endfacet
  facet normal -0.866026 -0.499999 0
    outer loop
      vertex -16.5204 25.6142 10
      vertex -4.45799 4.72146 0
      vertex -4.45799 4.72146 10
    endloop
  endfacet
  facet normal -0.866026 0.499999 0
    outer loop
      vertex -16.5204 -25.6142 0
      vertex -4.45799 -4.72146 10
      vertex -4.45799 -4.72146 0
    endloop
  endfacet
  facet normal -0.866026 0.499999 0
    outer loop
      vertex -4.45799 -4.72146 10
      vertex -16.5204 -25.6142 0
      vertex -16.5204 -25.6142 10
    endloop
  endfacet
  facet normal 0.866026 -0.499999 0
    outer loop
      vertex -13.9222 -27.114 10
      vertex -1.86263 -6.22618 0
      vertex -1.86263 -6.22618 10
    endloop
  endfacet
  facet normal 0.866026 -0.499999 0
    outer loop
      vertex -1.86263 -6.22618 0
      vertex -13.9222 -27.114 10
      vertex -13.9222 -27.114 0
    endloop
  endfacet
  facet normal 0 1 0
    outer loop
      vertex 59.15 32.5 6
      vertex 59.15 32.5 0
      vertex 52.3836 32.5 6
    endloop
  endfacet
  facet normal 0 1 -0
    outer loop
      vertex 52.3836 32.5 16
      vertex 32.5 32.5 22
      vertex 59.15 32.5 22
    endloop
  endfacet
  facet normal 0 1 0
    outer loop
      vertex 52.3836 32.5 16
      vertex 59.15 32.5 22
      vertex 59.15 32.5 16
    endloop
  endfacet
  facet normal 0 1 -0
    outer loop
      vertex 52.3836 32.5 6
      vertex 32.5 32.5 22
      vertex 52.3836 32.5 16
    endloop
  endfacet
  facet normal 0 1 0
    outer loop
      vertex 0 32.5 0
      vertex 32.5 32.5 22
      vertex 52.3836 32.5 6
    endloop
  endfacet
  facet normal 0 1 0
    outer loop
      vertex 0 32.5 0
      vertex 52.3836 32.5 6
      vertex 59.15 32.5 0
    endloop
  endfacet
  facet normal 0 1 0
    outer loop
      vertex 32.5 32.5 22
      vertex 0 32.5 0
      vertex 0 32.5 19.5
    endloop
  endfacet
  facet normal 0 -1 0
    outer loop
      vertex 32.5 -32.5 22
      vertex 52.3836 -32.5 6
      vertex 52.3836 -32.5 16
    endloop
  endfacet
  facet normal 0 -1 -0
    outer loop
      vertex 32.5 -32.5 22
      vertex 0 -32.5 0
      vertex 52.3836 -32.5 6
    endloop
  endfacet
  facet normal 0 -1 0
    outer loop
      vertex 59.15 -32.5 0
      vertex 52.3836 -32.5 6
      vertex 0 -32.5 0
    endloop
  endfacet
  facet normal 0 -1 0
    outer loop
      vertex 52.3836 -32.5 6
      vertex 59.15 -32.5 0
      vertex 59.15 -32.5 6
    endloop
  endfacet
  facet normal 0 -1 0
    outer loop
      vertex 0 -32.5 0
      vertex 32.5 -32.5 22
      vertex 0 -32.5 19.5
    endloop
  endfacet
  facet normal 0 -1 0
    outer loop
      vertex 32.5 -32.5 22
      vertex 52.3836 -32.5 16
      vertex 59.15 -32.5 22
    endloop
  endfacet
  facet normal 0 -1 -0
    outer loop
      vertex 59.15 -32.5 22
      vertex 52.3836 -32.5 16
      vertex 59.15 -32.5 16
    endloop
  endfacet
  facet normal 0.998795 -0.0490738 0
    outer loop
      vertex 37.1 0 22
      vertex 37.2517 3.08754 0
      vertex 37.2517 3.08754 22
    endloop
  endfacet
  facet normal 0.998795 -0.0490738 0
    outer loop
      vertex 37.2517 3.08754 0
      vertex 37.1 0 22
      vertex 37.1 0 0
    endloop
  endfacet
  facet normal 0.671543 -0.740965 0
    outer loop
      vertex 46.3261 22.2739 0
      vertex 48.6166 24.3498 22
      vertex 46.3261 22.2739 22
    endloop
  endfacet
  facet normal 0.671543 -0.740965 0
    outer loop
      vertex 48.6166 24.3498 22
      vertex 46.3261 22.2739 0
      vertex 48.6166 24.3498 0
    endloop
  endfacet
  facet normal 0.336888 -0.941545 0
    outer loop
      vertex 56.5455 29.1022 0
      vertex 59.15 30.0341 22
      vertex 56.5455 29.1022 22
    endloop
  endfacet
  facet normal 0.336888 -0.941545 0
    outer loop
      vertex 59.15 30.0341 22
      vertex 56.5455 29.1022 0
      vertex 59.15 30.0341 0
    endloop
  endfacet
  facet normal 0.803199 0.595711 0
    outer loop
      vertex 44.2502 -19.9834 22
      vertex 42.4087 -17.5005 0
      vertex 42.4087 -17.5005 22
    endloop
  endfacet
  facet normal 0.803199 0.595711 0
    outer loop
      vertex 42.4087 -17.5005 0
      vertex 44.2502 -19.9834 22
      vertex 44.2502 -19.9834 0
    endloop
  endfacet
  facet normal 0.857735 -0.514091 0
    outer loop
      vertex 40.8195 14.849 22
      vertex 42.4087 17.5005 0
      vertex 42.4087 17.5005 22
    endloop
  endfacet
  facet normal 0.857735 -0.514091 0
    outer loop
      vertex 42.4087 17.5005 0
      vertex 40.8195 14.849 22
      vertex 40.8195 14.849 0
    endloop
  endfacet
  facet normal 0.803199 -0.595711 0
    outer loop
      vertex 42.4087 17.5005 22
      vertex 44.2502 19.9834 0
      vertex 44.2502 19.9834 22
    endloop
  endfacet
  facet normal 0.803199 -0.595711 0
    outer loop
      vertex 44.2502 19.9834 0
      vertex 42.4087 17.5005 22
      vertex 42.4087 17.5005 0
    endloop
  endfacet
  facet normal 0.336888 0.941545 -0
    outer loop
      vertex 59.15 -30.0341 0
      vertex 56.5455 -29.1022 22
      vertex 59.15 -30.0341 22
    endloop
  endfacet
  facet normal 0.336888 0.941545 0
    outer loop
      vertex 56.5455 -29.1022 22
      vertex 59.15 -30.0341 0
      vertex 56.5455 -29.1022 0
    endloop
  endfacet
  facet normal 0.514091 0.857735 -0
    outer loop
      vertex 53.751 -27.7805 0
      vertex 51.0995 -26.1913 22
      vertex 53.751 -27.7805 22
    endloop
  endfacet
  facet normal 0.514091 0.857735 0
    outer loop
      vertex 51.0995 -26.1913 22
      vertex 53.751 -27.7805 0
      vertex 51.0995 -26.1913 0
    endloop
  endfacet
  facet normal 0.903989 -0.427555 0
    outer loop
      vertex 39.4978 12.0545 22
      vertex 40.8195 14.849 0
      vertex 40.8195 14.849 22
    endloop
  endfacet
  facet normal 0.903989 -0.427555 0
    outer loop
      vertex 40.8195 14.849 0
      vertex 39.4978 12.0545 22
      vertex 39.4978 12.0545 0
    endloop
  endfacet
  facet normal 0.970033 -0.242975 0
    outer loop
      vertex 37.7053 6.14534 22
      vertex 38.4564 9.14397 0
      vertex 38.4564 9.14397 22
    endloop
  endfacet
  facet normal 0.970033 -0.242975 0
    outer loop
      vertex 38.4564 9.14397 0
      vertex 37.7053 6.14534 22
      vertex 37.7053 6.14534 0
    endloop
  endfacet
  facet normal 0.427555 -0.903989 0
    outer loop
      vertex 53.751 27.7805 0
      vertex 56.5455 29.1022 22
      vertex 53.751 27.7805 22
    endloop
  endfacet
  facet normal 0.427555 -0.903989 0
    outer loop
      vertex 56.5455 29.1022 22
      vertex 53.751 27.7805 0
      vertex 56.5455 29.1022 0
    endloop
  endfacet
  facet normal 0.514091 -0.857735 0
    outer loop
      vertex 51.0995 26.1913 0
      vertex 53.751 27.7805 22
      vertex 51.0995 26.1913 22
    endloop
  endfacet
  facet normal 0.514091 -0.857735 0
    outer loop
      vertex 53.751 27.7805 22
      vertex 51.0995 26.1913 0
      vertex 53.751 27.7805 0
    endloop
  endfacet
  facet normal 0.595711 -0.803199 0
    outer loop
      vertex 48.6166 24.3498 0
      vertex 51.0995 26.1913 22
      vertex 48.6166 24.3498 22
    endloop
  endfacet
  facet normal 0.595711 -0.803199 0
    outer loop
      vertex 51.0995 26.1913 22
      vertex 48.6166 24.3498 0
      vertex 51.0995 26.1913 0
    endloop
  endfacet
  facet normal 0.671543 0.740965 -0
    outer loop
      vertex 48.6166 -24.3498 0
      vertex 46.3261 -22.2739 22
      vertex 48.6166 -24.3498 22
    endloop
  endfacet
  facet normal 0.671543 0.740965 0
    outer loop
      vertex 46.3261 -22.2739 22
      vertex 48.6166 -24.3498 0
      vertex 46.3261 -22.2739 0
    endloop
  endfacet
  facet normal 0.595711 0.803199 -0
    outer loop
      vertex 51.0995 -26.1913 0
      vertex 48.6166 -24.3498 22
      vertex 51.0995 -26.1913 22
    endloop
  endfacet
  facet normal 0.595711 0.803199 0
    outer loop
      vertex 48.6166 -24.3498 22
      vertex 51.0995 -26.1913 0
      vertex 48.6166 -24.3498 0
    endloop
  endfacet
  facet normal 0.903989 0.427555 0
    outer loop
      vertex 40.8195 -14.849 22
      vertex 39.4978 -12.0545 0
      vertex 39.4978 -12.0545 22
    endloop
  endfacet
  facet normal 0.903989 0.427555 0
    outer loop
      vertex 39.4978 -12.0545 0
      vertex 40.8195 -14.849 22
      vertex 40.8195 -14.849 0
    endloop
  endfacet
  facet normal 0.970033 0.242975 0
    outer loop
      vertex 38.4564 -9.14397 22
      vertex 37.7053 -6.14534 0
      vertex 37.7053 -6.14534 22
    endloop
  endfacet
  facet normal 0.970033 0.242975 0
    outer loop
      vertex 37.7053 -6.14534 0
      vertex 38.4564 -9.14397 22
      vertex 38.4564 -9.14397 0
    endloop
  endfacet
  facet normal 0.998795 0.0490738 0
    outer loop
      vertex 37.2517 -3.08754 22
      vertex 37.1 0 0
      vertex 37.1 0 22
    endloop
  endfacet
  facet normal 0.998795 0.0490738 0
    outer loop
      vertex 37.1 0 0
      vertex 37.2517 -3.08754 22
      vertex 37.2517 -3.08754 0
    endloop
  endfacet
  facet normal 0.941545 0.336889 0
    outer loop
      vertex 39.4978 -12.0545 22
      vertex 38.4564 -9.14397 0
      vertex 38.4564 -9.14397 22
    endloop
  endfacet
  facet normal 0.941545 0.336889 0
    outer loop
      vertex 38.4564 -9.14397 0
      vertex 39.4978 -12.0545 22
      vertex 39.4978 -12.0545 0
    endloop
  endfacet
  facet normal 0.740965 -0.671543 0
    outer loop
      vertex 44.2502 19.9834 22
      vertex 46.3261 22.2739 0
      vertex 46.3261 22.2739 22
    endloop
  endfacet
  facet normal 0.740965 -0.671543 0
    outer loop
      vertex 46.3261 22.2739 0
      vertex 44.2502 19.9834 22
      vertex 44.2502 19.9834 0
    endloop
  endfacet
  facet normal 0.989176 -0.146736 0
    outer loop
      vertex 37.2517 3.08754 22
      vertex 37.7053 6.14534 0
      vertex 37.7053 6.14534 22
    endloop
  endfacet
  facet normal 0.989176 -0.146736 0
    outer loop
      vertex 37.7053 6.14534 0
      vertex 37.2517 3.08754 22
      vertex 37.2517 3.08754 0
    endloop
  endfacet
  facet normal 0.941545 -0.336889 0
    outer loop
      vertex 38.4564 9.14397 22
      vertex 39.4978 12.0545 0
      vertex 39.4978 12.0545 22
    endloop
  endfacet
  facet normal 0.941545 -0.336889 0
    outer loop
      vertex 39.4978 12.0545 0
      vertex 38.4564 9.14397 22
      vertex 38.4564 9.14397 0
    endloop
  endfacet
  facet normal 0.427555 0.903989 -0
    outer loop
      vertex 56.5455 -29.1022 0
      vertex 53.751 -27.7805 22
      vertex 56.5455 -29.1022 22
    endloop
  endfacet
  facet normal 0.427555 0.903989 0
    outer loop
      vertex 53.751 -27.7805 22
      vertex 56.5455 -29.1022 0
      vertex 53.751 -27.7805 0
    endloop
  endfacet
  facet normal 0.740965 0.671543 0
    outer loop
      vertex 46.3261 -22.2739 22
      vertex 44.2502 -19.9834 0
      vertex 44.2502 -19.9834 22
    endloop
  endfacet
  facet normal 0.740965 0.671543 0
    outer loop
      vertex 44.2502 -19.9834 0
      vertex 46.3261 -22.2739 22
      vertex 46.3261 -22.2739 0
    endloop
  endfacet
  facet normal 0.857735 0.514091 0
    outer loop
      vertex 42.4087 -17.5005 22
      vertex 40.8195 -14.849 0
      vertex 40.8195 -14.849 22
    endloop
  endfacet
  facet normal 0.857735 0.514091 0
    outer loop
      vertex 40.8195 -14.849 0
      vertex 42.4087 -17.5005 22
      vertex 42.4087 -17.5005 0
    endloop
  endfacet
  facet normal 0.989176 0.146736 0
    outer loop
      vertex 37.7053 -6.14534 22
      vertex 37.2517 -3.08754 0
      vertex 37.2517 -3.08754 22
    endloop
  endfacet
  facet normal 0.989176 0.146736 0
    outer loop
      vertex 37.2517 -3.08754 0
      vertex 37.7053 -6.14534 22
      vertex 37.7053 -6.14534 0
    endloop
  endfacet
  facet normal -0.0766736 0 0.997056
    outer loop
      vertex 32.5 32.5 22
      vertex 30.5 0 21.8462
      vertex 32.5 -32.5 22
    endloop
  endfacet
  facet normal -0.0766838 6.28648e-07 0.997055
    outer loop
      vertex 32.5 32.5 22
      vertex 30.3531 2.98952 21.8349
      vertex 30.5 0 21.8462
    endloop
  endfacet
  facet normal -0.0767244 3.60374e-06 0.997052
    outer loop
      vertex 32.5 32.5 22
      vertex 29.914 5.95025 21.8011
      vertex 30.3531 2.98952 21.8349
    endloop
  endfacet
  facet normal -0.0767469 5.80097e-06 0.997051
    outer loop
      vertex 32.5 32.5 22
      vertex 29.1867 8.85368 21.7451
      vertex 29.914 5.95025 21.8011
    endloop
  endfacet
  facet normal -0.0766502 -7.82479e-06 0.997058
    outer loop
      vertex 32.5 32.5 22
      vertex 28.1783 11.6718 21.6676
      vertex 29.1867 8.85368 21.7451
    endloop
  endfacet
  facet normal -0.0767269 8.19456e-06 0.997052
    outer loop
      vertex 32.5 32.5 22
      vertex 26.8986 14.3776 21.5691
      vertex 28.1783 11.6718 21.6676
    endloop
  endfacet
  facet normal -0.0766685 -9.98538e-06 0.997057
    outer loop
      vertex 32.5 32.5 22
      vertex 25.3598 16.9449 21.4508
      vertex 26.8986 14.3776 21.5691
    endloop
  endfacet
  facet normal -0.0767099 9.14525e-06 0.997053
    outer loop
      vertex 32.5 32.5 22
      vertex 23.5768 19.349 21.3136
      vertex 25.3598 16.9449 21.4508
    endloop
  endfacet
  facet normal -0.0766922 -2.96118e-06 0.997055
    outer loop
      vertex 32.5 32.5 22
      vertex 21.5668 21.5668 21.159
      vertex 23.5768 19.349 21.3136
    endloop
  endfacet
  facet normal -0.0766958 7.3598e-07 0.997055
    outer loop
      vertex 32.5 32.5 22
      vertex 19.349 23.5768 20.9884
      vertex 21.5668 21.5668 21.159
    endloop
  endfacet
  facet normal -0.0766898 -8.16421e-06 0.997055
    outer loop
      vertex 32.5 32.5 22
      vertex 16.9449 25.3598 20.8035
      vertex 19.349 23.5768 20.9884
    endloop
  endfacet
  facet normal -0.0766974 8.44025e-06 0.997054
    outer loop
      vertex 32.5 32.5 22
      vertex 14.3776 26.8986 20.606
      vertex 16.9449 25.3598 20.8035
    endloop
  endfacet
  facet normal -0.0767044 3.11611e-05 0.997054
    outer loop
      vertex 32.5 32.5 22
      vertex 11.6718 28.1783 20.3978
      vertex 14.3776 26.8986 20.606
    endloop
  endfacet
  facet normal -0.0766873 -5.17101e-05 0.997055
    outer loop
      vertex 32.5 32.5 22
      vertex 8.85368 29.1867 20.1811
      vertex 11.6718 28.1783 20.3978
    endloop
  endfacet
  facet normal -0.0766965 1.43518e-05 0.997054
    outer loop
      vertex 0 32.5 19.5
      vertex 8.85368 29.1867 20.1811
      vertex 32.5 32.5 22
    endloop
  endfacet
  facet normal -0.0767468 -0.000120982 0.997051
    outer loop
      vertex 8.85368 29.1867 20.1811
      vertex 0 32.5 19.5
      vertex 5.95025 29.914 19.9577
    endloop
  endfacet
  facet normal -0.0766729 5.02504e-05 0.997056
    outer loop
      vertex 5.95025 29.914 19.9577
      vertex 0 32.5 19.5
      vertex 2.98952 30.3531 19.73
    endloop
  endfacet
  facet normal -0.0767087 0 0.997054
    outer loop
      vertex 0 32.5 19.5
      vertex 0 30.5 19.5
      vertex 2.98952 30.3531 19.73
    endloop
  endfacet
  facet normal -0.0767087 0 0.997054
    outer loop
      vertex 0 32.5 19.5
      vertex -2.98952 30.3531 19.27
      vertex 0 30.5 19.5
    endloop
  endfacet
  facet normal -0.0766812 -3.856e-05 0.997056
    outer loop
      vertex -3.18556 32.3435 19.255
      vertex -2.98952 30.3531 19.27
      vertex 0 32.5 19.5
    endloop
  endfacet
  facet normal -0.0766747 -3.79134e-05 0.997056
    outer loop
      vertex -3.18556 32.3435 19.255
      vertex -5.95025 29.914 19.0423
      vertex -2.98952 30.3531 19.27
    endloop
  endfacet
  facet normal -0.0767006 -8.24965e-06 0.997054
    outer loop
      vertex -6.34044 31.8755 19.0123
      vertex -5.95025 29.914 19.0423
      vertex -3.18556 32.3435 19.255
    endloop
  endfacet
  facet normal -0.076714 -1.09306e-05 0.997053
    outer loop
      vertex -6.34044 31.8755 19.0123
      vertex -8.85368 29.1867 18.8189
      vertex -5.95025 29.914 19.0423
    endloop
  endfacet
  facet normal -0.0766937 -3.00056e-05 0.997055
    outer loop
      vertex -9.43425 31.1006 18.7743
      vertex -8.85368 29.1867 18.8189
      vertex -6.34044 31.8755 19.0123
    endloop
  endfacet
  facet normal -0.0766617 -2.0239e-05 0.997057
    outer loop
      vertex -9.43425 31.1006 18.7743
      vertex -11.6718 28.1783 18.6022
      vertex -8.85368 29.1867 18.8189
    endloop
  endfacet
  facet normal -0.0767015 1.0384e-05 0.997054
    outer loop
      vertex -12.4372 30.0261 18.5433
      vertex -11.6718 28.1783 18.6022
      vertex -9.43425 31.1006 18.7743
    endloop
  endfacet
  facet normal -0.0767202 2.55797e-06 0.997053
    outer loop
      vertex -12.4372 30.0261 18.5433
      vertex -14.3776 26.8986 18.394
      vertex -11.6718 28.1783 18.6022
    endloop
  endfacet
  facet normal -0.0766958 -1.26825e-05 0.997055
    outer loop
      vertex -15.3204 28.6624 18.3215
      vertex -14.3776 26.8986 18.394
      vertex -12.4372 30.0261 18.5433
    endloop
  endfacet
  facet normal -0.0766951 -1.22985e-05 0.997055
    outer loop
      vertex -15.3204 28.6624 18.3215
      vertex -16.9449 25.3598 18.1965
      vertex -14.3776 26.8986 18.394
    endloop
  endfacet
  facet normal -0.0766709 -2.42884e-05 0.997056
    outer loop
      vertex -18.056 27.0228 18.1111
      vertex -16.9449 25.3598 18.1965
      vertex -15.3204 28.6624 18.3215
    endloop
  endfacet
  facet normal -0.0766676 -2.20536e-05 0.997057
    outer loop
      vertex -18.056 27.0228 18.1111
      vertex -19.349 23.5768 18.0116
      vertex -16.9449 25.3598 18.1965
    endloop
  endfacet
  facet normal -0.0767057 -7.63683e-06 0.997054
    outer loop
      vertex -20.6178 25.1228 17.914
      vertex -19.349 23.5768 18.0116
      vertex -18.056 27.0228 18.1111
    endloop
  endfacet
  facet normal -0.0766965 -5.78562e-17 0.997054
    outer loop
      vertex -20.6178 25.1228 17.914
      vertex -21.5668 21.5668 17.841
      vertex -19.349 23.5768 18.0116
    endloop
  endfacet
  facet normal -0.076705 2.28489e-06 0.997054
    outer loop
      vertex -22.981 22.981 17.7322
      vertex -21.5668 21.5668 17.841
      vertex -20.6178 25.1228 17.914
    endloop
  endfacet
  facet normal -0.0766985 8.78495e-06 0.997054
    outer loop
      vertex -22.981 22.981 17.7322
      vertex -23.5768 19.349 17.6864
      vertex -21.5668 21.5668 17.841
    endloop
  endfacet
  facet normal -0.0766774 5.29278e-06 0.997056
    outer loop
      vertex -25.1228 20.6178 17.5675
      vertex -23.5768 19.349 17.6864
      vertex -22.981 22.981 17.7322
    endloop
  endfacet
  facet normal -0.076697 -1.87604e-05 0.997054
    outer loop
      vertex -25.1228 20.6178 17.5675
      vertex -25.3598 16.9449 17.5492
      vertex -23.5768 19.349 17.6864
    endloop
  endfacet
  facet normal -0.0766953 -1.88727e-05 0.997055
    outer loop
      vertex -27.0228 18.056 17.4213
      vertex -25.3598 16.9449 17.5492
      vertex -25.1228 20.6178 17.5675
    endloop
  endfacet
  facet normal -0.0766739 1.3277e-05 0.997056
    outer loop
      vertex -25.3598 16.9449 17.5492
      vertex -27.0228 18.056 17.4213
      vertex -26.8986 14.3776 17.4309
    endloop
  endfacet
  facet normal -0.0767029 1.22917e-05 0.997054
    outer loop
      vertex -28.6624 15.3204 17.2952
      vertex -26.8986 14.3776 17.4309
      vertex -27.0228 18.056 17.4213
    endloop
  endfacet
  facet normal -0.0767165 -1.31757e-05 0.997053
    outer loop
      vertex -26.8986 14.3776 17.4309
      vertex -28.6624 15.3204 17.2952
      vertex -28.1783 11.6718 17.3324
    endloop
  endfacet
  facet normal -0.0766792 -8.20792e-06 0.997056
    outer loop
      vertex -30.0261 12.4372 17.1903
      vertex -28.1783 11.6718 17.3324
      vertex -28.6624 15.3204 17.2952
    endloop
  endfacet
  facet normal -0.0766697 1.48646e-05 0.997057
    outer loop
      vertex -28.1783 11.6718 17.3324
      vertex -30.0261 12.4372 17.1903
      vertex -29.1867 8.85368 17.2549
    endloop
  endfacet
  facet normal -0.0767366 -8.88887e-07 0.997051
    outer loop
      vertex -31.1006 9.43425 17.1076
      vertex -29.1867 8.85368 17.2549
      vertex -30.0261 12.4372 17.1903
    endloop
  endfacet
  facet normal -0.0767387 -7.85585e-06 0.997051
    outer loop
      vertex -29.1867 8.85368 17.2549
      vertex -31.1006 9.43425 17.1076
      vertex -29.914 5.95025 17.1989
    endloop
  endfacet
  facet normal -0.0767034 4.22712e-06 0.997054
    outer loop
      vertex -31.8755 6.34044 17.048
      vertex -29.914 5.95025 17.1989
      vertex -31.1006 9.43425 17.1076
    endloop
  endfacet
  facet normal -0.0767055 -6.42211e-06 0.997054
    outer loop
      vertex -29.914 5.95025 17.1989
      vertex -31.8755 6.34044 17.048
      vertex -30.3531 2.98952 17.1651
    endloop
  endfacet
  facet normal -0.0766838 -6.28648e-07 0.997055
    outer loop
      vertex 30.3531 -2.98952 21.8349
      vertex 32.5 -32.5 22
      vertex 30.5 0 21.8462
    endloop
  endfacet
  facet normal -0.0767244 -3.60374e-06 0.997052
    outer loop
      vertex 29.914 -5.95025 21.8011
      vertex 32.5 -32.5 22
      vertex 30.3531 -2.98952 21.8349
    endloop
  endfacet
  facet normal -0.0767469 -5.80097e-06 0.997051
    outer loop
      vertex 29.1867 -8.85368 21.7451
      vertex 32.5 -32.5 22
      vertex 29.914 -5.95025 21.8011
    endloop
  endfacet
  facet normal -0.0766502 7.82479e-06 0.997058
    outer loop
      vertex 28.1783 -11.6718 21.6676
      vertex 32.5 -32.5 22
      vertex 29.1867 -8.85368 21.7451
    endloop
  endfacet
  facet normal -0.0767269 -8.19456e-06 0.997052
    outer loop
      vertex 26.8986 -14.3776 21.5691
      vertex 32.5 -32.5 22
      vertex 28.1783 -11.6718 21.6676
    endloop
  endfacet
  facet normal -0.0766685 9.98538e-06 0.997057
    outer loop
      vertex 25.3598 -16.9449 21.4508
      vertex 32.5 -32.5 22
      vertex 26.8986 -14.3776 21.5691
    endloop
  endfacet
  facet normal -0.0767099 -9.14525e-06 0.997053
    outer loop
      vertex 23.5768 -19.349 21.3136
      vertex 32.5 -32.5 22
      vertex 25.3598 -16.9449 21.4508
    endloop
  endfacet
  facet normal -0.0766922 2.96118e-06 0.997055
    outer loop
      vertex 21.5668 -21.5668 21.159
      vertex 32.5 -32.5 22
      vertex 23.5768 -19.349 21.3136
    endloop
  endfacet
  facet normal -0.0766958 -7.3598e-07 0.997055
    outer loop
      vertex 19.349 -23.5768 20.9884
      vertex 32.5 -32.5 22
      vertex 21.5668 -21.5668 21.159
    endloop
  endfacet
  facet normal -0.0766898 8.16421e-06 0.997055
    outer loop
      vertex 16.9449 -25.3598 20.8035
      vertex 32.5 -32.5 22
      vertex 19.349 -23.5768 20.9884
    endloop
  endfacet
  facet normal -0.0766974 -8.44025e-06 0.997054
    outer loop
      vertex 14.3776 -26.8986 20.606
      vertex 32.5 -32.5 22
      vertex 16.9449 -25.3598 20.8035
    endloop
  endfacet
  facet normal -0.0767044 -3.11611e-05 0.997054
    outer loop
      vertex 11.6718 -28.1783 20.3978
      vertex 32.5 -32.5 22
      vertex 14.3776 -26.8986 20.606
    endloop
  endfacet
  facet normal -0.0766873 5.17101e-05 0.997055
    outer loop
      vertex 8.85368 -29.1867 20.1811
      vertex 32.5 -32.5 22
      vertex 11.6718 -28.1783 20.3978
    endloop
  endfacet
  facet normal -0.0767468 0.000120982 0.997051
    outer loop
      vertex 0 -32.5 19.5
      vertex 8.85368 -29.1867 20.1811
      vertex 5.95025 -29.914 19.9577
    endloop
  endfacet
  facet normal -0.0766729 -5.02504e-05 0.997056
    outer loop
      vertex 0 -32.5 19.5
      vertex 5.95025 -29.914 19.9577
      vertex 2.98952 -30.3531 19.73
    endloop
  endfacet
  facet normal -0.0767087 0 0.997054
    outer loop
      vertex 0 -32.5 19.5
      vertex 2.98952 -30.3531 19.73
      vertex 0 -30.5 19.5
    endloop
  endfacet
  facet normal -0.0766965 -1.43518e-05 0.997054
    outer loop
      vertex 8.85368 -29.1867 20.1811
      vertex 0 -32.5 19.5
      vertex 32.5 -32.5 22
    endloop
  endfacet
  facet normal -0.0767087 0 0.997054
    outer loop
      vertex -2.98952 -30.3531 19.27
      vertex 0 -32.5 19.5
      vertex 0 -30.5 19.5
    endloop
  endfacet
  facet normal -0.0766812 3.856e-05 0.997056
    outer loop
      vertex -2.98952 -30.3531 19.27
      vertex -3.18556 -32.3435 19.255
      vertex 0 -32.5 19.5
    endloop
  endfacet
  facet normal -0.0766747 3.79134e-05 0.997056
    outer loop
      vertex -5.95025 -29.914 19.0423
      vertex -3.18556 -32.3435 19.255
      vertex -2.98952 -30.3531 19.27
    endloop
  endfacet
  facet normal -0.0767006 8.24965e-06 0.997054
    outer loop
      vertex -5.95025 -29.914 19.0423
      vertex -6.34044 -31.8755 19.0123
      vertex -3.18556 -32.3435 19.255
    endloop
  endfacet
  facet normal -0.076714 1.09306e-05 0.997053
    outer loop
      vertex -8.85368 -29.1867 18.8189
      vertex -6.34044 -31.8755 19.0123
      vertex -5.95025 -29.914 19.0423
    endloop
  endfacet
  facet normal -0.0766937 3.00056e-05 0.997055
    outer loop
      vertex -8.85368 -29.1867 18.8189
      vertex -9.43425 -31.1006 18.7743
      vertex -6.34044 -31.8755 19.0123
    endloop
  endfacet
  facet normal -0.0766617 2.0239e-05 0.997057
    outer loop
      vertex -11.6718 -28.1783 18.6022
      vertex -9.43425 -31.1006 18.7743
      vertex -8.85368 -29.1867 18.8189
    endloop
  endfacet
  facet normal -0.0767015 -1.0384e-05 0.997054
    outer loop
      vertex -11.6718 -28.1783 18.6022
      vertex -12.4372 -30.0261 18.5433
      vertex -9.43425 -31.1006 18.7743
    endloop
  endfacet
  facet normal -0.0767202 -2.55797e-06 0.997053
    outer loop
      vertex -14.3776 -26.8986 18.394
      vertex -12.4372 -30.0261 18.5433
      vertex -11.6718 -28.1783 18.6022
    endloop
  endfacet
  facet normal -0.0766958 1.26825e-05 0.997055
    outer loop
      vertex -14.3776 -26.8986 18.394
      vertex -15.3204 -28.6624 18.3215
      vertex -12.4372 -30.0261 18.5433
    endloop
  endfacet
  facet normal -0.0766951 1.22985e-05 0.997055
    outer loop
      vertex -16.9449 -25.3598 18.1965
      vertex -15.3204 -28.6624 18.3215
      vertex -14.3776 -26.8986 18.394
    endloop
  endfacet
  facet normal -0.0766709 2.42884e-05 0.997056
    outer loop
      vertex -16.9449 -25.3598 18.1965
      vertex -18.056 -27.0228 18.1111
      vertex -15.3204 -28.6624 18.3215
    endloop
  endfacet
  facet normal -0.0766676 2.20536e-05 0.997057
    outer loop
      vertex -19.349 -23.5768 18.0116
      vertex -18.056 -27.0228 18.1111
      vertex -16.9449 -25.3598 18.1965
    endloop
  endfacet
  facet normal -0.0767057 7.63683e-06 0.997054
    outer loop
      vertex -19.349 -23.5768 18.0116
      vertex -20.6178 -25.1228 17.914
      vertex -18.056 -27.0228 18.1111
    endloop
  endfacet
  facet normal -0.0766965 6.01705e-17 0.997054
    outer loop
      vertex -21.5668 -21.5668 17.841
      vertex -20.6178 -25.1228 17.914
      vertex -19.349 -23.5768 18.0116
    endloop
  endfacet
  facet normal -0.076705 -2.28489e-06 0.997054
    outer loop
      vertex -21.5668 -21.5668 17.841
      vertex -22.981 -22.981 17.7322
      vertex -20.6178 -25.1228 17.914
    endloop
  endfacet
  facet normal -0.0766985 -8.78495e-06 0.997054
    outer loop
      vertex -23.5768 -19.349 17.6864
      vertex -22.981 -22.981 17.7322
      vertex -21.5668 -21.5668 17.841
    endloop
  endfacet
  facet normal -0.0766774 -5.29278e-06 0.997056
    outer loop
      vertex -23.5768 -19.349 17.6864
      vertex -25.1228 -20.6178 17.5675
      vertex -22.981 -22.981 17.7322
    endloop
  endfacet
  facet normal -0.076697 1.87604e-05 0.997054
    outer loop
      vertex -25.3598 -16.9449 17.5492
      vertex -25.1228 -20.6178 17.5675
      vertex -23.5768 -19.349 17.6864
    endloop
  endfacet
  facet normal -0.0766739 -1.3277e-05 0.997056
    outer loop
      vertex -27.0228 -18.056 17.4213
      vertex -25.3598 -16.9449 17.5492
      vertex -26.8986 -14.3776 17.4309
    endloop
  endfacet
  facet normal -0.0766953 1.88727e-05 0.997055
    outer loop
      vertex -25.3598 -16.9449 17.5492
      vertex -27.0228 -18.056 17.4213
      vertex -25.1228 -20.6178 17.5675
    endloop
  endfacet
  facet normal -0.0767165 1.31757e-05 0.997053
    outer loop
      vertex -28.6624 -15.3204 17.2952
      vertex -26.8986 -14.3776 17.4309
      vertex -28.1783 -11.6718 17.3324
    endloop
  endfacet
  facet normal -0.0767029 -1.22917e-05 0.997054
    outer loop
      vertex -26.8986 -14.3776 17.4309
      vertex -28.6624 -15.3204 17.2952
      vertex -27.0228 -18.056 17.4213
    endloop
  endfacet
  facet normal -0.0766697 -1.48646e-05 0.997057
    outer loop
      vertex -30.0261 -12.4372 17.1903
      vertex -28.1783 -11.6718 17.3324
      vertex -29.1867 -8.85368 17.2549
    endloop
  endfacet
  facet normal -0.0767387 7.85585e-06 0.997051
    outer loop
      vertex -31.1006 -9.43425 17.1076
      vertex -29.1867 -8.85368 17.2549
      vertex -29.914 -5.95025 17.1989
    endloop
  endfacet
  facet normal -0.0766792 8.20792e-06 0.997056
    outer loop
      vertex -28.1783 -11.6718 17.3324
      vertex -30.0261 -12.4372 17.1903
      vertex -28.6624 -15.3204 17.2952
    endloop
  endfacet
  facet normal -0.0767055 6.42211e-06 0.997054
    outer loop
      vertex -31.8755 -6.34044 17.048
      vertex -29.914 -5.95025 17.1989
      vertex -30.3531 -2.98952 17.1651
    endloop
  endfacet
  facet normal -0.0766927 1.88434e-07 0.997055
    outer loop
      vertex -32.3435 -3.18556 17.012
      vertex -30.3531 -2.98952 17.1651
      vertex -30.5 0 17.1538
    endloop
  endfacet
  facet normal -0.0766927 -5.63377e-07 0.997055
    outer loop
      vertex -32.3435 3.18556 17.012
      vertex -30.3531 2.98952 17.1651
      vertex -31.8755 6.34044 17.048
    endloop
  endfacet
  facet normal -0.0767366 8.88887e-07 0.997051
    outer loop
      vertex -29.1867 -8.85368 17.2549
      vertex -31.1006 -9.43425 17.1076
      vertex -30.0261 -12.4372 17.1903
    endloop
  endfacet
  facet normal -0.0766927 -1.88434e-07 0.997055
    outer loop
      vertex -30.3531 2.98952 17.1651
      vertex -32.3435 3.18556 17.012
      vertex -30.5 0 17.1538
    endloop
  endfacet
  facet normal -0.0767034 -4.22712e-06 0.997054
    outer loop
      vertex -29.914 -5.95025 17.1989
      vertex -31.8755 -6.34044 17.048
      vertex -31.1006 -9.43425 17.1076
    endloop
  endfacet
  facet normal -0.0766736 1.09078e-05 0.997056
    outer loop
      vertex -32.5 0 17
      vertex -30.5 0 17.1538
      vertex -32.3435 3.18556 17.012
    endloop
  endfacet
  facet normal -0.0766927 5.63377e-07 0.997055
    outer loop
      vertex -30.3531 -2.98952 17.1651
      vertex -32.3435 -3.18556 17.012
      vertex -31.8755 -6.34044 17.048
    endloop
  endfacet
  facet normal -0.0766736 -1.09078e-05 0.997056
    outer loop
      vertex -30.5 0 17.1538
      vertex -32.5 0 17
      vertex -32.3435 -3.18556 17.012
    endloop
  endfacet
  facet normal 0.427543 -0.903995 0
    outer loop
      vertex 50.9826 31.8374 6
      vertex 52.3836 32.5 16
      vertex 50.9826 31.8374 16
    endloop
  endfacet
  facet normal 0.427543 -0.903995 0
    outer loop
      vertex 52.3836 32.5 16
      vertex 50.9826 31.8374 6
      vertex 52.3836 32.5 6
    endloop
  endfacet
  facet normal 0.903986 -0.427562 0
    outer loop
      vertex 34.6479 13.8149 16
      vertex 36.1626 17.0174 6
      vertex 36.1626 17.0174 16
    endloop
  endfacet
  facet normal 0.903986 -0.427562 0
    outer loop
      vertex 36.1626 17.0174 6
      vertex 34.6479 13.8149 16
      vertex 34.6479 13.8149 6
    endloop
  endfacet
  facet normal 0.803203 -0.595705 0
    outer loop
      vertex 37.9839 20.0561 16
      vertex 40.0943 22.9016 6
      vertex 40.0943 22.9016 16
    endloop
  endfacet
  facet normal 0.803203 -0.595705 0
    outer loop
      vertex 40.0943 22.9016 6
      vertex 37.9839 20.0561 16
      vertex 37.9839 20.0561 6
    endloop
  endfacet
  facet normal 0.998796 -0.0490588 0
    outer loop
      vertex 31.9 0 16
      vertex 32.0738 3.53842 6
      vertex 32.0738 3.53842 16
    endloop
  endfacet
  facet normal 0.998796 -0.0490588 0
    outer loop
      vertex 32.0738 3.53842 6
      vertex 31.9 0 16
      vertex 31.9 0 6
    endloop
  endfacet
  facet normal 0.941553 -0.336866 0
    outer loop
      vertex 33.4545 10.4793 16
      vertex 34.6479 13.8149 6
      vertex 34.6479 13.8149 16
    endloop
  endfacet
  facet normal 0.941553 -0.336866 0
    outer loop
      vertex 34.6479 13.8149 6
      vertex 33.4545 10.4793 16
      vertex 33.4545 10.4793 6
    endloop
  endfacet
  facet normal 0.970032 -0.242978 0
    outer loop
      vertex 32.5937 7.04276 16
      vertex 33.4545 10.4793 6
      vertex 33.4545 10.4793 16
    endloop
  endfacet
  facet normal 0.970032 -0.242978 0
    outer loop
      vertex 33.4545 10.4793 6
      vertex 32.5937 7.04276 16
      vertex 32.5937 7.04276 6
    endloop
  endfacet
  facet normal 0.857732 -0.514097 0
    outer loop
      vertex 36.1626 17.0174 16
      vertex 37.9839 20.0561 6
      vertex 37.9839 20.0561 16
    endloop
  endfacet
  facet normal 0.857732 -0.514097 0
    outer loop
      vertex 37.9839 20.0561 6
      vertex 36.1626 17.0174 16
      vertex 36.1626 17.0174 6
    endloop
  endfacet
  facet normal 0.595705 -0.803203 0
    outer loop
      vertex 45.0984 27.9057 6
      vertex 47.9439 30.0161 16
      vertex 45.0984 27.9057 16
    endloop
  endfacet
  facet normal 0.595705 -0.803203 0
    outer loop
      vertex 47.9439 30.0161 16
      vertex 45.0984 27.9057 6
      vertex 47.9439 30.0161 6
    endloop
  endfacet
  facet normal 0.671549 -0.74096 0
    outer loop
      vertex 42.4734 25.5266 6
      vertex 45.0984 27.9057 16
      vertex 42.4734 25.5266 16
    endloop
  endfacet
  facet normal 0.671549 -0.74096 0
    outer loop
      vertex 45.0984 27.9057 16
      vertex 42.4734 25.5266 6
      vertex 45.0984 27.9057 6
    endloop
  endfacet
  facet normal 0.514097 -0.857732 0
    outer loop
      vertex 47.9439 30.0161 6
      vertex 50.9826 31.8374 16
      vertex 47.9439 30.0161 16
    endloop
  endfacet
  facet normal 0.514097 -0.857732 0
    outer loop
      vertex 50.9826 31.8374 16
      vertex 47.9439 30.0161 6
      vertex 50.9826 31.8374 6
    endloop
  endfacet
  facet normal 0.74096 -0.671549 0
    outer loop
      vertex 40.0943 22.9016 16
      vertex 42.4734 25.5266 6
      vertex 42.4734 25.5266 16
    endloop
  endfacet
  facet normal 0.74096 -0.671549 0
    outer loop
      vertex 42.4734 25.5266 6
      vertex 40.0943 22.9016 16
      vertex 40.0943 22.9016 6
    endloop
  endfacet
  facet normal 0 0 -1
    outer loop
      vertex 59.15 -32.5 16
      vertex 58.2755 -32.0575 16
      vertex 59.15 -32.2766 16
    endloop
  endfacet
  facet normal 0 0 -1
    outer loop
      vertex 52.3836 -32.5 16
      vertex 58.2755 -32.0575 16
      vertex 59.15 -32.5 16
    endloop
  endfacet
  facet normal -0 0 -1
    outer loop
      vertex 58.2755 -32.0575 16
      vertex 52.3836 -32.5 16
      vertex 55.1801 -30.95 16
    endloop
  endfacet
  facet normal 0 0 -1
    outer loop
      vertex 52.3836 -32.5 16
      vertex 52.2082 -29.5444 16
      vertex 55.1801 -30.95 16
    endloop
  endfacet
  facet normal 0 0 -1
    outer loop
      vertex 50.9826 -31.8374 16
      vertex 52.2082 -29.5444 16
      vertex 52.3836 -32.5 16
    endloop
  endfacet
  facet normal 0 0 -1
    outer loop
      vertex 50.9826 -31.8374 16
      vertex 49.3884 -27.8542 16
      vertex 52.2082 -29.5444 16
    endloop
  endfacet
  facet normal 0 0 -1
    outer loop
      vertex 47.9439 -30.0161 16
      vertex 49.3884 -27.8542 16
      vertex 50.9826 -31.8374 16
    endloop
  endfacet
  facet normal 0 0 -1
    outer loop
      vertex 47.9439 -30.0161 16
      vertex 46.7478 -25.8959 16
      vertex 49.3884 -27.8542 16
    endloop
  endfacet
  facet normal 0 0 -1
    outer loop
      vertex 45.0984 -27.9057 16
      vertex 46.7478 -25.8959 16
      vertex 47.9439 -30.0161 16
    endloop
  endfacet
  facet normal 0 0 -1
    outer loop
      vertex 45.0984 -27.9057 16
      vertex 44.3119 -23.6881 16
      vertex 46.7478 -25.8959 16
    endloop
  endfacet
  facet normal 0 0 -1
    outer loop
      vertex 42.4734 -25.5266 16
      vertex 44.3119 -23.6881 16
      vertex 45.0984 -27.9057 16
    endloop
  endfacet
  facet normal 0 0 -1
    outer loop
      vertex 42.4734 -25.5266 16
      vertex 42.1041 -21.2522 16
      vertex 44.3119 -23.6881 16
    endloop
  endfacet
  facet normal 0 0 -1
    outer loop
      vertex 40.0943 -22.9016 16
      vertex 42.1041 -21.2522 16
      vertex 42.4734 -25.5266 16
    endloop
  endfacet
  facet normal -0 0 -1
    outer loop
      vertex 42.1041 -21.2522 16
      vertex 40.0943 -22.9016 16
      vertex 40.1458 -18.6116 16
    endloop
  endfacet
  facet normal 0 0 -1
    outer loop
      vertex 37.9839 -20.0561 16
      vertex 40.1458 -18.6116 16
      vertex 40.0943 -22.9016 16
    endloop
  endfacet
  facet normal -0 0 -1
    outer loop
      vertex 40.1458 -18.6116 16
      vertex 37.9839 -20.0561 16
      vertex 38.4556 -15.7918 16
    endloop
  endfacet
  facet normal 0 0 -1
    outer loop
      vertex 36.1626 -17.0174 16
      vertex 38.4556 -15.7918 16
      vertex 37.9839 -20.0561 16
    endloop
  endfacet
  facet normal -0 0 -1
    outer loop
      vertex 38.4556 -15.7918 16
      vertex 36.1626 -17.0174 16
      vertex 37.05 -12.8199 16
    endloop
  endfacet
  facet normal 0 0 -1
    outer loop
      vertex 34.6479 -13.8149 16
      vertex 37.05 -12.8199 16
      vertex 36.1626 -17.0174 16
    endloop
  endfacet
  facet normal -0 0 -1
    outer loop
      vertex 37.05 -12.8199 16
      vertex 34.6479 -13.8149 16
      vertex 35.9425 -9.72454 16
    endloop
  endfacet
  facet normal 0 0 -1
    outer loop
      vertex 33.4545 -10.4793 16
      vertex 35.9425 -9.72454 16
      vertex 34.6479 -13.8149 16
    endloop
  endfacet
  facet normal -0 0 -1
    outer loop
      vertex 35.9425 -9.72454 16
      vertex 33.4545 -10.4793 16
      vertex 35.1437 -6.53553 16
    endloop
  endfacet
  facet normal 0 0 -1
    outer loop
      vertex 32.5937 -7.04276 16
      vertex 35.1437 -6.53553 16
      vertex 33.4545 -10.4793 16
    endloop
  endfacet
  facet normal -0 0 -1
    outer loop
      vertex 35.1437 -6.53553 16
      vertex 32.5937 -7.04276 16
      vertex 34.6613 -3.28357 16
    endloop
  endfacet
  facet normal 0 0 -1
    outer loop
      vertex 58.2755 32.0575 16
      vertex 59.15 32.5 16
      vertex 59.15 32.2766 16
    endloop
  endfacet
  facet normal 0 0 -1
    outer loop
      vertex 52.3836 32.5 16
      vertex 58.2755 32.0575 16
      vertex 55.1801 30.95 16
    endloop
  endfacet
  facet normal 0 0 -1
    outer loop
      vertex 58.2755 32.0575 16
      vertex 52.3836 32.5 16
      vertex 59.15 32.5 16
    endloop
  endfacet
  facet normal 0 0 -1
    outer loop
      vertex 52.2082 29.5444 16
      vertex 52.3836 32.5 16
      vertex 55.1801 30.95 16
    endloop
  endfacet
  facet normal 0 0 -1
    outer loop
      vertex 52.2082 29.5444 16
      vertex 50.9826 31.8374 16
      vertex 52.3836 32.5 16
    endloop
  endfacet
  facet normal 0 0 -1
    outer loop
      vertex 49.3884 27.8542 16
      vertex 50.9826 31.8374 16
      vertex 52.2082 29.5444 16
    endloop
  endfacet
  facet normal 0 0 -1
    outer loop
      vertex 49.3884 27.8542 16
      vertex 47.9439 30.0161 16
      vertex 50.9826 31.8374 16
    endloop
  endfacet
  facet normal 0 0 -1
    outer loop
      vertex 46.7478 25.8959 16
      vertex 47.9439 30.0161 16
      vertex 49.3884 27.8542 16
    endloop
  endfacet
  facet normal 0 0 -1
    outer loop
      vertex 46.7478 25.8959 16
      vertex 45.0984 27.9057 16
      vertex 47.9439 30.0161 16
    endloop
  endfacet
  facet normal 0 0 -1
    outer loop
      vertex 44.3119 23.6881 16
      vertex 45.0984 27.9057 16
      vertex 46.7478 25.8959 16
    endloop
  endfacet
  facet normal 0 0 -1
    outer loop
      vertex 44.3119 23.6881 16
      vertex 42.4734 25.5266 16
      vertex 45.0984 27.9057 16
    endloop
  endfacet
  facet normal 0 0 -1
    outer loop
      vertex 42.1041 21.2522 16
      vertex 42.4734 25.5266 16
      vertex 44.3119 23.6881 16
    endloop
  endfacet
  facet normal 0 0 -1
    outer loop
      vertex 40.0943 22.9016 16
      vertex 42.1041 21.2522 16
      vertex 40.1458 18.6116 16
    endloop
  endfacet
  facet normal 0 0 -1
    outer loop
      vertex 42.1041 21.2522 16
      vertex 40.0943 22.9016 16
      vertex 42.4734 25.5266 16
    endloop
  endfacet
  facet normal 0 0 -1
    outer loop
      vertex 37.9839 20.0561 16
      vertex 40.1458 18.6116 16
      vertex 38.4556 15.7918 16
    endloop
  endfacet
  facet normal 0 0 -1
    outer loop
      vertex 40.1458 18.6116 16
      vertex 37.9839 20.0561 16
      vertex 40.0943 22.9016 16
    endloop
  endfacet
  facet normal 0 0 -1
    outer loop
      vertex 36.1626 17.0174 16
      vertex 38.4556 15.7918 16
      vertex 37.05 12.8199 16
    endloop
  endfacet
  facet normal 0 0 -1
    outer loop
      vertex 38.4556 15.7918 16
      vertex 36.1626 17.0174 16
      vertex 37.9839 20.0561 16
    endloop
  endfacet
  facet normal 0 0 -1
    outer loop
      vertex 34.6479 13.8149 16
      vertex 37.05 12.8199 16
      vertex 35.9425 9.72454 16
    endloop
  endfacet
  facet normal 0 0 -1
    outer loop
      vertex 33.4545 10.4793 16
      vertex 35.9425 9.72454 16
      vertex 35.1437 6.53553 16
    endloop
  endfacet
  facet normal 0 0 -1
    outer loop
      vertex 32.5937 7.04276 16
      vertex 35.1437 6.53553 16
      vertex 34.6613 3.28357 16
    endloop
  endfacet
  facet normal 0 0 -1
    outer loop
      vertex 37.05 12.8199 16
      vertex 34.6479 13.8149 16
      vertex 36.1626 17.0174 16
    endloop
  endfacet
  facet normal 0 0 -1
    outer loop
      vertex 32.0738 3.53842 16
      vertex 34.6613 3.28357 16
      vertex 34.5 0 16
    endloop
  endfacet
  facet normal 0 0 -1
    outer loop
      vertex 32.0738 -3.53842 16
      vertex 34.6613 -3.28357 16
      vertex 32.5937 -7.04276 16
    endloop
  endfacet
  facet normal 0 0 -1
    outer loop
      vertex 35.9425 9.72454 16
      vertex 33.4545 10.4793 16
      vertex 34.6479 13.8149 16
    endloop
  endfacet
  facet normal -0 0 -1
    outer loop
      vertex 34.6613 -3.28357 16
      vertex 32.0738 -3.53842 16
      vertex 34.5 0 16
    endloop
  endfacet
  facet normal 0 0 -1
    outer loop
      vertex 35.1437 6.53553 16
      vertex 32.5937 7.04276 16
      vertex 33.4545 10.4793 16
    endloop
  endfacet
  facet normal 0 0 -1
    outer loop
      vertex 31.9 0 16
      vertex 34.5 0 16
      vertex 32.0738 -3.53842 16
    endloop
  endfacet
  facet normal 0 0 -1
    outer loop
      vertex 34.6613 3.28357 16
      vertex 32.0738 3.53842 16
      vertex 32.5937 7.04276 16
    endloop
  endfacet
  facet normal 0 0 -1
    outer loop
      vertex 34.5 0 16
      vertex 31.9 0 16
      vertex 32.0738 3.53842 16
    endloop
  endfacet
  facet normal 0.989173 -0.146753 0
    outer loop
      vertex 32.0738 3.53842 16
      vertex 32.5937 7.04276 6
      vertex 32.5937 7.04276 16
    endloop
  endfacet
  facet normal 0.989173 -0.146753 0
    outer loop
      vertex 32.5937 7.04276 6
      vertex 32.0738 3.53842 16
      vertex 32.0738 3.53842 6
    endloop
  endfacet
  facet normal 0.998796 0.0490588 0
    outer loop
      vertex 32.0738 -3.53842 16
      vertex 31.9 0 6
      vertex 31.9 0 16
    endloop
  endfacet
  facet normal 0.998796 0.0490588 0
    outer loop
      vertex 31.9 0 6
      vertex 32.0738 -3.53842 16
      vertex 32.0738 -3.53842 6
    endloop
  endfacet
  facet normal 0.427543 0.903995 -0
    outer loop
      vertex 52.3836 -32.5 6
      vertex 50.9826 -31.8374 16
      vertex 52.3836 -32.5 16
    endloop
  endfacet
  facet normal 0.427543 0.903995 0
    outer loop
      vertex 50.9826 -31.8374 16
      vertex 52.3836 -32.5 6
      vertex 50.9826 -31.8374 6
    endloop
  endfacet
  facet normal 0.857732 0.514097 0
    outer loop
      vertex 37.9839 -20.0561 16
      vertex 36.1626 -17.0174 6
      vertex 36.1626 -17.0174 16
    endloop
  endfacet
  facet normal 0.857732 0.514097 0
    outer loop
      vertex 36.1626 -17.0174 6
      vertex 37.9839 -20.0561 16
      vertex 37.9839 -20.0561 6
    endloop
  endfacet
  facet normal 0.941553 0.336866 0
    outer loop
      vertex 34.6479 -13.8149 16
      vertex 33.4545 -10.4793 6
      vertex 33.4545 -10.4793 16
    endloop
  endfacet
  facet normal 0.941553 0.336866 0
    outer loop
      vertex 33.4545 -10.4793 6
      vertex 34.6479 -13.8149 16
      vertex 34.6479 -13.8149 6
    endloop
  endfacet
  facet normal 0.970032 0.242978 0
    outer loop
      vertex 33.4545 -10.4793 16
      vertex 32.5937 -7.04276 6
      vertex 32.5937 -7.04276 16
    endloop
  endfacet
  facet normal 0.970032 0.242978 0
    outer loop
      vertex 32.5937 -7.04276 6
      vertex 33.4545 -10.4793 16
      vertex 33.4545 -10.4793 6
    endloop
  endfacet
  facet normal 0.903986 0.427562 0
    outer loop
      vertex 36.1626 -17.0174 16
      vertex 34.6479 -13.8149 6
      vertex 34.6479 -13.8149 16
    endloop
  endfacet
  facet normal 0.903986 0.427562 0
    outer loop
      vertex 34.6479 -13.8149 6
      vertex 36.1626 -17.0174 16
      vertex 36.1626 -17.0174 6
    endloop
  endfacet
  facet normal 0.74096 0.671549 0
    outer loop
      vertex 42.4734 -25.5266 16
      vertex 40.0943 -22.9016 6
      vertex 40.0943 -22.9016 16
    endloop
  endfacet
  facet normal 0.74096 0.671549 0
    outer loop
      vertex 40.0943 -22.9016 6
      vertex 42.4734 -25.5266 16
      vertex 42.4734 -25.5266 6
    endloop
  endfacet
  facet normal 0.803203 0.595705 0
    outer loop
      vertex 40.0943 -22.9016 16
      vertex 37.9839 -20.0561 6
      vertex 37.9839 -20.0561 16
    endloop
  endfacet
  facet normal 0.803203 0.595705 0
    outer loop
      vertex 37.9839 -20.0561 6
      vertex 40.0943 -22.9016 16
      vertex 40.0943 -22.9016 6
    endloop
  endfacet
  facet normal 0.671549 0.74096 -0
    outer loop
      vertex 45.0984 -27.9057 6
      vertex 42.4734 -25.5266 16
      vertex 45.0984 -27.9057 16
    endloop
  endfacet
  facet normal 0.671549 0.74096 0
    outer loop
      vertex 42.4734 -25.5266 16
      vertex 45.0984 -27.9057 6
      vertex 42.4734 -25.5266 6
    endloop
  endfacet
  facet normal 0 0 1
    outer loop
      vertex 59.15 32.5 6
      vertex 58.2755 32.0575 6
      vertex 59.15 32.2766 6
    endloop
  endfacet
  facet normal -0 0 1
    outer loop
      vertex 52.3836 32.5 6
      vertex 58.2755 32.0575 6
      vertex 59.15 32.5 6
    endloop
  endfacet
  facet normal 0 0 1
    outer loop
      vertex 58.2755 32.0575 6
      vertex 52.3836 32.5 6
      vertex 55.1801 30.95 6
    endloop
  endfacet
  facet normal 0 0 1
    outer loop
      vertex 52.3836 32.5 6
      vertex 52.2082 29.5444 6
      vertex 55.1801 30.95 6
    endloop
  endfacet
  facet normal -0 0 1
    outer loop
      vertex 50.9826 31.8374 6
      vertex 52.2082 29.5444 6
      vertex 52.3836 32.5 6
    endloop
  endfacet
  facet normal 0 0 1
    outer loop
      vertex 50.9826 31.8374 6
      vertex 49.3884 27.8542 6
      vertex 52.2082 29.5444 6
    endloop
  endfacet
  facet normal -0 0 1
    outer loop
      vertex 47.9439 30.0161 6
      vertex 49.3884 27.8542 6
      vertex 50.9826 31.8374 6
    endloop
  endfacet
  facet normal 0 0 1
    outer loop
      vertex 47.9439 30.0161 6
      vertex 46.7478 25.8959 6
      vertex 49.3884 27.8542 6
    endloop
  endfacet
  facet normal -0 0 1
    outer loop
      vertex 45.0984 27.9057 6
      vertex 46.7478 25.8959 6
      vertex 47.9439 30.0161 6
    endloop
  endfacet
  facet normal 0 0 1
    outer loop
      vertex 45.0984 27.9057 6
      vertex 44.3119 23.6881 6
      vertex 46.7478 25.8959 6
    endloop
  endfacet
  facet normal -0 0 1
    outer loop
      vertex 42.4734 25.5266 6
      vertex 44.3119 23.6881 6
      vertex 45.0984 27.9057 6
    endloop
  endfacet
  facet normal 0 0 1
    outer loop
      vertex 42.4734 25.5266 6
      vertex 42.1041 21.2522 6
      vertex 44.3119 23.6881 6
    endloop
  endfacet
  facet normal -0 0 1
    outer loop
      vertex 40.0943 22.9016 6
      vertex 42.1041 21.2522 6
      vertex 42.4734 25.5266 6
    endloop
  endfacet
  facet normal 0 0 1
    outer loop
      vertex 42.1041 21.2522 6
      vertex 40.0943 22.9016 6
      vertex 40.1458 18.6116 6
    endloop
  endfacet
  facet normal -0 0 1
    outer loop
      vertex 37.9839 20.0561 6
      vertex 40.1458 18.6116 6
      vertex 40.0943 22.9016 6
    endloop
  endfacet
  facet normal 0 0 1
    outer loop
      vertex 40.1458 18.6116 6
      vertex 37.9839 20.0561 6
      vertex 38.4556 15.7918 6
    endloop
  endfacet
  facet normal -0 0 1
    outer loop
      vertex 36.1626 17.0174 6
      vertex 38.4556 15.7918 6
      vertex 37.9839 20.0561 6
    endloop
  endfacet
  facet normal 0 0 1
    outer loop
      vertex 38.4556 15.7918 6
      vertex 36.1626 17.0174 6
      vertex 37.05 12.8199 6
    endloop
  endfacet
  facet normal -0 0 1
    outer loop
      vertex 34.6479 13.8149 6
      vertex 37.05 12.8199 6
      vertex 36.1626 17.0174 6
    endloop
  endfacet
  facet normal 0 0 1
    outer loop
      vertex 37.05 12.8199 6
      vertex 34.6479 13.8149 6
      vertex 35.9425 9.72454 6
    endloop
  endfacet
  facet normal -0 0 1
    outer loop
      vertex 33.4545 10.4793 6
      vertex 35.9425 9.72454 6
      vertex 34.6479 13.8149 6
    endloop
  endfacet
  facet normal 0 0 1
    outer loop
      vertex 35.9425 9.72454 6
      vertex 33.4545 10.4793 6
      vertex 35.1437 6.53553 6
    endloop
  endfacet
  facet normal -0 0 1
    outer loop
      vertex 32.5937 7.04276 6
      vertex 35.1437 6.53553 6
      vertex 33.4545 10.4793 6
    endloop
  endfacet
  facet normal 0 0 1
    outer loop
      vertex 35.1437 6.53553 6
      vertex 32.5937 7.04276 6
      vertex 34.6613 3.28357 6
    endloop
  endfacet
  facet normal 0 0 1
    outer loop
      vertex 58.2755 -32.0575 6
      vertex 59.15 -32.5 6
      vertex 59.15 -32.2766 6
    endloop
  endfacet
  facet normal 0 0 1
    outer loop
      vertex 52.3836 -32.5 6
      vertex 58.2755 -32.0575 6
      vertex 55.1801 -30.95 6
    endloop
  endfacet
  facet normal 0 0 1
    outer loop
      vertex 58.2755 -32.0575 6
      vertex 52.3836 -32.5 6
      vertex 59.15 -32.5 6
    endloop
  endfacet
  facet normal 0 0 1
    outer loop
      vertex 52.2082 -29.5444 6
      vertex 52.3836 -32.5 6
      vertex 55.1801 -30.95 6
    endloop
  endfacet
  facet normal 0 0 1
    outer loop
      vertex 52.2082 -29.5444 6
      vertex 50.9826 -31.8374 6
      vertex 52.3836 -32.5 6
    endloop
  endfacet
  facet normal 0 0 1
    outer loop
      vertex 49.3884 -27.8542 6
      vertex 50.9826 -31.8374 6
      vertex 52.2082 -29.5444 6
    endloop
  endfacet
  facet normal 0 0 1
    outer loop
      vertex 49.3884 -27.8542 6
      vertex 47.9439 -30.0161 6
      vertex 50.9826 -31.8374 6
    endloop
  endfacet
  facet normal 0 0 1
    outer loop
      vertex 46.7478 -25.8959 6
      vertex 47.9439 -30.0161 6
      vertex 49.3884 -27.8542 6
    endloop
  endfacet
  facet normal 0 0 1
    outer loop
      vertex 46.7478 -25.8959 6
      vertex 45.0984 -27.9057 6
      vertex 47.9439 -30.0161 6
    endloop
  endfacet
  facet normal 0 0 1
    outer loop
      vertex 44.3119 -23.6881 6
      vertex 45.0984 -27.9057 6
      vertex 46.7478 -25.8959 6
    endloop
  endfacet
  facet normal 0 0 1
    outer loop
      vertex 44.3119 -23.6881 6
      vertex 42.4734 -25.5266 6
      vertex 45.0984 -27.9057 6
    endloop
  endfacet
  facet normal 0 0 1
    outer loop
      vertex 42.1041 -21.2522 6
      vertex 42.4734 -25.5266 6
      vertex 44.3119 -23.6881 6
    endloop
  endfacet
  facet normal 0 0 1
    outer loop
      vertex 40.0943 -22.9016 6
      vertex 42.1041 -21.2522 6
      vertex 40.1458 -18.6116 6
    endloop
  endfacet
  facet normal 0 0 1
    outer loop
      vertex 42.1041 -21.2522 6
      vertex 40.0943 -22.9016 6
      vertex 42.4734 -25.5266 6
    endloop
  endfacet
  facet normal 0 0 1
    outer loop
      vertex 37.9839 -20.0561 6
      vertex 40.1458 -18.6116 6
      vertex 38.4556 -15.7918 6
    endloop
  endfacet
  facet normal 0 0 1
    outer loop
      vertex 40.1458 -18.6116 6
      vertex 37.9839 -20.0561 6
      vertex 40.0943 -22.9016 6
    endloop
  endfacet
  facet normal 0 0 1
    outer loop
      vertex 36.1626 -17.0174 6
      vertex 38.4556 -15.7918 6
      vertex 37.05 -12.8199 6
    endloop
  endfacet
  facet normal 0 0 1
    outer loop
      vertex 38.4556 -15.7918 6
      vertex 36.1626 -17.0174 6
      vertex 37.9839 -20.0561 6
    endloop
  endfacet
  facet normal 0 0 1
    outer loop
      vertex 34.6479 -13.8149 6
      vertex 37.05 -12.8199 6
      vertex 35.9425 -9.72454 6
    endloop
  endfacet
  facet normal 0 0 1
    outer loop
      vertex 33.4545 -10.4793 6
      vertex 35.9425 -9.72454 6
      vertex 35.1437 -6.53553 6
    endloop
  endfacet
  facet normal 0 0 1
    outer loop
      vertex 32.5937 -7.04276 6
      vertex 35.1437 -6.53553 6
      vertex 34.6613 -3.28357 6
    endloop
  endfacet
  facet normal 0 0 1
    outer loop
      vertex 37.05 -12.8199 6
      vertex 34.6479 -13.8149 6
      vertex 36.1626 -17.0174 6
    endloop
  endfacet
  facet normal 0 0 1
    outer loop
      vertex 32.0738 -3.53842 6
      vertex 34.6613 -3.28357 6
      vertex 34.5 0 6
    endloop
  endfacet
  facet normal -0 0 1
    outer loop
      vertex 32.0738 3.53842 6
      vertex 34.6613 3.28357 6
      vertex 32.5937 7.04276 6
    endloop
  endfacet
  facet normal 0 0 1
    outer loop
      vertex 35.9425 -9.72454 6
      vertex 33.4545 -10.4793 6
      vertex 34.6479 -13.8149 6
    endloop
  endfacet
  facet normal 0 0 1
    outer loop
      vertex 34.6613 3.28357 6
      vertex 32.0738 3.53842 6
      vertex 34.5 0 6
    endloop
  endfacet
  facet normal 0 0 1
    outer loop
      vertex 35.1437 -6.53553 6
      vertex 32.5937 -7.04276 6
      vertex 33.4545 -10.4793 6
    endloop
  endfacet
  facet normal 0 0 1
    outer loop
      vertex 31.9 0 6
      vertex 34.5 0 6
      vertex 32.0738 3.53842 6
    endloop
  endfacet
  facet normal 0 0 1
    outer loop
      vertex 34.6613 -3.28357 6
      vertex 32.0738 -3.53842 6
      vertex 32.5937 -7.04276 6
    endloop
  endfacet
  facet normal 0 0 1
    outer loop
      vertex 34.5 0 6
      vertex 31.9 0 6
      vertex 32.0738 -3.53842 6
    endloop
  endfacet
  facet normal 0.989173 0.146753 0
    outer loop
      vertex 32.5937 -7.04276 16
      vertex 32.0738 -3.53842 6
      vertex 32.0738 -3.53842 16
    endloop
  endfacet
  facet normal 0.989173 0.146753 0
    outer loop
      vertex 32.0738 -3.53842 6
      vertex 32.5937 -7.04276 16
      vertex 32.5937 -7.04276 6
    endloop
  endfacet
  facet normal 0.514097 0.857732 -0
    outer loop
      vertex 50.9826 -31.8374 6
      vertex 47.9439 -30.0161 16
      vertex 50.9826 -31.8374 16
    endloop
  endfacet
  facet normal 0.514097 0.857732 0
    outer loop
      vertex 47.9439 -30.0161 16
      vertex 50.9826 -31.8374 6
      vertex 47.9439 -30.0161 6
    endloop
  endfacet
  facet normal 0.595705 0.803203 -0
    outer loop
      vertex 47.9439 -30.0161 6
      vertex 45.0984 -27.9057 16
      vertex 47.9439 -30.0161 16
    endloop
  endfacet
  facet normal 0.595705 0.803203 0
    outer loop
      vertex 45.0984 -27.9057 16
      vertex 47.9439 -30.0161 6
      vertex 45.0984 -27.9057 6
    endloop
  endfacet
  facet normal -0.336876 0.941549 0
    outer loop
      vertex 58.2755 32.0575 6
      vertex 55.1801 30.95 16
      vertex 58.2755 32.0575 16
    endloop
  endfacet
  facet normal -0.336876 0.941549 0
    outer loop
      vertex 55.1801 30.95 16
      vertex 58.2755 32.0575 6
      vertex 55.1801 30.95 6
    endloop
  endfacet
  facet normal -0.90399 0.427554 0
    outer loop
      vertex 37.05 12.8199 6
      vertex 38.4556 15.7918 16
      vertex 38.4556 15.7918 6
    endloop
  endfacet
  facet normal -0.90399 0.427554 0
    outer loop
      vertex 38.4556 15.7918 16
      vertex 37.05 12.8199 6
      vertex 37.05 12.8199 16
    endloop
  endfacet
  facet normal -0.989176 0.146736 0
    outer loop
      vertex 34.6613 3.28357 6
      vertex 35.1437 6.53553 16
      vertex 35.1437 6.53553 6
    endloop
  endfacet
  facet normal -0.989176 0.146736 0
    outer loop
      vertex 35.1437 6.53553 16
      vertex 34.6613 3.28357 6
      vertex 34.6613 3.28357 16
    endloop
  endfacet
  facet normal -0.740947 0.671564 0
    outer loop
      vertex 42.1041 21.2522 6
      vertex 44.3119 23.6881 16
      vertex 44.3119 23.6881 6
    endloop
  endfacet
  facet normal -0.740947 0.671564 0
    outer loop
      vertex 44.3119 23.6881 16
      vertex 42.1041 21.2522 6
      vertex 42.1041 21.2522 16
    endloop
  endfacet
  facet normal -0.671564 -0.740947 0
    outer loop
      vertex 44.3119 -23.6881 6
      vertex 46.7478 -25.8959 16
      vertex 44.3119 -23.6881 16
    endloop
  endfacet
  facet normal -0.671564 -0.740947 -0
    outer loop
      vertex 46.7478 -25.8959 16
      vertex 44.3119 -23.6881 6
      vertex 46.7478 -25.8959 6
    endloop
  endfacet
  facet normal -0.989176 -0.146736 0
    outer loop
      vertex 35.1437 -6.53553 6
      vertex 34.6613 -3.28357 16
      vertex 34.6613 -3.28357 6
    endloop
  endfacet
  facet normal -0.989176 -0.146736 0
    outer loop
      vertex 34.6613 -3.28357 16
      vertex 35.1437 -6.53553 6
      vertex 35.1437 -6.53553 16
    endloop
  endfacet
  facet normal -0.998796 0.0490642 0
    outer loop
      vertex 34.5 0 6
      vertex 34.6613 3.28357 16
      vertex 34.6613 3.28357 6
    endloop
  endfacet
  facet normal -0.998796 0.0490642 0
    outer loop
      vertex 34.6613 3.28357 16
      vertex 34.5 0 6
      vertex 34.5 0 16
    endloop
  endfacet
  facet normal -0.941548 0.33688 0
    outer loop
      vertex 35.9425 9.72454 6
      vertex 37.05 12.8199 16
      vertex 37.05 12.8199 6
    endloop
  endfacet
  facet normal -0.941548 0.33688 0
    outer loop
      vertex 37.05 12.8199 16
      vertex 35.9425 9.72454 6
      vertex 35.9425 9.72454 16
    endloop
  endfacet
  facet normal -0.970032 0.242979 0
    outer loop
      vertex 35.1437 6.53553 6
      vertex 35.9425 9.72454 16
      vertex 35.9425 9.72454 6
    endloop
  endfacet
  facet normal -0.970032 0.242979 0
    outer loop
      vertex 35.9425 9.72454 16
      vertex 35.1437 6.53553 6
      vertex 35.1437 6.53553 16
    endloop
  endfacet
  facet normal -0.857718 0.51412 0
    outer loop
      vertex 38.4556 15.7918 6
      vertex 40.1458 18.6116 16
      vertex 40.1458 18.6116 6
    endloop
  endfacet
  facet normal -0.857718 0.51412 0
    outer loop
      vertex 40.1458 18.6116 16
      vertex 38.4556 15.7918 6
      vertex 38.4556 15.7918 16
    endloop
  endfacet
  facet normal -0.803222 0.595679 0
    outer loop
      vertex 40.1458 18.6116 6
      vertex 42.1041 21.2522 16
      vertex 42.1041 21.2522 6
    endloop
  endfacet
  facet normal -0.803222 0.595679 0
    outer loop
      vertex 42.1041 21.2522 16
      vertex 40.1458 18.6116 6
      vertex 40.1458 18.6116 16
    endloop
  endfacet
  facet normal -0.243031 0.970018 0
    outer loop
      vertex 59.15 32.2766 6
      vertex 58.2755 32.0575 16
      vertex 59.15 32.2766 16
    endloop
  endfacet
  facet normal -0.243031 0.970018 0
    outer loop
      vertex 58.2755 32.0575 16
      vertex 59.15 32.2766 6
      vertex 58.2755 32.0575 6
    endloop
  endfacet
  facet normal -0.51412 0.857718 0
    outer loop
      vertex 52.2082 29.5444 6
      vertex 49.3884 27.8542 16
      vertex 52.2082 29.5444 16
    endloop
  endfacet
  facet normal -0.51412 0.857718 0
    outer loop
      vertex 49.3884 27.8542 16
      vertex 52.2082 29.5444 6
      vertex 49.3884 27.8542 6
    endloop
  endfacet
  facet normal -0.595679 0.803222 0
    outer loop
      vertex 49.3884 27.8542 6
      vertex 46.7478 25.8959 16
      vertex 49.3884 27.8542 16
    endloop
  endfacet
  facet normal -0.595679 0.803222 0
    outer loop
      vertex 46.7478 25.8959 16
      vertex 49.3884 27.8542 6
      vertex 46.7478 25.8959 6
    endloop
  endfacet
  facet normal -0.427554 0.90399 0
    outer loop
      vertex 55.1801 30.95 6
      vertex 52.2082 29.5444 16
      vertex 55.1801 30.95 16
    endloop
  endfacet
  facet normal -0.427554 0.90399 0
    outer loop
      vertex 52.2082 29.5444 16
      vertex 55.1801 30.95 6
      vertex 52.2082 29.5444 6
    endloop
  endfacet
  facet normal -0.671564 0.740947 0
    outer loop
      vertex 46.7478 25.8959 6
      vertex 44.3119 23.6881 16
      vertex 46.7478 25.8959 16
    endloop
  endfacet
  facet normal -0.671564 0.740947 0
    outer loop
      vertex 44.3119 23.6881 16
      vertex 46.7478 25.8959 6
      vertex 44.3119 23.6881 6
    endloop
  endfacet
  facet normal -0.336876 -0.941549 0
    outer loop
      vertex 55.1801 -30.95 6
      vertex 58.2755 -32.0575 16
      vertex 55.1801 -30.95 16
    endloop
  endfacet
  facet normal -0.336876 -0.941549 -0
    outer loop
      vertex 58.2755 -32.0575 16
      vertex 55.1801 -30.95 6
      vertex 58.2755 -32.0575 6
    endloop
  endfacet
  facet normal -0.51412 -0.857718 0
    outer loop
      vertex 49.3884 -27.8542 6
      vertex 52.2082 -29.5444 16
      vertex 49.3884 -27.8542 16
    endloop
  endfacet
  facet normal -0.51412 -0.857718 -0
    outer loop
      vertex 52.2082 -29.5444 16
      vertex 49.3884 -27.8542 6
      vertex 52.2082 -29.5444 6
    endloop
  endfacet
  facet normal -0.970032 -0.242979 0
    outer loop
      vertex 35.9425 -9.72454 6
      vertex 35.1437 -6.53553 16
      vertex 35.1437 -6.53553 6
    endloop
  endfacet
  facet normal -0.970032 -0.242979 0
    outer loop
      vertex 35.1437 -6.53553 16
      vertex 35.9425 -9.72454 6
      vertex 35.9425 -9.72454 16
    endloop
  endfacet
  facet normal -0.998796 -0.0490642 0
    outer loop
      vertex 34.6613 -3.28357 6
      vertex 34.5 0 16
      vertex 34.5 0 6
    endloop
  endfacet
  facet normal -0.998796 -0.0490642 0
    outer loop
      vertex 34.5 0 16
      vertex 34.6613 -3.28357 6
      vertex 34.6613 -3.28357 16
    endloop
  endfacet
  facet normal -0.803222 -0.595679 0
    outer loop
      vertex 42.1041 -21.2522 6
      vertex 40.1458 -18.6116 16
      vertex 40.1458 -18.6116 6
    endloop
  endfacet
  facet normal -0.803222 -0.595679 0
    outer loop
      vertex 40.1458 -18.6116 16
      vertex 42.1041 -21.2522 6
      vertex 42.1041 -21.2522 16
    endloop
  endfacet
  facet normal -0.90399 -0.427554 0
    outer loop
      vertex 38.4556 -15.7918 6
      vertex 37.05 -12.8199 16
      vertex 37.05 -12.8199 6
    endloop
  endfacet
  facet normal -0.90399 -0.427554 0
    outer loop
      vertex 37.05 -12.8199 16
      vertex 38.4556 -15.7918 6
      vertex 38.4556 -15.7918 16
    endloop
  endfacet
  facet normal -0.243031 -0.970018 0
    outer loop
      vertex 58.2755 -32.0575 6
      vertex 59.15 -32.2766 16
      vertex 58.2755 -32.0575 16
    endloop
  endfacet
  facet normal -0.243031 -0.970018 -0
    outer loop
      vertex 59.15 -32.2766 16
      vertex 58.2755 -32.0575 6
      vertex 59.15 -32.2766 6
    endloop
  endfacet
  facet normal -0.427554 -0.90399 0
    outer loop
      vertex 52.2082 -29.5444 6
      vertex 55.1801 -30.95 16
      vertex 52.2082 -29.5444 16
    endloop
  endfacet
  facet normal -0.427554 -0.90399 -0
    outer loop
      vertex 55.1801 -30.95 16
      vertex 52.2082 -29.5444 6
      vertex 55.1801 -30.95 6
    endloop
  endfacet
  facet normal -0.595679 -0.803222 0
    outer loop
      vertex 46.7478 -25.8959 6
      vertex 49.3884 -27.8542 16
      vertex 46.7478 -25.8959 16
    endloop
  endfacet
  facet normal -0.595679 -0.803222 -0
    outer loop
      vertex 49.3884 -27.8542 16
      vertex 46.7478 -25.8959 6
      vertex 49.3884 -27.8542 6
    endloop
  endfacet
  facet normal -0.941548 -0.33688 0
    outer loop
      vertex 37.05 -12.8199 6
      vertex 35.9425 -9.72454 16
      vertex 35.9425 -9.72454 6
    endloop
  endfacet
  facet normal -0.941548 -0.33688 0
    outer loop
      vertex 35.9425 -9.72454 16
      vertex 37.05 -12.8199 6
      vertex 37.05 -12.8199 16
    endloop
  endfacet
  facet normal -0.857718 -0.51412 0
    outer loop
      vertex 40.1458 -18.6116 6
      vertex 38.4556 -15.7918 16
      vertex 38.4556 -15.7918 6
    endloop
  endfacet
  facet normal -0.857718 -0.51412 0
    outer loop
      vertex 38.4556 -15.7918 16
      vertex 40.1458 -18.6116 6
      vertex 40.1458 -18.6116 16
    endloop
  endfacet
  facet normal -0.740947 -0.671564 0
    outer loop
      vertex 44.3119 -23.6881 6
      vertex 42.1041 -21.2522 16
      vertex 42.1041 -21.2522 6
    endloop
  endfacet
  facet normal -0.740947 -0.671564 0
    outer loop
      vertex 42.1041 -21.2522 16
      vertex 44.3119 -23.6881 6
      vertex 44.3119 -23.6881 16
    endloop
  endfacet
  facet normal 1 0 0
    outer loop
      vertex 59.15 -30.0341 22
      vertex 59.15 -32.2766 16
      vertex 59.15 -30.0341 0
    endloop
  endfacet
  facet normal 1 -0 0
    outer loop
      vertex 59.15 -32.5 22
      vertex 59.15 -32.2766 16
      vertex 59.15 -30.0341 22
    endloop
  endfacet
  facet normal 1 0 0
    outer loop
      vertex 59.15 -32.2766 16
      vertex 59.15 -32.5 22
      vertex 59.15 -32.5 16
    endloop
  endfacet
  facet normal 1 -0 0
    outer loop
      vertex 59.15 -32.2766 6
      vertex 59.15 -30.0341 0
      vertex 59.15 -32.2766 16
    endloop
  endfacet
  facet normal 1 0 0
    outer loop
      vertex 59.15 -32.5 0
      vertex 59.15 -32.2766 6
      vertex 59.15 -32.5 6
    endloop
  endfacet
  facet normal 1 0 0
    outer loop
      vertex 59.15 -32.2766 6
      vertex 59.15 -32.5 0
      vertex 59.15 -30.0341 0
    endloop
  endfacet
  facet normal 1 0 0
    outer loop
      vertex 59.15 32.5 22
      vertex 59.15 32.2766 16
      vertex 59.15 32.5 16
    endloop
  endfacet
  facet normal 1 0 0
    outer loop
      vertex 59.15 32.2766 16
      vertex 59.15 30.0341 22
      vertex 59.15 32.2766 6
    endloop
  endfacet
  facet normal 1 -0 0
    outer loop
      vertex 59.15 30.0341 22
      vertex 59.15 32.2766 16
      vertex 59.15 32.5 22
    endloop
  endfacet
  facet normal 1 -0 0
    outer loop
      vertex 59.15 32.2766 6
      vertex 59.15 32.5 0
      vertex 59.15 32.5 6
    endloop
  endfacet
  facet normal 1 0 0
    outer loop
      vertex 59.15 30.0341 0
      vertex 59.15 32.2766 6
      vertex 59.15 30.0341 22
    endloop
  endfacet
  facet normal 1 0 0
    outer loop
      vertex 59.15 32.2766 6
      vertex 59.15 30.0341 0
      vertex 59.15 32.5 0
    endloop
  endfacet
endsolid OpenSCAD_Model
