solid OpenSCAD_Model
  facet normal -0.998796 0.0490667 0
    outer loop
      vertex -7.25 0 0
      vertex -7.21509 0.710624 10
      vertex -7.21509 0.710624 0
    endloop
  endfacet
  facet normal -0.998796 0.0490667 0
    outer loop
      vertex -7.21509 0.710624 10
      vertex -7.25 0 0
      vertex -7.25 0 10
    endloop
  endfacet
  facet normal 0.0490667 0.998796 -0
    outer loop
      vertex 0.710624 7.21509 0
      vertex 0 7.25 10
      vertex 0.710624 7.21509 10
    endloop
  endfacet
  facet normal 0.0490667 0.998796 0
    outer loop
      vertex 0 7.25 10
      vertex 0.710624 7.21509 0
      vertex 0 7.25 0
    endloop
  endfacet
  facet normal 0.740943 0.671567 0
    outer loop
      vertex 5.60433 4.59935 10
      vertex 5.12652 5.12652 0
      vertex 5.12652 5.12652 10
    endloop
  endfacet
  facet normal 0.740943 0.671567 0
    outer loop
      vertex 5.12652 5.12652 0
      vertex 5.60433 4.59935 10
      vertex 5.60433 4.59935 0
    endloop
  endfacet
  facet normal -0.671567 0.740944 0
    outer loop
      vertex -4.59935 5.60433 0
      vertex -4.84958 5.37753 10
      vertex -4.59935 5.60433 10
    endloop
  endfacet
  facet normal -0.671567 0.740944 0
    outer loop
      vertex -4.84958 5.37753 10
      vertex -4.59935 5.60433 0
      vertex -4.84958 5.37753 0
    endloop
  endfacet
  facet normal -0.336889 0.941544 0
    outer loop
      vertex -2.10456 6.93782 0
      vertex -2.77445 6.69813 10
      vertex -2.10456 6.93782 10
    endloop
  endfacet
  facet normal -0.336889 0.941544 0
    outer loop
      vertex -2.77445 6.69813 10
      vertex -2.10456 6.93782 0
      vertex -2.77445 6.69813 0
    endloop
  endfacet
  facet normal 0.90399 0.427553 0
    outer loop
      vertex 6.69813 2.77445 10
      vertex 6.39393 3.41763 0
      vertex 6.39393 3.41763 10
    endloop
  endfacet
  facet normal 0.90399 0.427553 0
    outer loop
      vertex 6.39393 3.41763 0
      vertex 6.69813 2.77445 10
      vertex 6.69813 2.77445 0
    endloop
  endfacet
  facet normal 0.857722 0.514113 0
    outer loop
      vertex 6.39393 3.41763 10
      vertex 6.02815 4.02788 0
      vertex 6.02815 4.02788 10
    endloop
  endfacet
  facet normal 0.857722 0.514113 0
    outer loop
      vertex 6.02815 4.02788 0
      vertex 6.39393 3.41763 10
      vertex 6.39393 3.41763 0
    endloop
  endfacet
  facet normal 0.595689 0.803215 -0
    outer loop
      vertex 4.59935 5.60433 0
      vertex 4.02788 6.02815 10
      vertex 4.59935 5.60433 10
    endloop
  endfacet
  facet normal 0.595689 0.803215 0
    outer loop
      vertex 4.02788 6.02815 10
      vertex 4.59935 5.60433 0
      vertex 4.02788 6.02815 0
    endloop
  endfacet
  facet normal -0.903985 0.427564 0
    outer loop
      vertex -6.69813 2.77445 0
      vertex -6.61438 2.95152 10
      vertex -6.61438 2.95152 0
    endloop
  endfacet
  facet normal -0.903985 0.427564 0
    outer loop
      vertex -6.61438 2.95152 10
      vertex -6.69813 2.77445 0
      vertex -6.69813 2.77445 10
    endloop
  endfacet
  facet normal -0.146737 0.989176 0
    outer loop
      vertex -0.710624 7.21509 0
      vertex -1.4144 7.11069 10
      vertex -0.710624 7.21509 10
    endloop
  endfacet
  facet normal -0.146737 0.989176 0
    outer loop
      vertex -1.4144 7.11069 10
      vertex -0.710624 7.21509 0
      vertex -1.4144 7.11069 0
    endloop
  endfacet
  facet normal 0.941544 -0.336889 0
    outer loop
      vertex 6.69813 -2.77445 10
      vertex 6.93782 -2.10456 0
      vertex 6.93782 -2.10456 10
    endloop
  endfacet
  facet normal 0.941544 -0.336889 0
    outer loop
      vertex 6.93782 -2.10456 0
      vertex 6.69813 -2.77445 10
      vertex 6.69813 -2.77445 0
    endloop
  endfacet
  facet normal -0 0 -1
    outer loop
      vertex -4.75681 -0.946188 0
      vertex -7.11069 -1.4144 0
      vertex -4.82665 -0.475383 0
    endloop
  endfacet
  facet normal 0 0 -1
    outer loop
      vertex -7.21509 -0.710624 0
      vertex -4.82665 -0.475383 0
      vertex -7.11069 -1.4144 0
    endloop
  endfacet
  facet normal 0 -0 -1
    outer loop
      vertex -6.69813 2.77445 0
      vertex -4.85 0 0
      vertex -6.93782 2.10456 0
    endloop
  endfacet
  facet normal 0 0 -1
    outer loop
      vertex -4.85 0 0
      vertex -6.69813 2.77445 0
      vertex -6.61438 2.95152 0
    endloop
  endfacet
  facet normal -0 0 -1
    outer loop
      vertex -4.82665 -0.475383 0
      vertex -7.21509 -0.710624 0
      vertex -4.85 0 0
    endloop
  endfacet
  facet normal 0 0 -1
    outer loop
      vertex -4.85 0 0
      vertex -7.11069 1.4144 0
      vertex -6.93782 2.10456 0
    endloop
  endfacet
  facet normal 0 0 -1
    outer loop
      vertex -7.25 0 0
      vertex -4.85 0 0
      vertex -7.21509 -0.710624 0
    endloop
  endfacet
  facet normal 0 0 -1
    outer loop
      vertex -4.85 0 0
      vertex -7.21509 0.710624 0
      vertex -7.11069 1.4144 0
    endloop
  endfacet
  facet normal 0 0 -1
    outer loop
      vertex -4.85 0 0
      vertex -7.25 0 0
      vertex -7.21509 0.710624 0
    endloop
  endfacet
  facet normal 0 0 -1
    outer loop
      vertex 3.61606 6.27499 0
      vertex 11.0712 38.9277 0
      vertex 13.9185 37.9825 0
    endloop
  endfacet
  facet normal 0 0 -1
    outer loop
      vertex 2.69452 4.03263 0
      vertex 4.02788 6.02815 0
      vertex 3.07681 3.7491 0
    endloop
  endfacet
  facet normal -0 0 -1
    outer loop
      vertex 4.02788 6.02815 0
      vertex 2.69452 4.03263 0
      vertex 3.61606 6.27499 0
    endloop
  endfacet
  facet normal 0 0 -1
    outer loop
      vertex 2.28627 4.27732 0
      vertex 3.61606 6.27499 0
      vertex 2.69452 4.03263 0
    endloop
  endfacet
  facet normal 0 0 -1
    outer loop
      vertex 1.85601 4.48081 0
      vertex 3.61606 6.27499 0
      vertex 2.28627 4.27732 0
    endloop
  endfacet
  facet normal 0 0 -1
    outer loop
      vertex 1.40788 4.64116 0
      vertex 3.61606 6.27499 0
      vertex 1.85601 4.48081 0
    endloop
  endfacet
  facet normal -0 0 -1
    outer loop
      vertex 3.61606 6.27499 0
      vertex 1.40788 4.64116 0
      vertex 0.764533 7.20709 0
    endloop
  endfacet
  facet normal 0 0 -1
    outer loop
      vertex 0.764533 7.20709 0
      vertex 1.40788 4.64116 0
      vertex 0.946188 4.75681 0
    endloop
  endfacet
  facet normal 0 0 -1
    outer loop
      vertex 3.61606 6.27499 0
      vertex 0.764533 7.20709 0
      vertex 11.0712 38.9277 0
    endloop
  endfacet
  facet normal 0 0 -1
    outer loop
      vertex 0.475383 4.82665 0
      vertex 0.764533 7.20709 0
      vertex 0.946188 4.75681 0
    endloop
  endfacet
  facet normal -0 0 -1
    outer loop
      vertex 0.764533 7.20709 0
      vertex 0.475383 4.82665 0
      vertex 0.710624 7.21509 0
    endloop
  endfacet
  facet normal 0 0 -1
    outer loop
      vertex 0 4.85 0
      vertex 0.710624 7.21509 0
      vertex 0.475383 4.82665 0
    endloop
  endfacet
  facet normal 0 0 -1
    outer loop
      vertex 0 4.85 0
      vertex 0 7.25 0
      vertex 0.710624 7.21509 0
    endloop
  endfacet
  facet normal 0 0 -1
    outer loop
      vertex -0.475383 4.82665 0
      vertex 0 7.25 0
      vertex 0 4.85 0
    endloop
  endfacet
  facet normal 0 0 -1
    outer loop
      vertex -0.475383 4.82665 0
      vertex -0.710624 7.21509 0
      vertex 0 7.25 0
    endloop
  endfacet
  facet normal 0 0 -1
    outer loop
      vertex -0.946188 4.75681 0
      vertex -0.710624 7.21509 0
      vertex -0.475383 4.82665 0
    endloop
  endfacet
  facet normal 0 0 -1
    outer loop
      vertex -1.4144 7.11069 0
      vertex -0.946188 4.75681 0
      vertex -1.40788 4.64116 0
    endloop
  endfacet
  facet normal 0 0 -1
    outer loop
      vertex -0.946188 4.75681 0
      vertex -1.4144 7.11069 0
      vertex -0.710624 7.21509 0
    endloop
  endfacet
  facet normal 0 0 -1
    outer loop
      vertex -2.10456 6.93782 0
      vertex -1.40788 4.64116 0
      vertex -1.85601 4.48081 0
    endloop
  endfacet
  facet normal 0 0 -1
    outer loop
      vertex -1.40788 4.64116 0
      vertex -2.10456 6.93782 0
      vertex -1.4144 7.11069 0
    endloop
  endfacet
  facet normal 0 0 -1
    outer loop
      vertex -2.77445 6.69813 0
      vertex -1.85601 4.48081 0
      vertex -2.28627 4.27732 0
    endloop
  endfacet
  facet normal 0 0 -1
    outer loop
      vertex -3.41763 6.39393 0
      vertex -2.28627 4.27732 0
      vertex -2.69452 4.03263 0
    endloop
  endfacet
  facet normal 0 0 -1
    outer loop
      vertex -1.85601 4.48081 0
      vertex -2.77445 6.69813 0
      vertex -2.10456 6.93782 0
    endloop
  endfacet
  facet normal 0 0 -1
    outer loop
      vertex -4.02788 6.02815 0
      vertex -2.69452 4.03263 0
      vertex -3.07681 3.7491 0
    endloop
  endfacet
  facet normal 0 0 -1
    outer loop
      vertex -2.28627 4.27732 0
      vertex -3.41763 6.39393 0
      vertex -2.77445 6.69813 0
    endloop
  endfacet
  facet normal 0 0 -1
    outer loop
      vertex -4.84958 5.37753 0
      vertex -3.07681 3.7491 0
      vertex -3.42947 3.42947 0
    endloop
  endfacet
  facet normal 0 0 -1
    outer loop
      vertex -4.84958 5.37753 0
      vertex -3.42947 3.42947 0
      vertex -3.7491 3.07681 0
    endloop
  endfacet
  facet normal 0 0 -1
    outer loop
      vertex -2.69452 4.03263 0
      vertex -4.02788 6.02815 0
      vertex -3.41763 6.39393 0
    endloop
  endfacet
  facet normal 0 0 -1
    outer loop
      vertex -4.84958 5.37753 0
      vertex -3.7491 3.07681 0
      vertex -4.03263 2.69452 0
    endloop
  endfacet
  facet normal 0 0 -1
    outer loop
      vertex -6.61438 2.95152 0
      vertex -4.03263 2.69452 0
      vertex -4.27732 2.28627 0
    endloop
  endfacet
  facet normal 0 0 -1
    outer loop
      vertex -6.61438 2.95152 0
      vertex -4.27732 2.28627 0
      vertex -4.48081 1.85601 0
    endloop
  endfacet
  facet normal 0 0 -1
    outer loop
      vertex -3.07681 3.7491 0
      vertex -4.59935 5.60433 0
      vertex -4.02788 6.02815 0
    endloop
  endfacet
  facet normal 0 0 -1
    outer loop
      vertex -6.61438 2.95152 0
      vertex -4.48081 1.85601 0
      vertex -4.64116 1.40788 0
    endloop
  endfacet
  facet normal 0 0 -1
    outer loop
      vertex -6.61438 2.95152 0
      vertex -4.64116 1.40788 0
      vertex -4.75681 0.946188 0
    endloop
  endfacet
  facet normal 0 0 -1
    outer loop
      vertex -6.61438 2.95152 0
      vertex -4.75681 0.946188 0
      vertex -4.82665 0.475383 0
    endloop
  endfacet
  facet normal 0 0 -1
    outer loop
      vertex -3.07681 3.7491 0
      vertex -4.84958 5.37753 0
      vertex -4.59935 5.60433 0
    endloop
  endfacet
  facet normal 0 0 -1
    outer loop
      vertex -6.61438 2.95152 0
      vertex -4.82665 0.475383 0
      vertex -4.85 0 0
    endloop
  endfacet
  facet normal 0 0 -1
    outer loop
      vertex -7.11069 -1.4144 0
      vertex -4.75681 -0.946188 0
      vertex -6.93782 -2.10456 0
    endloop
  endfacet
  facet normal 0 0 -1
    outer loop
      vertex -4.03263 2.69452 0
      vertex -6.61438 2.95152 0
      vertex -4.84958 5.37753 0
    endloop
  endfacet
  facet normal 0 0 -1
    outer loop
      vertex -6.61438 2.95152 0
      vertex -31.8337 24.9826 0
      vertex -4.84958 5.37753 0
    endloop
  endfacet
  facet normal 0 0 -1
    outer loop
      vertex -33.6209 22.5729 0
      vertex -31.8337 24.9826 0
      vertex -6.61438 2.95152 0
    endloop
  endfacet
  facet normal 0 0 -1
    outer loop
      vertex -35.3375 23.6117 0
      vertex -31.8337 24.9826 0
      vertex -33.6209 22.5729 0
    endloop
  endfacet
  facet normal 0 0 -1
    outer loop
      vertex -35.3375 23.6117 0
      vertex -33.6209 22.5729 0
      vertex -33.6745 22.5006 0
    endloop
  endfacet
  facet normal -0 0 -1
    outer loop
      vertex -31.8337 24.9826 0
      vertex -35.3375 23.6117 0
      vertex -32.8529 26.9617 0
    endloop
  endfacet
  facet normal 0 0 -1
    outer loop
      vertex -35.7178 19.0916 0
      vertex -35.3375 23.6117 0
      vertex -33.6745 22.5006 0
    endloop
  endfacet
  facet normal 0 0 -1
    outer loop
      vertex -37.4817 20.0344 0
      vertex -35.7178 19.0916 0
      vertex -37.4171 15.4987 0
    endloop
  endfacet
  facet normal 0 0 -1
    outer loop
      vertex -35.7178 19.0916 0
      vertex -37.4817 20.0344 0
      vertex -35.3375 23.6117 0
    endloop
  endfacet
  facet normal 0 0 -1
    outer loop
      vertex -39.2649 16.264 0
      vertex -37.4171 15.4987 0
      vertex -38.7561 11.7565 0
    endloop
  endfacet
  facet normal 0 0 -1
    outer loop
      vertex -37.4171 15.4987 0
      vertex -39.2649 16.264 0
      vertex -37.4817 20.0344 0
    endloop
  endfacet
  facet normal 0 0 -1
    outer loop
      vertex -40.67 12.3371 0
      vertex -38.7561 11.7565 0
      vertex -39.7218 7.90116 0
    endloop
  endfacet
  facet normal 0 0 -1
    outer loop
      vertex -41.6834 8.29134 0
      vertex -39.7218 7.90116 0
      vertex -40.305 3.96969 0
    endloop
  endfacet
  facet normal 0 0 -1
    outer loop
      vertex -38.7561 11.7565 0
      vertex -40.67 12.3371 0
      vertex -39.2649 16.264 0
    endloop
  endfacet
  facet normal 0 0 -1
    outer loop
      vertex -42.2953 4.16573 0
      vertex -40.305 3.96969 0
      vertex -40.5 0 0
    endloop
  endfacet
  facet normal 0 0 -1
    outer loop
      vertex -42.2953 -4.16573 0
      vertex -40.305 -3.96969 0
      vertex -41.6834 -8.29134 0
    endloop
  endfacet
  facet normal -0 0 -1
    outer loop
      vertex -40.305 -3.96969 0
      vertex -42.2953 -4.16573 0
      vertex -40.5 0 0
    endloop
  endfacet
  facet normal 0 0 -1
    outer loop
      vertex -39.7218 7.90116 0
      vertex -41.6834 8.29134 0
      vertex -40.67 12.3371 0
    endloop
  endfacet
  facet normal 0 0 -1
    outer loop
      vertex -42.5 0 0
      vertex -40.5 0 0
      vertex -42.2953 -4.16573 0
    endloop
  endfacet
  facet normal 0 0 -1
    outer loop
      vertex -40.305 3.96969 0
      vertex -42.2953 4.16573 0
      vertex -41.6834 8.29134 0
    endloop
  endfacet
  facet normal 0 0 -1
    outer loop
      vertex -40.5 0 0
      vertex -42.5 0 0
      vertex -42.2953 4.16573 0
    endloop
  endfacet
  facet normal 0 0 -1
    outer loop
      vertex 7.08925 -1.5 0
      vertex 40.4263 1.5 0
      vertex 40.4263 -1.5 0
    endloop
  endfacet
  facet normal 0 0 -1
    outer loop
      vertex 7.08925 -1.5 0
      vertex 7.08925 1.5 0
      vertex 40.4263 1.5 0
    endloop
  endfacet
  facet normal 0 0 -1
    outer loop
      vertex 4.64116 -1.40788 0
      vertex 7.08925 -1.5 0
      vertex 6.93782 -2.10456 0
    endloop
  endfacet
  facet normal 0 0 -1
    outer loop
      vertex 7.08925 -1.5 0
      vertex 4.85 0 0
      vertex 7.08925 1.5 0
    endloop
  endfacet
  facet normal 0 0 -1
    outer loop
      vertex 4.64116 -1.40788 0
      vertex 6.93782 -2.10456 0
      vertex 6.69813 -2.77445 0
    endloop
  endfacet
  facet normal 0 0 -1
    outer loop
      vertex 4.82665 0.475383 0
      vertex 7.08925 1.5 0
      vertex 4.85 0 0
    endloop
  endfacet
  facet normal 0 0 -1
    outer loop
      vertex 4.48081 -1.85601 0
      vertex 6.69813 -2.77445 0
      vertex 6.39393 -3.41763 0
    endloop
  endfacet
  facet normal 0 0 -1
    outer loop
      vertex 4.75681 0.946188 0
      vertex 7.08925 1.5 0
      vertex 4.82665 0.475383 0
    endloop
  endfacet
  facet normal 0 0 -1
    outer loop
      vertex 4.27732 -2.28627 0
      vertex 6.39393 -3.41763 0
      vertex 6.02815 -4.02788 0
    endloop
  endfacet
  facet normal 0 0 -1
    outer loop
      vertex 4.64116 1.40788 0
      vertex 7.08925 1.5 0
      vertex 4.75681 0.946188 0
    endloop
  endfacet
  facet normal 0 0 -1
    outer loop
      vertex 4.03263 -2.69452 0
      vertex 6.02815 -4.02788 0
      vertex 5.60433 -4.59935 0
    endloop
  endfacet
  facet normal -0 0 -1
    outer loop
      vertex 7.08925 1.5 0
      vertex 4.64116 1.40788 0
      vertex 6.93782 2.10456 0
    endloop
  endfacet
  facet normal 0 0 -1
    outer loop
      vertex 3.7491 -3.07681 0
      vertex 5.60433 -4.59935 0
      vertex 5.12652 -5.12652 0
    endloop
  endfacet
  facet normal -0 0 -1
    outer loop
      vertex 6.93782 2.10456 0
      vertex 4.64116 1.40788 0
      vertex 6.69813 2.77445 0
    endloop
  endfacet
  facet normal 0 0 -1
    outer loop
      vertex 4.48081 1.85601 0
      vertex 6.69813 2.77445 0
      vertex 4.64116 1.40788 0
    endloop
  endfacet
  facet normal 0 0 -1
    outer loop
      vertex 7.08925 -1.5 0
      vertex 4.82665 -0.475383 0
      vertex 4.85 0 0
    endloop
  endfacet
  facet normal 0 0 -1
    outer loop
      vertex 7.08925 -1.5 0
      vertex 4.75681 -0.946188 0
      vertex 4.82665 -0.475383 0
    endloop
  endfacet
  facet normal 0 0 -1
    outer loop
      vertex 7.08925 -1.5 0
      vertex 4.64116 -1.40788 0
      vertex 4.75681 -0.946188 0
    endloop
  endfacet
  facet normal 0 0 -1
    outer loop
      vertex 3.42947 -3.42947 0
      vertex 5.12652 -5.12652 0
      vertex 4.59935 -5.60433 0
    endloop
  endfacet
  facet normal 0 0 -1
    outer loop
      vertex 6.69813 -2.77445 0
      vertex 4.48081 -1.85601 0
      vertex 4.64116 -1.40788 0
    endloop
  endfacet
  facet normal 0 0 -1
    outer loop
      vertex 6.39393 -3.41763 0
      vertex 4.27732 -2.28627 0
      vertex 4.48081 -1.85601 0
    endloop
  endfacet
  facet normal 0 0 -1
    outer loop
      vertex 6.02815 -4.02788 0
      vertex 4.03263 -2.69452 0
      vertex 4.27732 -2.28627 0
    endloop
  endfacet
  facet normal 0 0 -1
    outer loop
      vertex 3.07681 -3.7491 0
      vertex 4.59935 -5.60433 0
      vertex 4.02788 -6.02815 0
    endloop
  endfacet
  facet normal 0 0 -1
    outer loop
      vertex 5.60433 -4.59935 0
      vertex 3.7491 -3.07681 0
      vertex 4.03263 -2.69452 0
    endloop
  endfacet
  facet normal 0 0 -1
    outer loop
      vertex 2.69452 -4.03263 0
      vertex 4.02788 -6.02815 0
      vertex 3.61606 -6.27499 0
    endloop
  endfacet
  facet normal 0 0 -1
    outer loop
      vertex 5.12652 -5.12652 0
      vertex 3.42947 -3.42947 0
      vertex 3.7491 -3.07681 0
    endloop
  endfacet
  facet normal 0 0 -1
    outer loop
      vertex 70.9 -42.5 0
      vertex 68.0888 -31.4119 0
      vertex 70.9 -32.4178 0
    endloop
  endfacet
  facet normal 0 0 -1
    outer loop
      vertex 70.9 -42.5 0
      vertex 65.0725 -29.9853 0
      vertex 68.0888 -31.4119 0
    endloop
  endfacet
  facet normal 0 0 -1
    outer loop
      vertex 70.9 -42.5 0
      vertex 62.2106 -28.27 0
      vertex 65.0725 -29.9853 0
    endloop
  endfacet
  facet normal 0 0 -1
    outer loop
      vertex 70.9 -42.5 0
      vertex 59.5306 -26.2824 0
      vertex 62.2106 -28.27 0
    endloop
  endfacet
  facet normal 0 0 -1
    outer loop
      vertex 28.6378 -28.6378 0
      vertex 59.5306 -26.2824 0
      vertex 70.9 -42.5 0
    endloop
  endfacet
  facet normal 0 -0 -1
    outer loop
      vertex 31.3069 -25.6929 0
      vertex 59.5306 -26.2824 0
      vertex 28.6378 -28.6378 0
    endloop
  endfacet
  facet normal 0 0 -1
    outer loop
      vertex 47.2637 -3.33258 0
      vertex 40.4263 -1.5 0
      vertex 47.1 0 0
    endloop
  endfacet
  facet normal 0 0 -1
    outer loop
      vertex 40.305 -3.96969 0
      vertex 47.2637 -3.33258 0
      vertex 47.7533 -6.63307 0
    endloop
  endfacet
  facet normal 0 0 -1
    outer loop
      vertex 39.7218 -7.90116 0
      vertex 47.7533 -6.63307 0
      vertex 48.564 -9.86968 0
    endloop
  endfacet
  facet normal 0 0 -1
    outer loop
      vertex 38.7561 -11.7565 0
      vertex 48.564 -9.86968 0
      vertex 49.6881 -13.0112 0
    endloop
  endfacet
  facet normal 0 0 -1
    outer loop
      vertex 37.4171 -15.4987 0
      vertex 49.6881 -13.0112 0
      vertex 51.1147 -16.0275 0
    endloop
  endfacet
  facet normal 0 0 -1
    outer loop
      vertex 35.7178 -19.0916 0
      vertex 51.1147 -16.0275 0
      vertex 52.83 -18.8894 0
    endloop
  endfacet
  facet normal -0 0 -1
    outer loop
      vertex 47.2637 -3.33258 0
      vertex 40.305 -3.96969 0
      vertex 40.4263 -1.5 0
    endloop
  endfacet
  facet normal 0 0 -1
    outer loop
      vertex 33.6745 -22.5006 0
      vertex 52.83 -18.8894 0
      vertex 54.8176 -21.5694 0
    endloop
  endfacet
  facet normal 0 0 -1
    outer loop
      vertex 59.5306 -26.2824 0
      vertex 31.3069 -25.6929 0
      vertex 57.0584 -24.0416 0
    endloop
  endfacet
  facet normal -0 0 -1
    outer loop
      vertex 47.7533 -6.63307 0
      vertex 39.7218 -7.90116 0
      vertex 40.305 -3.96969 0
    endloop
  endfacet
  facet normal -0 0 -1
    outer loop
      vertex 48.564 -9.86968 0
      vertex 38.7561 -11.7565 0
      vertex 39.7218 -7.90116 0
    endloop
  endfacet
  facet normal -0 0 -1
    outer loop
      vertex 49.6881 -13.0112 0
      vertex 37.4171 -15.4987 0
      vertex 38.7561 -11.7565 0
    endloop
  endfacet
  facet normal -0 0 -1
    outer loop
      vertex 51.1147 -16.0275 0
      vertex 35.7178 -19.0916 0
      vertex 37.4171 -15.4987 0
    endloop
  endfacet
  facet normal 0 0 -1
    outer loop
      vertex 52.83 -18.8894 0
      vertex 33.6745 -22.5006 0
      vertex 35.7178 -19.0916 0
    endloop
  endfacet
  facet normal 0 0 -1
    outer loop
      vertex 54.8176 -21.5694 0
      vertex 31.3069 -25.6929 0
      vertex 33.6745 -22.5006 0
    endloop
  endfacet
  facet normal -0 0 -1
    outer loop
      vertex 57.0584 -24.0416 0
      vertex 31.3069 -25.6929 0
      vertex 54.8176 -21.5694 0
    endloop
  endfacet
  facet normal 0 0 -1
    outer loop
      vertex 70.9 -42.5 0
      vertex 25.6929 -31.3069 0
      vertex 28.6378 -28.6378 0
    endloop
  endfacet
  facet normal 0 0 -1
    outer loop
      vertex 70.9 -42.5 0
      vertex 22.5006 -33.6745 0
      vertex 25.6929 -31.3069 0
    endloop
  endfacet
  facet normal 0 0 -1
    outer loop
      vertex 70.9 -42.5 0
      vertex 19.0916 -35.7178 0
      vertex 22.5006 -33.6745 0
    endloop
  endfacet
  facet normal 0 0 -1
    outer loop
      vertex 70.9 -42.5 0
      vertex 15.4987 -37.4171 0
      vertex 19.0916 -35.7178 0
    endloop
  endfacet
  facet normal 0 0 -1
    outer loop
      vertex 70.9 -42.5 0
      vertex 13.9185 -37.9825 0
      vertex 15.4987 -37.4171 0
    endloop
  endfacet
  facet normal 0 0 -1
    outer loop
      vertex 70.9 -42.5 0
      vertex 11.0712 -38.9277 0
      vertex 13.9185 -37.9825 0
    endloop
  endfacet
  facet normal 0 0 -1
    outer loop
      vertex 0 -42.5 0
      vertex 11.0712 -38.9277 0
      vertex 70.9 -42.5 0
    endloop
  endfacet
  facet normal 0 0 -1
    outer loop
      vertex 11.0712 -38.9277 0
      vertex 0 -42.5 0
      vertex 7.90116 -39.7218 0
    endloop
  endfacet
  facet normal 0 0 -1
    outer loop
      vertex 7.90116 -39.7218 0
      vertex 0 -42.5 0
      vertex 3.96969 -40.305 0
    endloop
  endfacet
  facet normal 0 0 -1
    outer loop
      vertex 0 -42.5 0
      vertex 0 -40.5 0
      vertex 3.96969 -40.305 0
    endloop
  endfacet
  facet normal 0 0 -1
    outer loop
      vertex 0 -42.5 0
      vertex -3.96969 -40.305 0
      vertex 0 -40.5 0
    endloop
  endfacet
  facet normal 0 0 -1
    outer loop
      vertex -4.16573 -42.2953 0
      vertex -3.96969 -40.305 0
      vertex 0 -42.5 0
    endloop
  endfacet
  facet normal 0 0 -1
    outer loop
      vertex -4.16573 -42.2953 0
      vertex -7.90116 -39.7218 0
      vertex -3.96969 -40.305 0
    endloop
  endfacet
  facet normal 0 0 -1
    outer loop
      vertex -8.29134 -41.6834 0
      vertex -7.90116 -39.7218 0
      vertex -4.16573 -42.2953 0
    endloop
  endfacet
  facet normal 0 0 -1
    outer loop
      vertex -8.29134 -41.6834 0
      vertex -11.7565 -38.7561 0
      vertex -7.90116 -39.7218 0
    endloop
  endfacet
  facet normal 0 0 -1
    outer loop
      vertex -12.3371 -40.67 0
      vertex -11.7565 -38.7561 0
      vertex -8.29134 -41.6834 0
    endloop
  endfacet
  facet normal 0 0 -1
    outer loop
      vertex -12.3371 -40.67 0
      vertex -15.4987 -37.4171 0
      vertex -11.7565 -38.7561 0
    endloop
  endfacet
  facet normal 0 0 -1
    outer loop
      vertex -16.264 -39.2649 0
      vertex -15.4987 -37.4171 0
      vertex -12.3371 -40.67 0
    endloop
  endfacet
  facet normal 0 0 -1
    outer loop
      vertex -16.264 -39.2649 0
      vertex -19.0916 -35.7178 0
      vertex -15.4987 -37.4171 0
    endloop
  endfacet
  facet normal 0 0 -1
    outer loop
      vertex -20.0344 -37.4817 0
      vertex -19.0916 -35.7178 0
      vertex -16.264 -39.2649 0
    endloop
  endfacet
  facet normal 0 0 -1
    outer loop
      vertex -20.0344 -37.4817 0
      vertex -22.5006 -33.6745 0
      vertex -19.0916 -35.7178 0
    endloop
  endfacet
  facet normal 0 0 -1
    outer loop
      vertex -23.6117 -35.3375 0
      vertex -22.5006 -33.6745 0
      vertex -20.0344 -37.4817 0
    endloop
  endfacet
  facet normal 0 0 -1
    outer loop
      vertex -23.6117 -35.3375 0
      vertex -25.6929 -31.3069 0
      vertex -22.5006 -33.6745 0
    endloop
  endfacet
  facet normal 0 0 -1
    outer loop
      vertex -26.9617 -32.8529 0
      vertex -25.6929 -31.3069 0
      vertex -23.6117 -35.3375 0
    endloop
  endfacet
  facet normal 0 0 -1
    outer loop
      vertex -26.9617 -32.8529 0
      vertex -28.6378 -28.6378 0
      vertex -25.6929 -31.3069 0
    endloop
  endfacet
  facet normal 0 0 -1
    outer loop
      vertex -30.052 -30.052 0
      vertex -28.6378 -28.6378 0
      vertex -26.9617 -32.8529 0
    endloop
  endfacet
  facet normal 0 0 -1
    outer loop
      vertex -30.052 -30.052 0
      vertex -31.3069 -25.6929 0
      vertex -28.6378 -28.6378 0
    endloop
  endfacet
  facet normal 0 0 -1
    outer loop
      vertex -32.8529 -26.9617 0
      vertex -31.3069 -25.6929 0
      vertex -30.052 -30.052 0
    endloop
  endfacet
  facet normal -0 0 -1
    outer loop
      vertex -31.3069 -25.6929 0
      vertex -32.8529 -26.9617 0
      vertex -31.8337 -24.9826 0
    endloop
  endfacet
  facet normal 0 0 -1
    outer loop
      vertex 68.0888 31.4119 0
      vertex 70.9 42.5 0
      vertex 70.9 32.4178 0
    endloop
  endfacet
  facet normal 0 0 -1
    outer loop
      vertex 65.0725 29.9853 0
      vertex 70.9 42.5 0
      vertex 68.0888 31.4119 0
    endloop
  endfacet
  facet normal 0 0 -1
    outer loop
      vertex 62.2106 28.27 0
      vertex 70.9 42.5 0
      vertex 65.0725 29.9853 0
    endloop
  endfacet
  facet normal 0 0 -1
    outer loop
      vertex 59.5306 26.2824 0
      vertex 70.9 42.5 0
      vertex 62.2106 28.27 0
    endloop
  endfacet
  facet normal 0 0 -1
    outer loop
      vertex 31.3069 25.6929 0
      vertex 59.5306 26.2824 0
      vertex 57.0584 24.0416 0
    endloop
  endfacet
  facet normal 0 0 -1
    outer loop
      vertex 31.3069 25.6929 0
      vertex 57.0584 24.0416 0
      vertex 54.8176 21.5694 0
    endloop
  endfacet
  facet normal 0 0 -1
    outer loop
      vertex 40.4263 1.5 0
      vertex 47.1 0 0
      vertex 40.4263 -1.5 0
    endloop
  endfacet
  facet normal 0 0 -1
    outer loop
      vertex 47.1 0 0
      vertex 40.4263 1.5 0
      vertex 47.2637 3.33258 0
    endloop
  endfacet
  facet normal 0 0 -1
    outer loop
      vertex 40.305 3.96969 0
      vertex 47.2637 3.33258 0
      vertex 40.4263 1.5 0
    endloop
  endfacet
  facet normal 0 0 -1
    outer loop
      vertex 47.2637 3.33258 0
      vertex 40.305 3.96969 0
      vertex 47.7533 6.63307 0
    endloop
  endfacet
  facet normal 0 0 -1
    outer loop
      vertex 39.7218 7.90116 0
      vertex 47.7533 6.63307 0
      vertex 40.305 3.96969 0
    endloop
  endfacet
  facet normal 0 0 -1
    outer loop
      vertex 47.7533 6.63307 0
      vertex 39.7218 7.90116 0
      vertex 48.564 9.86968 0
    endloop
  endfacet
  facet normal 0 0 -1
    outer loop
      vertex 38.7561 11.7565 0
      vertex 48.564 9.86968 0
      vertex 39.7218 7.90116 0
    endloop
  endfacet
  facet normal 0 0 -1
    outer loop
      vertex 48.564 9.86968 0
      vertex 38.7561 11.7565 0
      vertex 49.6881 13.0112 0
    endloop
  endfacet
  facet normal 0 0 -1
    outer loop
      vertex 37.4171 15.4987 0
      vertex 49.6881 13.0112 0
      vertex 38.7561 11.7565 0
    endloop
  endfacet
  facet normal 0 0 -1
    outer loop
      vertex 49.6881 13.0112 0
      vertex 37.4171 15.4987 0
      vertex 51.1147 16.0275 0
    endloop
  endfacet
  facet normal 0 0 -1
    outer loop
      vertex 35.7178 19.0916 0
      vertex 51.1147 16.0275 0
      vertex 37.4171 15.4987 0
    endloop
  endfacet
  facet normal 0 0 -1
    outer loop
      vertex 51.1147 16.0275 0
      vertex 35.7178 19.0916 0
      vertex 52.83 18.8894 0
    endloop
  endfacet
  facet normal 0 0 -1
    outer loop
      vertex 33.6745 22.5006 0
      vertex 52.83 18.8894 0
      vertex 35.7178 19.0916 0
    endloop
  endfacet
  facet normal 0 0 -1
    outer loop
      vertex 52.83 18.8894 0
      vertex 33.6745 22.5006 0
      vertex 54.8176 21.5694 0
    endloop
  endfacet
  facet normal 0 0 -1
    outer loop
      vertex 31.3069 25.6929 0
      vertex 54.8176 21.5694 0
      vertex 33.6745 22.5006 0
    endloop
  endfacet
  facet normal -0 0 -1
    outer loop
      vertex 59.5306 26.2824 0
      vertex 31.3069 25.6929 0
      vertex 28.6378 28.6378 0
    endloop
  endfacet
  facet normal 0 0 -1
    outer loop
      vertex 59.5306 26.2824 0
      vertex 28.6378 28.6378 0
      vertex 70.9 42.5 0
    endloop
  endfacet
  facet normal 0 0 -1
    outer loop
      vertex 25.6929 31.3069 0
      vertex 70.9 42.5 0
      vertex 28.6378 28.6378 0
    endloop
  endfacet
  facet normal 0 0 -1
    outer loop
      vertex 22.5006 33.6745 0
      vertex 70.9 42.5 0
      vertex 25.6929 31.3069 0
    endloop
  endfacet
  facet normal 0 0 -1
    outer loop
      vertex 19.0916 35.7178 0
      vertex 70.9 42.5 0
      vertex 22.5006 33.6745 0
    endloop
  endfacet
  facet normal 0 0 -1
    outer loop
      vertex 15.4987 37.4171 0
      vertex 70.9 42.5 0
      vertex 19.0916 35.7178 0
    endloop
  endfacet
  facet normal 0 0 -1
    outer loop
      vertex 13.9185 37.9825 0
      vertex 70.9 42.5 0
      vertex 15.4987 37.4171 0
    endloop
  endfacet
  facet normal 0 0 -1
    outer loop
      vertex 11.0712 38.9277 0
      vertex 70.9 42.5 0
      vertex 13.9185 37.9825 0
    endloop
  endfacet
  facet normal 0 0 -1
    outer loop
      vertex 0 42.5 0
      vertex 11.0712 38.9277 0
      vertex 7.90116 39.7218 0
    endloop
  endfacet
  facet normal 0 0 -1
    outer loop
      vertex 0 42.5 0
      vertex 7.90116 39.7218 0
      vertex 3.96969 40.305 0
    endloop
  endfacet
  facet normal 0 0 -1
    outer loop
      vertex 0 42.5 0
      vertex 3.96969 40.305 0
      vertex 0 40.5 0
    endloop
  endfacet
  facet normal 0 0 -1
    outer loop
      vertex 11.0712 38.9277 0
      vertex 0 42.5 0
      vertex 70.9 42.5 0
    endloop
  endfacet
  facet normal 0 0 -1
    outer loop
      vertex -3.96969 40.305 0
      vertex 0 42.5 0
      vertex 0 40.5 0
    endloop
  endfacet
  facet normal 0 0 -1
    outer loop
      vertex -3.96969 40.305 0
      vertex -4.16573 42.2953 0
      vertex 0 42.5 0
    endloop
  endfacet
  facet normal 0 0 -1
    outer loop
      vertex -7.90116 39.7218 0
      vertex -4.16573 42.2953 0
      vertex -3.96969 40.305 0
    endloop
  endfacet
  facet normal 0 0 -1
    outer loop
      vertex -7.90116 39.7218 0
      vertex -8.29134 41.6834 0
      vertex -4.16573 42.2953 0
    endloop
  endfacet
  facet normal 0 0 -1
    outer loop
      vertex -11.7565 38.7561 0
      vertex -8.29134 41.6834 0
      vertex -7.90116 39.7218 0
    endloop
  endfacet
  facet normal 0 0 -1
    outer loop
      vertex -11.7565 38.7561 0
      vertex -12.3371 40.67 0
      vertex -8.29134 41.6834 0
    endloop
  endfacet
  facet normal 0 0 -1
    outer loop
      vertex -15.4987 37.4171 0
      vertex -12.3371 40.67 0
      vertex -11.7565 38.7561 0
    endloop
  endfacet
  facet normal 0 0 -1
    outer loop
      vertex -15.4987 37.4171 0
      vertex -16.264 39.2649 0
      vertex -12.3371 40.67 0
    endloop
  endfacet
  facet normal 0 0 -1
    outer loop
      vertex -19.0916 35.7178 0
      vertex -16.264 39.2649 0
      vertex -15.4987 37.4171 0
    endloop
  endfacet
  facet normal 0 0 -1
    outer loop
      vertex -19.0916 35.7178 0
      vertex -20.0344 37.4817 0
      vertex -16.264 39.2649 0
    endloop
  endfacet
  facet normal 0 0 -1
    outer loop
      vertex -22.5006 33.6745 0
      vertex -20.0344 37.4817 0
      vertex -19.0916 35.7178 0
    endloop
  endfacet
  facet normal 0 0 -1
    outer loop
      vertex -22.5006 33.6745 0
      vertex -23.6117 35.3375 0
      vertex -20.0344 37.4817 0
    endloop
  endfacet
  facet normal 0 0 -1
    outer loop
      vertex -25.6929 31.3069 0
      vertex -23.6117 35.3375 0
      vertex -22.5006 33.6745 0
    endloop
  endfacet
  facet normal 0 0 -1
    outer loop
      vertex -25.6929 31.3069 0
      vertex -26.9617 32.8529 0
      vertex -23.6117 35.3375 0
    endloop
  endfacet
  facet normal 0 0 -1
    outer loop
      vertex -28.6378 28.6378 0
      vertex -26.9617 32.8529 0
      vertex -25.6929 31.3069 0
    endloop
  endfacet
  facet normal 0 0 -1
    outer loop
      vertex -28.6378 28.6378 0
      vertex -30.052 30.052 0
      vertex -26.9617 32.8529 0
    endloop
  endfacet
  facet normal 0 0 -1
    outer loop
      vertex -31.3069 25.6929 0
      vertex -30.052 30.052 0
      vertex -28.6378 28.6378 0
    endloop
  endfacet
  facet normal 0 0 -1
    outer loop
      vertex -32.8529 26.9617 0
      vertex -31.3069 25.6929 0
      vertex -31.8337 24.9826 0
    endloop
  endfacet
  facet normal 0 0 -1
    outer loop
      vertex -31.3069 25.6929 0
      vertex -32.8529 26.9617 0
      vertex -30.052 30.052 0
    endloop
  endfacet
  facet normal 0 0 -1
    outer loop
      vertex 11.0712 -38.9277 0
      vertex 3.61606 -6.27499 0
      vertex 13.9185 -37.9825 0
    endloop
  endfacet
  facet normal 0 0 -1
    outer loop
      vertex 4.59935 -5.60433 0
      vertex 3.07681 -3.7491 0
      vertex 3.42947 -3.42947 0
    endloop
  endfacet
  facet normal 0 0 -1
    outer loop
      vertex 4.02788 -6.02815 0
      vertex 2.69452 -4.03263 0
      vertex 3.07681 -3.7491 0
    endloop
  endfacet
  facet normal 0 0 -1
    outer loop
      vertex 0.764533 -7.20709 0
      vertex 3.61606 -6.27499 0
      vertex 11.0712 -38.9277 0
    endloop
  endfacet
  facet normal 0 -0 -1
    outer loop
      vertex 1.40788 -4.64116 0
      vertex 3.61606 -6.27499 0
      vertex 0.764533 -7.20709 0
    endloop
  endfacet
  facet normal 0 0 -1
    outer loop
      vertex 3.61606 -6.27499 0
      vertex 2.28627 -4.27732 0
      vertex 2.69452 -4.03263 0
    endloop
  endfacet
  facet normal 0 0 -1
    outer loop
      vertex 3.61606 -6.27499 0
      vertex 1.85601 -4.48081 0
      vertex 2.28627 -4.27732 0
    endloop
  endfacet
  facet normal 0 0 -1
    outer loop
      vertex 3.61606 -6.27499 0
      vertex 1.40788 -4.64116 0
      vertex 1.85601 -4.48081 0
    endloop
  endfacet
  facet normal 0 0 -1
    outer loop
      vertex 1.40788 -4.64116 0
      vertex 0.764533 -7.20709 0
      vertex 0.946188 -4.75681 0
    endloop
  endfacet
  facet normal 0 0 -1
    outer loop
      vertex 0.475383 -4.82665 0
      vertex 0.764533 -7.20709 0
      vertex 0.710624 -7.21509 0
    endloop
  endfacet
  facet normal 0 0 -1
    outer loop
      vertex 0.764533 -7.20709 0
      vertex 0.475383 -4.82665 0
      vertex 0.946188 -4.75681 0
    endloop
  endfacet
  facet normal 0 0 -1
    outer loop
      vertex 0 -7.25 0
      vertex 0.475383 -4.82665 0
      vertex 0.710624 -7.21509 0
    endloop
  endfacet
  facet normal 0 0 -1
    outer loop
      vertex 0 -7.25 0
      vertex 0 -4.85 0
      vertex 0.475383 -4.82665 0
    endloop
  endfacet
  facet normal 0 0 -1
    outer loop
      vertex 0 -7.25 0
      vertex -0.475383 -4.82665 0
      vertex 0 -4.85 0
    endloop
  endfacet
  facet normal 0 0 -1
    outer loop
      vertex -0.710624 -7.21509 0
      vertex -0.475383 -4.82665 0
      vertex 0 -7.25 0
    endloop
  endfacet
  facet normal 0 0 -1
    outer loop
      vertex -0.710624 -7.21509 0
      vertex -0.946188 -4.75681 0
      vertex -0.475383 -4.82665 0
    endloop
  endfacet
  facet normal 0 0 -1
    outer loop
      vertex -1.4144 -7.11069 0
      vertex -0.946188 -4.75681 0
      vertex -0.710624 -7.21509 0
    endloop
  endfacet
  facet normal -0 0 -1
    outer loop
      vertex -0.946188 -4.75681 0
      vertex -1.4144 -7.11069 0
      vertex -1.40788 -4.64116 0
    endloop
  endfacet
  facet normal 0 0 -1
    outer loop
      vertex -2.10456 -6.93782 0
      vertex -1.40788 -4.64116 0
      vertex -1.4144 -7.11069 0
    endloop
  endfacet
  facet normal -0 0 -1
    outer loop
      vertex -1.40788 -4.64116 0
      vertex -2.10456 -6.93782 0
      vertex -1.85601 -4.48081 0
    endloop
  endfacet
  facet normal 0 0 -1
    outer loop
      vertex -2.77445 -6.69813 0
      vertex -1.85601 -4.48081 0
      vertex -2.10456 -6.93782 0
    endloop
  endfacet
  facet normal -0 0 -1
    outer loop
      vertex -1.85601 -4.48081 0
      vertex -2.77445 -6.69813 0
      vertex -2.28627 -4.27732 0
    endloop
  endfacet
  facet normal 0 0 -1
    outer loop
      vertex -3.41763 -6.39393 0
      vertex -2.28627 -4.27732 0
      vertex -2.77445 -6.69813 0
    endloop
  endfacet
  facet normal -0 0 -1
    outer loop
      vertex -2.28627 -4.27732 0
      vertex -3.41763 -6.39393 0
      vertex -2.69452 -4.03263 0
    endloop
  endfacet
  facet normal 0 0 -1
    outer loop
      vertex -4.02788 -6.02815 0
      vertex -2.69452 -4.03263 0
      vertex -3.41763 -6.39393 0
    endloop
  endfacet
  facet normal -0 0 -1
    outer loop
      vertex -2.69452 -4.03263 0
      vertex -4.02788 -6.02815 0
      vertex -3.07681 -3.7491 0
    endloop
  endfacet
  facet normal 0 0 -1
    outer loop
      vertex -4.59935 -5.60433 0
      vertex -3.07681 -3.7491 0
      vertex -4.02788 -6.02815 0
    endloop
  endfacet
  facet normal 0 0 -1
    outer loop
      vertex -4.84958 -5.37753 0
      vertex -3.07681 -3.7491 0
      vertex -4.59935 -5.60433 0
    endloop
  endfacet
  facet normal -0 0 -1
    outer loop
      vertex -3.07681 -3.7491 0
      vertex -4.84958 -5.37753 0
      vertex -3.42947 -3.42947 0
    endloop
  endfacet
  facet normal -0 0 -1
    outer loop
      vertex -3.42947 -3.42947 0
      vertex -4.84958 -5.37753 0
      vertex -3.7491 -3.07681 0
    endloop
  endfacet
  facet normal -0 0 -1
    outer loop
      vertex -3.7491 -3.07681 0
      vertex -4.84958 -5.37753 0
      vertex -4.03263 -2.69452 0
    endloop
  endfacet
  facet normal 0 0 -1
    outer loop
      vertex -6.61438 -2.95152 0
      vertex -4.03263 -2.69452 0
      vertex -4.84958 -5.37753 0
    endloop
  endfacet
  facet normal -0 0 -1
    outer loop
      vertex -4.03263 -2.69452 0
      vertex -6.61438 -2.95152 0
      vertex -4.27732 -2.28627 0
    endloop
  endfacet
  facet normal -0 0 -1
    outer loop
      vertex -4.27732 -2.28627 0
      vertex -6.61438 -2.95152 0
      vertex -4.48081 -1.85601 0
    endloop
  endfacet
  facet normal 0 0 -1
    outer loop
      vertex -6.69813 -2.77445 0
      vertex -4.48081 -1.85601 0
      vertex -6.61438 -2.95152 0
    endloop
  endfacet
  facet normal -0 0 -1
    outer loop
      vertex -4.48081 -1.85601 0
      vertex -6.69813 -2.77445 0
      vertex -4.64116 -1.40788 0
    endloop
  endfacet
  facet normal 0 0 -1
    outer loop
      vertex -6.93782 -2.10456 0
      vertex -4.64116 -1.40788 0
      vertex -6.69813 -2.77445 0
    endloop
  endfacet
  facet normal -0 0 -1
    outer loop
      vertex -4.64116 -1.40788 0
      vertex -6.93782 -2.10456 0
      vertex -4.75681 -0.946188 0
    endloop
  endfacet
  facet normal 0 0 -1
    outer loop
      vertex -31.8337 -24.9826 0
      vertex -6.61438 -2.95152 0
      vertex -4.84958 -5.37753 0
    endloop
  endfacet
  facet normal 0 0 -1
    outer loop
      vertex -31.8337 -24.9826 0
      vertex -33.6209 -22.5729 0
      vertex -6.61438 -2.95152 0
    endloop
  endfacet
  facet normal 0 0 -1
    outer loop
      vertex -35.3375 -23.6117 0
      vertex -31.8337 -24.9826 0
      vertex -32.8529 -26.9617 0
    endloop
  endfacet
  facet normal 0 0 -1
    outer loop
      vertex -31.8337 -24.9826 0
      vertex -35.3375 -23.6117 0
      vertex -33.6209 -22.5729 0
    endloop
  endfacet
  facet normal -0 0 -1
    outer loop
      vertex -33.6209 -22.5729 0
      vertex -35.3375 -23.6117 0
      vertex -33.6745 -22.5006 0
    endloop
  endfacet
  facet normal 0 0 -1
    outer loop
      vertex -35.3375 -23.6117 0
      vertex -35.7178 -19.0916 0
      vertex -33.6745 -22.5006 0
    endloop
  endfacet
  facet normal 0 0 -1
    outer loop
      vertex -37.4817 -20.0344 0
      vertex -35.7178 -19.0916 0
      vertex -35.3375 -23.6117 0
    endloop
  endfacet
  facet normal -0 0 -1
    outer loop
      vertex -35.7178 -19.0916 0
      vertex -37.4817 -20.0344 0
      vertex -37.4171 -15.4987 0
    endloop
  endfacet
  facet normal 0 0 -1
    outer loop
      vertex -39.2649 -16.264 0
      vertex -37.4171 -15.4987 0
      vertex -37.4817 -20.0344 0
    endloop
  endfacet
  facet normal -0 0 -1
    outer loop
      vertex -37.4171 -15.4987 0
      vertex -39.2649 -16.264 0
      vertex -38.7561 -11.7565 0
    endloop
  endfacet
  facet normal 0 0 -1
    outer loop
      vertex -40.67 -12.3371 0
      vertex -38.7561 -11.7565 0
      vertex -39.2649 -16.264 0
    endloop
  endfacet
  facet normal -0 0 -1
    outer loop
      vertex -38.7561 -11.7565 0
      vertex -40.67 -12.3371 0
      vertex -39.7218 -7.90116 0
    endloop
  endfacet
  facet normal -0 0 -1
    outer loop
      vertex -39.7218 -7.90116 0
      vertex -41.6834 -8.29134 0
      vertex -40.305 -3.96969 0
    endloop
  endfacet
  facet normal 0 0 -1
    outer loop
      vertex -41.6834 -8.29134 0
      vertex -39.7218 -7.90116 0
      vertex -40.67 -12.3371 0
    endloop
  endfacet
  facet normal -0 0 -1
    outer loop
      vertex 6.69813 2.77445 0
      vertex 4.48081 1.85601 0
      vertex 6.39393 3.41763 0
    endloop
  endfacet
  facet normal 0 0 -1
    outer loop
      vertex 4.27732 2.28627 0
      vertex 6.39393 3.41763 0
      vertex 4.48081 1.85601 0
    endloop
  endfacet
  facet normal -0 0 -1
    outer loop
      vertex 6.39393 3.41763 0
      vertex 4.27732 2.28627 0
      vertex 6.02815 4.02788 0
    endloop
  endfacet
  facet normal 0 0 -1
    outer loop
      vertex 4.03263 2.69452 0
      vertex 6.02815 4.02788 0
      vertex 4.27732 2.28627 0
    endloop
  endfacet
  facet normal -0 0 -1
    outer loop
      vertex 6.02815 4.02788 0
      vertex 4.03263 2.69452 0
      vertex 5.60433 4.59935 0
    endloop
  endfacet
  facet normal 0 0 -1
    outer loop
      vertex 3.7491 3.07681 0
      vertex 5.60433 4.59935 0
      vertex 4.03263 2.69452 0
    endloop
  endfacet
  facet normal -0 0 -1
    outer loop
      vertex 5.60433 4.59935 0
      vertex 3.7491 3.07681 0
      vertex 5.12652 5.12652 0
    endloop
  endfacet
  facet normal 0 0 -1
    outer loop
      vertex 3.42947 3.42947 0
      vertex 5.12652 5.12652 0
      vertex 3.7491 3.07681 0
    endloop
  endfacet
  facet normal -0 0 -1
    outer loop
      vertex 5.12652 5.12652 0
      vertex 3.42947 3.42947 0
      vertex 4.59935 5.60433 0
    endloop
  endfacet
  facet normal 0 0 -1
    outer loop
      vertex 3.07681 3.7491 0
      vertex 4.59935 5.60433 0
      vertex 3.42947 3.42947 0
    endloop
  endfacet
  facet normal -0 0 -1
    outer loop
      vertex 4.59935 5.60433 0
      vertex 3.07681 3.7491 0
      vertex 4.02788 6.02815 0
    endloop
  endfacet
  facet normal 0.970033 0.242974 0
    outer loop
      vertex 7.08925 1.5 10
      vertex 6.93782 2.10456 0
      vertex 6.93782 2.10456 10
    endloop
  endfacet
  facet normal 0.970033 0.242974 0
    outer loop
      vertex 6.93782 2.10456 0
      vertex 7.08925 1.5 10
      vertex 7.08925 1.5 0
    endloop
  endfacet
  facet normal 0.941544 0.336889 0
    outer loop
      vertex 6.93782 2.10456 10
      vertex 6.69813 2.77445 0
      vertex 6.69813 2.77445 10
    endloop
  endfacet
  facet normal 0.941544 0.336889 0
    outer loop
      vertex 6.69813 2.77445 0
      vertex 6.93782 2.10456 10
      vertex 6.93782 2.10456 0
    endloop
  endfacet
  facet normal 0.803215 0.595689 0
    outer loop
      vertex 6.02815 4.02788 10
      vertex 5.60433 4.59935 0
      vertex 5.60433 4.59935 10
    endloop
  endfacet
  facet normal 0.803215 0.595689 0
    outer loop
      vertex 5.60433 4.59935 0
      vertex 6.02815 4.02788 10
      vertex 6.02815 4.02788 0
    endloop
  endfacet
  facet normal 0.146791 0.989168 -0
    outer loop
      vertex 0.764533 7.20709 0
      vertex 0.710624 7.21509 10
      vertex 0.764533 7.20709 10
    endloop
  endfacet
  facet normal 0.146791 0.989168 0
    outer loop
      vertex 0.710624 7.21509 10
      vertex 0.764533 7.20709 0
      vertex 0.710624 7.21509 0
    endloop
  endfacet
  facet normal 0.51411 0.857724 -0
    outer loop
      vertex 4.02788 6.02815 0
      vertex 3.61606 6.27499 10
      vertex 4.02788 6.02815 10
    endloop
  endfacet
  facet normal 0.51411 0.857724 0
    outer loop
      vertex 3.61606 6.27499 10
      vertex 4.02788 6.02815 0
      vertex 3.61606 6.27499 0
    endloop
  endfacet
  facet normal 0.671567 0.740943 -0
    outer loop
      vertex 5.12652 5.12652 0
      vertex 4.59935 5.60433 10
      vertex 5.12652 5.12652 10
    endloop
  endfacet
  facet normal 0.671567 0.740943 0
    outer loop
      vertex 4.59935 5.60433 10
      vertex 5.12652 5.12652 0
      vertex 4.59935 5.60433 0
    endloop
  endfacet
  facet normal -0.970033 0.242972 0
    outer loop
      vertex -7.11069 1.4144 0
      vertex -6.93782 2.10456 10
      vertex -6.93782 2.10456 0
    endloop
  endfacet
  facet normal -0.970033 0.242972 0
    outer loop
      vertex -6.93782 2.10456 10
      vertex -7.11069 1.4144 0
      vertex -7.11069 1.4144 10
    endloop
  endfacet
  facet normal -0.941544 0.336889 0
    outer loop
      vertex -6.93782 2.10456 0
      vertex -6.69813 2.77445 10
      vertex -6.69813 2.77445 0
    endloop
  endfacet
  facet normal -0.941544 0.336889 0
    outer loop
      vertex -6.69813 2.77445 10
      vertex -6.93782 2.10456 0
      vertex -6.93782 2.10456 10
    endloop
  endfacet
  facet normal -0.989176 0.146737 0
    outer loop
      vertex -7.21509 0.710624 0
      vertex -7.11069 1.4144 10
      vertex -7.11069 1.4144 0
    endloop
  endfacet
  facet normal -0.989176 0.146737 0
    outer loop
      vertex -7.11069 1.4144 10
      vertex -7.21509 0.710624 0
      vertex -7.21509 0.710624 10
    endloop
  endfacet
  facet normal -0.514113 0.857722 0
    outer loop
      vertex -3.41763 6.39393 0
      vertex -4.02788 6.02815 10
      vertex -3.41763 6.39393 10
    endloop
  endfacet
  facet normal -0.514113 0.857722 0
    outer loop
      vertex -4.02788 6.02815 10
      vertex -3.41763 6.39393 0
      vertex -4.02788 6.02815 0
    endloop
  endfacet
  facet normal -0.427553 0.90399 0
    outer loop
      vertex -2.77445 6.69813 0
      vertex -3.41763 6.39393 10
      vertex -2.77445 6.69813 10
    endloop
  endfacet
  facet normal -0.427553 0.90399 0
    outer loop
      vertex -3.41763 6.39393 10
      vertex -2.77445 6.69813 0
      vertex -3.41763 6.39393 0
    endloop
  endfacet
  facet normal -0.595689 0.803215 0
    outer loop
      vertex -4.02788 6.02815 0
      vertex -4.59935 5.60433 10
      vertex -4.02788 6.02815 10
    endloop
  endfacet
  facet normal -0.595689 0.803215 0
    outer loop
      vertex -4.59935 5.60433 10
      vertex -4.02788 6.02815 0
      vertex -4.59935 5.60433 0
    endloop
  endfacet
  facet normal -0.242972 0.970033 0
    outer loop
      vertex -1.4144 7.11069 0
      vertex -2.10456 6.93782 10
      vertex -1.4144 7.11069 10
    endloop
  endfacet
  facet normal -0.242972 0.970033 0
    outer loop
      vertex -2.10456 6.93782 10
      vertex -1.4144 7.11069 0
      vertex -2.10456 6.93782 0
    endloop
  endfacet
  facet normal -0.0490667 0.998796 0
    outer loop
      vertex 0 7.25 0
      vertex -0.710624 7.21509 10
      vertex 0 7.25 10
    endloop
  endfacet
  facet normal -0.0490667 0.998796 0
    outer loop
      vertex -0.710624 7.21509 10
      vertex 0 7.25 0
      vertex -0.710624 7.21509 0
    endloop
  endfacet
  facet normal 0.0490667 -0.998796 0
    outer loop
      vertex 0 -7.25 0
      vertex 0.710624 -7.21509 10
      vertex 0 -7.25 10
    endloop
  endfacet
  facet normal 0.0490667 -0.998796 0
    outer loop
      vertex 0.710624 -7.21509 10
      vertex 0 -7.25 0
      vertex 0.710624 -7.21509 0
    endloop
  endfacet
  facet normal 0.595689 -0.803215 0
    outer loop
      vertex 4.02788 -6.02815 0
      vertex 4.59935 -5.60433 10
      vertex 4.02788 -6.02815 10
    endloop
  endfacet
  facet normal 0.595689 -0.803215 0
    outer loop
      vertex 4.59935 -5.60433 10
      vertex 4.02788 -6.02815 0
      vertex 4.59935 -5.60433 0
    endloop
  endfacet
  facet normal 0.740943 -0.671567 0
    outer loop
      vertex 5.12652 -5.12652 10
      vertex 5.60433 -4.59935 0
      vertex 5.60433 -4.59935 10
    endloop
  endfacet
  facet normal 0.740943 -0.671567 0
    outer loop
      vertex 5.60433 -4.59935 0
      vertex 5.12652 -5.12652 10
      vertex 5.12652 -5.12652 0
    endloop
  endfacet
  facet normal -0.671567 -0.740944 0
    outer loop
      vertex -4.84958 -5.37753 0
      vertex -4.59935 -5.60433 10
      vertex -4.84958 -5.37753 10
    endloop
  endfacet
  facet normal -0.671567 -0.740944 -0
    outer loop
      vertex -4.59935 -5.60433 10
      vertex -4.84958 -5.37753 0
      vertex -4.59935 -5.60433 0
    endloop
  endfacet
  facet normal -0.514113 -0.857722 0
    outer loop
      vertex -4.02788 -6.02815 0
      vertex -3.41763 -6.39393 10
      vertex -4.02788 -6.02815 10
    endloop
  endfacet
  facet normal -0.514113 -0.857722 -0
    outer loop
      vertex -3.41763 -6.39393 10
      vertex -4.02788 -6.02815 0
      vertex -3.41763 -6.39393 0
    endloop
  endfacet
  facet normal -0.336889 -0.941544 0
    outer loop
      vertex -2.77445 -6.69813 0
      vertex -2.10456 -6.93782 10
      vertex -2.77445 -6.69813 10
    endloop
  endfacet
  facet normal -0.336889 -0.941544 -0
    outer loop
      vertex -2.10456 -6.93782 10
      vertex -2.77445 -6.69813 0
      vertex -2.10456 -6.93782 0
    endloop
  endfacet
  facet normal -0.146737 -0.989176 0
    outer loop
      vertex -1.4144 -7.11069 0
      vertex -0.710624 -7.21509 10
      vertex -1.4144 -7.11069 10
    endloop
  endfacet
  facet normal -0.146737 -0.989176 -0
    outer loop
      vertex -0.710624 -7.21509 10
      vertex -1.4144 -7.11069 0
      vertex -0.710624 -7.21509 0
    endloop
  endfacet
  facet normal -0.903985 -0.427564 0
    outer loop
      vertex -6.61438 -2.95152 0
      vertex -6.69813 -2.77445 10
      vertex -6.69813 -2.77445 0
    endloop
  endfacet
  facet normal -0.903985 -0.427564 0
    outer loop
      vertex -6.69813 -2.77445 10
      vertex -6.61438 -2.95152 0
      vertex -6.61438 -2.95152 10
    endloop
  endfacet
  facet normal -0.970033 -0.242972 0
    outer loop
      vertex -6.93782 -2.10456 0
      vertex -7.11069 -1.4144 10
      vertex -7.11069 -1.4144 0
    endloop
  endfacet
  facet normal -0.970033 -0.242972 0
    outer loop
      vertex -7.11069 -1.4144 10
      vertex -6.93782 -2.10456 0
      vertex -6.93782 -2.10456 10
    endloop
  endfacet
  facet normal -0.998796 -0.0490667 0
    outer loop
      vertex -7.21509 -0.710624 0
      vertex -7.25 0 10
      vertex -7.25 0 0
    endloop
  endfacet
  facet normal -0.998796 -0.0490667 0
    outer loop
      vertex -7.25 0 10
      vertex -7.21509 -0.710624 0
      vertex -7.21509 -0.710624 10
    endloop
  endfacet
  facet normal 0.146791 -0.989168 0
    outer loop
      vertex 0.710624 -7.21509 0
      vertex 0.764533 -7.20709 10
      vertex 0.710624 -7.21509 10
    endloop
  endfacet
  facet normal 0.146791 -0.989168 0
    outer loop
      vertex 0.764533 -7.20709 10
      vertex 0.710624 -7.21509 0
      vertex 0.764533 -7.20709 0
    endloop
  endfacet
  facet normal 0.671567 -0.740943 0
    outer loop
      vertex 4.59935 -5.60433 0
      vertex 5.12652 -5.12652 10
      vertex 4.59935 -5.60433 10
    endloop
  endfacet
  facet normal 0.671567 -0.740943 0
    outer loop
      vertex 5.12652 -5.12652 10
      vertex 4.59935 -5.60433 0
      vertex 5.12652 -5.12652 0
    endloop
  endfacet
  facet normal 0.51411 -0.857724 0
    outer loop
      vertex 3.61606 -6.27499 0
      vertex 4.02788 -6.02815 10
      vertex 3.61606 -6.27499 10
    endloop
  endfacet
  facet normal 0.51411 -0.857724 0
    outer loop
      vertex 4.02788 -6.02815 10
      vertex 3.61606 -6.27499 0
      vertex 4.02788 -6.02815 0
    endloop
  endfacet
  facet normal 0.803215 -0.595689 0
    outer loop
      vertex 5.60433 -4.59935 10
      vertex 6.02815 -4.02788 0
      vertex 6.02815 -4.02788 10
    endloop
  endfacet
  facet normal 0.803215 -0.595689 0
    outer loop
      vertex 6.02815 -4.02788 0
      vertex 5.60433 -4.59935 10
      vertex 5.60433 -4.59935 0
    endloop
  endfacet
  facet normal 0.857722 -0.514113 0
    outer loop
      vertex 6.02815 -4.02788 10
      vertex 6.39393 -3.41763 0
      vertex 6.39393 -3.41763 10
    endloop
  endfacet
  facet normal 0.857722 -0.514113 0
    outer loop
      vertex 6.39393 -3.41763 0
      vertex 6.02815 -4.02788 10
      vertex 6.02815 -4.02788 0
    endloop
  endfacet
  facet normal 0.970033 -0.242974 0
    outer loop
      vertex 6.93782 -2.10456 10
      vertex 7.08925 -1.5 0
      vertex 7.08925 -1.5 10
    endloop
  endfacet
  facet normal 0.970033 -0.242974 0
    outer loop
      vertex 7.08925 -1.5 0
      vertex 6.93782 -2.10456 10
      vertex 6.93782 -2.10456 0
    endloop
  endfacet
  facet normal -0.595689 -0.803215 0
    outer loop
      vertex -4.59935 -5.60433 0
      vertex -4.02788 -6.02815 10
      vertex -4.59935 -5.60433 10
    endloop
  endfacet
  facet normal -0.595689 -0.803215 -0
    outer loop
      vertex -4.02788 -6.02815 10
      vertex -4.59935 -5.60433 0
      vertex -4.02788 -6.02815 0
    endloop
  endfacet
  facet normal -0.427553 -0.90399 0
    outer loop
      vertex -3.41763 -6.39393 0
      vertex -2.77445 -6.69813 10
      vertex -3.41763 -6.39393 10
    endloop
  endfacet
  facet normal -0.427553 -0.90399 -0
    outer loop
      vertex -2.77445 -6.69813 10
      vertex -3.41763 -6.39393 0
      vertex -2.77445 -6.69813 0
    endloop
  endfacet
  facet normal -0.242972 -0.970033 0
    outer loop
      vertex -2.10456 -6.93782 0
      vertex -1.4144 -7.11069 10
      vertex -2.10456 -6.93782 10
    endloop
  endfacet
  facet normal -0.242972 -0.970033 -0
    outer loop
      vertex -1.4144 -7.11069 10
      vertex -2.10456 -6.93782 0
      vertex -1.4144 -7.11069 0
    endloop
  endfacet
  facet normal -0.0490667 -0.998796 0
    outer loop
      vertex -0.710624 -7.21509 0
      vertex 0 -7.25 10
      vertex -0.710624 -7.21509 10
    endloop
  endfacet
  facet normal -0.0490667 -0.998796 -0
    outer loop
      vertex 0 -7.25 10
      vertex -0.710624 -7.21509 0
      vertex 0 -7.25 0
    endloop
  endfacet
  facet normal -0.941544 -0.336889 0
    outer loop
      vertex -6.69813 -2.77445 0
      vertex -6.93782 -2.10456 10
      vertex -6.93782 -2.10456 0
    endloop
  endfacet
  facet normal -0.941544 -0.336889 0
    outer loop
      vertex -6.93782 -2.10456 10
      vertex -6.69813 -2.77445 0
      vertex -6.69813 -2.77445 10
    endloop
  endfacet
  facet normal -0.989176 -0.146737 0
    outer loop
      vertex -7.11069 -1.4144 0
      vertex -7.21509 -0.710624 10
      vertex -7.21509 -0.710624 0
    endloop
  endfacet
  facet normal -0.989176 -0.146737 0
    outer loop
      vertex -7.21509 -0.710624 10
      vertex -7.11069 -1.4144 0
      vertex -7.11069 -1.4144 10
    endloop
  endfacet
  facet normal 0 0 1
    outer loop
      vertex 11.0712 38.9277 10
      vertex 13.9185 37.9825 10
      vertex 11.7565 38.7561 10
    endloop
  endfacet
  facet normal 0 0 1
    outer loop
      vertex 11.0712 38.9277 10
      vertex 3.61606 6.27499 10
      vertex 13.9185 37.9825 10
    endloop
  endfacet
  facet normal 0 0 1
    outer loop
      vertex 4.59935 5.60433 10
      vertex 3.07681 3.7491 10
      vertex 3.42947 3.42947 10
    endloop
  endfacet
  facet normal 0 0 1
    outer loop
      vertex 4.02788 6.02815 10
      vertex 2.69452 4.03263 10
      vertex 3.07681 3.7491 10
    endloop
  endfacet
  facet normal -0 0 1
    outer loop
      vertex 0.764533 7.20709 10
      vertex 3.61606 6.27499 10
      vertex 11.0712 38.9277 10
    endloop
  endfacet
  facet normal 0 -0 1
    outer loop
      vertex 1.40788 4.64116 10
      vertex 3.61606 6.27499 10
      vertex 0.764533 7.20709 10
    endloop
  endfacet
  facet normal 0 0 1
    outer loop
      vertex 3.61606 6.27499 10
      vertex 2.28627 4.27732 10
      vertex 2.69452 4.03263 10
    endloop
  endfacet
  facet normal 0 0 1
    outer loop
      vertex 3.61606 6.27499 10
      vertex 1.85601 4.48081 10
      vertex 2.28627 4.27732 10
    endloop
  endfacet
  facet normal 0 0 1
    outer loop
      vertex 3.61606 6.27499 10
      vertex 1.40788 4.64116 10
      vertex 1.85601 4.48081 10
    endloop
  endfacet
  facet normal 0 0 1
    outer loop
      vertex 1.40788 4.64116 10
      vertex 0.764533 7.20709 10
      vertex 0.946188 4.75681 10
    endloop
  endfacet
  facet normal 0 0 1
    outer loop
      vertex 0.475383 4.82665 10
      vertex 0.764533 7.20709 10
      vertex 0.710624 7.21509 10
    endloop
  endfacet
  facet normal 0 0 1
    outer loop
      vertex 0.764533 7.20709 10
      vertex 0.475383 4.82665 10
      vertex 0.946188 4.75681 10
    endloop
  endfacet
  facet normal 0 0 1
    outer loop
      vertex 0 7.25 10
      vertex 0.475383 4.82665 10
      vertex 0.710624 7.21509 10
    endloop
  endfacet
  facet normal 0 0 1
    outer loop
      vertex 0 7.25 10
      vertex 0 4.85 10
      vertex 0.475383 4.82665 10
    endloop
  endfacet
  facet normal 0 0 1
    outer loop
      vertex 0 7.25 10
      vertex -0.475383 4.82665 10
      vertex 0 4.85 10
    endloop
  endfacet
  facet normal -0 0 1
    outer loop
      vertex -0.710624 7.21509 10
      vertex -0.475383 4.82665 10
      vertex 0 7.25 10
    endloop
  endfacet
  facet normal 0 0 1
    outer loop
      vertex -0.710624 7.21509 10
      vertex -0.946188 4.75681 10
      vertex -0.475383 4.82665 10
    endloop
  endfacet
  facet normal -0 0 1
    outer loop
      vertex -1.4144 7.11069 10
      vertex -0.946188 4.75681 10
      vertex -0.710624 7.21509 10
    endloop
  endfacet
  facet normal 0 0 1
    outer loop
      vertex -0.946188 4.75681 10
      vertex -1.4144 7.11069 10
      vertex -1.40788 4.64116 10
    endloop
  endfacet
  facet normal -0 0 1
    outer loop
      vertex -2.10456 6.93782 10
      vertex -1.40788 4.64116 10
      vertex -1.4144 7.11069 10
    endloop
  endfacet
  facet normal 0 0 1
    outer loop
      vertex -1.40788 4.64116 10
      vertex -2.10456 6.93782 10
      vertex -1.85601 4.48081 10
    endloop
  endfacet
  facet normal -0 0 1
    outer loop
      vertex -2.77445 6.69813 10
      vertex -1.85601 4.48081 10
      vertex -2.10456 6.93782 10
    endloop
  endfacet
  facet normal 0 0 1
    outer loop
      vertex -1.85601 4.48081 10
      vertex -2.77445 6.69813 10
      vertex -2.28627 4.27732 10
    endloop
  endfacet
  facet normal -0 0 1
    outer loop
      vertex -3.41763 6.39393 10
      vertex -2.28627 4.27732 10
      vertex -2.77445 6.69813 10
    endloop
  endfacet
  facet normal 0 0 1
    outer loop
      vertex -2.28627 4.27732 10
      vertex -3.41763 6.39393 10
      vertex -2.69452 4.03263 10
    endloop
  endfacet
  facet normal -0 0 1
    outer loop
      vertex -4.02788 6.02815 10
      vertex -2.69452 4.03263 10
      vertex -3.41763 6.39393 10
    endloop
  endfacet
  facet normal 0 0 1
    outer loop
      vertex -2.69452 4.03263 10
      vertex -4.02788 6.02815 10
      vertex -3.07681 3.7491 10
    endloop
  endfacet
  facet normal -0 0 1
    outer loop
      vertex -4.59935 5.60433 10
      vertex -3.07681 3.7491 10
      vertex -4.02788 6.02815 10
    endloop
  endfacet
  facet normal -0 0 1
    outer loop
      vertex -4.84958 5.37753 10
      vertex -3.07681 3.7491 10
      vertex -4.59935 5.60433 10
    endloop
  endfacet
  facet normal 0 0 1
    outer loop
      vertex -3.07681 3.7491 10
      vertex -4.84958 5.37753 10
      vertex -3.42947 3.42947 10
    endloop
  endfacet
  facet normal 0 0 1
    outer loop
      vertex -3.42947 3.42947 10
      vertex -4.84958 5.37753 10
      vertex -3.7491 3.07681 10
    endloop
  endfacet
  facet normal 0 0 1
    outer loop
      vertex -3.7491 3.07681 10
      vertex -4.84958 5.37753 10
      vertex -4.03263 2.69452 10
    endloop
  endfacet
  facet normal -0 0 1
    outer loop
      vertex -6.61438 2.95152 10
      vertex -4.03263 2.69452 10
      vertex -4.84958 5.37753 10
    endloop
  endfacet
  facet normal 0 0 1
    outer loop
      vertex -4.03263 2.69452 10
      vertex -6.61438 2.95152 10
      vertex -4.27732 2.28627 10
    endloop
  endfacet
  facet normal 0 0 1
    outer loop
      vertex -4.27732 2.28627 10
      vertex -6.61438 2.95152 10
      vertex -4.48081 1.85601 10
    endloop
  endfacet
  facet normal -0 0 1
    outer loop
      vertex -6.69813 2.77445 10
      vertex -4.48081 1.85601 10
      vertex -6.61438 2.95152 10
    endloop
  endfacet
  facet normal 0 0 1
    outer loop
      vertex -4.48081 1.85601 10
      vertex -6.69813 2.77445 10
      vertex -4.64116 1.40788 10
    endloop
  endfacet
  facet normal -0 0 1
    outer loop
      vertex -6.93782 2.10456 10
      vertex -4.64116 1.40788 10
      vertex -6.69813 2.77445 10
    endloop
  endfacet
  facet normal 0 0 1
    outer loop
      vertex -4.64116 1.40788 10
      vertex -6.93782 2.10456 10
      vertex -4.75681 0.946188 10
    endloop
  endfacet
  facet normal 0 0 1
    outer loop
      vertex -31.8337 24.9826 10
      vertex -6.61438 2.95152 10
      vertex -4.84958 5.37753 10
    endloop
  endfacet
  facet normal 0 0 1
    outer loop
      vertex -6.61438 2.95152 10
      vertex -31.8337 24.9826 10
      vertex -33.6209 22.5729 10
    endloop
  endfacet
  facet normal 0 0 1
    outer loop
      vertex 40.4263 1.5 10
      vertex 40.4263 -1.5 10
      vertex 40.5 0 10
    endloop
  endfacet
  facet normal -0 0 1
    outer loop
      vertex 7.08925 1.5 10
      vertex 40.4263 -1.5 10
      vertex 40.4263 1.5 10
    endloop
  endfacet
  facet normal 0 0 1
    outer loop
      vertex 7.08925 1.5 10
      vertex 7.08925 -1.5 10
      vertex 40.4263 -1.5 10
    endloop
  endfacet
  facet normal 0 0 1
    outer loop
      vertex 4.64116 1.40788 10
      vertex 7.08925 1.5 10
      vertex 6.93782 2.10456 10
    endloop
  endfacet
  facet normal 0 0 1
    outer loop
      vertex 7.08925 1.5 10
      vertex 4.85 0 10
      vertex 7.08925 -1.5 10
    endloop
  endfacet
  facet normal 0 0 1
    outer loop
      vertex 4.64116 1.40788 10
      vertex 6.93782 2.10456 10
      vertex 6.69813 2.77445 10
    endloop
  endfacet
  facet normal -0 0 1
    outer loop
      vertex 4.82665 -0.475383 10
      vertex 7.08925 -1.5 10
      vertex 4.85 0 10
    endloop
  endfacet
  facet normal 0 0 1
    outer loop
      vertex 4.48081 1.85601 10
      vertex 6.69813 2.77445 10
      vertex 6.39393 3.41763 10
    endloop
  endfacet
  facet normal -0 0 1
    outer loop
      vertex 4.75681 -0.946188 10
      vertex 7.08925 -1.5 10
      vertex 4.82665 -0.475383 10
    endloop
  endfacet
  facet normal 0 0 1
    outer loop
      vertex 4.27732 2.28627 10
      vertex 6.39393 3.41763 10
      vertex 6.02815 4.02788 10
    endloop
  endfacet
  facet normal -0 0 1
    outer loop
      vertex 4.64116 -1.40788 10
      vertex 7.08925 -1.5 10
      vertex 4.75681 -0.946188 10
    endloop
  endfacet
  facet normal 0 0 1
    outer loop
      vertex 4.03263 2.69452 10
      vertex 6.02815 4.02788 10
      vertex 5.60433 4.59935 10
    endloop
  endfacet
  facet normal 0 0 1
    outer loop
      vertex 7.08925 -1.5 10
      vertex 4.64116 -1.40788 10
      vertex 6.93782 -2.10456 10
    endloop
  endfacet
  facet normal 0 0 1
    outer loop
      vertex 3.7491 3.07681 10
      vertex 5.60433 4.59935 10
      vertex 5.12652 5.12652 10
    endloop
  endfacet
  facet normal 0 0 1
    outer loop
      vertex 6.93782 -2.10456 10
      vertex 4.64116 -1.40788 10
      vertex 6.69813 -2.77445 10
    endloop
  endfacet
  facet normal -0 0 1
    outer loop
      vertex 4.48081 -1.85601 10
      vertex 6.69813 -2.77445 10
      vertex 4.64116 -1.40788 10
    endloop
  endfacet
  facet normal 0 0 1
    outer loop
      vertex 7.08925 1.5 10
      vertex 4.82665 0.475383 10
      vertex 4.85 0 10
    endloop
  endfacet
  facet normal 0 0 1
    outer loop
      vertex 7.08925 1.5 10
      vertex 4.75681 0.946188 10
      vertex 4.82665 0.475383 10
    endloop
  endfacet
  facet normal 0 0 1
    outer loop
      vertex 7.08925 1.5 10
      vertex 4.64116 1.40788 10
      vertex 4.75681 0.946188 10
    endloop
  endfacet
  facet normal 0 0 1
    outer loop
      vertex 3.42947 3.42947 10
      vertex 5.12652 5.12652 10
      vertex 4.59935 5.60433 10
    endloop
  endfacet
  facet normal 0 0 1
    outer loop
      vertex 6.69813 2.77445 10
      vertex 4.48081 1.85601 10
      vertex 4.64116 1.40788 10
    endloop
  endfacet
  facet normal 0 0 1
    outer loop
      vertex 6.39393 3.41763 10
      vertex 4.27732 2.28627 10
      vertex 4.48081 1.85601 10
    endloop
  endfacet
  facet normal 0 0 1
    outer loop
      vertex 6.02815 4.02788 10
      vertex 4.03263 2.69452 10
      vertex 4.27732 2.28627 10
    endloop
  endfacet
  facet normal 0 0 1
    outer loop
      vertex 3.07681 3.7491 10
      vertex 4.59935 5.60433 10
      vertex 4.02788 6.02815 10
    endloop
  endfacet
  facet normal 0 0 1
    outer loop
      vertex 5.60433 4.59935 10
      vertex 3.7491 3.07681 10
      vertex 4.03263 2.69452 10
    endloop
  endfacet
  facet normal 0 0 1
    outer loop
      vertex 2.69452 4.03263 10
      vertex 4.02788 6.02815 10
      vertex 3.61606 6.27499 10
    endloop
  endfacet
  facet normal 0 0 1
    outer loop
      vertex 5.12652 5.12652 10
      vertex 3.42947 3.42947 10
      vertex 3.7491 3.07681 10
    endloop
  endfacet
  facet normal 0 0 1
    outer loop
      vertex 6.69813 -2.77445 10
      vertex 4.48081 -1.85601 10
      vertex 6.39393 -3.41763 10
    endloop
  endfacet
  facet normal -0 0 1
    outer loop
      vertex 4.27732 -2.28627 10
      vertex 6.39393 -3.41763 10
      vertex 4.48081 -1.85601 10
    endloop
  endfacet
  facet normal 0 0 1
    outer loop
      vertex 6.39393 -3.41763 10
      vertex 4.27732 -2.28627 10
      vertex 6.02815 -4.02788 10
    endloop
  endfacet
  facet normal -0 0 1
    outer loop
      vertex 4.03263 -2.69452 10
      vertex 6.02815 -4.02788 10
      vertex 4.27732 -2.28627 10
    endloop
  endfacet
  facet normal 0 0 1
    outer loop
      vertex 6.02815 -4.02788 10
      vertex 4.03263 -2.69452 10
      vertex 5.60433 -4.59935 10
    endloop
  endfacet
  facet normal -0 0 1
    outer loop
      vertex 3.7491 -3.07681 10
      vertex 5.60433 -4.59935 10
      vertex 4.03263 -2.69452 10
    endloop
  endfacet
  facet normal 0 0 1
    outer loop
      vertex 5.60433 -4.59935 10
      vertex 3.7491 -3.07681 10
      vertex 5.12652 -5.12652 10
    endloop
  endfacet
  facet normal -0 0 1
    outer loop
      vertex 3.42947 -3.42947 10
      vertex 5.12652 -5.12652 10
      vertex 3.7491 -3.07681 10
    endloop
  endfacet
  facet normal 0 0 1
    outer loop
      vertex 5.12652 -5.12652 10
      vertex 3.42947 -3.42947 10
      vertex 4.59935 -5.60433 10
    endloop
  endfacet
  facet normal -0 0 1
    outer loop
      vertex 3.07681 -3.7491 10
      vertex 4.59935 -5.60433 10
      vertex 3.42947 -3.42947 10
    endloop
  endfacet
  facet normal 0 0 1
    outer loop
      vertex 4.59935 -5.60433 10
      vertex 3.07681 -3.7491 10
      vertex 4.02788 -6.02815 10
    endloop
  endfacet
  facet normal 0 0 1
    outer loop
      vertex 13.9185 -37.9825 10
      vertex 11.0712 -38.9277 10
      vertex 11.7565 -38.7561 10
    endloop
  endfacet
  facet normal 0 0 1
    outer loop
      vertex 3.61606 -6.27499 10
      vertex 11.0712 -38.9277 10
      vertex 13.9185 -37.9825 10
    endloop
  endfacet
  facet normal -0 0 1
    outer loop
      vertex 2.69452 -4.03263 10
      vertex 4.02788 -6.02815 10
      vertex 3.07681 -3.7491 10
    endloop
  endfacet
  facet normal 0 0 1
    outer loop
      vertex 4.02788 -6.02815 10
      vertex 2.69452 -4.03263 10
      vertex 3.61606 -6.27499 10
    endloop
  endfacet
  facet normal -0 0 1
    outer loop
      vertex 2.28627 -4.27732 10
      vertex 3.61606 -6.27499 10
      vertex 2.69452 -4.03263 10
    endloop
  endfacet
  facet normal -0 0 1
    outer loop
      vertex 1.85601 -4.48081 10
      vertex 3.61606 -6.27499 10
      vertex 2.28627 -4.27732 10
    endloop
  endfacet
  facet normal -0 0 1
    outer loop
      vertex 1.40788 -4.64116 10
      vertex 3.61606 -6.27499 10
      vertex 1.85601 -4.48081 10
    endloop
  endfacet
  facet normal 0 0 1
    outer loop
      vertex 3.61606 -6.27499 10
      vertex 1.40788 -4.64116 10
      vertex 0.764533 -7.20709 10
    endloop
  endfacet
  facet normal 0 0 1
    outer loop
      vertex 0.764533 -7.20709 10
      vertex 1.40788 -4.64116 10
      vertex 0.946188 -4.75681 10
    endloop
  endfacet
  facet normal 0 0 1
    outer loop
      vertex 3.61606 -6.27499 10
      vertex 0.764533 -7.20709 10
      vertex 11.0712 -38.9277 10
    endloop
  endfacet
  facet normal -0 0 1
    outer loop
      vertex 0.475383 -4.82665 10
      vertex 0.764533 -7.20709 10
      vertex 0.946188 -4.75681 10
    endloop
  endfacet
  facet normal 0 0 1
    outer loop
      vertex 0.764533 -7.20709 10
      vertex 0.475383 -4.82665 10
      vertex 0.710624 -7.21509 10
    endloop
  endfacet
  facet normal -0 0 1
    outer loop
      vertex 0 -4.85 10
      vertex 0.710624 -7.21509 10
      vertex 0.475383 -4.82665 10
    endloop
  endfacet
  facet normal 0 0 1
    outer loop
      vertex 0 -4.85 10
      vertex 0 -7.25 10
      vertex 0.710624 -7.21509 10
    endloop
  endfacet
  facet normal 0 0 1
    outer loop
      vertex -0.475383 -4.82665 10
      vertex 0 -7.25 10
      vertex 0 -4.85 10
    endloop
  endfacet
  facet normal 0 0 1
    outer loop
      vertex -0.475383 -4.82665 10
      vertex -0.710624 -7.21509 10
      vertex 0 -7.25 10
    endloop
  endfacet
  facet normal 0 0 1
    outer loop
      vertex -0.946188 -4.75681 10
      vertex -0.710624 -7.21509 10
      vertex -0.475383 -4.82665 10
    endloop
  endfacet
  facet normal 0 0 1
    outer loop
      vertex -1.4144 -7.11069 10
      vertex -0.946188 -4.75681 10
      vertex -1.40788 -4.64116 10
    endloop
  endfacet
  facet normal 0 0 1
    outer loop
      vertex -0.946188 -4.75681 10
      vertex -1.4144 -7.11069 10
      vertex -0.710624 -7.21509 10
    endloop
  endfacet
  facet normal 0 0 1
    outer loop
      vertex -2.10456 -6.93782 10
      vertex -1.40788 -4.64116 10
      vertex -1.85601 -4.48081 10
    endloop
  endfacet
  facet normal 0 0 1
    outer loop
      vertex -1.40788 -4.64116 10
      vertex -2.10456 -6.93782 10
      vertex -1.4144 -7.11069 10
    endloop
  endfacet
  facet normal 0 0 1
    outer loop
      vertex -2.77445 -6.69813 10
      vertex -1.85601 -4.48081 10
      vertex -2.28627 -4.27732 10
    endloop
  endfacet
  facet normal 0 0 1
    outer loop
      vertex -3.41763 -6.39393 10
      vertex -2.28627 -4.27732 10
      vertex -2.69452 -4.03263 10
    endloop
  endfacet
  facet normal 0 0 1
    outer loop
      vertex -1.85601 -4.48081 10
      vertex -2.77445 -6.69813 10
      vertex -2.10456 -6.93782 10
    endloop
  endfacet
  facet normal 0 0 1
    outer loop
      vertex -4.02788 -6.02815 10
      vertex -2.69452 -4.03263 10
      vertex -3.07681 -3.7491 10
    endloop
  endfacet
  facet normal 0 0 1
    outer loop
      vertex -2.28627 -4.27732 10
      vertex -3.41763 -6.39393 10
      vertex -2.77445 -6.69813 10
    endloop
  endfacet
  facet normal 0 0 1
    outer loop
      vertex -4.84958 -5.37753 10
      vertex -3.07681 -3.7491 10
      vertex -3.42947 -3.42947 10
    endloop
  endfacet
  facet normal 0 0 1
    outer loop
      vertex -4.84958 -5.37753 10
      vertex -3.42947 -3.42947 10
      vertex -3.7491 -3.07681 10
    endloop
  endfacet
  facet normal 0 0 1
    outer loop
      vertex -2.69452 -4.03263 10
      vertex -4.02788 -6.02815 10
      vertex -3.41763 -6.39393 10
    endloop
  endfacet
  facet normal 0 0 1
    outer loop
      vertex -4.84958 -5.37753 10
      vertex -3.7491 -3.07681 10
      vertex -4.03263 -2.69452 10
    endloop
  endfacet
  facet normal 0 0 1
    outer loop
      vertex -6.61438 -2.95152 10
      vertex -4.03263 -2.69452 10
      vertex -4.27732 -2.28627 10
    endloop
  endfacet
  facet normal 0 0 1
    outer loop
      vertex -6.61438 -2.95152 10
      vertex -4.27732 -2.28627 10
      vertex -4.48081 -1.85601 10
    endloop
  endfacet
  facet normal 0 0 1
    outer loop
      vertex -3.07681 -3.7491 10
      vertex -4.59935 -5.60433 10
      vertex -4.02788 -6.02815 10
    endloop
  endfacet
  facet normal 0 0 1
    outer loop
      vertex -6.69813 -2.77445 10
      vertex -4.48081 -1.85601 10
      vertex -4.64116 -1.40788 10
    endloop
  endfacet
  facet normal 0 0 1
    outer loop
      vertex -6.93782 -2.10456 10
      vertex -4.64116 -1.40788 10
      vertex -4.75681 -0.946188 10
    endloop
  endfacet
  facet normal 0 0 1
    outer loop
      vertex -7.11069 -1.4144 10
      vertex -4.75681 -0.946188 10
      vertex -4.82665 -0.475383 10
    endloop
  endfacet
  facet normal 0 0 1
    outer loop
      vertex -3.07681 -3.7491 10
      vertex -4.84958 -5.37753 10
      vertex -4.59935 -5.60433 10
    endloop
  endfacet
  facet normal 0 0 1
    outer loop
      vertex -7.21509 -0.710624 10
      vertex -4.82665 -0.475383 10
      vertex -4.85 0 10
    endloop
  endfacet
  facet normal -0 0 1
    outer loop
      vertex -7.11069 1.4144 10
      vertex -4.75681 0.946188 10
      vertex -6.93782 2.10456 10
    endloop
  endfacet
  facet normal 0 0 1
    outer loop
      vertex -4.03263 -2.69452 10
      vertex -6.61438 -2.95152 10
      vertex -4.84958 -5.37753 10
    endloop
  endfacet
  facet normal 0 0 1
    outer loop
      vertex -6.61438 -2.95152 10
      vertex -31.8337 -24.9826 10
      vertex -4.84958 -5.37753 10
    endloop
  endfacet
  facet normal 0 -0 1
    outer loop
      vertex -31.8337 -24.9826 10
      vertex -6.61438 -2.95152 10
      vertex -33.6209 -22.5729 10
    endloop
  endfacet
  facet normal 0 0 1
    outer loop
      vertex -4.75681 0.946188 10
      vertex -7.11069 1.4144 10
      vertex -4.82665 0.475383 10
    endloop
  endfacet
  facet normal -0 0 1
    outer loop
      vertex -7.21509 0.710624 10
      vertex -4.82665 0.475383 10
      vertex -7.11069 1.4144 10
    endloop
  endfacet
  facet normal 0 0 1
    outer loop
      vertex -4.64116 -1.40788 10
      vertex -6.93782 -2.10456 10
      vertex -6.69813 -2.77445 10
    endloop
  endfacet
  facet normal 0 0 1
    outer loop
      vertex -4.48081 -1.85601 10
      vertex -6.69813 -2.77445 10
      vertex -6.61438 -2.95152 10
    endloop
  endfacet
  facet normal 0 0 1
    outer loop
      vertex -4.82665 0.475383 10
      vertex -7.21509 0.710624 10
      vertex -4.85 0 10
    endloop
  endfacet
  facet normal 0 0 1
    outer loop
      vertex -4.75681 -0.946188 10
      vertex -7.11069 -1.4144 10
      vertex -6.93782 -2.10456 10
    endloop
  endfacet
  facet normal 0 0 1
    outer loop
      vertex -7.25 0 10
      vertex -4.85 0 10
      vertex -7.21509 0.710624 10
    endloop
  endfacet
  facet normal 0 0 1
    outer loop
      vertex -4.82665 -0.475383 10
      vertex -7.21509 -0.710624 10
      vertex -7.11069 -1.4144 10
    endloop
  endfacet
  facet normal 0 0 1
    outer loop
      vertex -4.85 0 10
      vertex -7.25 0 10
      vertex -7.21509 -0.710624 10
    endloop
  endfacet
  facet normal 0.90399 -0.427553 0
    outer loop
      vertex 6.39393 -3.41763 10
      vertex 6.69813 -2.77445 0
      vertex 6.69813 -2.77445 10
    endloop
  endfacet
  facet normal 0.90399 -0.427553 0
    outer loop
      vertex 6.69813 -2.77445 0
      vertex 6.39393 -3.41763 10
      vertex 6.39393 -3.41763 0
    endloop
  endfacet
  facet normal -0.998796 -0.0490591 0
    outer loop
      vertex 4.85 0 0
      vertex 4.82665 0.475383 10
      vertex 4.82665 0.475383 0
    endloop
  endfacet
  facet normal -0.998796 -0.0490591 0
    outer loop
      vertex 4.82665 0.475383 10
      vertex 4.85 0 0
      vertex 4.85 0 10
    endloop
  endfacet
  facet normal 0.998796 -0.0490591 0
    outer loop
      vertex -4.85 0 10
      vertex -4.82665 0.475383 0
      vertex -4.82665 0.475383 10
    endloop
  endfacet
  facet normal 0.998796 -0.0490591 0
    outer loop
      vertex -4.82665 0.475383 0
      vertex -4.85 0 10
      vertex -4.85 0 0
    endloop
  endfacet
  facet normal 0.0490591 -0.998796 0
    outer loop
      vertex -0.475383 4.82665 0
      vertex 0 4.85 10
      vertex -0.475383 4.82665 10
    endloop
  endfacet
  facet normal 0.0490591 -0.998796 0
    outer loop
      vertex 0 4.85 10
      vertex -0.475383 4.82665 0
      vertex 0 4.85 0
    endloop
  endfacet
  facet normal -0.0490591 0.998796 0
    outer loop
      vertex 0.475383 -4.82665 0
      vertex 0 -4.85 10
      vertex 0.475383 -4.82665 10
    endloop
  endfacet
  facet normal -0.0490591 0.998796 0
    outer loop
      vertex 0 -4.85 10
      vertex 0.475383 -4.82665 0
      vertex 0 -4.85 0
    endloop
  endfacet
  facet normal -0.671556 -0.740954 0
    outer loop
      vertex 3.07681 3.7491 0
      vertex 3.42947 3.42947 10
      vertex 3.07681 3.7491 10
    endloop
  endfacet
  facet normal -0.671556 -0.740954 -0
    outer loop
      vertex 3.42947 3.42947 10
      vertex 3.07681 3.7491 0
      vertex 3.42947 3.42947 0
    endloop
  endfacet
  facet normal 0.740954 -0.671556 0
    outer loop
      vertex -3.7491 3.07681 10
      vertex -3.42947 3.42947 0
      vertex -3.42947 3.42947 10
    endloop
  endfacet
  facet normal 0.740954 -0.671556 0
    outer loop
      vertex -3.42947 3.42947 0
      vertex -3.7491 3.07681 10
      vertex -3.7491 3.07681 0
    endloop
  endfacet
  facet normal 0.427542 -0.903996 0
    outer loop
      vertex -2.28627 4.27732 0
      vertex -1.85601 4.48081 10
      vertex -2.28627 4.27732 10
    endloop
  endfacet
  facet normal 0.427542 -0.903996 0
    outer loop
      vertex -1.85601 4.48081 10
      vertex -2.28627 4.27732 0
      vertex -1.85601 4.48081 0
    endloop
  endfacet
  facet normal -0.903996 -0.427542 0
    outer loop
      vertex 4.48081 1.85601 0
      vertex 4.27732 2.28627 10
      vertex 4.27732 2.28627 0
    endloop
  endfacet
  facet normal -0.903996 -0.427542 0
    outer loop
      vertex 4.27732 2.28627 10
      vertex 4.48081 1.85601 0
      vertex 4.48081 1.85601 10
    endloop
  endfacet
  facet normal -0.336902 -0.94154 0
    outer loop
      vertex 1.40788 4.64116 0
      vertex 1.85601 4.48081 10
      vertex 1.40788 4.64116 10
    endloop
  endfacet
  facet normal -0.336902 -0.94154 -0
    outer loop
      vertex 1.85601 4.48081 10
      vertex 1.40788 4.64116 0
      vertex 1.85601 4.48081 0
    endloop
  endfacet
  facet normal -0.514094 -0.857734 0
    outer loop
      vertex 2.28627 4.27732 0
      vertex 2.69452 4.03263 10
      vertex 2.28627 4.27732 10
    endloop
  endfacet
  facet normal -0.514094 -0.857734 -0
    outer loop
      vertex 2.69452 4.03263 10
      vertex 2.28627 4.27732 0
      vertex 2.69452 4.03263 0
    endloop
  endfacet
  facet normal 0.94154 -0.336902 0
    outer loop
      vertex -4.64116 1.40788 10
      vertex -4.48081 1.85601 0
      vertex -4.48081 1.85601 10
    endloop
  endfacet
  facet normal 0.94154 -0.336902 0
    outer loop
      vertex -4.48081 1.85601 0
      vertex -4.64116 1.40788 10
      vertex -4.64116 1.40788 0
    endloop
  endfacet
  facet normal 0.242984 -0.97003 0
    outer loop
      vertex -1.40788 4.64116 0
      vertex -0.946188 4.75681 10
      vertex -1.40788 4.64116 10
    endloop
  endfacet
  facet normal 0.242984 -0.97003 0
    outer loop
      vertex -0.946188 4.75681 10
      vertex -1.40788 4.64116 0
      vertex -0.946188 4.75681 0
    endloop
  endfacet
  facet normal -0.97003 0.242984 0
    outer loop
      vertex 4.64116 -1.40788 0
      vertex 4.75681 -0.946188 10
      vertex 4.75681 -0.946188 0
    endloop
  endfacet
  facet normal -0.97003 0.242984 0
    outer loop
      vertex 4.75681 -0.946188 10
      vertex 4.64116 -1.40788 0
      vertex 4.64116 -1.40788 10
    endloop
  endfacet
  facet normal 0.740954 0.671556 0
    outer loop
      vertex -3.42947 -3.42947 10
      vertex -3.7491 -3.07681 0
      vertex -3.7491 -3.07681 10
    endloop
  endfacet
  facet normal 0.740954 0.671556 0
    outer loop
      vertex -3.7491 -3.07681 0
      vertex -3.42947 -3.42947 10
      vertex -3.42947 -3.42947 0
    endloop
  endfacet
  facet normal -0.146736 0.989176 0
    outer loop
      vertex 0.946188 -4.75681 0
      vertex 0.475383 -4.82665 10
      vertex 0.946188 -4.75681 10
    endloop
  endfacet
  facet normal -0.146736 0.989176 0
    outer loop
      vertex 0.475383 -4.82665 10
      vertex 0.946188 -4.75681 0
      vertex 0.475383 -4.82665 0
    endloop
  endfacet
  facet normal -0.97003 -0.242984 0
    outer loop
      vertex 4.75681 0.946188 0
      vertex 4.64116 1.40788 10
      vertex 4.64116 1.40788 0
    endloop
  endfacet
  facet normal -0.97003 -0.242984 0
    outer loop
      vertex 4.64116 1.40788 10
      vertex 4.75681 0.946188 0
      vertex 4.75681 0.946188 10
    endloop
  endfacet
  facet normal -0.989176 -0.146736 0
    outer loop
      vertex 4.82665 0.475383 0
      vertex 4.75681 0.946188 10
      vertex 4.75681 0.946188 0
    endloop
  endfacet
  facet normal -0.989176 -0.146736 0
    outer loop
      vertex 4.75681 0.946188 10
      vertex 4.82665 0.475383 0
      vertex 4.82665 0.475383 10
    endloop
  endfacet
  facet normal -0.94154 -0.336902 0
    outer loop
      vertex 4.64116 1.40788 0
      vertex 4.48081 1.85601 10
      vertex 4.48081 1.85601 0
    endloop
  endfacet
  facet normal -0.94154 -0.336902 0
    outer loop
      vertex 4.48081 1.85601 10
      vertex 4.64116 1.40788 0
      vertex 4.64116 1.40788 10
    endloop
  endfacet
  facet normal -0.803203 -0.595705 0
    outer loop
      vertex 4.03263 2.69452 0
      vertex 3.7491 3.07681 10
      vertex 3.7491 3.07681 0
    endloop
  endfacet
  facet normal -0.803203 -0.595705 0
    outer loop
      vertex 3.7491 3.07681 10
      vertex 4.03263 2.69452 0
      vertex 4.03263 2.69452 10
    endloop
  endfacet
  facet normal -0.740954 -0.671556 0
    outer loop
      vertex 3.7491 3.07681 0
      vertex 3.42947 3.42947 10
      vertex 3.42947 3.42947 0
    endloop
  endfacet
  facet normal -0.740954 -0.671556 0
    outer loop
      vertex 3.42947 3.42947 10
      vertex 3.7491 3.07681 0
      vertex 3.7491 3.07681 10
    endloop
  endfacet
  facet normal -0.857734 -0.514094 0
    outer loop
      vertex 4.27732 2.28627 0
      vertex 4.03263 2.69452 10
      vertex 4.03263 2.69452 0
    endloop
  endfacet
  facet normal -0.857734 -0.514094 0
    outer loop
      vertex 4.03263 2.69452 10
      vertex 4.27732 2.28627 0
      vertex 4.27732 2.28627 10
    endloop
  endfacet
  facet normal -0.146736 -0.989176 0
    outer loop
      vertex 0.475383 4.82665 0
      vertex 0.946188 4.75681 10
      vertex 0.475383 4.82665 10
    endloop
  endfacet
  facet normal -0.146736 -0.989176 -0
    outer loop
      vertex 0.946188 4.75681 10
      vertex 0.475383 4.82665 0
      vertex 0.946188 4.75681 0
    endloop
  endfacet
  facet normal -0.242984 -0.97003 0
    outer loop
      vertex 0.946188 4.75681 0
      vertex 1.40788 4.64116 10
      vertex 0.946188 4.75681 10
    endloop
  endfacet
  facet normal -0.242984 -0.97003 -0
    outer loop
      vertex 1.40788 4.64116 10
      vertex 0.946188 4.75681 0
      vertex 1.40788 4.64116 0
    endloop
  endfacet
  facet normal -0.0490591 -0.998796 0
    outer loop
      vertex 0 4.85 0
      vertex 0.475383 4.82665 10
      vertex 0 4.85 10
    endloop
  endfacet
  facet normal -0.0490591 -0.998796 -0
    outer loop
      vertex 0.475383 4.82665 10
      vertex 0 4.85 0
      vertex 0.475383 4.82665 0
    endloop
  endfacet
  facet normal -0.427542 -0.903996 0
    outer loop
      vertex 1.85601 4.48081 0
      vertex 2.28627 4.27732 10
      vertex 1.85601 4.48081 10
    endloop
  endfacet
  facet normal -0.427542 -0.903996 -0
    outer loop
      vertex 2.28627 4.27732 10
      vertex 1.85601 4.48081 0
      vertex 2.28627 4.27732 0
    endloop
  endfacet
  facet normal -0.595705 -0.803203 0
    outer loop
      vertex 2.69452 4.03263 0
      vertex 3.07681 3.7491 10
      vertex 2.69452 4.03263 10
    endloop
  endfacet
  facet normal -0.595705 -0.803203 -0
    outer loop
      vertex 3.07681 3.7491 10
      vertex 2.69452 4.03263 0
      vertex 3.07681 3.7491 0
    endloop
  endfacet
  facet normal 0.857734 -0.514094 0
    outer loop
      vertex -4.27732 2.28627 10
      vertex -4.03263 2.69452 0
      vertex -4.03263 2.69452 10
    endloop
  endfacet
  facet normal 0.857734 -0.514094 0
    outer loop
      vertex -4.03263 2.69452 0
      vertex -4.27732 2.28627 10
      vertex -4.27732 2.28627 0
    endloop
  endfacet
  facet normal 0.803203 -0.595705 0
    outer loop
      vertex -4.03263 2.69452 10
      vertex -3.7491 3.07681 0
      vertex -3.7491 3.07681 10
    endloop
  endfacet
  facet normal 0.803203 -0.595705 0
    outer loop
      vertex -3.7491 3.07681 0
      vertex -4.03263 2.69452 10
      vertex -4.03263 2.69452 0
    endloop
  endfacet
  facet normal 0.903996 -0.427542 0
    outer loop
      vertex -4.48081 1.85601 10
      vertex -4.27732 2.28627 0
      vertex -4.27732 2.28627 10
    endloop
  endfacet
  facet normal 0.903996 -0.427542 0
    outer loop
      vertex -4.27732 2.28627 0
      vertex -4.48081 1.85601 10
      vertex -4.48081 1.85601 0
    endloop
  endfacet
  facet normal 0.97003 -0.242984 0
    outer loop
      vertex -4.75681 0.946188 10
      vertex -4.64116 1.40788 0
      vertex -4.64116 1.40788 10
    endloop
  endfacet
  facet normal 0.97003 -0.242984 0
    outer loop
      vertex -4.64116 1.40788 0
      vertex -4.75681 0.946188 10
      vertex -4.75681 0.946188 0
    endloop
  endfacet
  facet normal 0.989176 -0.146736 0
    outer loop
      vertex -4.82665 0.475383 10
      vertex -4.75681 0.946188 0
      vertex -4.75681 0.946188 10
    endloop
  endfacet
  facet normal 0.989176 -0.146736 0
    outer loop
      vertex -4.75681 0.946188 0
      vertex -4.82665 0.475383 10
      vertex -4.82665 0.475383 0
    endloop
  endfacet
  facet normal 0.595705 -0.803203 0
    outer loop
      vertex -3.07681 3.7491 0
      vertex -2.69452 4.03263 10
      vertex -3.07681 3.7491 10
    endloop
  endfacet
  facet normal 0.595705 -0.803203 0
    outer loop
      vertex -2.69452 4.03263 10
      vertex -3.07681 3.7491 0
      vertex -2.69452 4.03263 0
    endloop
  endfacet
  facet normal 0.514094 -0.857734 0
    outer loop
      vertex -2.69452 4.03263 0
      vertex -2.28627 4.27732 10
      vertex -2.69452 4.03263 10
    endloop
  endfacet
  facet normal 0.514094 -0.857734 0
    outer loop
      vertex -2.28627 4.27732 10
      vertex -2.69452 4.03263 0
      vertex -2.28627 4.27732 0
    endloop
  endfacet
  facet normal 0.671556 -0.740954 0
    outer loop
      vertex -3.42947 3.42947 0
      vertex -3.07681 3.7491 10
      vertex -3.42947 3.42947 10
    endloop
  endfacet
  facet normal 0.671556 -0.740954 0
    outer loop
      vertex -3.07681 3.7491 10
      vertex -3.42947 3.42947 0
      vertex -3.07681 3.7491 0
    endloop
  endfacet
  facet normal 0.336902 -0.94154 0
    outer loop
      vertex -1.85601 4.48081 0
      vertex -1.40788 4.64116 10
      vertex -1.85601 4.48081 10
    endloop
  endfacet
  facet normal 0.336902 -0.94154 0
    outer loop
      vertex -1.40788 4.64116 10
      vertex -1.85601 4.48081 0
      vertex -1.40788 4.64116 0
    endloop
  endfacet
  facet normal 0.146736 -0.989176 0
    outer loop
      vertex -0.946188 4.75681 0
      vertex -0.475383 4.82665 10
      vertex -0.946188 4.75681 10
    endloop
  endfacet
  facet normal 0.146736 -0.989176 0
    outer loop
      vertex -0.475383 4.82665 10
      vertex -0.946188 4.75681 0
      vertex -0.475383 4.82665 0
    endloop
  endfacet
  facet normal -0.740954 0.671556 0
    outer loop
      vertex 3.42947 -3.42947 0
      vertex 3.7491 -3.07681 10
      vertex 3.7491 -3.07681 0
    endloop
  endfacet
  facet normal -0.740954 0.671556 0
    outer loop
      vertex 3.7491 -3.07681 10
      vertex 3.42947 -3.42947 0
      vertex 3.42947 -3.42947 10
    endloop
  endfacet
  facet normal -0.427542 0.903996 0
    outer loop
      vertex 2.28627 -4.27732 0
      vertex 1.85601 -4.48081 10
      vertex 2.28627 -4.27732 10
    endloop
  endfacet
  facet normal -0.427542 0.903996 0
    outer loop
      vertex 1.85601 -4.48081 10
      vertex 2.28627 -4.27732 0
      vertex 1.85601 -4.48081 0
    endloop
  endfacet
  facet normal -0.94154 0.336902 0
    outer loop
      vertex 4.48081 -1.85601 0
      vertex 4.64116 -1.40788 10
      vertex 4.64116 -1.40788 0
    endloop
  endfacet
  facet normal -0.94154 0.336902 0
    outer loop
      vertex 4.64116 -1.40788 10
      vertex 4.48081 -1.85601 0
      vertex 4.48081 -1.85601 10
    endloop
  endfacet
  facet normal -0.989176 0.146736 0
    outer loop
      vertex 4.75681 -0.946188 0
      vertex 4.82665 -0.475383 10
      vertex 4.82665 -0.475383 0
    endloop
  endfacet
  facet normal -0.989176 0.146736 0
    outer loop
      vertex 4.82665 -0.475383 10
      vertex 4.75681 -0.946188 0
      vertex 4.75681 -0.946188 10
    endloop
  endfacet
  facet normal -0.998796 0.0490591 0
    outer loop
      vertex 4.82665 -0.475383 0
      vertex 4.85 0 10
      vertex 4.85 0 0
    endloop
  endfacet
  facet normal -0.998796 0.0490591 0
    outer loop
      vertex 4.85 0 10
      vertex 4.82665 -0.475383 0
      vertex 4.82665 -0.475383 10
    endloop
  endfacet
  facet normal -0.671556 0.740954 0
    outer loop
      vertex 3.42947 -3.42947 0
      vertex 3.07681 -3.7491 10
      vertex 3.42947 -3.42947 10
    endloop
  endfacet
  facet normal -0.671556 0.740954 0
    outer loop
      vertex 3.07681 -3.7491 10
      vertex 3.42947 -3.42947 0
      vertex 3.07681 -3.7491 0
    endloop
  endfacet
  facet normal -0.903996 0.427542 0
    outer loop
      vertex 4.27732 -2.28627 0
      vertex 4.48081 -1.85601 10
      vertex 4.48081 -1.85601 0
    endloop
  endfacet
  facet normal -0.903996 0.427542 0
    outer loop
      vertex 4.48081 -1.85601 10
      vertex 4.27732 -2.28627 0
      vertex 4.27732 -2.28627 10
    endloop
  endfacet
  facet normal -0.857734 0.514094 0
    outer loop
      vertex 4.03263 -2.69452 0
      vertex 4.27732 -2.28627 10
      vertex 4.27732 -2.28627 0
    endloop
  endfacet
  facet normal -0.857734 0.514094 0
    outer loop
      vertex 4.27732 -2.28627 10
      vertex 4.03263 -2.69452 0
      vertex 4.03263 -2.69452 10
    endloop
  endfacet
  facet normal -0.803203 0.595705 0
    outer loop
      vertex 3.7491 -3.07681 0
      vertex 4.03263 -2.69452 10
      vertex 4.03263 -2.69452 0
    endloop
  endfacet
  facet normal -0.803203 0.595705 0
    outer loop
      vertex 4.03263 -2.69452 10
      vertex 3.7491 -3.07681 0
      vertex 3.7491 -3.07681 10
    endloop
  endfacet
  facet normal 0.998796 0.0490591 0
    outer loop
      vertex -4.82665 -0.475383 10
      vertex -4.85 0 0
      vertex -4.85 0 10
    endloop
  endfacet
  facet normal 0.998796 0.0490591 0
    outer loop
      vertex -4.85 0 0
      vertex -4.82665 -0.475383 10
      vertex -4.82665 -0.475383 0
    endloop
  endfacet
  facet normal -0.336902 0.94154 0
    outer loop
      vertex 1.85601 -4.48081 0
      vertex 1.40788 -4.64116 10
      vertex 1.85601 -4.48081 10
    endloop
  endfacet
  facet normal -0.336902 0.94154 0
    outer loop
      vertex 1.40788 -4.64116 10
      vertex 1.85601 -4.48081 0
      vertex 1.40788 -4.64116 0
    endloop
  endfacet
  facet normal -0.242984 0.97003 0
    outer loop
      vertex 1.40788 -4.64116 0
      vertex 0.946188 -4.75681 10
      vertex 1.40788 -4.64116 10
    endloop
  endfacet
  facet normal -0.242984 0.97003 0
    outer loop
      vertex 0.946188 -4.75681 10
      vertex 1.40788 -4.64116 0
      vertex 0.946188 -4.75681 0
    endloop
  endfacet
  facet normal -0.514094 0.857734 0
    outer loop
      vertex 2.69452 -4.03263 0
      vertex 2.28627 -4.27732 10
      vertex 2.69452 -4.03263 10
    endloop
  endfacet
  facet normal -0.514094 0.857734 0
    outer loop
      vertex 2.28627 -4.27732 10
      vertex 2.69452 -4.03263 0
      vertex 2.28627 -4.27732 0
    endloop
  endfacet
  facet normal -0.595705 0.803203 0
    outer loop
      vertex 3.07681 -3.7491 0
      vertex 2.69452 -4.03263 10
      vertex 3.07681 -3.7491 10
    endloop
  endfacet
  facet normal -0.595705 0.803203 0
    outer loop
      vertex 2.69452 -4.03263 10
      vertex 3.07681 -3.7491 0
      vertex 2.69452 -4.03263 0
    endloop
  endfacet
  facet normal 0.146736 0.989176 -0
    outer loop
      vertex -0.475383 -4.82665 0
      vertex -0.946188 -4.75681 10
      vertex -0.475383 -4.82665 10
    endloop
  endfacet
  facet normal 0.146736 0.989176 0
    outer loop
      vertex -0.946188 -4.75681 10
      vertex -0.475383 -4.82665 0
      vertex -0.946188 -4.75681 0
    endloop
  endfacet
  facet normal 0.803203 0.595705 0
    outer loop
      vertex -3.7491 -3.07681 10
      vertex -4.03263 -2.69452 0
      vertex -4.03263 -2.69452 10
    endloop
  endfacet
  facet normal 0.803203 0.595705 0
    outer loop
      vertex -4.03263 -2.69452 0
      vertex -3.7491 -3.07681 10
      vertex -3.7491 -3.07681 0
    endloop
  endfacet
  facet normal 0.671556 0.740954 -0
    outer loop
      vertex -3.07681 -3.7491 0
      vertex -3.42947 -3.42947 10
      vertex -3.07681 -3.7491 10
    endloop
  endfacet
  facet normal 0.671556 0.740954 0
    outer loop
      vertex -3.42947 -3.42947 10
      vertex -3.07681 -3.7491 0
      vertex -3.42947 -3.42947 0
    endloop
  endfacet
  facet normal 0.94154 0.336902 0
    outer loop
      vertex -4.48081 -1.85601 10
      vertex -4.64116 -1.40788 0
      vertex -4.64116 -1.40788 10
    endloop
  endfacet
  facet normal 0.94154 0.336902 0
    outer loop
      vertex -4.64116 -1.40788 0
      vertex -4.48081 -1.85601 10
      vertex -4.48081 -1.85601 0
    endloop
  endfacet
  facet normal 0.97003 0.242984 0
    outer loop
      vertex -4.64116 -1.40788 10
      vertex -4.75681 -0.946188 0
      vertex -4.75681 -0.946188 10
    endloop
  endfacet
  facet normal 0.97003 0.242984 0
    outer loop
      vertex -4.75681 -0.946188 0
      vertex -4.64116 -1.40788 10
      vertex -4.64116 -1.40788 0
    endloop
  endfacet
  facet normal 0.989176 0.146736 0
    outer loop
      vertex -4.75681 -0.946188 10
      vertex -4.82665 -0.475383 0
      vertex -4.82665 -0.475383 10
    endloop
  endfacet
  facet normal 0.989176 0.146736 0
    outer loop
      vertex -4.82665 -0.475383 0
      vertex -4.75681 -0.946188 10
      vertex -4.75681 -0.946188 0
    endloop
  endfacet
  facet normal 0.595705 0.803203 -0
    outer loop
      vertex -2.69452 -4.03263 0
      vertex -3.07681 -3.7491 10
      vertex -2.69452 -4.03263 10
    endloop
  endfacet
  facet normal 0.595705 0.803203 0
    outer loop
      vertex -3.07681 -3.7491 10
      vertex -2.69452 -4.03263 0
      vertex -3.07681 -3.7491 0
    endloop
  endfacet
  facet normal 0.427542 0.903996 -0
    outer loop
      vertex -1.85601 -4.48081 0
      vertex -2.28627 -4.27732 10
      vertex -1.85601 -4.48081 10
    endloop
  endfacet
  facet normal 0.427542 0.903996 0
    outer loop
      vertex -2.28627 -4.27732 10
      vertex -1.85601 -4.48081 0
      vertex -2.28627 -4.27732 0
    endloop
  endfacet
  facet normal 0.514094 0.857734 -0
    outer loop
      vertex -2.28627 -4.27732 0
      vertex -2.69452 -4.03263 10
      vertex -2.28627 -4.27732 10
    endloop
  endfacet
  facet normal 0.514094 0.857734 0
    outer loop
      vertex -2.69452 -4.03263 10
      vertex -2.28627 -4.27732 0
      vertex -2.69452 -4.03263 0
    endloop
  endfacet
  facet normal 0.336902 0.94154 -0
    outer loop
      vertex -1.40788 -4.64116 0
      vertex -1.85601 -4.48081 10
      vertex -1.40788 -4.64116 10
    endloop
  endfacet
  facet normal 0.336902 0.94154 0
    outer loop
      vertex -1.85601 -4.48081 10
      vertex -1.40788 -4.64116 0
      vertex -1.85601 -4.48081 0
    endloop
  endfacet
  facet normal 0.242984 0.97003 -0
    outer loop
      vertex -0.946188 -4.75681 0
      vertex -1.40788 -4.64116 10
      vertex -0.946188 -4.75681 10
    endloop
  endfacet
  facet normal 0.242984 0.97003 0
    outer loop
      vertex -1.40788 -4.64116 10
      vertex -0.946188 -4.75681 0
      vertex -1.40788 -4.64116 0
    endloop
  endfacet
  facet normal 0.0490591 0.998796 -0
    outer loop
      vertex 0 -4.85 0
      vertex -0.475383 -4.82665 10
      vertex 0 -4.85 10
    endloop
  endfacet
  facet normal 0.0490591 0.998796 0
    outer loop
      vertex -0.475383 -4.82665 10
      vertex 0 -4.85 0
      vertex -0.475383 -4.82665 0
    endloop
  endfacet
  facet normal 0.857734 0.514094 0
    outer loop
      vertex -4.03263 -2.69452 10
      vertex -4.27732 -2.28627 0
      vertex -4.27732 -2.28627 10
    endloop
  endfacet
  facet normal 0.857734 0.514094 0
    outer loop
      vertex -4.27732 -2.28627 0
      vertex -4.03263 -2.69452 10
      vertex -4.03263 -2.69452 0
    endloop
  endfacet
  facet normal 0.903996 0.427542 0
    outer loop
      vertex -4.27732 -2.28627 10
      vertex -4.48081 -1.85601 0
      vertex -4.48081 -1.85601 10
    endloop
  endfacet
  facet normal 0.903996 0.427542 0
    outer loop
      vertex -4.48081 -1.85601 0
      vertex -4.27732 -2.28627 10
      vertex -4.27732 -2.28627 0
    endloop
  endfacet
  facet normal -0.336897 0.941542 0
    outer loop
      vertex -12.3371 40.67 0
      vertex -16.264 39.2649 18.5433
      vertex -12.3371 40.67 18.7743
    endloop
  endfacet
  facet normal -0.336897 0.941542 0
    outer loop
      vertex -16.264 39.2649 18.5433
      vertex -12.3371 40.67 0
      vertex -16.264 39.2649 0
    endloop
  endfacet
  facet normal -0.903995 0.427542 0
    outer loop
      vertex -39.2649 16.264 17.1903
      vertex -37.4817 20.0344 0
      vertex -39.2649 16.264 0
    endloop
  endfacet
  facet normal -0.903995 0.427542 0
    outer loop
      vertex -37.4817 20.0344 0
      vertex -39.2649 16.264 17.1903
      vertex -37.4817 20.0344 17.2952
    endloop
  endfacet
  facet normal -0.903995 -0.427542 0
    outer loop
      vertex -37.4817 -20.0344 0
      vertex -39.2649 -16.264 17.1903
      vertex -39.2649 -16.264 0
    endloop
  endfacet
  facet normal -0.903995 -0.427542 0
    outer loop
      vertex -39.2649 -16.264 17.1903
      vertex -37.4817 -20.0344 0
      vertex -37.4817 -20.0344 17.2952
    endloop
  endfacet
  facet normal -0.59571 0.803199 0
    outer loop
      vertex -23.6117 35.3375 0
      vertex -26.9617 32.8529 17.914
      vertex -23.6117 35.3375 18.1111
    endloop
  endfacet
  facet normal -0.59571 0.803199 0
    outer loop
      vertex -26.9617 32.8529 17.914
      vertex -23.6117 35.3375 0
      vertex -26.9617 32.8529 0
    endloop
  endfacet
  facet normal -0.0490798 -0.998795 0
    outer loop
      vertex 0 -42.5 0
      vertex -4.16573 -42.2953 19.255
      vertex -4.16573 -42.2953 0
    endloop
  endfacet
  facet normal -0.0490798 -0.998795 0
    outer loop
      vertex -4.16573 -42.2953 19.255
      vertex 0 -42.5 0
      vertex 0 -42.5 19.5
    endloop
  endfacet
  facet normal -0.514111 -0.857723 0
    outer loop
      vertex -20.0344 -37.4817 0
      vertex -23.6117 -35.3375 18.1111
      vertex -23.6117 -35.3375 0
    endloop
  endfacet
  facet normal -0.514111 -0.857723 0
    outer loop
      vertex -23.6117 -35.3375 18.1111
      vertex -20.0344 -37.4817 0
      vertex -20.0344 -37.4817 18.3215
    endloop
  endfacet
  facet normal -0.998795 0.0490798 0
    outer loop
      vertex -42.5 0 0
      vertex -42.2953 4.16573 17.012
      vertex -42.2953 4.16573 0
    endloop
  endfacet
  facet normal -0.998795 0.0490798 0
    outer loop
      vertex -42.2953 4.16573 17.012
      vertex -42.5 0 0
      vertex -42.5 0 17
    endloop
  endfacet
  facet normal -0.941542 0.336897 0
    outer loop
      vertex -40.67 12.3371 17.1076
      vertex -39.2649 16.264 0
      vertex -40.67 12.3371 0
    endloop
  endfacet
  facet normal -0.941542 0.336897 0
    outer loop
      vertex -39.2649 16.264 0
      vertex -40.67 12.3371 17.1076
      vertex -39.2649 16.264 17.1903
    endloop
  endfacet
  facet normal -0.970032 0.242978 0
    outer loop
      vertex -41.6834 8.29134 17.048
      vertex -40.67 12.3371 0
      vertex -41.6834 8.29134 0
    endloop
  endfacet
  facet normal -0.970032 0.242978 0
    outer loop
      vertex -40.67 12.3371 0
      vertex -41.6834 8.29134 17.048
      vertex -40.67 12.3371 17.1076
    endloop
  endfacet
  facet normal -0.989179 0.146713 0
    outer loop
      vertex -42.2953 4.16573 0
      vertex -41.6834 8.29134 17.048
      vertex -41.6834 8.29134 0
    endloop
  endfacet
  facet normal -0.989179 0.146713 0
    outer loop
      vertex -41.6834 8.29134 17.048
      vertex -42.2953 4.16573 0
      vertex -42.2953 4.16573 17.012
    endloop
  endfacet
  facet normal -0.740949 0.671561 0
    outer loop
      vertex -32.8529 26.9617 17.5675
      vertex -30.052 30.052 0
      vertex -32.8529 26.9617 0
    endloop
  endfacet
  facet normal -0.740949 0.671561 0
    outer loop
      vertex -30.052 30.052 0
      vertex -32.8529 26.9617 17.5675
      vertex -30.052 30.052 17.7322
    endloop
  endfacet
  facet normal -0.857723 0.514111 0
    outer loop
      vertex -37.4817 20.0344 17.2952
      vertex -35.3375 23.6117 0
      vertex -37.4817 20.0344 0
    endloop
  endfacet
  facet normal -0.857723 0.514111 0
    outer loop
      vertex -35.3375 23.6117 0
      vertex -37.4817 20.0344 17.2952
      vertex -35.3375 23.6117 17.4213
    endloop
  endfacet
  facet normal -0.803199 0.59571 0
    outer loop
      vertex -35.3375 23.6117 17.4213
      vertex -32.8529 26.9617 0
      vertex -35.3375 23.6117 0
    endloop
  endfacet
  facet normal -0.803199 0.59571 0
    outer loop
      vertex -32.8529 26.9617 0
      vertex -35.3375 23.6117 17.4213
      vertex -32.8529 26.9617 17.5675
    endloop
  endfacet
  facet normal -0.0490798 0.998795 0
    outer loop
      vertex 0 42.5 0
      vertex -4.16573 42.2953 19.255
      vertex 0 42.5 19.5
    endloop
  endfacet
  facet normal -0.0490798 0.998795 0
    outer loop
      vertex -4.16573 42.2953 19.255
      vertex 0 42.5 0
      vertex -4.16573 42.2953 0
    endloop
  endfacet
  facet normal -0.242978 0.970032 0
    outer loop
      vertex -8.29134 41.6834 0
      vertex -12.3371 40.67 18.7743
      vertex -8.29134 41.6834 19.0123
    endloop
  endfacet
  facet normal -0.242978 0.970032 0
    outer loop
      vertex -12.3371 40.67 18.7743
      vertex -8.29134 41.6834 0
      vertex -12.3371 40.67 0
    endloop
  endfacet
  facet normal -0.146713 0.989179 0
    outer loop
      vertex -4.16573 42.2953 0
      vertex -8.29134 41.6834 19.0123
      vertex -4.16573 42.2953 19.255
    endloop
  endfacet
  facet normal -0.146713 0.989179 0
    outer loop
      vertex -8.29134 41.6834 19.0123
      vertex -4.16573 42.2953 0
      vertex -8.29134 41.6834 0
    endloop
  endfacet
  facet normal -0.427542 0.903995 0
    outer loop
      vertex -16.264 39.2649 0
      vertex -20.0344 37.4817 18.3215
      vertex -16.264 39.2649 18.5433
    endloop
  endfacet
  facet normal -0.427542 0.903995 0
    outer loop
      vertex -20.0344 37.4817 18.3215
      vertex -16.264 39.2649 0
      vertex -20.0344 37.4817 0
    endloop
  endfacet
  facet normal -0.514111 0.857723 0
    outer loop
      vertex -20.0344 37.4817 0
      vertex -23.6117 35.3375 18.1111
      vertex -20.0344 37.4817 18.3215
    endloop
  endfacet
  facet normal -0.514111 0.857723 0
    outer loop
      vertex -23.6117 35.3375 18.1111
      vertex -20.0344 37.4817 0
      vertex -23.6117 35.3375 0
    endloop
  endfacet
  facet normal -0.671561 0.740949 0
    outer loop
      vertex -26.9617 32.8529 0
      vertex -30.052 30.052 17.7322
      vertex -26.9617 32.8529 17.914
    endloop
  endfacet
  facet normal -0.671561 0.740949 0
    outer loop
      vertex -30.052 30.052 17.7322
      vertex -26.9617 32.8529 0
      vertex -30.052 30.052 0
    endloop
  endfacet
  facet normal -0.242978 -0.970032 0
    outer loop
      vertex -8.29134 -41.6834 0
      vertex -12.3371 -40.67 18.7743
      vertex -12.3371 -40.67 0
    endloop
  endfacet
  facet normal -0.242978 -0.970032 0
    outer loop
      vertex -12.3371 -40.67 18.7743
      vertex -8.29134 -41.6834 0
      vertex -8.29134 -41.6834 19.0123
    endloop
  endfacet
  facet normal -0.336897 -0.941542 0
    outer loop
      vertex -12.3371 -40.67 0
      vertex -16.264 -39.2649 18.5433
      vertex -16.264 -39.2649 0
    endloop
  endfacet
  facet normal -0.336897 -0.941542 0
    outer loop
      vertex -16.264 -39.2649 18.5433
      vertex -12.3371 -40.67 0
      vertex -12.3371 -40.67 18.7743
    endloop
  endfacet
  facet normal -0.146713 -0.989179 0
    outer loop
      vertex -4.16573 -42.2953 0
      vertex -8.29134 -41.6834 19.0123
      vertex -8.29134 -41.6834 0
    endloop
  endfacet
  facet normal -0.146713 -0.989179 0
    outer loop
      vertex -8.29134 -41.6834 19.0123
      vertex -4.16573 -42.2953 0
      vertex -4.16573 -42.2953 19.255
    endloop
  endfacet
  facet normal -0.427542 -0.903995 0
    outer loop
      vertex -16.264 -39.2649 0
      vertex -20.0344 -37.4817 18.3215
      vertex -20.0344 -37.4817 0
    endloop
  endfacet
  facet normal -0.427542 -0.903995 0
    outer loop
      vertex -20.0344 -37.4817 18.3215
      vertex -16.264 -39.2649 0
      vertex -16.264 -39.2649 18.5433
    endloop
  endfacet
  facet normal -0.671561 -0.740949 0
    outer loop
      vertex -26.9617 -32.8529 0
      vertex -30.052 -30.052 17.7322
      vertex -30.052 -30.052 0
    endloop
  endfacet
  facet normal -0.671561 -0.740949 0
    outer loop
      vertex -30.052 -30.052 17.7322
      vertex -26.9617 -32.8529 0
      vertex -26.9617 -32.8529 17.914
    endloop
  endfacet
  facet normal -0.970032 -0.242978 0
    outer loop
      vertex -40.67 -12.3371 0
      vertex -41.6834 -8.29134 17.048
      vertex -41.6834 -8.29134 0
    endloop
  endfacet
  facet normal -0.970032 -0.242978 0
    outer loop
      vertex -41.6834 -8.29134 17.048
      vertex -40.67 -12.3371 0
      vertex -40.67 -12.3371 17.1076
    endloop
  endfacet
  facet normal -0.998795 -0.0490798 0
    outer loop
      vertex -42.2953 -4.16573 0
      vertex -42.5 0 17
      vertex -42.5 0 0
    endloop
  endfacet
  facet normal -0.998795 -0.0490798 0
    outer loop
      vertex -42.5 0 17
      vertex -42.2953 -4.16573 0
      vertex -42.2953 -4.16573 17.012
    endloop
  endfacet
  facet normal -0.803199 -0.59571 0
    outer loop
      vertex -32.8529 -26.9617 0
      vertex -35.3375 -23.6117 17.4213
      vertex -35.3375 -23.6117 0
    endloop
  endfacet
  facet normal -0.803199 -0.59571 0
    outer loop
      vertex -35.3375 -23.6117 17.4213
      vertex -32.8529 -26.9617 0
      vertex -32.8529 -26.9617 17.5675
    endloop
  endfacet
  facet normal -0.740949 -0.671561 0
    outer loop
      vertex -30.052 -30.052 0
      vertex -32.8529 -26.9617 17.5675
      vertex -32.8529 -26.9617 0
    endloop
  endfacet
  facet normal -0.740949 -0.671561 0
    outer loop
      vertex -32.8529 -26.9617 17.5675
      vertex -30.052 -30.052 0
      vertex -30.052 -30.052 17.7322
    endloop
  endfacet
  facet normal 0 0 1
    outer loop
      vertex 70.9 42.5 22
      vertex 68.0888 31.4119 22
      vertex 70.9 32.4178 22
    endloop
  endfacet
  facet normal 0 0 1
    outer loop
      vertex 70.9 42.5 22
      vertex 65.0725 29.9853 22
      vertex 68.0888 31.4119 22
    endloop
  endfacet
  facet normal -0 0 1
    outer loop
      vertex 42.5 42.5 22
      vertex 65.0725 29.9853 22
      vertex 70.9 42.5 22
    endloop
  endfacet
  facet normal 0 0 1
    outer loop
      vertex 65.0725 29.9853 22
      vertex 42.5 42.5 22
      vertex 62.2106 28.27 22
    endloop
  endfacet
  facet normal 0 0 1
    outer loop
      vertex 62.2106 28.27 22
      vertex 42.5 42.5 22
      vertex 59.5306 26.2824 22
    endloop
  endfacet
  facet normal 0 0 1
    outer loop
      vertex 59.5306 26.2824 22
      vertex 42.5 42.5 22
      vertex 57.0584 24.0416 22
    endloop
  endfacet
  facet normal 0 0 1
    outer loop
      vertex 47.2637 3.33258 22
      vertex 42.5 42.5 22
      vertex 47.1 0 22
    endloop
  endfacet
  facet normal 0 0 1
    outer loop
      vertex 47.7533 6.63307 22
      vertex 42.5 42.5 22
      vertex 47.2637 3.33258 22
    endloop
  endfacet
  facet normal 0 0 1
    outer loop
      vertex 48.564 9.86968 22
      vertex 42.5 42.5 22
      vertex 47.7533 6.63307 22
    endloop
  endfacet
  facet normal 0 0 1
    outer loop
      vertex 49.6881 13.0112 22
      vertex 42.5 42.5 22
      vertex 48.564 9.86968 22
    endloop
  endfacet
  facet normal 0 0 1
    outer loop
      vertex 51.1147 16.0275 22
      vertex 42.5 42.5 22
      vertex 49.6881 13.0112 22
    endloop
  endfacet
  facet normal 0 0 1
    outer loop
      vertex 52.83 18.8894 22
      vertex 42.5 42.5 22
      vertex 51.1147 16.0275 22
    endloop
  endfacet
  facet normal 0 0 1
    outer loop
      vertex 54.8176 21.5694 22
      vertex 42.5 42.5 22
      vertex 52.83 18.8894 22
    endloop
  endfacet
  facet normal 0 0 1
    outer loop
      vertex 57.0584 24.0416 22
      vertex 42.5 42.5 22
      vertex 54.8176 21.5694 22
    endloop
  endfacet
  facet normal 0 0 1
    outer loop
      vertex 68.0888 -31.4119 22
      vertex 70.9 -42.5 22
      vertex 70.9 -32.4178 22
    endloop
  endfacet
  facet normal 0 0 1
    outer loop
      vertex 65.0725 -29.9853 22
      vertex 70.9 -42.5 22
      vertex 68.0888 -31.4119 22
    endloop
  endfacet
  facet normal 0 0 1
    outer loop
      vertex 42.5 -42.5 22
      vertex 65.0725 -29.9853 22
      vertex 62.2106 -28.27 22
    endloop
  endfacet
  facet normal 0 0 1
    outer loop
      vertex 42.5 -42.5 22
      vertex 62.2106 -28.27 22
      vertex 59.5306 -26.2824 22
    endloop
  endfacet
  facet normal 0 0 1
    outer loop
      vertex 42.5 -42.5 22
      vertex 59.5306 -26.2824 22
      vertex 57.0584 -24.0416 22
    endloop
  endfacet
  facet normal 0 0 1
    outer loop
      vertex 42.5 -42.5 22
      vertex 57.0584 -24.0416 22
      vertex 54.8176 -21.5694 22
    endloop
  endfacet
  facet normal 0 0 1
    outer loop
      vertex 42.5 -42.5 22
      vertex 47.1 0 22
      vertex 42.5 42.5 22
    endloop
  endfacet
  facet normal 0 0 1
    outer loop
      vertex 65.0725 -29.9853 22
      vertex 42.5 -42.5 22
      vertex 70.9 -42.5 22
    endloop
  endfacet
  facet normal 0 0 1
    outer loop
      vertex 52.83 -18.8894 22
      vertex 42.5 -42.5 22
      vertex 54.8176 -21.5694 22
    endloop
  endfacet
  facet normal 0 0 1
    outer loop
      vertex 51.1147 -16.0275 22
      vertex 42.5 -42.5 22
      vertex 52.83 -18.8894 22
    endloop
  endfacet
  facet normal 0 0 1
    outer loop
      vertex 49.6881 -13.0112 22
      vertex 42.5 -42.5 22
      vertex 51.1147 -16.0275 22
    endloop
  endfacet
  facet normal 0 0 1
    outer loop
      vertex 48.564 -9.86968 22
      vertex 42.5 -42.5 22
      vertex 49.6881 -13.0112 22
    endloop
  endfacet
  facet normal 0 0 1
    outer loop
      vertex 47.7533 -6.63307 22
      vertex 42.5 -42.5 22
      vertex 48.564 -9.86968 22
    endloop
  endfacet
  facet normal 0 0 1
    outer loop
      vertex 47.2637 -3.33258 22
      vertex 42.5 -42.5 22
      vertex 47.7533 -6.63307 22
    endloop
  endfacet
  facet normal 0 0 1
    outer loop
      vertex 47.1 0 22
      vertex 42.5 -42.5 22
      vertex 47.2637 -3.33258 22
    endloop
  endfacet
  facet normal -0.59571 -0.803199 0
    outer loop
      vertex -23.6117 -35.3375 0
      vertex -26.9617 -32.8529 17.914
      vertex -26.9617 -32.8529 0
    endloop
  endfacet
  facet normal -0.59571 -0.803199 0
    outer loop
      vertex -26.9617 -32.8529 17.914
      vertex -23.6117 -35.3375 0
      vertex -23.6117 -35.3375 18.1111
    endloop
  endfacet
  facet normal -0.989179 -0.146713 0
    outer loop
      vertex -41.6834 -8.29134 0
      vertex -42.2953 -4.16573 17.012
      vertex -42.2953 -4.16573 0
    endloop
  endfacet
  facet normal -0.989179 -0.146713 0
    outer loop
      vertex -42.2953 -4.16573 17.012
      vertex -41.6834 -8.29134 0
      vertex -41.6834 -8.29134 17.048
    endloop
  endfacet
  facet normal -0.941542 -0.336897 0
    outer loop
      vertex -39.2649 -16.264 0
      vertex -40.67 -12.3371 17.1076
      vertex -40.67 -12.3371 0
    endloop
  endfacet
  facet normal -0.941542 -0.336897 0
    outer loop
      vertex -40.67 -12.3371 17.1076
      vertex -39.2649 -16.264 0
      vertex -39.2649 -16.264 17.1903
    endloop
  endfacet
  facet normal -0.857723 -0.514111 0
    outer loop
      vertex -35.3375 -23.6117 0
      vertex -37.4817 -20.0344 17.2952
      vertex -37.4817 -20.0344 0
    endloop
  endfacet
  facet normal -0.857723 -0.514111 0
    outer loop
      vertex -37.4817 -20.0344 17.2952
      vertex -35.3375 -23.6117 0
      vertex -35.3375 -23.6117 17.4213
    endloop
  endfacet
  facet normal -0.595704 -0.803204 0
    outer loop
      vertex 25.6929 31.3069 0
      vertex 22.5006 33.6745 20.8236
      vertex 22.5006 33.6745 0
    endloop
  endfacet
  facet normal -0.595704 -0.803204 0
    outer loop
      vertex 22.5006 33.6745 20.8236
      vertex 25.6929 31.3069 0
      vertex 25.6929 31.3069 21.0113
    endloop
  endfacet
  facet normal 0.336894 -0.941543 0
    outer loop
      vertex -11.7565 38.7561 0
      vertex -15.4987 37.4171 18.5883
      vertex -15.4987 37.4171 0
    endloop
  endfacet
  facet normal 0.336894 -0.941543 0
    outer loop
      vertex -15.4987 37.4171 18.5883
      vertex -11.7565 38.7561 0
      vertex -11.7565 38.7561 18.8084
    endloop
  endfacet
  facet normal 0.903991 -0.427552 0
    outer loop
      vertex -37.4171 15.4987 17.299
      vertex -35.7178 19.0916 0
      vertex -35.7178 19.0916 17.399
    endloop
  endfacet
  facet normal 0.903991 -0.427552 0
    outer loop
      vertex -35.7178 19.0916 0
      vertex -37.4171 15.4987 17.299
      vertex -37.4171 15.4987 0
    endloop
  endfacet
  facet normal -0.941543 0.336894 0
    outer loop
      vertex 37.4171 -15.4987 21.701
      vertex 38.7561 -11.7565 0
      vertex 37.4171 -15.4987 0
    endloop
  endfacet
  facet normal -0.941543 0.336894 0
    outer loop
      vertex 38.7561 -11.7565 0
      vertex 37.4171 -15.4987 21.701
      vertex 38.7561 -11.7565 21.7798
    endloop
  endfacet
  facet normal 0.427552 0.903991 -0
    outer loop
      vertex -15.4987 -37.4171 0
      vertex -19.0916 -35.7178 18.377
      vertex -15.4987 -37.4171 18.5883
    endloop
  endfacet
  facet normal 0.427552 0.903991 0
    outer loop
      vertex -19.0916 -35.7178 18.377
      vertex -15.4987 -37.4171 0
      vertex -19.0916 -35.7178 0
    endloop
  endfacet
  facet normal -0.903991 -0.427552 0
    outer loop
      vertex 37.4171 15.4987 0
      vertex 35.7178 19.0916 21.601
      vertex 35.7178 19.0916 0
    endloop
  endfacet
  facet normal -0.903991 -0.427552 0
    outer loop
      vertex 35.7178 19.0916 21.601
      vertex 37.4171 15.4987 0
      vertex 37.4171 15.4987 21.701
    endloop
  endfacet
  facet normal -0.857726 -0.514107 0
    outer loop
      vertex 35.7178 19.0916 0
      vertex 33.6745 22.5006 21.4809
      vertex 33.6745 22.5006 0
    endloop
  endfacet
  facet normal -0.857726 -0.514107 0
    outer loop
      vertex 33.6745 22.5006 21.4809
      vertex 35.7178 19.0916 0
      vertex 35.7178 19.0916 21.601
    endloop
  endfacet
  facet normal -0.336899 -0.941541 0
    outer loop
      vertex 13.9185 37.9825 10
      vertex 11.7565 38.7561 20.1916
      vertex 11.7565 38.7561 10
    endloop
  endfacet
  facet normal -0.336894 -0.941542 1.16843e-06
    outer loop
      vertex 11.7565 38.7561 20.1916
      vertex 13.9185 37.9825 10
      vertex 15.4987 37.4171 20.4117
    endloop
  endfacet
  facet normal -0.336887 -0.941545 0
    outer loop
      vertex 15.4987 37.4171 0
      vertex 13.9185 37.9825 10
      vertex 13.9185 37.9825 0
    endloop
  endfacet
  facet normal -0.336887 -0.941545 0
    outer loop
      vertex 13.9185 37.9825 10
      vertex 15.4987 37.4171 0
      vertex 15.4987 37.4171 20.4117
    endloop
  endfacet
  facet normal -0.0490631 -0.998796 0
    outer loop
      vertex 3.96969 40.305 0
      vertex 0 40.5 19.5
      vertex 0 40.5 0
    endloop
  endfacet
  facet normal -0.0490631 -0.998796 0
    outer loop
      vertex 0 40.5 19.5
      vertex 3.96969 40.305 0
      vertex 3.96969 40.305 19.7335
    endloop
  endfacet
  facet normal 0.989176 -0.146736 0
    outer loop
      vertex -40.305 3.96969 17.1291
      vertex -39.7218 7.90116 0
      vertex -39.7218 7.90116 17.1634
    endloop
  endfacet
  facet normal 0.989176 -0.146736 0
    outer loop
      vertex -39.7218 7.90116 0
      vertex -40.305 3.96969 17.1291
      vertex -40.305 3.96969 0
    endloop
  endfacet
  facet normal 0.740951 -0.671559 0
    outer loop
      vertex -31.3069 25.6929 17.6584
      vertex -28.6378 28.6378 0
      vertex -28.6378 28.6378 17.8154
    endloop
  endfacet
  facet normal 0.740951 -0.671559 0
    outer loop
      vertex -28.6378 28.6378 0
      vertex -31.3069 25.6929 17.6584
      vertex -31.3069 25.6929 0
    endloop
  endfacet
  facet normal 0.146736 -0.989176 0
    outer loop
      vertex -3.96969 40.305 0
      vertex -7.90116 39.7218 19.0352
      vertex -7.90116 39.7218 0
    endloop
  endfacet
  facet normal 0.146736 -0.989176 0
    outer loop
      vertex -7.90116 39.7218 19.0352
      vertex -3.96969 40.305 0
      vertex -3.96969 40.305 19.2665
    endloop
  endfacet
  facet normal -0.998796 0.0490563 0
    outer loop
      vertex 40.4263 -1.5 0
      vertex 40.305 -3.96969 0
      vertex 40.4263 -1.5 10
    endloop
  endfacet
  facet normal -0.998795 0.0490741 0
    outer loop
      vertex 40.4263 -1.5 10
      vertex 40.5 0 21.8824
      vertex 40.5 0 10
    endloop
  endfacet
  facet normal -0.998796 0.0490563 0
    outer loop
      vertex 40.305 -3.96969 21.8709
      vertex 40.4263 -1.5 10
      vertex 40.305 -3.96969 0
    endloop
  endfacet
  facet normal -0.998796 0.0490631 1.40128e-06
    outer loop
      vertex 40.4263 -1.5 10
      vertex 40.305 -3.96969 21.8709
      vertex 40.5 0 21.8824
    endloop
  endfacet
  facet normal -0.803204 0.595704 0
    outer loop
      vertex 31.3069 -25.6929 21.3416
      vertex 33.6745 -22.5006 0
      vertex 31.3069 -25.6929 0
    endloop
  endfacet
  facet normal -0.803204 0.595704 0
    outer loop
      vertex 33.6745 -22.5006 0
      vertex 31.3069 -25.6929 21.3416
      vertex 33.6745 -22.5006 21.4809
    endloop
  endfacet
  facet normal 0.146736 0.989176 -0
    outer loop
      vertex -3.96969 -40.305 0
      vertex -7.90116 -39.7218 19.0352
      vertex -3.96969 -40.305 19.2665
    endloop
  endfacet
  facet normal 0.146736 0.989176 0
    outer loop
      vertex -7.90116 -39.7218 19.0352
      vertex -3.96969 -40.305 0
      vertex -7.90116 -39.7218 0
    endloop
  endfacet
  facet normal 0.671559 0.740951 -0
    outer loop
      vertex -25.6929 -31.3069 0
      vertex -28.6378 -28.6378 17.8154
      vertex -25.6929 -31.3069 17.9887
    endloop
  endfacet
  facet normal 0.671559 0.740951 0
    outer loop
      vertex -28.6378 -28.6378 17.8154
      vertex -25.6929 -31.3069 0
      vertex -28.6378 -28.6378 0
    endloop
  endfacet
  facet normal 0.998796 0.0490631 0
    outer loop
      vertex -40.305 -3.96969 17.1291
      vertex -40.5 0 0
      vertex -40.5 0 17.1176
    endloop
  endfacet
  facet normal 0.998796 0.0490631 0
    outer loop
      vertex -40.5 0 0
      vertex -40.305 -3.96969 17.1291
      vertex -40.305 -3.96969 0
    endloop
  endfacet
  facet normal 0.803321 0.595546 0
    outer loop
      vertex -33.6745 -22.5006 17.5191
      vertex -33.6209 -22.5729 10
      vertex -33.6745 -22.5006 0
    endloop
  endfacet
  facet normal 0.8032 0.595709 -2.42218e-06
    outer loop
      vertex -33.6745 -22.5006 17.5191
      vertex -31.8337 -24.9826 10
      vertex -33.6209 -22.5729 10
    endloop
  endfacet
  facet normal 0.803204 0.595704 8.70862e-08
    outer loop
      vertex -31.3069 -25.6929 17.6584
      vertex -31.8337 -24.9826 10
      vertex -33.6745 -22.5006 17.5191
    endloop
  endfacet
  facet normal 0.803204 0.595703 -0
    outer loop
      vertex -31.3069 -25.6929 0
      vertex -31.8337 -24.9826 10
      vertex -31.3069 -25.6929 17.6584
    endloop
  endfacet
  facet normal 0.803204 0.595703 0
    outer loop
      vertex -31.8337 -24.9826 10
      vertex -31.3069 -25.6929 0
      vertex -31.8337 -24.9826 0
    endloop
  endfacet
  facet normal 0.803321 0.595546 0
    outer loop
      vertex -33.6745 -22.5006 0
      vertex -33.6209 -22.5729 10
      vertex -33.6209 -22.5729 0
    endloop
  endfacet
  facet normal -0.989176 -0.146736 0
    outer loop
      vertex 40.305 3.96969 0
      vertex 39.7218 7.90116 21.8366
      vertex 39.7218 7.90116 0
    endloop
  endfacet
  facet normal -0.989176 -0.146736 0
    outer loop
      vertex 39.7218 7.90116 21.8366
      vertex 40.305 3.96969 0
      vertex 40.305 3.96969 21.8709
    endloop
  endfacet
  facet normal -0.970032 -0.242977 0
    outer loop
      vertex 39.7218 7.90116 0
      vertex 38.7561 11.7565 21.7798
      vertex 38.7561 11.7565 0
    endloop
  endfacet
  facet normal -0.970032 -0.242977 0
    outer loop
      vertex 38.7561 11.7565 21.7798
      vertex 39.7218 7.90116 0
      vertex 39.7218 7.90116 21.8366
    endloop
  endfacet
  facet normal -0.941543 -0.336894 0
    outer loop
      vertex 38.7561 11.7565 0
      vertex 37.4171 15.4987 21.701
      vertex 37.4171 15.4987 0
    endloop
  endfacet
  facet normal -0.941543 -0.336894 0
    outer loop
      vertex 37.4171 15.4987 21.701
      vertex 38.7561 11.7565 0
      vertex 38.7561 11.7565 21.7798
    endloop
  endfacet
  facet normal -0.740951 -0.671559 0
    outer loop
      vertex 31.3069 25.6929 0
      vertex 28.6378 28.6378 21.1846
      vertex 28.6378 28.6378 0
    endloop
  endfacet
  facet normal -0.740951 -0.671559 0
    outer loop
      vertex 28.6378 28.6378 21.1846
      vertex 31.3069 25.6929 0
      vertex 31.3069 25.6929 21.3416
    endloop
  endfacet
  facet normal -0.803204 -0.595704 0
    outer loop
      vertex 33.6745 22.5006 0
      vertex 31.3069 25.6929 21.3416
      vertex 31.3069 25.6929 0
    endloop
  endfacet
  facet normal -0.803204 -0.595704 0
    outer loop
      vertex 31.3069 25.6929 21.3416
      vertex 33.6745 22.5006 0
      vertex 33.6745 22.5006 21.4809
    endloop
  endfacet
  facet normal -0.671559 -0.740951 0
    outer loop
      vertex 28.6378 28.6378 0
      vertex 25.6929 31.3069 21.0113
      vertex 25.6929 31.3069 0
    endloop
  endfacet
  facet normal -0.671559 -0.740951 0
    outer loop
      vertex 25.6929 31.3069 21.0113
      vertex 28.6378 28.6378 0
      vertex 28.6378 28.6378 21.1846
    endloop
  endfacet
  facet normal -0.514107 -0.857726 0
    outer loop
      vertex 22.5006 33.6745 0
      vertex 19.0916 35.7178 20.623
      vertex 19.0916 35.7178 0
    endloop
  endfacet
  facet normal -0.514107 -0.857726 0
    outer loop
      vertex 19.0916 35.7178 20.623
      vertex 22.5006 33.6745 0
      vertex 22.5006 33.6745 20.8236
    endloop
  endfacet
  facet normal -0.427552 -0.903991 0
    outer loop
      vertex 19.0916 35.7178 0
      vertex 15.4987 37.4171 20.4117
      vertex 15.4987 37.4171 0
    endloop
  endfacet
  facet normal -0.427552 -0.903991 0
    outer loop
      vertex 15.4987 37.4171 20.4117
      vertex 19.0916 35.7178 0
      vertex 19.0916 35.7178 20.623
    endloop
  endfacet
  facet normal -0.242994 -0.970028 0
    outer loop
      vertex 7.90116 39.7218 0
      vertex 11.0712 38.9277 10
      vertex 7.90116 39.7218 19.9648
    endloop
  endfacet
  facet normal -0.242994 -0.970028 -0
    outer loop
      vertex 11.0712 38.9277 10
      vertex 7.90116 39.7218 0
      vertex 11.0712 38.9277 0
    endloop
  endfacet
  facet normal -0.242978 -0.970032 5.39998e-06
    outer loop
      vertex 11.0712 38.9277 10
      vertex 11.7565 38.7561 20.1916
      vertex 7.90116 39.7218 19.9648
    endloop
  endfacet
  facet normal -0.242902 -0.970051 -0
    outer loop
      vertex 11.7565 38.7561 20.1916
      vertex 11.0712 38.9277 10
      vertex 11.7565 38.7561 10
    endloop
  endfacet
  facet normal -0.146736 -0.989176 0
    outer loop
      vertex 7.90116 39.7218 0
      vertex 3.96969 40.305 19.7335
      vertex 3.96969 40.305 0
    endloop
  endfacet
  facet normal -0.146736 -0.989176 0
    outer loop
      vertex 3.96969 40.305 19.7335
      vertex 7.90116 39.7218 0
      vertex 7.90116 39.7218 19.9648
    endloop
  endfacet
  facet normal 0.998796 -0.0490631 0
    outer loop
      vertex -40.5 0 17.1176
      vertex -40.305 3.96969 0
      vertex -40.305 3.96969 17.1291
    endloop
  endfacet
  facet normal 0.998796 -0.0490631 0
    outer loop
      vertex -40.305 3.96969 0
      vertex -40.5 0 17.1176
      vertex -40.5 0 0
    endloop
  endfacet
  facet normal 0.941543 -0.336894 0
    outer loop
      vertex -38.7561 11.7565 17.2202
      vertex -37.4171 15.4987 0
      vertex -37.4171 15.4987 17.299
    endloop
  endfacet
  facet normal 0.941543 -0.336894 0
    outer loop
      vertex -37.4171 15.4987 0
      vertex -38.7561 11.7565 17.2202
      vertex -38.7561 11.7565 0
    endloop
  endfacet
  facet normal 0.970032 -0.242977 0
    outer loop
      vertex -39.7218 7.90116 17.1634
      vertex -38.7561 11.7565 0
      vertex -38.7561 11.7565 17.2202
    endloop
  endfacet
  facet normal 0.970032 -0.242977 0
    outer loop
      vertex -38.7561 11.7565 0
      vertex -39.7218 7.90116 17.1634
      vertex -39.7218 7.90116 0
    endloop
  endfacet
  facet normal 0.857726 -0.514107 0
    outer loop
      vertex -35.7178 19.0916 17.399
      vertex -33.6745 22.5006 0
      vertex -33.6745 22.5006 17.5191
    endloop
  endfacet
  facet normal 0.857726 -0.514107 0
    outer loop
      vertex -33.6745 22.5006 0
      vertex -35.7178 19.0916 17.399
      vertex -35.7178 19.0916 0
    endloop
  endfacet
  facet normal 0.803204 -0.595703 0
    outer loop
      vertex -31.3069 25.6929 17.6584
      vertex -31.8337 24.9826 10
      vertex -31.3069 25.6929 0
    endloop
  endfacet
  facet normal 0.803204 -0.595704 8.70862e-08
    outer loop
      vertex -33.6745 22.5006 17.5191
      vertex -31.8337 24.9826 10
      vertex -31.3069 25.6929 17.6584
    endloop
  endfacet
  facet normal 0.8032 -0.595709 -2.42218e-06
    outer loop
      vertex -31.8337 24.9826 10
      vertex -33.6745 22.5006 17.5191
      vertex -33.6209 22.5729 10
    endloop
  endfacet
  facet normal 0.803321 -0.595546 0
    outer loop
      vertex -33.6745 22.5006 0
      vertex -33.6209 22.5729 10
      vertex -33.6745 22.5006 17.5191
    endloop
  endfacet
  facet normal 0.803321 -0.595546 0
    outer loop
      vertex -33.6209 22.5729 10
      vertex -33.6745 22.5006 0
      vertex -33.6209 22.5729 0
    endloop
  endfacet
  facet normal 0.803204 -0.595703 0
    outer loop
      vertex -31.3069 25.6929 0
      vertex -31.8337 24.9826 10
      vertex -31.8337 24.9826 0
    endloop
  endfacet
  facet normal 0.242977 -0.970032 0
    outer loop
      vertex -7.90116 39.7218 0
      vertex -11.7565 38.7561 18.8084
      vertex -11.7565 38.7561 0
    endloop
  endfacet
  facet normal 0.242977 -0.970032 0
    outer loop
      vertex -11.7565 38.7561 18.8084
      vertex -7.90116 39.7218 0
      vertex -7.90116 39.7218 19.0352
    endloop
  endfacet
  facet normal 0.0490631 -0.998796 0
    outer loop
      vertex 0 40.5 0
      vertex -3.96969 40.305 19.2665
      vertex -3.96969 40.305 0
    endloop
  endfacet
  facet normal 0.0490631 -0.998796 0
    outer loop
      vertex -3.96969 40.305 19.2665
      vertex 0 40.5 0
      vertex 0 40.5 19.5
    endloop
  endfacet
  facet normal 0.514107 -0.857726 0
    outer loop
      vertex -19.0916 35.7178 0
      vertex -22.5006 33.6745 18.1764
      vertex -22.5006 33.6745 0
    endloop
  endfacet
  facet normal 0.514107 -0.857726 0
    outer loop
      vertex -22.5006 33.6745 18.1764
      vertex -19.0916 35.7178 0
      vertex -19.0916 35.7178 18.377
    endloop
  endfacet
  facet normal 0.595704 -0.803204 0
    outer loop
      vertex -22.5006 33.6745 0
      vertex -25.6929 31.3069 17.9887
      vertex -25.6929 31.3069 0
    endloop
  endfacet
  facet normal 0.595704 -0.803204 0
    outer loop
      vertex -25.6929 31.3069 17.9887
      vertex -22.5006 33.6745 0
      vertex -22.5006 33.6745 18.1764
    endloop
  endfacet
  facet normal 0.427552 -0.903991 0
    outer loop
      vertex -15.4987 37.4171 0
      vertex -19.0916 35.7178 18.377
      vertex -19.0916 35.7178 0
    endloop
  endfacet
  facet normal 0.427552 -0.903991 0
    outer loop
      vertex -19.0916 35.7178 18.377
      vertex -15.4987 37.4171 0
      vertex -15.4987 37.4171 18.5883
    endloop
  endfacet
  facet normal 0.671559 -0.740951 0
    outer loop
      vertex -25.6929 31.3069 0
      vertex -28.6378 28.6378 17.8154
      vertex -28.6378 28.6378 0
    endloop
  endfacet
  facet normal 0.671559 -0.740951 0
    outer loop
      vertex -28.6378 28.6378 17.8154
      vertex -25.6929 31.3069 0
      vertex -25.6929 31.3069 17.9887
    endloop
  endfacet
  facet normal -0.998796 -0.0490563 -0
    outer loop
      vertex 40.4263 1.5 10
      vertex 40.305 3.96969 0
      vertex 40.4263 1.5 0
    endloop
  endfacet
  facet normal -0.998796 -0.0490563 0
    outer loop
      vertex 40.305 3.96969 0
      vertex 40.4263 1.5 10
      vertex 40.305 3.96969 21.8709
    endloop
  endfacet
  facet normal -0.998795 -0.0490741 -0
    outer loop
      vertex 40.5 0 21.8824
      vertex 40.4263 1.5 10
      vertex 40.5 0 10
    endloop
  endfacet
  facet normal -0.998796 -0.0490631 1.40128e-06
    outer loop
      vertex 40.4263 1.5 10
      vertex 40.5 0 21.8824
      vertex 40.305 3.96969 21.8709
    endloop
  endfacet
  facet normal -0.0490631 0.998796 0
    outer loop
      vertex 3.96969 -40.305 0
      vertex 0 -40.5 19.5
      vertex 3.96969 -40.305 19.7335
    endloop
  endfacet
  facet normal -0.0490631 0.998796 0
    outer loop
      vertex 0 -40.5 19.5
      vertex 3.96969 -40.305 0
      vertex 0 -40.5 0
    endloop
  endfacet
  facet normal -0.242902 0.970051 0
    outer loop
      vertex 11.0712 -38.9277 10
      vertex 11.7565 -38.7561 20.1916
      vertex 11.7565 -38.7561 10
    endloop
  endfacet
  facet normal -0.242978 0.970032 5.39998e-06
    outer loop
      vertex 11.7565 -38.7561 20.1916
      vertex 11.0712 -38.9277 10
      vertex 7.90116 -39.7218 19.9648
    endloop
  endfacet
  facet normal -0.242994 0.970028 0
    outer loop
      vertex 7.90116 -39.7218 0
      vertex 11.0712 -38.9277 10
      vertex 11.0712 -38.9277 0
    endloop
  endfacet
  facet normal -0.242994 0.970028 0
    outer loop
      vertex 11.0712 -38.9277 10
      vertex 7.90116 -39.7218 0
      vertex 7.90116 -39.7218 19.9648
    endloop
  endfacet
  facet normal -0.671559 0.740951 0
    outer loop
      vertex 28.6378 -28.6378 0
      vertex 25.6929 -31.3069 21.0113
      vertex 28.6378 -28.6378 21.1846
    endloop
  endfacet
  facet normal -0.671559 0.740951 0
    outer loop
      vertex 25.6929 -31.3069 21.0113
      vertex 28.6378 -28.6378 0
      vertex 25.6929 -31.3069 0
    endloop
  endfacet
  facet normal -0.427552 0.903991 0
    outer loop
      vertex 19.0916 -35.7178 0
      vertex 15.4987 -37.4171 20.4117
      vertex 19.0916 -35.7178 20.623
    endloop
  endfacet
  facet normal -0.427552 0.903991 0
    outer loop
      vertex 15.4987 -37.4171 20.4117
      vertex 19.0916 -35.7178 0
      vertex 15.4987 -37.4171 0
    endloop
  endfacet
  facet normal -0.903991 0.427552 0
    outer loop
      vertex 35.7178 -19.0916 21.601
      vertex 37.4171 -15.4987 0
      vertex 35.7178 -19.0916 0
    endloop
  endfacet
  facet normal -0.903991 0.427552 0
    outer loop
      vertex 37.4171 -15.4987 0
      vertex 35.7178 -19.0916 21.601
      vertex 37.4171 -15.4987 21.701
    endloop
  endfacet
  facet normal 0.0490631 0.998796 -0
    outer loop
      vertex 0 -40.5 0
      vertex -3.96969 -40.305 19.2665
      vertex 0 -40.5 19.5
    endloop
  endfacet
  facet normal 0.0490631 0.998796 0
    outer loop
      vertex -3.96969 -40.305 19.2665
      vertex 0 -40.5 0
      vertex -3.96969 -40.305 0
    endloop
  endfacet
  facet normal 0.336894 0.941543 -0
    outer loop
      vertex -11.7565 -38.7561 0
      vertex -15.4987 -37.4171 18.5883
      vertex -11.7565 -38.7561 18.8084
    endloop
  endfacet
  facet normal 0.336894 0.941543 0
    outer loop
      vertex -15.4987 -37.4171 18.5883
      vertex -11.7565 -38.7561 0
      vertex -15.4987 -37.4171 0
    endloop
  endfacet
  facet normal 0.514107 0.857726 -0
    outer loop
      vertex -19.0916 -35.7178 0
      vertex -22.5006 -33.6745 18.1764
      vertex -19.0916 -35.7178 18.377
    endloop
  endfacet
  facet normal 0.514107 0.857726 0
    outer loop
      vertex -22.5006 -33.6745 18.1764
      vertex -19.0916 -35.7178 0
      vertex -22.5006 -33.6745 0
    endloop
  endfacet
  facet normal 0.970032 0.242977 -0
    outer loop
      vertex -38.7561 -11.7565 0
      vertex -39.7218 -7.90116 17.1634
      vertex -38.7561 -11.7565 17.2202
    endloop
  endfacet
  facet normal 0.970032 0.242977 0
    outer loop
      vertex -39.7218 -7.90116 17.1634
      vertex -38.7561 -11.7565 0
      vertex -39.7218 -7.90116 0
    endloop
  endfacet
  facet normal 0.989176 0.146736 0
    outer loop
      vertex -39.7218 -7.90116 17.1634
      vertex -40.305 -3.96969 0
      vertex -40.305 -3.96969 17.1291
    endloop
  endfacet
  facet normal 0.989176 0.146736 0
    outer loop
      vertex -40.305 -3.96969 0
      vertex -39.7218 -7.90116 17.1634
      vertex -39.7218 -7.90116 0
    endloop
  endfacet
  facet normal 0.903991 0.427552 -0
    outer loop
      vertex -35.7178 -19.0916 0
      vertex -37.4171 -15.4987 17.299
      vertex -35.7178 -19.0916 17.399
    endloop
  endfacet
  facet normal 0.903991 0.427552 0
    outer loop
      vertex -37.4171 -15.4987 17.299
      vertex -35.7178 -19.0916 0
      vertex -37.4171 -15.4987 0
    endloop
  endfacet
  facet normal -0.989176 0.146736 0
    outer loop
      vertex 39.7218 -7.90116 0
      vertex 40.305 -3.96969 21.8709
      vertex 40.305 -3.96969 0
    endloop
  endfacet
  facet normal -0.989176 0.146736 0
    outer loop
      vertex 40.305 -3.96969 21.8709
      vertex 39.7218 -7.90116 0
      vertex 39.7218 -7.90116 21.8366
    endloop
  endfacet
  facet normal -0.970032 0.242977 0
    outer loop
      vertex 38.7561 -11.7565 21.7798
      vertex 39.7218 -7.90116 0
      vertex 38.7561 -11.7565 0
    endloop
  endfacet
  facet normal -0.970032 0.242977 0
    outer loop
      vertex 39.7218 -7.90116 0
      vertex 38.7561 -11.7565 21.7798
      vertex 39.7218 -7.90116 21.8366
    endloop
  endfacet
  facet normal -0.146736 0.989176 0
    outer loop
      vertex 7.90116 -39.7218 0
      vertex 3.96969 -40.305 19.7335
      vertex 7.90116 -39.7218 19.9648
    endloop
  endfacet
  facet normal -0.146736 0.989176 0
    outer loop
      vertex 3.96969 -40.305 19.7335
      vertex 7.90116 -39.7218 0
      vertex 3.96969 -40.305 0
    endloop
  endfacet
  facet normal -0.336894 0.941542 1.16843e-06
    outer loop
      vertex 15.4987 -37.4171 20.4117
      vertex 13.9185 -37.9825 10
      vertex 11.7565 -38.7561 20.1916
    endloop
  endfacet
  facet normal -0.336887 0.941545 0
    outer loop
      vertex 15.4987 -37.4171 0
      vertex 13.9185 -37.9825 10
      vertex 15.4987 -37.4171 20.4117
    endloop
  endfacet
  facet normal -0.336887 0.941545 0
    outer loop
      vertex 13.9185 -37.9825 10
      vertex 15.4987 -37.4171 0
      vertex 13.9185 -37.9825 0
    endloop
  endfacet
  facet normal -0.336899 0.941541 0
    outer loop
      vertex 11.7565 -38.7561 20.1916
      vertex 13.9185 -37.9825 10
      vertex 11.7565 -38.7561 10
    endloop
  endfacet
  facet normal -0.740951 0.671559 0
    outer loop
      vertex 28.6378 -28.6378 21.1846
      vertex 31.3069 -25.6929 0
      vertex 28.6378 -28.6378 0
    endloop
  endfacet
  facet normal -0.740951 0.671559 0
    outer loop
      vertex 31.3069 -25.6929 0
      vertex 28.6378 -28.6378 21.1846
      vertex 31.3069 -25.6929 21.3416
    endloop
  endfacet
  facet normal -0.595704 0.803204 0
    outer loop
      vertex 25.6929 -31.3069 0
      vertex 22.5006 -33.6745 20.8236
      vertex 25.6929 -31.3069 21.0113
    endloop
  endfacet
  facet normal -0.595704 0.803204 0
    outer loop
      vertex 22.5006 -33.6745 20.8236
      vertex 25.6929 -31.3069 0
      vertex 22.5006 -33.6745 0
    endloop
  endfacet
  facet normal -0.857726 0.514107 0
    outer loop
      vertex 33.6745 -22.5006 21.4809
      vertex 35.7178 -19.0916 0
      vertex 33.6745 -22.5006 0
    endloop
  endfacet
  facet normal -0.857726 0.514107 0
    outer loop
      vertex 35.7178 -19.0916 0
      vertex 33.6745 -22.5006 21.4809
      vertex 35.7178 -19.0916 21.601
    endloop
  endfacet
  facet normal 0.242977 0.970032 -0
    outer loop
      vertex -7.90116 -39.7218 0
      vertex -11.7565 -38.7561 18.8084
      vertex -7.90116 -39.7218 19.0352
    endloop
  endfacet
  facet normal 0.242977 0.970032 0
    outer loop
      vertex -11.7565 -38.7561 18.8084
      vertex -7.90116 -39.7218 0
      vertex -11.7565 -38.7561 0
    endloop
  endfacet
  facet normal 0.595704 0.803204 -0
    outer loop
      vertex -22.5006 -33.6745 0
      vertex -25.6929 -31.3069 17.9887
      vertex -22.5006 -33.6745 18.1764
    endloop
  endfacet
  facet normal 0.595704 0.803204 0
    outer loop
      vertex -25.6929 -31.3069 17.9887
      vertex -22.5006 -33.6745 0
      vertex -25.6929 -31.3069 0
    endloop
  endfacet
  facet normal 0.941543 0.336894 -0
    outer loop
      vertex -37.4171 -15.4987 0
      vertex -38.7561 -11.7565 17.2202
      vertex -37.4171 -15.4987 17.299
    endloop
  endfacet
  facet normal 0.941543 0.336894 0
    outer loop
      vertex -38.7561 -11.7565 17.2202
      vertex -37.4171 -15.4987 0
      vertex -38.7561 -11.7565 0
    endloop
  endfacet
  facet normal 0.857726 0.514107 -0
    outer loop
      vertex -33.6745 -22.5006 0
      vertex -35.7178 -19.0916 17.399
      vertex -33.6745 -22.5006 17.5191
    endloop
  endfacet
  facet normal 0.857726 0.514107 0
    outer loop
      vertex -35.7178 -19.0916 17.399
      vertex -33.6745 -22.5006 0
      vertex -35.7178 -19.0916 0
    endloop
  endfacet
  facet normal 0.740951 0.671559 -0
    outer loop
      vertex -28.6378 -28.6378 0
      vertex -31.3069 -25.6929 17.6584
      vertex -28.6378 -28.6378 17.8154
    endloop
  endfacet
  facet normal 0.740951 0.671559 0
    outer loop
      vertex -31.3069 -25.6929 17.6584
      vertex -28.6378 -28.6378 0
      vertex -31.3069 -25.6929 0
    endloop
  endfacet
  facet normal -0.514107 0.857726 0
    outer loop
      vertex 22.5006 -33.6745 0
      vertex 19.0916 -35.7178 20.623
      vertex 22.5006 -33.6745 20.8236
    endloop
  endfacet
  facet normal -0.514107 0.857726 0
    outer loop
      vertex 19.0916 -35.7178 20.623
      vertex 22.5006 -33.6745 0
      vertex 19.0916 -35.7178 0
    endloop
  endfacet
  facet normal 0 1 -0
    outer loop
      vertex 40.4263 1.5 0
      vertex 7.08925 1.5 10
      vertex 40.4263 1.5 10
    endloop
  endfacet
  facet normal 0 1 0
    outer loop
      vertex 7.08925 1.5 10
      vertex 40.4263 1.5 0
      vertex 7.08925 1.5 0
    endloop
  endfacet
  facet normal 0 -1 0
    outer loop
      vertex 7.08925 -1.5 0
      vertex 40.4263 -1.5 10
      vertex 7.08925 -1.5 10
    endloop
  endfacet
  facet normal 0 -1 -0
    outer loop
      vertex 40.4263 -1.5 10
      vertex 7.08925 -1.5 0
      vertex 40.4263 -1.5 0
    endloop
  endfacet
  facet normal 0.951056 -0.309018 0
    outer loop
      vertex 3.61606 6.27499 10
      vertex 13.9185 37.9825 0
      vertex 13.9185 37.9825 10
    endloop
  endfacet
  facet normal 0.951056 -0.309018 0
    outer loop
      vertex 13.9185 37.9825 0
      vertex 3.61606 6.27499 10
      vertex 3.61606 6.27499 0
    endloop
  endfacet
  facet normal -0.951056 0.309017 0
    outer loop
      vertex 0.764533 7.20709 0
      vertex 11.0712 38.9277 10
      vertex 11.0712 38.9277 0
    endloop
  endfacet
  facet normal -0.951056 0.309017 0
    outer loop
      vertex 11.0712 38.9277 10
      vertex 0.764533 7.20709 0
      vertex 0.764533 7.20709 10
    endloop
  endfacet
  facet normal 0.587784 0.809018 -0
    outer loop
      vertex -4.84958 5.37753 0
      vertex -31.8337 24.9826 10
      vertex -4.84958 5.37753 10
    endloop
  endfacet
  facet normal 0.587784 0.809018 0
    outer loop
      vertex -31.8337 24.9826 10
      vertex -4.84958 5.37753 0
      vertex -31.8337 24.9826 0
    endloop
  endfacet
  facet normal -0.587785 -0.809017 0
    outer loop
      vertex -33.6209 22.5729 0
      vertex -6.61438 2.95152 10
      vertex -33.6209 22.5729 10
    endloop
  endfacet
  facet normal -0.587785 -0.809017 -0
    outer loop
      vertex -6.61438 2.95152 10
      vertex -33.6209 22.5729 0
      vertex -6.61438 2.95152 0
    endloop
  endfacet
  facet normal -0.587785 0.809017 0
    outer loop
      vertex -6.61438 -2.95152 0
      vertex -33.6209 -22.5729 10
      vertex -6.61438 -2.95152 10
    endloop
  endfacet
  facet normal -0.587785 0.809017 0
    outer loop
      vertex -33.6209 -22.5729 10
      vertex -6.61438 -2.95152 0
      vertex -33.6209 -22.5729 0
    endloop
  endfacet
  facet normal 0.587784 -0.809018 0
    outer loop
      vertex -31.8337 -24.9826 0
      vertex -4.84958 -5.37753 10
      vertex -31.8337 -24.9826 10
    endloop
  endfacet
  facet normal 0.587784 -0.809018 0
    outer loop
      vertex -4.84958 -5.37753 10
      vertex -31.8337 -24.9826 0
      vertex -4.84958 -5.37753 0
    endloop
  endfacet
  facet normal -0.951056 -0.309017 0
    outer loop
      vertex 11.0712 -38.9277 0
      vertex 0.764533 -7.20709 10
      vertex 0.764533 -7.20709 0
    endloop
  endfacet
  facet normal -0.951056 -0.309017 0
    outer loop
      vertex 0.764533 -7.20709 10
      vertex 11.0712 -38.9277 0
      vertex 11.0712 -38.9277 10
    endloop
  endfacet
  facet normal 0.951056 0.309018 0
    outer loop
      vertex 13.9185 -37.9825 10
      vertex 3.61606 -6.27499 0
      vertex 3.61606 -6.27499 10
    endloop
  endfacet
  facet normal 0.951056 0.309018 0
    outer loop
      vertex 3.61606 -6.27499 0
      vertex 13.9185 -37.9825 10
      vertex 13.9185 -37.9825 0
    endloop
  endfacet
  facet normal 0 1 -0
    outer loop
      vertex 70.9 42.5 0
      vertex 42.5 42.5 22
      vertex 70.9 42.5 22
    endloop
  endfacet
  facet normal 0 1 0
    outer loop
      vertex 0 42.5 0
      vertex 42.5 42.5 22
      vertex 70.9 42.5 0
    endloop
  endfacet
  facet normal 0 1 0
    outer loop
      vertex 42.5 42.5 22
      vertex 0 42.5 0
      vertex 0 42.5 19.5
    endloop
  endfacet
  facet normal 0 -1 0
    outer loop
      vertex 0 -42.5 0
      vertex 42.5 -42.5 22
      vertex 0 -42.5 19.5
    endloop
  endfacet
  facet normal 0 -1 -0
    outer loop
      vertex 42.5 -42.5 22
      vertex 0 -42.5 0
      vertex 70.9 -42.5 0
    endloop
  endfacet
  facet normal 0 -1 0
    outer loop
      vertex 42.5 -42.5 22
      vertex 70.9 -42.5 0
      vertex 70.9 -42.5 22
    endloop
  endfacet
  facet normal 0.998796 -0.0490619 0
    outer loop
      vertex 47.1 0 22
      vertex 47.2637 3.33258 0
      vertex 47.2637 3.33258 22
    endloop
  endfacet
  facet normal 0.998796 -0.0490619 0
    outer loop
      vertex 47.2637 3.33258 0
      vertex 47.1 0 22
      vertex 47.1 0 0
    endloop
  endfacet
  facet normal 0.67158 -0.740932 0
    outer loop
      vertex 57.0584 24.0416 0
      vertex 59.5306 26.2824 22
      vertex 57.0584 24.0416 22
    endloop
  endfacet
  facet normal 0.67158 -0.740932 0
    outer loop
      vertex 59.5306 26.2824 22
      vertex 57.0584 24.0416 0
      vertex 59.5306 26.2824 0
    endloop
  endfacet
  facet normal 0.336901 -0.94154 0
    outer loop
      vertex 68.0888 31.4119 0
      vertex 70.9 32.4178 22
      vertex 68.0888 31.4119 22
    endloop
  endfacet
  facet normal 0.336901 -0.94154 0
    outer loop
      vertex 70.9 32.4178 22
      vertex 68.0888 31.4119 0
      vertex 70.9 32.4178 0
    endloop
  endfacet
  facet normal 0.803211 0.595695 0
    outer loop
      vertex 54.8176 -21.5694 22
      vertex 52.83 -18.8894 0
      vertex 52.83 -18.8894 22
    endloop
  endfacet
  facet normal 0.803211 0.595695 0
    outer loop
      vertex 52.83 -18.8894 0
      vertex 54.8176 -21.5694 22
      vertex 54.8176 -21.5694 0
    endloop
  endfacet
  facet normal 0.857736 -0.51409 0
    outer loop
      vertex 51.1147 16.0275 22
      vertex 52.83 18.8894 0
      vertex 52.83 18.8894 22
    endloop
  endfacet
  facet normal 0.857736 -0.51409 0
    outer loop
      vertex 52.83 18.8894 0
      vertex 51.1147 16.0275 22
      vertex 51.1147 16.0275 0
    endloop
  endfacet
  facet normal 0.803211 -0.595695 0
    outer loop
      vertex 52.83 18.8894 22
      vertex 54.8176 21.5694 0
      vertex 54.8176 21.5694 22
    endloop
  endfacet
  facet normal 0.803211 -0.595695 0
    outer loop
      vertex 54.8176 21.5694 0
      vertex 52.83 18.8894 22
      vertex 52.83 18.8894 0
    endloop
  endfacet
  facet normal 0.336901 0.94154 -0
    outer loop
      vertex 70.9 -32.4178 0
      vertex 68.0888 -31.4119 22
      vertex 70.9 -32.4178 22
    endloop
  endfacet
  facet normal 0.336901 0.94154 0
    outer loop
      vertex 68.0888 -31.4119 22
      vertex 70.9 -32.4178 0
      vertex 68.0888 -31.4119 0
    endloop
  endfacet
  facet normal 0.51409 0.857736 -0
    outer loop
      vertex 65.0725 -29.9853 0
      vertex 62.2106 -28.27 22
      vertex 65.0725 -29.9853 22
    endloop
  endfacet
  facet normal 0.51409 0.857736 0
    outer loop
      vertex 62.2106 -28.27 22
      vertex 65.0725 -29.9853 0
      vertex 62.2106 -28.27 0
    endloop
  endfacet
  facet normal 0.740932 -0.67158 0
    outer loop
      vertex 54.8176 21.5694 22
      vertex 57.0584 24.0416 0
      vertex 57.0584 24.0416 22
    endloop
  endfacet
  facet normal 0.740932 -0.67158 0
    outer loop
      vertex 57.0584 24.0416 0
      vertex 54.8176 21.5694 22
      vertex 54.8176 21.5694 0
    endloop
  endfacet
  facet normal 0.90399 -0.427554 0
    outer loop
      vertex 49.6881 13.0112 22
      vertex 51.1147 16.0275 0
      vertex 51.1147 16.0275 22
    endloop
  endfacet
  facet normal 0.90399 -0.427554 0
    outer loop
      vertex 51.1147 16.0275 0
      vertex 49.6881 13.0112 22
      vertex 49.6881 13.0112 0
    endloop
  endfacet
  facet normal 0.94154 -0.336902 0
    outer loop
      vertex 48.564 9.86968 22
      vertex 49.6881 13.0112 0
      vertex 49.6881 13.0112 22
    endloop
  endfacet
  facet normal 0.94154 -0.336902 0
    outer loop
      vertex 49.6881 13.0112 0
      vertex 48.564 9.86968 22
      vertex 48.564 9.86968 0
    endloop
  endfacet
  facet normal 0.970033 -0.242972 0
    outer loop
      vertex 47.7533 6.63307 22
      vertex 48.564 9.86968 0
      vertex 48.564 9.86968 22
    endloop
  endfacet
  facet normal 0.970033 -0.242972 0
    outer loop
      vertex 48.564 9.86968 0
      vertex 47.7533 6.63307 22
      vertex 47.7533 6.63307 0
    endloop
  endfacet
  facet normal 0.989176 -0.146736 0
    outer loop
      vertex 47.2637 3.33258 22
      vertex 47.7533 6.63307 0
      vertex 47.7533 6.63307 22
    endloop
  endfacet
  facet normal 0.989176 -0.146736 0
    outer loop
      vertex 47.7533 6.63307 0
      vertex 47.2637 3.33258 22
      vertex 47.2637 3.33258 0
    endloop
  endfacet
  facet normal 0.427554 -0.90399 0
    outer loop
      vertex 65.0725 29.9853 0
      vertex 68.0888 31.4119 22
      vertex 65.0725 29.9853 22
    endloop
  endfacet
  facet normal 0.427554 -0.90399 0
    outer loop
      vertex 68.0888 31.4119 22
      vertex 65.0725 29.9853 0
      vertex 68.0888 31.4119 0
    endloop
  endfacet
  facet normal 0.51409 -0.857736 0
    outer loop
      vertex 62.2106 28.27 0
      vertex 65.0725 29.9853 22
      vertex 62.2106 28.27 22
    endloop
  endfacet
  facet normal 0.51409 -0.857736 0
    outer loop
      vertex 65.0725 29.9853 22
      vertex 62.2106 28.27 0
      vertex 65.0725 29.9853 0
    endloop
  endfacet
  facet normal 0.595695 -0.803211 0
    outer loop
      vertex 59.5306 26.2824 0
      vertex 62.2106 28.27 22
      vertex 59.5306 26.2824 22
    endloop
  endfacet
  facet normal 0.595695 -0.803211 0
    outer loop
      vertex 62.2106 28.27 22
      vertex 59.5306 26.2824 0
      vertex 62.2106 28.27 0
    endloop
  endfacet
  facet normal 0.67158 0.740932 -0
    outer loop
      vertex 59.5306 -26.2824 0
      vertex 57.0584 -24.0416 22
      vertex 59.5306 -26.2824 22
    endloop
  endfacet
  facet normal 0.67158 0.740932 0
    outer loop
      vertex 57.0584 -24.0416 22
      vertex 59.5306 -26.2824 0
      vertex 57.0584 -24.0416 0
    endloop
  endfacet
  facet normal 0.595695 0.803211 -0
    outer loop
      vertex 62.2106 -28.27 0
      vertex 59.5306 -26.2824 22
      vertex 62.2106 -28.27 22
    endloop
  endfacet
  facet normal 0.595695 0.803211 0
    outer loop
      vertex 59.5306 -26.2824 22
      vertex 62.2106 -28.27 0
      vertex 59.5306 -26.2824 0
    endloop
  endfacet
  facet normal 0.740932 0.67158 0
    outer loop
      vertex 57.0584 -24.0416 22
      vertex 54.8176 -21.5694 0
      vertex 54.8176 -21.5694 22
    endloop
  endfacet
  facet normal 0.740932 0.67158 0
    outer loop
      vertex 54.8176 -21.5694 0
      vertex 57.0584 -24.0416 22
      vertex 57.0584 -24.0416 0
    endloop
  endfacet
  facet normal 0.90399 0.427554 0
    outer loop
      vertex 51.1147 -16.0275 22
      vertex 49.6881 -13.0112 0
      vertex 49.6881 -13.0112 22
    endloop
  endfacet
  facet normal 0.90399 0.427554 0
    outer loop
      vertex 49.6881 -13.0112 0
      vertex 51.1147 -16.0275 22
      vertex 51.1147 -16.0275 0
    endloop
  endfacet
  facet normal 0.970033 0.242972 0
    outer loop
      vertex 48.564 -9.86968 22
      vertex 47.7533 -6.63307 0
      vertex 47.7533 -6.63307 22
    endloop
  endfacet
  facet normal 0.970033 0.242972 0
    outer loop
      vertex 47.7533 -6.63307 0
      vertex 48.564 -9.86968 22
      vertex 48.564 -9.86968 0
    endloop
  endfacet
  facet normal 0.998796 0.0490619 0
    outer loop
      vertex 47.2637 -3.33258 22
      vertex 47.1 0 0
      vertex 47.1 0 22
    endloop
  endfacet
  facet normal 0.998796 0.0490619 0
    outer loop
      vertex 47.1 0 0
      vertex 47.2637 -3.33258 22
      vertex 47.2637 -3.33258 0
    endloop
  endfacet
  facet normal 0.94154 0.336902 0
    outer loop
      vertex 49.6881 -13.0112 22
      vertex 48.564 -9.86968 0
      vertex 48.564 -9.86968 22
    endloop
  endfacet
  facet normal 0.94154 0.336902 0
    outer loop
      vertex 48.564 -9.86968 0
      vertex 49.6881 -13.0112 22
      vertex 49.6881 -13.0112 0
    endloop
  endfacet
  facet normal 0.427554 0.90399 -0
    outer loop
      vertex 68.0888 -31.4119 0
      vertex 65.0725 -29.9853 22
      vertex 68.0888 -31.4119 22
    endloop
  endfacet
  facet normal 0.427554 0.90399 0
    outer loop
      vertex 65.0725 -29.9853 22
      vertex 68.0888 -31.4119 0
      vertex 65.0725 -29.9853 0
    endloop
  endfacet
  facet normal 0.857736 0.51409 0
    outer loop
      vertex 52.83 -18.8894 22
      vertex 51.1147 -16.0275 0
      vertex 51.1147 -16.0275 22
    endloop
  endfacet
  facet normal 0.857736 0.51409 0
    outer loop
      vertex 51.1147 -16.0275 0
      vertex 52.83 -18.8894 22
      vertex 52.83 -18.8894 0
    endloop
  endfacet
  facet normal 0.989176 0.146736 0
    outer loop
      vertex 47.7533 -6.63307 22
      vertex 47.2637 -3.33258 0
      vertex 47.2637 -3.33258 22
    endloop
  endfacet
  facet normal 0.989176 0.146736 0
    outer loop
      vertex 47.2637 -3.33258 0
      vertex 47.7533 -6.63307 22
      vertex 47.7533 -6.63307 0
    endloop
  endfacet
  facet normal -0.0586986 0 0.998276
    outer loop
      vertex 42.5 42.5 22
      vertex 40.5 0 21.8824
      vertex 42.5 -42.5 22
    endloop
  endfacet
  facet normal -0.0587872 4.18333e-06 0.998271
    outer loop
      vertex 42.5 42.5 22
      vertex 40.305 3.96969 21.8709
      vertex 40.5 0 21.8824
    endloop
  endfacet
  facet normal -0.0587126 -8.40978e-08 0.998275
    outer loop
      vertex 42.5 42.5 22
      vertex 39.7218 7.90116 21.8366
      vertex 40.305 3.96969 21.8709
    endloop
  endfacet
  facet normal -0.0587154 1.44346e-07 0.998275
    outer loop
      vertex 42.5 42.5 22
      vertex 38.7561 11.7565 21.7798
      vertex 39.7218 7.90116 21.8366
    endloop
  endfacet
  facet normal -0.0587396 3.10323e-06 0.998273
    outer loop
      vertex 42.5 42.5 22
      vertex 37.4171 15.4987 21.701
      vertex 38.7561 11.7565 21.7798
    endloop
  endfacet
  facet normal -0.0587396 3.10163e-06 0.998273
    outer loop
      vertex 42.5 42.5 22
      vertex 35.7178 19.0916 21.601
      vertex 37.4171 15.4987 21.701
    endloop
  endfacet
  facet normal -0.0586934 -1.03341e-05 0.998276
    outer loop
      vertex 42.5 42.5 22
      vertex 33.6745 22.5006 21.4809
      vertex 35.7178 19.0916 21.601
    endloop
  endfacet
  facet normal -0.0587278 4.90372e-06 0.998274
    outer loop
      vertex 42.5 42.5 22
      vertex 31.3069 25.6929 21.3416
      vertex 33.6745 22.5006 21.4809
    endloop
  endfacet
  facet normal -0.0587201 -2.40389e-07 0.998274
    outer loop
      vertex 42.5 42.5 22
      vertex 28.6378 28.6378 21.1846
      vertex 31.3069 25.6929 21.3416
    endloop
  endfacet
  facet normal -0.0587337 1.34407e-05 0.998274
    outer loop
      vertex 42.5 42.5 22
      vertex 25.6929 31.3069 21.0113
      vertex 28.6378 28.6378 21.1846
    endloop
  endfacet
  facet normal -0.0587113 -2.02808e-05 0.998275
    outer loop
      vertex 42.5 42.5 22
      vertex 22.5006 33.6745 20.8236
      vertex 25.6929 31.3069 21.0113
    endloop
  endfacet
  facet normal -0.0587297 2.15557e-05 0.998274
    outer loop
      vertex 42.5 42.5 22
      vertex 19.0916 35.7178 20.623
      vertex 22.5006 33.6745 20.8236
    endloop
  endfacet
  facet normal -0.058718 -1.91168e-05 0.998275
    outer loop
      vertex 42.5 42.5 22
      vertex 15.4987 37.4171 20.4117
      vertex 19.0916 35.7178 20.623
    endloop
  endfacet
  facet normal -0.058719 -1.35718e-05 0.998275
    outer loop
      vertex 42.5 42.5 22
      vertex 11.7565 38.7561 20.1916
      vertex 15.4987 37.4171 20.4117
    endloop
  endfacet
  facet normal -0.0587224 1.42297e-05 0.998274
    outer loop
      vertex 42.5 42.5 22
      vertex 7.90116 39.7218 19.9648
      vertex 11.7565 38.7561 20.1916
    endloop
  endfacet
  facet normal -0.058722 9.30015e-06 0.998274
    outer loop
      vertex 0 42.5 19.5
      vertex 7.90116 39.7218 19.9648
      vertex 42.5 42.5 22
    endloop
  endfacet
  facet normal -0.0587359 -3.02041e-05 0.998274
    outer loop
      vertex 7.90116 39.7218 19.9648
      vertex 0 42.5 19.5
      vertex 3.96969 40.305 19.7335
    endloop
  endfacet
  facet normal -0.0587192 0 0.998275
    outer loop
      vertex 0 42.5 19.5
      vertex 0 40.5 19.5
      vertex 3.96969 40.305 19.7335
    endloop
  endfacet
  facet normal -0.0587192 0 0.998275
    outer loop
      vertex 0 42.5 19.5
      vertex -3.96969 40.305 19.2665
      vertex 0 40.5 19.5
    endloop
  endfacet
  facet normal -0.058711 -1.48468e-05 0.998275
    outer loop
      vertex -4.16573 42.2953 19.255
      vertex -3.96969 40.305 19.2665
      vertex 0 42.5 19.5
    endloop
  endfacet
  facet normal -0.0587289 -1.66163e-05 0.998274
    outer loop
      vertex -4.16573 42.2953 19.255
      vertex -7.90116 39.7218 19.0352
      vertex -3.96969 40.305 19.2665
    endloop
  endfacet
  facet normal -0.0587222 -2.63861e-05 0.998274
    outer loop
      vertex -8.29134 41.6834 19.0123
      vertex -7.90116 39.7218 19.0352
      vertex -4.16573 42.2953 19.255
    endloop
  endfacet
  facet normal -0.0587195 -2.58436e-05 0.998275
    outer loop
      vertex -8.29134 41.6834 19.0123
      vertex -11.7565 38.7561 18.8084
      vertex -7.90116 39.7218 19.0352
    endloop
  endfacet
  facet normal -0.0587188 -2.66457e-05 0.998275
    outer loop
      vertex -12.3371 40.67 18.7743
      vertex -11.7565 38.7561 18.8084
      vertex -8.29134 41.6834 19.0123
    endloop
  endfacet
  facet normal -0.0587061 -2.27628e-05 0.998275
    outer loop
      vertex -12.3371 40.67 18.7743
      vertex -15.4987 37.4171 18.5883
      vertex -11.7565 38.7561 18.8084
    endloop
  endfacet
  facet normal -0.0587204 -8.84272e-06 0.998274
    outer loop
      vertex -16.264 39.2649 18.5433
      vertex -15.4987 37.4171 18.5883
      vertex -12.3371 40.67 18.7743
    endloop
  endfacet
  facet normal -0.0587074 -3.44392e-06 0.998275
    outer loop
      vertex -16.264 39.2649 18.5433
      vertex -19.0916 35.7178 18.377
      vertex -15.4987 37.4171 18.5883
    endloop
  endfacet
  facet normal -0.0587333 1.72725e-05 0.998274
    outer loop
      vertex -20.0344 37.4817 18.3215
      vertex -19.0916 35.7178 18.377
      vertex -16.264 39.2649 18.5433
    endloop
  endfacet
  facet normal -0.0587482 9.28169e-06 0.998273
    outer loop
      vertex -20.0344 37.4817 18.3215
      vertex -22.5006 33.6745 18.1764
      vertex -19.0916 35.7178 18.377
    endloop
  endfacet
  facet normal -0.0587011 -2.1298e-05 0.998276
    outer loop
      vertex -23.6117 35.3375 18.1111
      vertex -22.5006 33.6745 18.1764
      vertex -20.0344 37.4817 18.3215
    endloop
  endfacet
  facet normal -0.0586874 -1.21059e-05 0.998276
    outer loop
      vertex -23.6117 35.3375 18.1111
      vertex -25.6929 31.3069 17.9887
      vertex -22.5006 33.6745 18.1764
    endloop
  endfacet
  facet normal -0.0587488 1.97125e-05 0.998273
    outer loop
      vertex -26.9617 32.8529 17.914
      vertex -25.6929 31.3069 17.9887
      vertex -23.6117 35.3375 18.1111
    endloop
  endfacet
  facet normal -0.0587573 1.26982e-05 0.998272
    outer loop
      vertex -26.9617 32.8529 17.914
      vertex -28.6378 28.6378 17.8154
      vertex -25.6929 31.3069 17.9887
    endloop
  endfacet
  facet normal -0.0587289 1.36597e-06 0.998274
    outer loop
      vertex -30.052 30.052 17.7322
      vertex -28.6378 28.6378 17.8154
      vertex -26.9617 32.8529 17.914
    endloop
  endfacet
  facet normal -0.0587253 4.99431e-06 0.998274
    outer loop
      vertex -30.052 30.052 17.7322
      vertex -31.3069 25.6929 17.6584
      vertex -28.6378 28.6378 17.8154
    endloop
  endfacet
  facet normal -0.0586979 -2.92244e-06 0.998276
    outer loop
      vertex -32.8529 26.9617 17.5675
      vertex -31.3069 25.6929 17.6584
      vertex -30.052 30.052 17.7322
    endloop
  endfacet
  facet normal -0.0587102 -1.79755e-05 0.998275
    outer loop
      vertex -32.8529 26.9617 17.5675
      vertex -33.6745 22.5006 17.5191
      vertex -31.3069 25.6929 17.6584
    endloop
  endfacet
  facet normal -0.0587189 -1.63813e-05 0.998275
    outer loop
      vertex -35.3375 23.6117 17.4213
      vertex -33.6745 22.5006 17.5191
      vertex -32.8529 26.9617 17.5675
    endloop
  endfacet
  facet normal -0.0586989 1.36348e-05 0.998276
    outer loop
      vertex -35.3375 23.6117 17.4213
      vertex -35.7178 19.0916 17.399
      vertex -33.6745 22.5006 17.5191
    endloop
  endfacet
  facet normal -0.0587363 1.6795e-05 0.998274
    outer loop
      vertex -37.4817 20.0344 17.2952
      vertex -35.7178 19.0916 17.399
      vertex -35.3375 23.6117 17.4213
    endloop
  endfacet
  facet normal -0.0587454 -3.3445e-07 0.998273
    outer loop
      vertex -35.7178 19.0916 17.399
      vertex -37.4817 20.0344 17.2952
      vertex -37.4171 15.4987 17.299
    endloop
  endfacet
  facet normal -0.0587252 -4.55306e-08 0.998274
    outer loop
      vertex -39.2649 16.264 17.1903
      vertex -37.4171 15.4987 17.299
      vertex -37.4817 20.0344 17.2952
    endloop
  endfacet
  facet normal -0.0587282 -7.20958e-06 0.998274
    outer loop
      vertex -37.4171 15.4987 17.299
      vertex -39.2649 16.264 17.1903
      vertex -38.7561 11.7565 17.2202
    endloop
  endfacet
  facet normal -0.0587336 -7.8206e-06 0.998274
    outer loop
      vertex -40.67 12.3371 17.1076
      vertex -38.7561 11.7565 17.2202
      vertex -39.2649 16.264 17.1903
    endloop
  endfacet
  facet normal -0.0587301 3.55834e-06 0.998274
    outer loop
      vertex -38.7561 11.7565 17.2202
      vertex -40.67 12.3371 17.1076
      vertex -39.7218 7.90116 17.1634
    endloop
  endfacet
  facet normal -0.0587275 2.31352e-06 0.998274
    outer loop
      vertex -39.7218 7.90116 17.1634
      vertex -41.6834 8.29134 17.048
      vertex -40.305 3.96969 17.1291
    endloop
  endfacet
  facet normal -0.0587272 4.19364e-06 0.998274
    outer loop
      vertex -41.6834 8.29134 17.048
      vertex -39.7218 7.90116 17.1634
      vertex -40.67 12.3371 17.1076
    endloop
  endfacet
  facet normal -0.0587872 -4.18333e-06 0.998271
    outer loop
      vertex 40.305 -3.96969 21.8709
      vertex 42.5 -42.5 22
      vertex 40.5 0 21.8824
    endloop
  endfacet
  facet normal -0.0587126 8.40978e-08 0.998275
    outer loop
      vertex 39.7218 -7.90116 21.8366
      vertex 42.5 -42.5 22
      vertex 40.305 -3.96969 21.8709
    endloop
  endfacet
  facet normal -0.0587154 -1.44346e-07 0.998275
    outer loop
      vertex 38.7561 -11.7565 21.7798
      vertex 42.5 -42.5 22
      vertex 39.7218 -7.90116 21.8366
    endloop
  endfacet
  facet normal -0.0587396 -3.10323e-06 0.998273
    outer loop
      vertex 37.4171 -15.4987 21.701
      vertex 42.5 -42.5 22
      vertex 38.7561 -11.7565 21.7798
    endloop
  endfacet
  facet normal -0.0587396 -3.10163e-06 0.998273
    outer loop
      vertex 35.7178 -19.0916 21.601
      vertex 42.5 -42.5 22
      vertex 37.4171 -15.4987 21.701
    endloop
  endfacet
  facet normal -0.0586934 1.03341e-05 0.998276
    outer loop
      vertex 33.6745 -22.5006 21.4809
      vertex 42.5 -42.5 22
      vertex 35.7178 -19.0916 21.601
    endloop
  endfacet
  facet normal -0.0587278 -4.90372e-06 0.998274
    outer loop
      vertex 31.3069 -25.6929 21.3416
      vertex 42.5 -42.5 22
      vertex 33.6745 -22.5006 21.4809
    endloop
  endfacet
  facet normal -0.0587201 2.40389e-07 0.998274
    outer loop
      vertex 28.6378 -28.6378 21.1846
      vertex 42.5 -42.5 22
      vertex 31.3069 -25.6929 21.3416
    endloop
  endfacet
  facet normal -0.0587337 -1.34407e-05 0.998274
    outer loop
      vertex 25.6929 -31.3069 21.0113
      vertex 42.5 -42.5 22
      vertex 28.6378 -28.6378 21.1846
    endloop
  endfacet
  facet normal -0.0587113 2.02808e-05 0.998275
    outer loop
      vertex 22.5006 -33.6745 20.8236
      vertex 42.5 -42.5 22
      vertex 25.6929 -31.3069 21.0113
    endloop
  endfacet
  facet normal -0.0587297 -2.15557e-05 0.998274
    outer loop
      vertex 19.0916 -35.7178 20.623
      vertex 42.5 -42.5 22
      vertex 22.5006 -33.6745 20.8236
    endloop
  endfacet
  facet normal -0.058718 1.91168e-05 0.998275
    outer loop
      vertex 15.4987 -37.4171 20.4117
      vertex 42.5 -42.5 22
      vertex 19.0916 -35.7178 20.623
    endloop
  endfacet
  facet normal -0.058719 1.35718e-05 0.998275
    outer loop
      vertex 11.7565 -38.7561 20.1916
      vertex 42.5 -42.5 22
      vertex 15.4987 -37.4171 20.4117
    endloop
  endfacet
  facet normal -0.0587224 -1.42297e-05 0.998274
    outer loop
      vertex 7.90116 -39.7218 19.9648
      vertex 42.5 -42.5 22
      vertex 11.7565 -38.7561 20.1916
    endloop
  endfacet
  facet normal -0.0587359 3.02041e-05 0.998274
    outer loop
      vertex 0 -42.5 19.5
      vertex 7.90116 -39.7218 19.9648
      vertex 3.96969 -40.305 19.7335
    endloop
  endfacet
  facet normal -0.0587192 0 0.998275
    outer loop
      vertex 0 -42.5 19.5
      vertex 3.96969 -40.305 19.7335
      vertex 0 -40.5 19.5
    endloop
  endfacet
  facet normal -0.058722 -9.30015e-06 0.998274
    outer loop
      vertex 7.90116 -39.7218 19.9648
      vertex 0 -42.5 19.5
      vertex 42.5 -42.5 22
    endloop
  endfacet
  facet normal -0.0587192 0 0.998275
    outer loop
      vertex -3.96969 -40.305 19.2665
      vertex 0 -42.5 19.5
      vertex 0 -40.5 19.5
    endloop
  endfacet
  facet normal -0.058711 1.48468e-05 0.998275
    outer loop
      vertex -3.96969 -40.305 19.2665
      vertex -4.16573 -42.2953 19.255
      vertex 0 -42.5 19.5
    endloop
  endfacet
  facet normal -0.0587289 1.66163e-05 0.998274
    outer loop
      vertex -7.90116 -39.7218 19.0352
      vertex -4.16573 -42.2953 19.255
      vertex -3.96969 -40.305 19.2665
    endloop
  endfacet
  facet normal -0.0587222 2.63861e-05 0.998274
    outer loop
      vertex -7.90116 -39.7218 19.0352
      vertex -8.29134 -41.6834 19.0123
      vertex -4.16573 -42.2953 19.255
    endloop
  endfacet
  facet normal -0.0587195 2.58436e-05 0.998275
    outer loop
      vertex -11.7565 -38.7561 18.8084
      vertex -8.29134 -41.6834 19.0123
      vertex -7.90116 -39.7218 19.0352
    endloop
  endfacet
  facet normal -0.0587188 2.66457e-05 0.998275
    outer loop
      vertex -11.7565 -38.7561 18.8084
      vertex -12.3371 -40.67 18.7743
      vertex -8.29134 -41.6834 19.0123
    endloop
  endfacet
  facet normal -0.0587061 2.27628e-05 0.998275
    outer loop
      vertex -15.4987 -37.4171 18.5883
      vertex -12.3371 -40.67 18.7743
      vertex -11.7565 -38.7561 18.8084
    endloop
  endfacet
  facet normal -0.0587204 8.84272e-06 0.998274
    outer loop
      vertex -15.4987 -37.4171 18.5883
      vertex -16.264 -39.2649 18.5433
      vertex -12.3371 -40.67 18.7743
    endloop
  endfacet
  facet normal -0.0587074 3.44392e-06 0.998275
    outer loop
      vertex -19.0916 -35.7178 18.377
      vertex -16.264 -39.2649 18.5433
      vertex -15.4987 -37.4171 18.5883
    endloop
  endfacet
  facet normal -0.0587333 -1.72725e-05 0.998274
    outer loop
      vertex -19.0916 -35.7178 18.377
      vertex -20.0344 -37.4817 18.3215
      vertex -16.264 -39.2649 18.5433
    endloop
  endfacet
  facet normal -0.0587482 -9.28169e-06 0.998273
    outer loop
      vertex -22.5006 -33.6745 18.1764
      vertex -20.0344 -37.4817 18.3215
      vertex -19.0916 -35.7178 18.377
    endloop
  endfacet
  facet normal -0.0587011 2.1298e-05 0.998276
    outer loop
      vertex -22.5006 -33.6745 18.1764
      vertex -23.6117 -35.3375 18.1111
      vertex -20.0344 -37.4817 18.3215
    endloop
  endfacet
  facet normal -0.0586874 1.21059e-05 0.998276
    outer loop
      vertex -25.6929 -31.3069 17.9887
      vertex -23.6117 -35.3375 18.1111
      vertex -22.5006 -33.6745 18.1764
    endloop
  endfacet
  facet normal -0.0587488 -1.97125e-05 0.998273
    outer loop
      vertex -25.6929 -31.3069 17.9887
      vertex -26.9617 -32.8529 17.914
      vertex -23.6117 -35.3375 18.1111
    endloop
  endfacet
  facet normal -0.0587573 -1.26982e-05 0.998272
    outer loop
      vertex -28.6378 -28.6378 17.8154
      vertex -26.9617 -32.8529 17.914
      vertex -25.6929 -31.3069 17.9887
    endloop
  endfacet
  facet normal -0.0587289 -1.36597e-06 0.998274
    outer loop
      vertex -28.6378 -28.6378 17.8154
      vertex -30.052 -30.052 17.7322
      vertex -26.9617 -32.8529 17.914
    endloop
  endfacet
  facet normal -0.0587253 -4.99431e-06 0.998274
    outer loop
      vertex -31.3069 -25.6929 17.6584
      vertex -30.052 -30.052 17.7322
      vertex -28.6378 -28.6378 17.8154
    endloop
  endfacet
  facet normal -0.0586979 2.92244e-06 0.998276
    outer loop
      vertex -31.3069 -25.6929 17.6584
      vertex -32.8529 -26.9617 17.5675
      vertex -30.052 -30.052 17.7322
    endloop
  endfacet
  facet normal -0.0587102 1.79755e-05 0.998275
    outer loop
      vertex -33.6745 -22.5006 17.5191
      vertex -32.8529 -26.9617 17.5675
      vertex -31.3069 -25.6929 17.6584
    endloop
  endfacet
  facet normal -0.0587189 1.63813e-05 0.998275
    outer loop
      vertex -33.6745 -22.5006 17.5191
      vertex -35.3375 -23.6117 17.4213
      vertex -32.8529 -26.9617 17.5675
    endloop
  endfacet
  facet normal -0.0586989 -1.36348e-05 0.998276
    outer loop
      vertex -35.7178 -19.0916 17.399
      vertex -35.3375 -23.6117 17.4213
      vertex -33.6745 -22.5006 17.5191
    endloop
  endfacet
  facet normal -0.0587454 3.3445e-07 0.998273
    outer loop
      vertex -37.4817 -20.0344 17.2952
      vertex -35.7178 -19.0916 17.399
      vertex -37.4171 -15.4987 17.299
    endloop
  endfacet
  facet normal -0.0587363 -1.6795e-05 0.998274
    outer loop
      vertex -35.7178 -19.0916 17.399
      vertex -37.4817 -20.0344 17.2952
      vertex -35.3375 -23.6117 17.4213
    endloop
  endfacet
  facet normal -0.0587282 7.20958e-06 0.998274
    outer loop
      vertex -39.2649 -16.264 17.1903
      vertex -37.4171 -15.4987 17.299
      vertex -38.7561 -11.7565 17.2202
    endloop
  endfacet
  facet normal -0.0587252 4.55306e-08 0.998274
    outer loop
      vertex -37.4171 -15.4987 17.299
      vertex -39.2649 -16.264 17.1903
      vertex -37.4817 -20.0344 17.2952
    endloop
  endfacet
  facet normal -0.0587301 -3.55834e-06 0.998274
    outer loop
      vertex -40.67 -12.3371 17.1076
      vertex -38.7561 -11.7565 17.2202
      vertex -39.7218 -7.90116 17.1634
    endloop
  endfacet
  facet normal -0.0587275 -2.31352e-06 0.998274
    outer loop
      vertex -41.6834 -8.29134 17.048
      vertex -39.7218 -7.90116 17.1634
      vertex -40.305 -3.96969 17.1291
    endloop
  endfacet
  facet normal -0.0587336 7.8206e-06 0.998274
    outer loop
      vertex -38.7561 -11.7565 17.2202
      vertex -40.67 -12.3371 17.1076
      vertex -39.2649 -16.264 17.1903
    endloop
  endfacet
  facet normal -0.0587344 6.78375e-06 0.998274
    outer loop
      vertex -42.2953 -4.16573 17.012
      vertex -40.305 -3.96969 17.1291
      vertex -40.5 0 17.1176
    endloop
  endfacet
  facet normal -0.0587338 3.22327e-07 0.998274
    outer loop
      vertex -42.2953 4.16573 17.012
      vertex -40.305 3.96969 17.1291
      vertex -41.6834 8.29134 17.048
    endloop
  endfacet
  facet normal -0.0587344 -6.78375e-06 0.998274
    outer loop
      vertex -40.305 3.96969 17.1291
      vertex -42.2953 4.16573 17.012
      vertex -40.5 0 17.1176
    endloop
  endfacet
  facet normal -0.0587272 -4.19364e-06 0.998274
    outer loop
      vertex -39.7218 -7.90116 17.1634
      vertex -41.6834 -8.29134 17.048
      vertex -40.67 -12.3371 17.1076
    endloop
  endfacet
  facet normal -0.0586986 8.71331e-06 0.998276
    outer loop
      vertex -42.5 0 17
      vertex -40.5 0 17.1176
      vertex -42.2953 4.16573 17.012
    endloop
  endfacet
  facet normal -0.0587338 -3.22327e-07 0.998274
    outer loop
      vertex -40.305 -3.96969 17.1291
      vertex -42.2953 -4.16573 17.012
      vertex -41.6834 -8.29134 17.048
    endloop
  endfacet
  facet normal -0.0586986 -8.71331e-06 0.998276
    outer loop
      vertex -40.5 0 17.1176
      vertex -42.5 0 17
      vertex -42.2953 -4.16573 17.012
    endloop
  endfacet
  facet normal 0.998795 -0.0490757 0
    outer loop
      vertex 41.9 0 16
      vertex 42.0859 3.78346 6
      vertex 42.0859 3.78346 16
    endloop
  endfacet
  facet normal 0.998795 -0.0490757 0
    outer loop
      vertex 42.0859 3.78346 6
      vertex 41.9 0 16
      vertex 41.9 0 6
    endloop
  endfacet
  facet normal 0.740944 -0.671567 0
    outer loop
      vertex 50.6618 24.4876 16
      vertex 53.2057 27.2943 6
      vertex 53.2057 27.2943 16
    endloop
  endfacet
  facet normal 0.740944 -0.671567 0
    outer loop
      vertex 53.2057 27.2943 6
      vertex 50.6618 24.4876 16
      vertex 50.6618 24.4876 6
    endloop
  endfacet
  facet normal 0.427561 -0.903987 0
    outer loop
      vertex 62.3041 34.0422 6
      vertex 65.7284 35.6618 16
      vertex 62.3041 34.0422 16
    endloop
  endfacet
  facet normal 0.427561 -0.903987 0
    outer loop
      vertex 65.7284 35.6618 16
      vertex 62.3041 34.0422 6
      vertex 65.7284 35.6618 6
    endloop
  endfacet
  facet normal 0.903987 -0.427561 0
    outer loop
      vertex 44.8382 14.7716 16
      vertex 46.4578 18.1959 6
      vertex 46.4578 18.1959 16
    endloop
  endfacet
  facet normal 0.903987 -0.427561 0
    outer loop
      vertex 46.4578 18.1959 6
      vertex 44.8382 14.7716 16
      vertex 44.8382 14.7716 6
    endloop
  endfacet
  facet normal 0.857721 -0.514115 0
    outer loop
      vertex 46.4578 18.1959 16
      vertex 48.4053 21.445 6
      vertex 48.4053 21.445 16
    endloop
  endfacet
  facet normal 0.857721 -0.514115 0
    outer loop
      vertex 48.4053 21.445 6
      vertex 46.4578 18.1959 16
      vertex 46.4578 18.1959 6
    endloop
  endfacet
  facet normal 0.989177 -0.146725 0
    outer loop
      vertex 42.0859 3.78346 16
      vertex 42.6417 7.53049 6
      vertex 42.6417 7.53049 16
    endloop
  endfacet
  facet normal 0.989177 -0.146725 0
    outer loop
      vertex 42.6417 7.53049 6
      vertex 42.0859 3.78346 16
      vertex 42.0859 3.78346 6
    endloop
  endfacet
  facet normal 0.941548 -0.336878 0
    outer loop
      vertex 43.5621 11.205 16
      vertex 44.8382 14.7716 6
      vertex 44.8382 14.7716 16
    endloop
  endfacet
  facet normal 0.941548 -0.336878 0
    outer loop
      vertex 44.8382 14.7716 6
      vertex 43.5621 11.205 16
      vertex 43.5621 11.205 6
    endloop
  endfacet
  facet normal 0 0 -1
    outer loop
      vertex 69.295 -36.9379 16
      vertex 70.9 -34.6628 16
      vertex 70.9 -37.3399 16
    endloop
  endfacet
  facet normal -0 0 -1
    outer loop
      vertex 70.9 -34.6628 16
      vertex 69.295 -36.9379 16
      vertex 70.0498 -34.4499 16
    endloop
  endfacet
  facet normal 0 0 -1
    outer loop
      vertex 69.295 -36.9379 16
      vertex 66.7234 -33.2597 16
      vertex 70.0498 -34.4499 16
    endloop
  endfacet
  facet normal 0 0 -1
    outer loop
      vertex 65.7284 -35.6618 16
      vertex 66.7234 -33.2597 16
      vertex 69.295 -36.9379 16
    endloop
  endfacet
  facet normal 0 0 -1
    outer loop
      vertex 65.7284 -35.6618 16
      vertex 63.5297 -31.7492 16
      vertex 66.7234 -33.2597 16
    endloop
  endfacet
  facet normal 0 0 -1
    outer loop
      vertex 62.3041 -34.0422 16
      vertex 63.5297 -31.7492 16
      vertex 65.7284 -35.6618 16
    endloop
  endfacet
  facet normal 0 0 -1
    outer loop
      vertex 62.3041 -34.0422 16
      vertex 60.4995 -29.9329 16
      vertex 63.5297 -31.7492 16
    endloop
  endfacet
  facet normal 0 0 -1
    outer loop
      vertex 59.055 -32.0947 16
      vertex 60.4995 -29.9329 16
      vertex 62.3041 -34.0422 16
    endloop
  endfacet
  facet normal 0 0 -1
    outer loop
      vertex 59.055 -32.0947 16
      vertex 57.6618 -27.8284 16
      vertex 60.4995 -29.9329 16
    endloop
  endfacet
  facet normal 0 0 -1
    outer loop
      vertex 56.0124 -29.8382 16
      vertex 57.6618 -27.8284 16
      vertex 59.055 -32.0947 16
    endloop
  endfacet
  facet normal 0 0 -1
    outer loop
      vertex 56.0124 -29.8382 16
      vertex 55.0442 -25.4558 16
      vertex 57.6618 -27.8284 16
    endloop
  endfacet
  facet normal 0 0 -1
    outer loop
      vertex 53.2057 -27.2943 16
      vertex 55.0442 -25.4558 16
      vertex 56.0124 -29.8382 16
    endloop
  endfacet
  facet normal 0 0 -1
    outer loop
      vertex 53.2057 -27.2943 16
      vertex 52.6716 -22.8382 16
      vertex 55.0442 -25.4558 16
    endloop
  endfacet
  facet normal 0 0 -1
    outer loop
      vertex 50.6618 -24.4876 16
      vertex 52.6716 -22.8382 16
      vertex 53.2057 -27.2943 16
    endloop
  endfacet
  facet normal 0 0 -1
    outer loop
      vertex 50.6618 -24.4876 16
      vertex 50.5671 -20.0005 16
      vertex 52.6716 -22.8382 16
    endloop
  endfacet
  facet normal 0 0 -1
    outer loop
      vertex 48.4053 -21.445 16
      vertex 50.5671 -20.0005 16
      vertex 50.6618 -24.4876 16
    endloop
  endfacet
  facet normal -0 0 -1
    outer loop
      vertex 50.5671 -20.0005 16
      vertex 48.4053 -21.445 16
      vertex 48.7508 -16.9703 16
    endloop
  endfacet
  facet normal 0 0 -1
    outer loop
      vertex 46.4578 -18.1959 16
      vertex 48.7508 -16.9703 16
      vertex 48.4053 -21.445 16
    endloop
  endfacet
  facet normal -0 0 -1
    outer loop
      vertex 48.7508 -16.9703 16
      vertex 46.4578 -18.1959 16
      vertex 47.2403 -13.7766 16
    endloop
  endfacet
  facet normal 0 0 -1
    outer loop
      vertex 44.8382 -14.7716 16
      vertex 47.2403 -13.7766 16
      vertex 46.4578 -18.1959 16
    endloop
  endfacet
  facet normal -0 0 -1
    outer loop
      vertex 47.2403 -13.7766 16
      vertex 44.8382 -14.7716 16
      vertex 46.0501 -10.4502 16
    endloop
  endfacet
  facet normal 0 0 -1
    outer loop
      vertex 43.5621 -11.205 16
      vertex 46.0501 -10.4502 16
      vertex 44.8382 -14.7716 16
    endloop
  endfacet
  facet normal -0 0 -1
    outer loop
      vertex 46.0501 -10.4502 16
      vertex 43.5621 -11.205 16
      vertex 45.1917 -7.02325 16
    endloop
  endfacet
  facet normal 0 0 -1
    outer loop
      vertex 42.6417 -7.53049 16
      vertex 45.1917 -7.02325 16
      vertex 43.5621 -11.205 16
    endloop
  endfacet
  facet normal -0 0 -1
    outer loop
      vertex 45.1917 -7.02325 16
      vertex 42.6417 -7.53049 16
      vertex 44.6734 -3.52862 16
    endloop
  endfacet
  facet normal 0 0 -1
    outer loop
      vertex 69.295 36.9379 16
      vertex 70.9 34.6628 16
      vertex 70.0498 34.4499 16
    endloop
  endfacet
  facet normal 0 0 -1
    outer loop
      vertex 70.9 34.6628 16
      vertex 69.295 36.9379 16
      vertex 70.9 37.3399 16
    endloop
  endfacet
  facet normal 0 0 -1
    outer loop
      vertex 66.7234 33.2597 16
      vertex 69.295 36.9379 16
      vertex 70.0498 34.4499 16
    endloop
  endfacet
  facet normal 0 0 -1
    outer loop
      vertex 66.7234 33.2597 16
      vertex 65.7284 35.6618 16
      vertex 69.295 36.9379 16
    endloop
  endfacet
  facet normal 0 0 -1
    outer loop
      vertex 63.5297 31.7492 16
      vertex 65.7284 35.6618 16
      vertex 66.7234 33.2597 16
    endloop
  endfacet
  facet normal 0 0 -1
    outer loop
      vertex 63.5297 31.7492 16
      vertex 62.3041 34.0422 16
      vertex 65.7284 35.6618 16
    endloop
  endfacet
  facet normal 0 0 -1
    outer loop
      vertex 60.4995 29.9329 16
      vertex 62.3041 34.0422 16
      vertex 63.5297 31.7492 16
    endloop
  endfacet
  facet normal 0 0 -1
    outer loop
      vertex 60.4995 29.9329 16
      vertex 59.055 32.0947 16
      vertex 62.3041 34.0422 16
    endloop
  endfacet
  facet normal 0 0 -1
    outer loop
      vertex 57.6618 27.8284 16
      vertex 59.055 32.0947 16
      vertex 60.4995 29.9329 16
    endloop
  endfacet
  facet normal 0 0 -1
    outer loop
      vertex 57.6618 27.8284 16
      vertex 56.0124 29.8382 16
      vertex 59.055 32.0947 16
    endloop
  endfacet
  facet normal 0 0 -1
    outer loop
      vertex 55.0442 25.4558 16
      vertex 56.0124 29.8382 16
      vertex 57.6618 27.8284 16
    endloop
  endfacet
  facet normal 0 0 -1
    outer loop
      vertex 55.0442 25.4558 16
      vertex 53.2057 27.2943 16
      vertex 56.0124 29.8382 16
    endloop
  endfacet
  facet normal 0 0 -1
    outer loop
      vertex 52.6716 22.8382 16
      vertex 53.2057 27.2943 16
      vertex 55.0442 25.4558 16
    endloop
  endfacet
  facet normal 0 0 -1
    outer loop
      vertex 52.6716 22.8382 16
      vertex 50.6618 24.4876 16
      vertex 53.2057 27.2943 16
    endloop
  endfacet
  facet normal 0 0 -1
    outer loop
      vertex 50.5671 20.0005 16
      vertex 50.6618 24.4876 16
      vertex 52.6716 22.8382 16
    endloop
  endfacet
  facet normal 0 0 -1
    outer loop
      vertex 48.4053 21.445 16
      vertex 50.5671 20.0005 16
      vertex 48.7508 16.9703 16
    endloop
  endfacet
  facet normal 0 0 -1
    outer loop
      vertex 50.5671 20.0005 16
      vertex 48.4053 21.445 16
      vertex 50.6618 24.4876 16
    endloop
  endfacet
  facet normal 0 0 -1
    outer loop
      vertex 46.4578 18.1959 16
      vertex 48.7508 16.9703 16
      vertex 47.2403 13.7766 16
    endloop
  endfacet
  facet normal 0 0 -1
    outer loop
      vertex 48.7508 16.9703 16
      vertex 46.4578 18.1959 16
      vertex 48.4053 21.445 16
    endloop
  endfacet
  facet normal 0 0 -1
    outer loop
      vertex 44.8382 14.7716 16
      vertex 47.2403 13.7766 16
      vertex 46.0501 10.4502 16
    endloop
  endfacet
  facet normal 0 0 -1
    outer loop
      vertex 43.5621 11.205 16
      vertex 46.0501 10.4502 16
      vertex 45.1917 7.02325 16
    endloop
  endfacet
  facet normal 0 0 -1
    outer loop
      vertex 47.2403 13.7766 16
      vertex 44.8382 14.7716 16
      vertex 46.4578 18.1959 16
    endloop
  endfacet
  facet normal 0 0 -1
    outer loop
      vertex 42.6417 7.53049 16
      vertex 45.1917 7.02325 16
      vertex 44.6734 3.52862 16
    endloop
  endfacet
  facet normal 0 0 -1
    outer loop
      vertex 42.0859 3.78346 16
      vertex 44.6734 3.52862 16
      vertex 44.5 0 16
    endloop
  endfacet
  facet normal 0 0 -1
    outer loop
      vertex 42.0859 -3.78346 16
      vertex 44.6734 -3.52862 16
      vertex 42.6417 -7.53049 16
    endloop
  endfacet
  facet normal 0 0 -1
    outer loop
      vertex 46.0501 10.4502 16
      vertex 43.5621 11.205 16
      vertex 44.8382 14.7716 16
    endloop
  endfacet
  facet normal -0 0 -1
    outer loop
      vertex 44.6734 -3.52862 16
      vertex 42.0859 -3.78346 16
      vertex 44.5 0 16
    endloop
  endfacet
  facet normal 0 0 -1
    outer loop
      vertex 45.1917 7.02325 16
      vertex 42.6417 7.53049 16
      vertex 43.5621 11.205 16
    endloop
  endfacet
  facet normal 0 0 -1
    outer loop
      vertex 41.9 0 16
      vertex 44.5 0 16
      vertex 42.0859 -3.78346 16
    endloop
  endfacet
  facet normal 0 0 -1
    outer loop
      vertex 44.6734 3.52862 16
      vertex 42.0859 3.78346 16
      vertex 42.6417 7.53049 16
    endloop
  endfacet
  facet normal 0 0 -1
    outer loop
      vertex 44.5 0 16
      vertex 41.9 0 16
      vertex 42.0859 3.78346 16
    endloop
  endfacet
  facet normal 0.514115 -0.857721 0
    outer loop
      vertex 59.055 32.0947 6
      vertex 62.3041 34.0422 16
      vertex 59.055 32.0947 16
    endloop
  endfacet
  facet normal 0.514115 -0.857721 0
    outer loop
      vertex 62.3041 34.0422 16
      vertex 59.055 32.0947 6
      vertex 62.3041 34.0422 6
    endloop
  endfacet
  facet normal 0.595691 -0.803213 0
    outer loop
      vertex 56.0124 29.8382 6
      vertex 59.055 32.0947 16
      vertex 56.0124 29.8382 16
    endloop
  endfacet
  facet normal 0.595691 -0.803213 0
    outer loop
      vertex 59.055 32.0947 16
      vertex 56.0124 29.8382 6
      vertex 59.055 32.0947 6
    endloop
  endfacet
  facet normal 0.242962 -0.970036 0
    outer loop
      vertex 69.295 36.9379 6
      vertex 70.9 37.3399 16
      vertex 69.295 36.9379 16
    endloop
  endfacet
  facet normal 0.242962 -0.970036 0
    outer loop
      vertex 70.9 37.3399 16
      vertex 69.295 36.9379 6
      vertex 70.9 37.3399 6
    endloop
  endfacet
  facet normal 0.740944 0.671567 0
    outer loop
      vertex 53.2057 -27.2943 16
      vertex 50.6618 -24.4876 6
      vertex 50.6618 -24.4876 16
    endloop
  endfacet
  facet normal 0.740944 0.671567 0
    outer loop
      vertex 50.6618 -24.4876 6
      vertex 53.2057 -27.2943 16
      vertex 53.2057 -27.2943 6
    endloop
  endfacet
  facet normal 0.941548 0.336878 0
    outer loop
      vertex 44.8382 -14.7716 16
      vertex 43.5621 -11.205 6
      vertex 43.5621 -11.205 16
    endloop
  endfacet
  facet normal 0.941548 0.336878 0
    outer loop
      vertex 43.5621 -11.205 6
      vertex 44.8382 -14.7716 16
      vertex 44.8382 -14.7716 6
    endloop
  endfacet
  facet normal 0.803213 -0.595691 0
    outer loop
      vertex 48.4053 21.445 16
      vertex 50.6618 24.4876 6
      vertex 50.6618 24.4876 16
    endloop
  endfacet
  facet normal 0.803213 -0.595691 0
    outer loop
      vertex 50.6618 24.4876 6
      vertex 48.4053 21.445 16
      vertex 48.4053 21.445 6
    endloop
  endfacet
  facet normal 0.970032 -0.242976 0
    outer loop
      vertex 42.6417 7.53049 16
      vertex 43.5621 11.205 6
      vertex 43.5621 11.205 16
    endloop
  endfacet
  facet normal 0.970032 -0.242976 0
    outer loop
      vertex 43.5621 11.205 6
      vertex 42.6417 7.53049 16
      vertex 42.6417 7.53049 6
    endloop
  endfacet
  facet normal 0.671567 -0.740944 0
    outer loop
      vertex 53.2057 27.2943 6
      vertex 56.0124 29.8382 16
      vertex 53.2057 27.2943 16
    endloop
  endfacet
  facet normal 0.671567 -0.740944 0
    outer loop
      vertex 56.0124 29.8382 16
      vertex 53.2057 27.2943 6
      vertex 56.0124 29.8382 6
    endloop
  endfacet
  facet normal 0.336878 -0.941548 0
    outer loop
      vertex 65.7284 35.6618 6
      vertex 69.295 36.9379 16
      vertex 65.7284 35.6618 16
    endloop
  endfacet
  facet normal 0.336878 -0.941548 0
    outer loop
      vertex 69.295 36.9379 16
      vertex 65.7284 35.6618 6
      vertex 69.295 36.9379 6
    endloop
  endfacet
  facet normal 0.336878 0.941548 -0
    outer loop
      vertex 69.295 -36.9379 6
      vertex 65.7284 -35.6618 16
      vertex 69.295 -36.9379 16
    endloop
  endfacet
  facet normal 0.336878 0.941548 0
    outer loop
      vertex 65.7284 -35.6618 16
      vertex 69.295 -36.9379 6
      vertex 65.7284 -35.6618 6
    endloop
  endfacet
  facet normal 0.970032 0.242976 0
    outer loop
      vertex 43.5621 -11.205 16
      vertex 42.6417 -7.53049 6
      vertex 42.6417 -7.53049 16
    endloop
  endfacet
  facet normal 0.970032 0.242976 0
    outer loop
      vertex 42.6417 -7.53049 6
      vertex 43.5621 -11.205 16
      vertex 43.5621 -11.205 6
    endloop
  endfacet
  facet normal -0 0 1
    outer loop
      vertex 69.295 36.9379 6
      vertex 70.9 34.6628 6
      vertex 70.9 37.3399 6
    endloop
  endfacet
  facet normal 0 0 1
    outer loop
      vertex 70.9 34.6628 6
      vertex 69.295 36.9379 6
      vertex 70.0498 34.4499 6
    endloop
  endfacet
  facet normal 0 0 1
    outer loop
      vertex 69.295 36.9379 6
      vertex 66.7234 33.2597 6
      vertex 70.0498 34.4499 6
    endloop
  endfacet
  facet normal -0 0 1
    outer loop
      vertex 65.7284 35.6618 6
      vertex 66.7234 33.2597 6
      vertex 69.295 36.9379 6
    endloop
  endfacet
  facet normal 0 0 1
    outer loop
      vertex 65.7284 35.6618 6
      vertex 63.5297 31.7492 6
      vertex 66.7234 33.2597 6
    endloop
  endfacet
  facet normal -0 0 1
    outer loop
      vertex 62.3041 34.0422 6
      vertex 63.5297 31.7492 6
      vertex 65.7284 35.6618 6
    endloop
  endfacet
  facet normal 0 0 1
    outer loop
      vertex 62.3041 34.0422 6
      vertex 60.4995 29.9329 6
      vertex 63.5297 31.7492 6
    endloop
  endfacet
  facet normal -0 0 1
    outer loop
      vertex 59.055 32.0947 6
      vertex 60.4995 29.9329 6
      vertex 62.3041 34.0422 6
    endloop
  endfacet
  facet normal 0 0 1
    outer loop
      vertex 59.055 32.0947 6
      vertex 57.6618 27.8284 6
      vertex 60.4995 29.9329 6
    endloop
  endfacet
  facet normal -0 0 1
    outer loop
      vertex 56.0124 29.8382 6
      vertex 57.6618 27.8284 6
      vertex 59.055 32.0947 6
    endloop
  endfacet
  facet normal 0 0 1
    outer loop
      vertex 56.0124 29.8382 6
      vertex 55.0442 25.4558 6
      vertex 57.6618 27.8284 6
    endloop
  endfacet
  facet normal -0 0 1
    outer loop
      vertex 53.2057 27.2943 6
      vertex 55.0442 25.4558 6
      vertex 56.0124 29.8382 6
    endloop
  endfacet
  facet normal 0 0 1
    outer loop
      vertex 53.2057 27.2943 6
      vertex 52.6716 22.8382 6
      vertex 55.0442 25.4558 6
    endloop
  endfacet
  facet normal -0 0 1
    outer loop
      vertex 50.6618 24.4876 6
      vertex 52.6716 22.8382 6
      vertex 53.2057 27.2943 6
    endloop
  endfacet
  facet normal 0 0 1
    outer loop
      vertex 50.6618 24.4876 6
      vertex 50.5671 20.0005 6
      vertex 52.6716 22.8382 6
    endloop
  endfacet
  facet normal -0 0 1
    outer loop
      vertex 48.4053 21.445 6
      vertex 50.5671 20.0005 6
      vertex 50.6618 24.4876 6
    endloop
  endfacet
  facet normal 0 0 1
    outer loop
      vertex 50.5671 20.0005 6
      vertex 48.4053 21.445 6
      vertex 48.7508 16.9703 6
    endloop
  endfacet
  facet normal -0 0 1
    outer loop
      vertex 46.4578 18.1959 6
      vertex 48.7508 16.9703 6
      vertex 48.4053 21.445 6
    endloop
  endfacet
  facet normal 0 0 1
    outer loop
      vertex 48.7508 16.9703 6
      vertex 46.4578 18.1959 6
      vertex 47.2403 13.7766 6
    endloop
  endfacet
  facet normal -0 0 1
    outer loop
      vertex 44.8382 14.7716 6
      vertex 47.2403 13.7766 6
      vertex 46.4578 18.1959 6
    endloop
  endfacet
  facet normal 0 0 1
    outer loop
      vertex 47.2403 13.7766 6
      vertex 44.8382 14.7716 6
      vertex 46.0501 10.4502 6
    endloop
  endfacet
  facet normal -0 0 1
    outer loop
      vertex 43.5621 11.205 6
      vertex 46.0501 10.4502 6
      vertex 44.8382 14.7716 6
    endloop
  endfacet
  facet normal 0 0 1
    outer loop
      vertex 46.0501 10.4502 6
      vertex 43.5621 11.205 6
      vertex 45.1917 7.02325 6
    endloop
  endfacet
  facet normal -0 0 1
    outer loop
      vertex 42.6417 7.53049 6
      vertex 45.1917 7.02325 6
      vertex 43.5621 11.205 6
    endloop
  endfacet
  facet normal 0 0 1
    outer loop
      vertex 45.1917 7.02325 6
      vertex 42.6417 7.53049 6
      vertex 44.6734 3.52862 6
    endloop
  endfacet
  facet normal 0 0 1
    outer loop
      vertex 69.295 -36.9379 6
      vertex 70.9 -34.6628 6
      vertex 70.0498 -34.4499 6
    endloop
  endfacet
  facet normal 0 0 1
    outer loop
      vertex 70.9 -34.6628 6
      vertex 69.295 -36.9379 6
      vertex 70.9 -37.3399 6
    endloop
  endfacet
  facet normal 0 0 1
    outer loop
      vertex 66.7234 -33.2597 6
      vertex 69.295 -36.9379 6
      vertex 70.0498 -34.4499 6
    endloop
  endfacet
  facet normal 0 0 1
    outer loop
      vertex 66.7234 -33.2597 6
      vertex 65.7284 -35.6618 6
      vertex 69.295 -36.9379 6
    endloop
  endfacet
  facet normal 0 0 1
    outer loop
      vertex 63.5297 -31.7492 6
      vertex 65.7284 -35.6618 6
      vertex 66.7234 -33.2597 6
    endloop
  endfacet
  facet normal 0 0 1
    outer loop
      vertex 63.5297 -31.7492 6
      vertex 62.3041 -34.0422 6
      vertex 65.7284 -35.6618 6
    endloop
  endfacet
  facet normal 0 0 1
    outer loop
      vertex 60.4995 -29.9329 6
      vertex 62.3041 -34.0422 6
      vertex 63.5297 -31.7492 6
    endloop
  endfacet
  facet normal 0 0 1
    outer loop
      vertex 60.4995 -29.9329 6
      vertex 59.055 -32.0947 6
      vertex 62.3041 -34.0422 6
    endloop
  endfacet
  facet normal 0 0 1
    outer loop
      vertex 57.6618 -27.8284 6
      vertex 59.055 -32.0947 6
      vertex 60.4995 -29.9329 6
    endloop
  endfacet
  facet normal 0 0 1
    outer loop
      vertex 57.6618 -27.8284 6
      vertex 56.0124 -29.8382 6
      vertex 59.055 -32.0947 6
    endloop
  endfacet
  facet normal 0 0 1
    outer loop
      vertex 55.0442 -25.4558 6
      vertex 56.0124 -29.8382 6
      vertex 57.6618 -27.8284 6
    endloop
  endfacet
  facet normal 0 0 1
    outer loop
      vertex 55.0442 -25.4558 6
      vertex 53.2057 -27.2943 6
      vertex 56.0124 -29.8382 6
    endloop
  endfacet
  facet normal 0 0 1
    outer loop
      vertex 52.6716 -22.8382 6
      vertex 53.2057 -27.2943 6
      vertex 55.0442 -25.4558 6
    endloop
  endfacet
  facet normal 0 0 1
    outer loop
      vertex 52.6716 -22.8382 6
      vertex 50.6618 -24.4876 6
      vertex 53.2057 -27.2943 6
    endloop
  endfacet
  facet normal 0 0 1
    outer loop
      vertex 50.5671 -20.0005 6
      vertex 50.6618 -24.4876 6
      vertex 52.6716 -22.8382 6
    endloop
  endfacet
  facet normal 0 0 1
    outer loop
      vertex 48.4053 -21.445 6
      vertex 50.5671 -20.0005 6
      vertex 48.7508 -16.9703 6
    endloop
  endfacet
  facet normal 0 0 1
    outer loop
      vertex 50.5671 -20.0005 6
      vertex 48.4053 -21.445 6
      vertex 50.6618 -24.4876 6
    endloop
  endfacet
  facet normal 0 0 1
    outer loop
      vertex 46.4578 -18.1959 6
      vertex 48.7508 -16.9703 6
      vertex 47.2403 -13.7766 6
    endloop
  endfacet
  facet normal 0 0 1
    outer loop
      vertex 48.7508 -16.9703 6
      vertex 46.4578 -18.1959 6
      vertex 48.4053 -21.445 6
    endloop
  endfacet
  facet normal 0 0 1
    outer loop
      vertex 44.8382 -14.7716 6
      vertex 47.2403 -13.7766 6
      vertex 46.0501 -10.4502 6
    endloop
  endfacet
  facet normal 0 0 1
    outer loop
      vertex 43.5621 -11.205 6
      vertex 46.0501 -10.4502 6
      vertex 45.1917 -7.02325 6
    endloop
  endfacet
  facet normal 0 0 1
    outer loop
      vertex 47.2403 -13.7766 6
      vertex 44.8382 -14.7716 6
      vertex 46.4578 -18.1959 6
    endloop
  endfacet
  facet normal 0 0 1
    outer loop
      vertex 42.6417 -7.53049 6
      vertex 45.1917 -7.02325 6
      vertex 44.6734 -3.52862 6
    endloop
  endfacet
  facet normal 0 0 1
    outer loop
      vertex 42.0859 -3.78346 6
      vertex 44.6734 -3.52862 6
      vertex 44.5 0 6
    endloop
  endfacet
  facet normal -0 0 1
    outer loop
      vertex 42.0859 3.78346 6
      vertex 44.6734 3.52862 6
      vertex 42.6417 7.53049 6
    endloop
  endfacet
  facet normal 0 0 1
    outer loop
      vertex 46.0501 -10.4502 6
      vertex 43.5621 -11.205 6
      vertex 44.8382 -14.7716 6
    endloop
  endfacet
  facet normal 0 0 1
    outer loop
      vertex 44.6734 3.52862 6
      vertex 42.0859 3.78346 6
      vertex 44.5 0 6
    endloop
  endfacet
  facet normal 0 0 1
    outer loop
      vertex 45.1917 -7.02325 6
      vertex 42.6417 -7.53049 6
      vertex 43.5621 -11.205 6
    endloop
  endfacet
  facet normal 0 0 1
    outer loop
      vertex 41.9 0 6
      vertex 44.5 0 6
      vertex 42.0859 3.78346 6
    endloop
  endfacet
  facet normal 0 0 1
    outer loop
      vertex 44.6734 -3.52862 6
      vertex 42.0859 -3.78346 6
      vertex 42.6417 -7.53049 6
    endloop
  endfacet
  facet normal 0 0 1
    outer loop
      vertex 44.5 0 6
      vertex 41.9 0 6
      vertex 42.0859 -3.78346 6
    endloop
  endfacet
  facet normal 0.242962 0.970036 -0
    outer loop
      vertex 70.9 -37.3399 6
      vertex 69.295 -36.9379 16
      vertex 70.9 -37.3399 16
    endloop
  endfacet
  facet normal 0.242962 0.970036 0
    outer loop
      vertex 69.295 -36.9379 16
      vertex 70.9 -37.3399 6
      vertex 69.295 -36.9379 6
    endloop
  endfacet
  facet normal 0.671567 0.740944 -0
    outer loop
      vertex 56.0124 -29.8382 6
      vertex 53.2057 -27.2943 16
      vertex 56.0124 -29.8382 16
    endloop
  endfacet
  facet normal 0.671567 0.740944 0
    outer loop
      vertex 53.2057 -27.2943 16
      vertex 56.0124 -29.8382 6
      vertex 53.2057 -27.2943 6
    endloop
  endfacet
  facet normal 0.989177 0.146725 0
    outer loop
      vertex 42.6417 -7.53049 16
      vertex 42.0859 -3.78346 6
      vertex 42.0859 -3.78346 16
    endloop
  endfacet
  facet normal 0.989177 0.146725 0
    outer loop
      vertex 42.0859 -3.78346 6
      vertex 42.6417 -7.53049 16
      vertex 42.6417 -7.53049 6
    endloop
  endfacet
  facet normal 0.998795 0.0490757 0
    outer loop
      vertex 42.0859 -3.78346 16
      vertex 41.9 0 6
      vertex 41.9 0 16
    endloop
  endfacet
  facet normal 0.998795 0.0490757 0
    outer loop
      vertex 41.9 0 6
      vertex 42.0859 -3.78346 16
      vertex 42.0859 -3.78346 6
    endloop
  endfacet
  facet normal 0.595691 0.803213 -0
    outer loop
      vertex 59.055 -32.0947 6
      vertex 56.0124 -29.8382 16
      vertex 59.055 -32.0947 16
    endloop
  endfacet
  facet normal 0.595691 0.803213 0
    outer loop
      vertex 56.0124 -29.8382 16
      vertex 59.055 -32.0947 6
      vertex 56.0124 -29.8382 6
    endloop
  endfacet
  facet normal 0.427561 0.903987 -0
    outer loop
      vertex 65.7284 -35.6618 6
      vertex 62.3041 -34.0422 16
      vertex 65.7284 -35.6618 16
    endloop
  endfacet
  facet normal 0.427561 0.903987 0
    outer loop
      vertex 62.3041 -34.0422 16
      vertex 65.7284 -35.6618 6
      vertex 62.3041 -34.0422 6
    endloop
  endfacet
  facet normal 0.514115 0.857721 -0
    outer loop
      vertex 62.3041 -34.0422 6
      vertex 59.055 -32.0947 16
      vertex 62.3041 -34.0422 16
    endloop
  endfacet
  facet normal 0.514115 0.857721 0
    outer loop
      vertex 59.055 -32.0947 16
      vertex 62.3041 -34.0422 6
      vertex 59.055 -32.0947 6
    endloop
  endfacet
  facet normal 0.803213 0.595691 0
    outer loop
      vertex 50.6618 -24.4876 16
      vertex 48.4053 -21.445 6
      vertex 48.4053 -21.445 16
    endloop
  endfacet
  facet normal 0.803213 0.595691 0
    outer loop
      vertex 48.4053 -21.445 6
      vertex 50.6618 -24.4876 16
      vertex 50.6618 -24.4876 6
    endloop
  endfacet
  facet normal 0.857721 0.514115 0
    outer loop
      vertex 48.4053 -21.445 16
      vertex 46.4578 -18.1959 6
      vertex 46.4578 -18.1959 16
    endloop
  endfacet
  facet normal 0.857721 0.514115 0
    outer loop
      vertex 46.4578 -18.1959 6
      vertex 48.4053 -21.445 16
      vertex 48.4053 -21.445 6
    endloop
  endfacet
  facet normal 0.903987 0.427561 0
    outer loop
      vertex 46.4578 -18.1959 16
      vertex 44.8382 -14.7716 6
      vertex 44.8382 -14.7716 16
    endloop
  endfacet
  facet normal 0.903987 0.427561 0
    outer loop
      vertex 44.8382 -14.7716 6
      vertex 46.4578 -18.1959 16
      vertex 46.4578 -18.1959 6
    endloop
  endfacet
  facet normal -0.336889 0.941545 0
    outer loop
      vertex 70.0498 34.4499 6
      vertex 66.7234 33.2597 16
      vertex 70.0498 34.4499 16
    endloop
  endfacet
  facet normal -0.336889 0.941545 0
    outer loop
      vertex 66.7234 33.2597 16
      vertex 70.0498 34.4499 6
      vertex 66.7234 33.2597 6
    endloop
  endfacet
  facet normal -0.90399 0.427553 0
    outer loop
      vertex 47.2403 13.7766 6
      vertex 48.7508 16.9703 16
      vertex 48.7508 16.9703 6
    endloop
  endfacet
  facet normal -0.90399 0.427553 0
    outer loop
      vertex 48.7508 16.9703 16
      vertex 47.2403 13.7766 6
      vertex 47.2403 13.7766 16
    endloop
  endfacet
  facet normal -0.98918 0.146708 0
    outer loop
      vertex 44.6734 3.52862 6
      vertex 45.1917 7.02325 16
      vertex 45.1917 7.02325 6
    endloop
  endfacet
  facet normal -0.98918 0.146708 0
    outer loop
      vertex 45.1917 7.02325 16
      vertex 44.6734 3.52862 6
      vertex 44.6734 3.52862 16
    endloop
  endfacet
  facet normal -0.740931 0.671582 0
    outer loop
      vertex 52.6716 22.8382 6
      vertex 55.0442 25.4558 16
      vertex 55.0442 25.4558 6
    endloop
  endfacet
  facet normal -0.740931 0.671582 0
    outer loop
      vertex 55.0442 25.4558 16
      vertex 52.6716 22.8382 6
      vertex 52.6716 22.8382 16
    endloop
  endfacet
  facet normal -0.671582 -0.740931 0
    outer loop
      vertex 55.0442 -25.4558 6
      vertex 57.6618 -27.8284 16
      vertex 55.0442 -25.4558 16
    endloop
  endfacet
  facet normal -0.671582 -0.740931 -0
    outer loop
      vertex 57.6618 -27.8284 16
      vertex 55.0442 -25.4558 6
      vertex 57.6618 -27.8284 6
    endloop
  endfacet
  facet normal -0.998795 0.0490818 0
    outer loop
      vertex 44.5 0 6
      vertex 44.6734 3.52862 16
      vertex 44.6734 3.52862 6
    endloop
  endfacet
  facet normal -0.998795 0.0490818 0
    outer loop
      vertex 44.6734 3.52862 16
      vertex 44.5 0 6
      vertex 44.5 0 16
    endloop
  endfacet
  facet normal -0.941545 0.336889 0
    outer loop
      vertex 46.0501 10.4502 6
      vertex 47.2403 13.7766 16
      vertex 47.2403 13.7766 6
    endloop
  endfacet
  facet normal -0.941545 0.336889 0
    outer loop
      vertex 47.2403 13.7766 16
      vertex 46.0501 10.4502 6
      vertex 46.0501 10.4502 16
    endloop
  endfacet
  facet normal -0.970032 0.242979 0
    outer loop
      vertex 45.1917 7.02325 6
      vertex 46.0501 10.4502 16
      vertex 46.0501 10.4502 6
    endloop
  endfacet
  facet normal -0.970032 0.242979 0
    outer loop
      vertex 46.0501 10.4502 16
      vertex 45.1917 7.02325 6
      vertex 45.1917 7.02325 16
    endloop
  endfacet
  facet normal -0.85772 0.514117 0
    outer loop
      vertex 48.7508 16.9703 6
      vertex 50.5671 20.0005 16
      vertex 50.5671 20.0005 6
    endloop
  endfacet
  facet normal -0.85772 0.514117 0
    outer loop
      vertex 50.5671 20.0005 16
      vertex 48.7508 16.9703 6
      vertex 48.7508 16.9703 16
    endloop
  endfacet
  facet normal -0.803219 0.595684 0
    outer loop
      vertex 50.5671 20.0005 6
      vertex 52.6716 22.8382 16
      vertex 52.6716 22.8382 6
    endloop
  endfacet
  facet normal -0.803219 0.595684 0
    outer loop
      vertex 52.6716 22.8382 16
      vertex 50.5671 20.0005 6
      vertex 50.5671 20.0005 16
    endloop
  endfacet
  facet normal -0.242911 0.970048 0
    outer loop
      vertex 70.9 34.6628 6
      vertex 70.0498 34.4499 16
      vertex 70.9 34.6628 16
    endloop
  endfacet
  facet normal -0.242911 0.970048 0
    outer loop
      vertex 70.0498 34.4499 16
      vertex 70.9 34.6628 6
      vertex 70.0498 34.4499 6
    endloop
  endfacet
  facet normal -0.514117 0.85772 0
    outer loop
      vertex 63.5297 31.7492 6
      vertex 60.4995 29.9329 16
      vertex 63.5297 31.7492 16
    endloop
  endfacet
  facet normal -0.514117 0.85772 0
    outer loop
      vertex 60.4995 29.9329 16
      vertex 63.5297 31.7492 6
      vertex 60.4995 29.9329 6
    endloop
  endfacet
  facet normal -0.595684 0.803219 0
    outer loop
      vertex 60.4995 29.9329 6
      vertex 57.6618 27.8284 16
      vertex 60.4995 29.9329 16
    endloop
  endfacet
  facet normal -0.595684 0.803219 0
    outer loop
      vertex 57.6618 27.8284 16
      vertex 60.4995 29.9329 6
      vertex 57.6618 27.8284 6
    endloop
  endfacet
  facet normal -0.427553 0.90399 0
    outer loop
      vertex 66.7234 33.2597 6
      vertex 63.5297 31.7492 16
      vertex 66.7234 33.2597 16
    endloop
  endfacet
  facet normal -0.427553 0.90399 0
    outer loop
      vertex 63.5297 31.7492 16
      vertex 66.7234 33.2597 6
      vertex 63.5297 31.7492 6
    endloop
  endfacet
  facet normal -0.671582 0.740931 0
    outer loop
      vertex 57.6618 27.8284 6
      vertex 55.0442 25.4558 16
      vertex 57.6618 27.8284 16
    endloop
  endfacet
  facet normal -0.671582 0.740931 0
    outer loop
      vertex 55.0442 25.4558 16
      vertex 57.6618 27.8284 6
      vertex 55.0442 25.4558 6
    endloop
  endfacet
  facet normal -0.336889 -0.941545 0
    outer loop
      vertex 66.7234 -33.2597 6
      vertex 70.0498 -34.4499 16
      vertex 66.7234 -33.2597 16
    endloop
  endfacet
  facet normal -0.336889 -0.941545 -0
    outer loop
      vertex 70.0498 -34.4499 16
      vertex 66.7234 -33.2597 6
      vertex 70.0498 -34.4499 6
    endloop
  endfacet
  facet normal -0.514117 -0.85772 0
    outer loop
      vertex 60.4995 -29.9329 6
      vertex 63.5297 -31.7492 16
      vertex 60.4995 -29.9329 16
    endloop
  endfacet
  facet normal -0.514117 -0.85772 -0
    outer loop
      vertex 63.5297 -31.7492 16
      vertex 60.4995 -29.9329 6
      vertex 63.5297 -31.7492 6
    endloop
  endfacet
  facet normal -0.970032 -0.242979 0
    outer loop
      vertex 46.0501 -10.4502 6
      vertex 45.1917 -7.02325 16
      vertex 45.1917 -7.02325 6
    endloop
  endfacet
  facet normal -0.970032 -0.242979 0
    outer loop
      vertex 45.1917 -7.02325 16
      vertex 46.0501 -10.4502 6
      vertex 46.0501 -10.4502 16
    endloop
  endfacet
  facet normal -0.998795 -0.0490818 0
    outer loop
      vertex 44.6734 -3.52862 6
      vertex 44.5 0 16
      vertex 44.5 0 6
    endloop
  endfacet
  facet normal -0.998795 -0.0490818 0
    outer loop
      vertex 44.5 0 16
      vertex 44.6734 -3.52862 6
      vertex 44.6734 -3.52862 16
    endloop
  endfacet
  facet normal -0.803219 -0.595684 0
    outer loop
      vertex 52.6716 -22.8382 6
      vertex 50.5671 -20.0005 16
      vertex 50.5671 -20.0005 6
    endloop
  endfacet
  facet normal -0.803219 -0.595684 0
    outer loop
      vertex 50.5671 -20.0005 16
      vertex 52.6716 -22.8382 6
      vertex 52.6716 -22.8382 16
    endloop
  endfacet
  facet normal -0.85772 -0.514117 0
    outer loop
      vertex 50.5671 -20.0005 6
      vertex 48.7508 -16.9703 16
      vertex 48.7508 -16.9703 6
    endloop
  endfacet
  facet normal -0.85772 -0.514117 0
    outer loop
      vertex 48.7508 -16.9703 16
      vertex 50.5671 -20.0005 6
      vertex 50.5671 -20.0005 16
    endloop
  endfacet
  facet normal -0.90399 -0.427553 0
    outer loop
      vertex 48.7508 -16.9703 6
      vertex 47.2403 -13.7766 16
      vertex 47.2403 -13.7766 6
    endloop
  endfacet
  facet normal -0.90399 -0.427553 0
    outer loop
      vertex 47.2403 -13.7766 16
      vertex 48.7508 -16.9703 6
      vertex 48.7508 -16.9703 16
    endloop
  endfacet
  facet normal -0.242911 -0.970048 0
    outer loop
      vertex 70.0498 -34.4499 6
      vertex 70.9 -34.6628 16
      vertex 70.0498 -34.4499 16
    endloop
  endfacet
  facet normal -0.242911 -0.970048 -0
    outer loop
      vertex 70.9 -34.6628 16
      vertex 70.0498 -34.4499 6
      vertex 70.9 -34.6628 6
    endloop
  endfacet
  facet normal -0.427553 -0.90399 0
    outer loop
      vertex 63.5297 -31.7492 6
      vertex 66.7234 -33.2597 16
      vertex 63.5297 -31.7492 16
    endloop
  endfacet
  facet normal -0.427553 -0.90399 -0
    outer loop
      vertex 66.7234 -33.2597 16
      vertex 63.5297 -31.7492 6
      vertex 66.7234 -33.2597 6
    endloop
  endfacet
  facet normal -0.595684 -0.803219 0
    outer loop
      vertex 57.6618 -27.8284 6
      vertex 60.4995 -29.9329 16
      vertex 57.6618 -27.8284 16
    endloop
  endfacet
  facet normal -0.595684 -0.803219 -0
    outer loop
      vertex 60.4995 -29.9329 16
      vertex 57.6618 -27.8284 6
      vertex 60.4995 -29.9329 6
    endloop
  endfacet
  facet normal -0.941545 -0.336889 0
    outer loop
      vertex 47.2403 -13.7766 6
      vertex 46.0501 -10.4502 16
      vertex 46.0501 -10.4502 6
    endloop
  endfacet
  facet normal -0.941545 -0.336889 0
    outer loop
      vertex 46.0501 -10.4502 16
      vertex 47.2403 -13.7766 6
      vertex 47.2403 -13.7766 16
    endloop
  endfacet
  facet normal -0.98918 -0.146708 0
    outer loop
      vertex 45.1917 -7.02325 6
      vertex 44.6734 -3.52862 16
      vertex 44.6734 -3.52862 6
    endloop
  endfacet
  facet normal -0.98918 -0.146708 0
    outer loop
      vertex 44.6734 -3.52862 16
      vertex 45.1917 -7.02325 6
      vertex 45.1917 -7.02325 16
    endloop
  endfacet
  facet normal -0.740931 -0.671582 0
    outer loop
      vertex 55.0442 -25.4558 6
      vertex 52.6716 -22.8382 16
      vertex 52.6716 -22.8382 6
    endloop
  endfacet
  facet normal -0.740931 -0.671582 0
    outer loop
      vertex 52.6716 -22.8382 16
      vertex 55.0442 -25.4558 6
      vertex 55.0442 -25.4558 16
    endloop
  endfacet
  facet normal 1 0 0
    outer loop
      vertex 70.9 -32.4178 22
      vertex 70.9 -34.6628 16
      vertex 70.9 -32.4178 0
    endloop
  endfacet
  facet normal 1 0 0
    outer loop
      vertex 70.9 -32.4178 22
      vertex 70.9 -37.3399 16
      vertex 70.9 -34.6628 16
    endloop
  endfacet
  facet normal 1 0 0
    outer loop
      vertex 70.9 -37.3399 16
      vertex 70.9 -42.5 22
      vertex 70.9 -37.3399 6
    endloop
  endfacet
  facet normal 1 -0 0
    outer loop
      vertex 70.9 -42.5 22
      vertex 70.9 -37.3399 16
      vertex 70.9 -32.4178 22
    endloop
  endfacet
  facet normal 1 -0 0
    outer loop
      vertex 70.9 -34.6628 6
      vertex 70.9 -32.4178 0
      vertex 70.9 -34.6628 16
    endloop
  endfacet
  facet normal 1 -0 0
    outer loop
      vertex 70.9 -37.3399 6
      vertex 70.9 -32.4178 0
      vertex 70.9 -34.6628 6
    endloop
  endfacet
  facet normal 1 0 0
    outer loop
      vertex 70.9 -37.3399 6
      vertex 70.9 -42.5 0
      vertex 70.9 -32.4178 0
    endloop
  endfacet
  facet normal 1 0 0
    outer loop
      vertex 70.9 -42.5 0
      vertex 70.9 -37.3399 6
      vertex 70.9 -42.5 22
    endloop
  endfacet
  facet normal 1 0 0
    outer loop
      vertex 70.9 42.5 22
      vertex 70.9 37.3399 16
      vertex 70.9 42.5 0
    endloop
  endfacet
  facet normal 1 -0 0
    outer loop
      vertex 70.9 32.4178 22
      vertex 70.9 37.3399 16
      vertex 70.9 42.5 22
    endloop
  endfacet
  facet normal 1 0 0
    outer loop
      vertex 70.9 34.6628 16
      vertex 70.9 32.4178 22
      vertex 70.9 34.6628 6
    endloop
  endfacet
  facet normal 1 0 0
    outer loop
      vertex 70.9 37.3399 16
      vertex 70.9 32.4178 22
      vertex 70.9 34.6628 16
    endloop
  endfacet
  facet normal 1 -0 0
    outer loop
      vertex 70.9 37.3399 6
      vertex 70.9 42.5 0
      vertex 70.9 37.3399 16
    endloop
  endfacet
  facet normal 1 0 0
    outer loop
      vertex 70.9 32.4178 0
      vertex 70.9 37.3399 6
      vertex 70.9 34.6628 6
    endloop
  endfacet
  facet normal 1 0 0
    outer loop
      vertex 70.9 37.3399 6
      vertex 70.9 32.4178 0
      vertex 70.9 42.5 0
    endloop
  endfacet
  facet normal 1 0 0
    outer loop
      vertex 70.9 32.4178 0
      vertex 70.9 34.6628 6
      vertex 70.9 32.4178 22
    endloop
  endfacet
endsolid OpenSCAD_Model
