solid OpenSCAD_Model
  facet normal -0.998795 0.0490706 0
    outer loop
      vertex -9 0 0
      vertex -8.95666 0.882154 10
      vertex -8.95666 0.882154 0
    endloop
  endfacet
  facet normal -0.998795 0.0490706 0
    outer loop
      vertex -8.95666 0.882154 10
      vertex -9 0 0
      vertex -9 0 10
    endloop
  endfacet
  facet normal 0.0490706 0.998795 -0
    outer loop
      vertex 0.882154 8.95666 0
      vertex 0 9 10
      vertex 0.882154 8.95666 10
    endloop
  endfacet
  facet normal 0.0490706 0.998795 0
    outer loop
      vertex 0 9 10
      vertex 0.882154 8.95666 0
      vertex 0 9 0
    endloop
  endfacet
  facet normal 0.671558 0.740952 -0
    outer loop
      vertex 6.36396 6.36396 0
      vertex 5.70954 6.95709 10
      vertex 6.36396 6.36396 10
    endloop
  endfacet
  facet normal 0.671558 0.740952 0
    outer loop
      vertex 5.70954 6.95709 10
      vertex 6.36396 6.36396 0
      vertex 5.70954 6.95709 0
    endloop
  endfacet
  facet normal -0.671558 0.740952 0
    outer loop
      vertex -5.73527 6.93377 0
      vertex -6.36396 6.36396 10
      vertex -5.73527 6.93377 10
    endloop
  endfacet
  facet normal -0.671558 0.740952 0
    outer loop
      vertex -6.36396 6.36396 10
      vertex -5.73527 6.93377 0
      vertex -6.36396 6.36396 0
    endloop
  endfacet
  facet normal -0.33689 0.941544 0
    outer loop
      vertex -2.61256 8.61246 0
      vertex -3.13287 8.42629 10
      vertex -2.61256 8.61246 10
    endloop
  endfacet
  facet normal -0.33689 0.941544 0
    outer loop
      vertex -3.13287 8.42629 10
      vertex -2.61256 8.61246 0
      vertex -3.13287 8.42629 0
    endloop
  endfacet
  facet normal 0.903987 0.42756 0
    outer loop
      vertex 8.31492 3.44415 10
      vertex 7.93729 4.24257 0
      vertex 7.93729 4.24257 10
    endloop
  endfacet
  facet normal 0.903987 0.42756 0
    outer loop
      vertex 7.93729 4.24257 0
      vertex 8.31492 3.44415 10
      vertex 8.31492 3.44415 0
    endloop
  endfacet
  facet normal 0.42756 0.903987 -0
    outer loop
      vertex 4.24257 7.93729 0
      vertex 3.44415 8.31492 10
      vertex 4.24257 7.93729 10
    endloop
  endfacet
  facet normal 0.42756 0.903987 0
    outer loop
      vertex 3.44415 8.31492 10
      vertex 4.24257 7.93729 0
      vertex 3.44415 8.31492 0
    endloop
  endfacet
  facet normal 0.514099 0.857731 -0
    outer loop
      vertex 5.00013 7.48323 0
      vertex 4.24257 7.93729 10
      vertex 5.00013 7.48323 10
    endloop
  endfacet
  facet normal 0.514099 0.857731 0
    outer loop
      vertex 4.24257 7.93729 10
      vertex 5.00013 7.48323 0
      vertex 4.24257 7.93729 0
    endloop
  endfacet
  facet normal -0.903987 0.42756 0
    outer loop
      vertex -8.31492 3.44415 0
      vertex -7.93729 4.24257 10
      vertex -7.93729 4.24257 0
    endloop
  endfacet
  facet normal -0.903987 0.42756 0
    outer loop
      vertex -7.93729 4.24257 10
      vertex -8.31492 3.44415 0
      vertex -8.31492 3.44415 10
    endloop
  endfacet
  facet normal -0.146725 0.989177 0
    outer loop
      vertex -0.882154 8.95666 0
      vertex -1.75581 8.82707 10
      vertex -0.882154 8.95666 10
    endloop
  endfacet
  facet normal -0.146725 0.989177 0
    outer loop
      vertex -1.75581 8.82707 10
      vertex -0.882154 8.95666 0
      vertex -1.75581 8.82707 0
    endloop
  endfacet
  facet normal 0 0 -1
    outer loop
      vertex -7.48323 5.00013 0
      vertex -5.4877 3.66676 0
      vertex -5.82068 3.11122 0
    endloop
  endfacet
  facet normal 0 0 -1
    outer loop
      vertex -7.93729 4.24257 0
      vertex -5.82068 3.11122 0
      vertex -6.0976 2.52571 0
    endloop
  endfacet
  facet normal 0 0 -1
    outer loop
      vertex -8.31492 3.44415 0
      vertex -6.0976 2.52571 0
      vertex -6.31581 1.91588 0
    endloop
  endfacet
  facet normal 0 0 -1
    outer loop
      vertex -5.4877 3.66676 0
      vertex -6.36396 6.36396 0
      vertex -5.73527 6.93377 0
    endloop
  endfacet
  facet normal 0 0 -1
    outer loop
      vertex -8.61246 2.61256 0
      vertex -6.31581 1.91588 0
      vertex -6.47318 1.2876 0
    endloop
  endfacet
  facet normal 0 0 -1
    outer loop
      vertex -8.82707 1.75581 0
      vertex -6.47318 1.2876 0
      vertex -6.56822 0.646913 0
    endloop
  endfacet
  facet normal 0 0 -1
    outer loop
      vertex -8.95666 0.882154 0
      vertex -6.56822 0.646913 0
      vertex -6.6 0 0
    endloop
  endfacet
  facet normal 0 0 -1
    outer loop
      vertex -8.61246 -2.61256 0
      vertex -6.31581 -1.91588 0
      vertex -8.31492 -3.44415 0
    endloop
  endfacet
  facet normal 0 0 -1
    outer loop
      vertex -5.4877 3.66676 0
      vertex -6.95709 5.70954 0
      vertex -6.36396 6.36396 0
    endloop
  endfacet
  facet normal -0 0 -1
    outer loop
      vertex -6.31581 -1.91588 0
      vertex -8.61246 -2.61256 0
      vertex -6.47318 -1.2876 0
    endloop
  endfacet
  facet normal 0 0 -1
    outer loop
      vertex -5.4877 3.66676 0
      vertex -7.48323 5.00013 0
      vertex -6.95709 5.70954 0
    endloop
  endfacet
  facet normal 0 0 -1
    outer loop
      vertex -8.82707 -1.75581 0
      vertex -6.47318 -1.2876 0
      vertex -8.61246 -2.61256 0
    endloop
  endfacet
  facet normal 0 0 -1
    outer loop
      vertex -5.82068 3.11122 0
      vertex -7.93729 4.24257 0
      vertex -7.48323 5.00013 0
    endloop
  endfacet
  facet normal -0 0 -1
    outer loop
      vertex -6.47318 -1.2876 0
      vertex -8.82707 -1.75581 0
      vertex -6.56822 -0.646913 0
    endloop
  endfacet
  facet normal 0 0 -1
    outer loop
      vertex -6.0976 2.52571 0
      vertex -8.31492 3.44415 0
      vertex -7.93729 4.24257 0
    endloop
  endfacet
  facet normal 0 0 -1
    outer loop
      vertex -8.95666 -0.882154 0
      vertex -6.56822 -0.646913 0
      vertex -8.82707 -1.75581 0
    endloop
  endfacet
  facet normal 0 0 -1
    outer loop
      vertex -6.31581 1.91588 0
      vertex -8.61246 2.61256 0
      vertex -8.31492 3.44415 0
    endloop
  endfacet
  facet normal -0 0 -1
    outer loop
      vertex -6.56822 -0.646913 0
      vertex -8.95666 -0.882154 0
      vertex -6.6 0 0
    endloop
  endfacet
  facet normal 0 0 -1
    outer loop
      vertex -6.47318 1.2876 0
      vertex -8.82707 1.75581 0
      vertex -8.61246 2.61256 0
    endloop
  endfacet
  facet normal 0 0 -1
    outer loop
      vertex -9 0 0
      vertex -6.6 0 0
      vertex -8.95666 -0.882154 0
    endloop
  endfacet
  facet normal 0 0 -1
    outer loop
      vertex -6.56822 0.646913 0
      vertex -8.95666 0.882154 0
      vertex -8.82707 1.75581 0
    endloop
  endfacet
  facet normal 0 0 -1
    outer loop
      vertex -6.6 0 0
      vertex -9 0 0
      vertex -8.95666 0.882154 0
    endloop
  endfacet
  facet normal 0 0 -1
    outer loop
      vertex 8.86501 -1.5 0
      vertex 30.4263 1.5 0
      vertex 30.4263 -1.5 0
    endloop
  endfacet
  facet normal 0 0 -1
    outer loop
      vertex 8.86501 -1.5 0
      vertex 8.86501 1.5 0
      vertex 30.4263 1.5 0
    endloop
  endfacet
  facet normal 0 0 -1
    outer loop
      vertex 6.47318 -1.2876 0
      vertex 8.86501 -1.5 0
      vertex 8.82707 -1.75581 0
    endloop
  endfacet
  facet normal 0 0 -1
    outer loop
      vertex 8.86501 -1.5 0
      vertex 6.6 0 0
      vertex 8.86501 1.5 0
    endloop
  endfacet
  facet normal 0 0 -1
    outer loop
      vertex 6.47318 -1.2876 0
      vertex 8.82707 -1.75581 0
      vertex 8.61246 -2.61256 0
    endloop
  endfacet
  facet normal 0 0 -1
    outer loop
      vertex 6.56822 0.646913 0
      vertex 8.86501 1.5 0
      vertex 6.6 0 0
    endloop
  endfacet
  facet normal 0 0 -1
    outer loop
      vertex 6.31581 -1.91588 0
      vertex 8.61246 -2.61256 0
      vertex 8.31492 -3.44415 0
    endloop
  endfacet
  facet normal 0 0 -1
    outer loop
      vertex 6.47318 1.2876 0
      vertex 8.86501 1.5 0
      vertex 6.56822 0.646913 0
    endloop
  endfacet
  facet normal 0 0 -1
    outer loop
      vertex 6.0976 -2.52571 0
      vertex 8.31492 -3.44415 0
      vertex 7.93729 -4.24257 0
    endloop
  endfacet
  facet normal -0 0 -1
    outer loop
      vertex 8.86501 1.5 0
      vertex 6.47318 1.2876 0
      vertex 8.82707 1.75581 0
    endloop
  endfacet
  facet normal 0 0 -1
    outer loop
      vertex 5.82068 -3.11122 0
      vertex 7.93729 -4.24257 0
      vertex 7.48323 -5.00013 0
    endloop
  endfacet
  facet normal -0 0 -1
    outer loop
      vertex 8.82707 1.75581 0
      vertex 6.47318 1.2876 0
      vertex 8.61246 2.61256 0
    endloop
  endfacet
  facet normal 0 0 -1
    outer loop
      vertex 5.4877 -3.66676 0
      vertex 7.48323 -5.00013 0
      vertex 6.95709 -5.70954 0
    endloop
  endfacet
  facet normal 0 0 -1
    outer loop
      vertex 6.31581 1.91588 0
      vertex 8.61246 2.61256 0
      vertex 6.47318 1.2876 0
    endloop
  endfacet
  facet normal -0 0 -1
    outer loop
      vertex 8.61246 2.61256 0
      vertex 6.31581 1.91588 0
      vertex 8.31492 3.44415 0
    endloop
  endfacet
  facet normal 0 0 -1
    outer loop
      vertex 8.86501 -1.5 0
      vertex 6.56822 -0.646913 0
      vertex 6.6 0 0
    endloop
  endfacet
  facet normal 0 0 -1
    outer loop
      vertex 8.86501 -1.5 0
      vertex 6.47318 -1.2876 0
      vertex 6.56822 -0.646913 0
    endloop
  endfacet
  facet normal 0 0 -1
    outer loop
      vertex 5.10187 -4.187 0
      vertex 6.95709 -5.70954 0
      vertex 6.36396 -6.36396 0
    endloop
  endfacet
  facet normal 0 0 -1
    outer loop
      vertex 8.61246 -2.61256 0
      vertex 6.31581 -1.91588 0
      vertex 6.47318 -1.2876 0
    endloop
  endfacet
  facet normal 0 0 -1
    outer loop
      vertex 8.31492 -3.44415 0
      vertex 6.0976 -2.52571 0
      vertex 6.31581 -1.91588 0
    endloop
  endfacet
  facet normal 0 0 -1
    outer loop
      vertex 7.93729 -4.24257 0
      vertex 5.82068 -3.11122 0
      vertex 6.0976 -2.52571 0
    endloop
  endfacet
  facet normal 0 0 -1
    outer loop
      vertex 4.6669 -4.6669 0
      vertex 6.36396 -6.36396 0
      vertex 5.70954 -6.95709 0
    endloop
  endfacet
  facet normal 0 0 -1
    outer loop
      vertex 7.48323 -5.00013 0
      vertex 5.4877 -3.66676 0
      vertex 5.82068 -3.11122 0
    endloop
  endfacet
  facet normal 0 0 -1
    outer loop
      vertex 6.95709 -5.70954 0
      vertex 5.10187 -4.187 0
      vertex 5.4877 -3.66676 0
    endloop
  endfacet
  facet normal 0 0 -1
    outer loop
      vertex 4.187 -5.10187 0
      vertex 5.70954 -6.95709 0
      vertex 5.00013 -7.48323 0
    endloop
  endfacet
  facet normal 0 0 -1
    outer loop
      vertex 6.36396 -6.36396 0
      vertex 4.6669 -4.6669 0
      vertex 5.10187 -4.187 0
    endloop
  endfacet
  facet normal 0 0 -1
    outer loop
      vertex 3.66676 -5.4877 0
      vertex 5.00013 -7.48323 0
      vertex 4.24257 -7.93729 0
    endloop
  endfacet
  facet normal 0 0 -1
    outer loop
      vertex 5.70954 -6.95709 0
      vertex 4.187 -5.10187 0
      vertex 4.6669 -4.6669 0
    endloop
  endfacet
  facet normal 0 0 -1
    outer loop
      vertex 5.00013 -7.48323 0
      vertex 3.66676 -5.4877 0
      vertex 4.187 -5.10187 0
    endloop
  endfacet
  facet normal 0 0 -1
    outer loop
      vertex 3.11122 -5.82068 0
      vertex 4.24257 -7.93729 0
      vertex 3.44415 -8.31492 0
    endloop
  endfacet
  facet normal 0 0 -1
    outer loop
      vertex 4.24257 -7.93729 0
      vertex 3.11122 -5.82068 0
      vertex 3.66676 -5.4877 0
    endloop
  endfacet
  facet normal 0 0 -1
    outer loop
      vertex 2.52571 -6.0976 0
      vertex 3.44415 -8.31492 0
      vertex 2.61256 -8.61246 0
    endloop
  endfacet
  facet normal 0 0 -1
    outer loop
      vertex 3.44415 -8.31492 0
      vertex 2.52571 -6.0976 0
      vertex 3.11122 -5.82068 0
    endloop
  endfacet
  facet normal 0 0 -1
    outer loop
      vertex 2.61256 -8.61246 0
      vertex 1.91588 -6.31581 0
      vertex 2.52571 -6.0976 0
    endloop
  endfacet
  facet normal 0 0 -1
    outer loop
      vertex 1.75581 -8.82707 0
      vertex 1.91588 -6.31581 0
      vertex 2.61256 -8.61246 0
    endloop
  endfacet
  facet normal 0 0 -1
    outer loop
      vertex 1.75581 -8.82707 0
      vertex 1.2876 -6.47318 0
      vertex 1.91588 -6.31581 0
    endloop
  endfacet
  facet normal 0 0 -1
    outer loop
      vertex 0.882154 -8.95666 0
      vertex 1.2876 -6.47318 0
      vertex 1.75581 -8.82707 0
    endloop
  endfacet
  facet normal 0 0 -1
    outer loop
      vertex 0.882154 -8.95666 0
      vertex 0.646913 -6.56822 0
      vertex 1.2876 -6.47318 0
    endloop
  endfacet
  facet normal 0 0 -1
    outer loop
      vertex 0 -9 0
      vertex 0.646913 -6.56822 0
      vertex 0.882154 -8.95666 0
    endloop
  endfacet
  facet normal 0 0 -1
    outer loop
      vertex 0 -9 0
      vertex 0 -6.6 0
      vertex 0.646913 -6.56822 0
    endloop
  endfacet
  facet normal 0 0 -1
    outer loop
      vertex 0 -9 0
      vertex -0.646913 -6.56822 0
      vertex 0 -6.6 0
    endloop
  endfacet
  facet normal 0 0 -1
    outer loop
      vertex -0.882154 -8.95666 0
      vertex -0.646913 -6.56822 0
      vertex 0 -9 0
    endloop
  endfacet
  facet normal 0 0 -1
    outer loop
      vertex -0.882154 -8.95666 0
      vertex -1.2876 -6.47318 0
      vertex -0.646913 -6.56822 0
    endloop
  endfacet
  facet normal 0 0 -1
    outer loop
      vertex -1.75581 -8.82707 0
      vertex -1.2876 -6.47318 0
      vertex -0.882154 -8.95666 0
    endloop
  endfacet
  facet normal 0 0 -1
    outer loop
      vertex -1.75581 -8.82707 0
      vertex -1.91588 -6.31581 0
      vertex -1.2876 -6.47318 0
    endloop
  endfacet
  facet normal 0 0 -1
    outer loop
      vertex -2.61256 -8.61246 0
      vertex -1.91588 -6.31581 0
      vertex -1.75581 -8.82707 0
    endloop
  endfacet
  facet normal 0 0 -1
    outer loop
      vertex -3.13287 -8.42629 0
      vertex -1.91588 -6.31581 0
      vertex -2.61256 -8.61246 0
    endloop
  endfacet
  facet normal -0 0 -1
    outer loop
      vertex -1.91588 -6.31581 0
      vertex -3.13287 -8.42629 0
      vertex -2.52571 -6.0976 0
    endloop
  endfacet
  facet normal -0 0 -1
    outer loop
      vertex -2.52571 -6.0976 0
      vertex -3.13287 -8.42629 0
      vertex -3.11122 -5.82068 0
    endloop
  endfacet
  facet normal 0 0 -1
    outer loop
      vertex -5.73527 -6.93377 0
      vertex -3.11122 -5.82068 0
      vertex -3.13287 -8.42629 0
    endloop
  endfacet
  facet normal -0 0 -1
    outer loop
      vertex -3.11122 -5.82068 0
      vertex -5.73527 -6.93377 0
      vertex -3.66676 -5.4877 0
    endloop
  endfacet
  facet normal -0 0 -1
    outer loop
      vertex -3.66676 -5.4877 0
      vertex -5.73527 -6.93377 0
      vertex -4.187 -5.10187 0
    endloop
  endfacet
  facet normal -0 0 -1
    outer loop
      vertex -4.187 -5.10187 0
      vertex -5.73527 -6.93377 0
      vertex -4.6669 -4.6669 0
    endloop
  endfacet
  facet normal 0 0 -1
    outer loop
      vertex -6.36396 -6.36396 0
      vertex -4.6669 -4.6669 0
      vertex -5.73527 -6.93377 0
    endloop
  endfacet
  facet normal -0 0 -1
    outer loop
      vertex -4.6669 -4.6669 0
      vertex -6.36396 -6.36396 0
      vertex -5.10187 -4.187 0
    endloop
  endfacet
  facet normal 0 0 -1
    outer loop
      vertex -13.9222 -27.114 0
      vertex -5.73527 -6.93377 0
      vertex -3.13287 -8.42629 0
    endloop
  endfacet
  facet normal 0 0 -1
    outer loop
      vertex -16.5204 -25.6142 0
      vertex -13.9222 -27.114 0
      vertex -15.3204 -28.6624 0
    endloop
  endfacet
  facet normal 0 0 -1
    outer loop
      vertex -13.9222 -27.114 0
      vertex -16.5204 -25.6142 0
      vertex -5.73527 -6.93377 0
    endloop
  endfacet
  facet normal 0 0 -1
    outer loop
      vertex -18.056 -27.0228 0
      vertex -16.5204 -25.6142 0
      vertex -15.3204 -28.6624 0
    endloop
  endfacet
  facet normal -0 0 -1
    outer loop
      vertex -16.5204 -25.6142 0
      vertex -18.056 -27.0228 0
      vertex -16.9449 -25.3598 0
    endloop
  endfacet
  facet normal 0 0 -1
    outer loop
      vertex -18.056 -27.0228 0
      vertex -19.349 -23.5768 0
      vertex -16.9449 -25.3598 0
    endloop
  endfacet
  facet normal 0 0 -1
    outer loop
      vertex -20.6178 -25.1228 0
      vertex -19.349 -23.5768 0
      vertex -18.056 -27.0228 0
    endloop
  endfacet
  facet normal 0 0 -1
    outer loop
      vertex -20.6178 -25.1228 0
      vertex -21.5668 -21.5668 0
      vertex -19.349 -23.5768 0
    endloop
  endfacet
  facet normal 0 0 -1
    outer loop
      vertex -22.981 -22.981 0
      vertex -21.5668 -21.5668 0
      vertex -20.6178 -25.1228 0
    endloop
  endfacet
  facet normal 0 0 -1
    outer loop
      vertex -22.981 -22.981 0
      vertex -23.5768 -19.349 0
      vertex -21.5668 -21.5668 0
    endloop
  endfacet
  facet normal 0 0 -1
    outer loop
      vertex -25.1228 -20.6178 0
      vertex -23.5768 -19.349 0
      vertex -22.981 -22.981 0
    endloop
  endfacet
  facet normal 0 0 -1
    outer loop
      vertex -25.1228 -20.6178 0
      vertex -25.3598 -16.9449 0
      vertex -23.5768 -19.349 0
    endloop
  endfacet
  facet normal 0 0 -1
    outer loop
      vertex -27.0228 -18.056 0
      vertex -25.3598 -16.9449 0
      vertex -25.1228 -20.6178 0
    endloop
  endfacet
  facet normal -0 0 -1
    outer loop
      vertex -25.3598 -16.9449 0
      vertex -27.0228 -18.056 0
      vertex -26.8986 -14.3776 0
    endloop
  endfacet
  facet normal 0 0 -1
    outer loop
      vertex -28.6624 -15.3204 0
      vertex -26.8986 -14.3776 0
      vertex -27.0228 -18.056 0
    endloop
  endfacet
  facet normal -0 0 -1
    outer loop
      vertex -26.8986 -14.3776 0
      vertex -28.6624 -15.3204 0
      vertex -28.1783 -11.6718 0
    endloop
  endfacet
  facet normal 0 0 -1
    outer loop
      vertex -30.0261 -12.4372 0
      vertex -28.1783 -11.6718 0
      vertex -28.6624 -15.3204 0
    endloop
  endfacet
  facet normal -0 0 -1
    outer loop
      vertex -28.1783 -11.6718 0
      vertex -30.0261 -12.4372 0
      vertex -29.1867 -8.85368 0
    endloop
  endfacet
  facet normal 0 0 -1
    outer loop
      vertex -31.1006 -9.43425 0
      vertex -29.1867 -8.85368 0
      vertex -30.0261 -12.4372 0
    endloop
  endfacet
  facet normal -0 0 -1
    outer loop
      vertex -29.1867 -8.85368 0
      vertex -31.1006 -9.43425 0
      vertex -29.914 -5.95025 0
    endloop
  endfacet
  facet normal 0 0 -1
    outer loop
      vertex -31.8755 -6.34044 0
      vertex -29.914 -5.95025 0
      vertex -31.1006 -9.43425 0
    endloop
  endfacet
  facet normal -0 0 -1
    outer loop
      vertex -29.914 -5.95025 0
      vertex -31.8755 -6.34044 0
      vertex -30.3531 -2.98952 0
    endloop
  endfacet
  facet normal 0 0 -1
    outer loop
      vertex 37.2782 -3.62663 0
      vertex 30.4263 -1.5 0
      vertex 37.1 0 0
    endloop
  endfacet
  facet normal 0 0 -1
    outer loop
      vertex 29.914 -5.95025 0
      vertex 37.2782 -3.62663 0
      vertex 37.8109 -7.21834 0
    endloop
  endfacet
  facet normal 0 0 -1
    outer loop
      vertex 29.1867 -8.85368 0
      vertex 37.8109 -7.21834 0
      vertex 38.6932 -10.7405 0
    endloop
  endfacet
  facet normal 0 0 -1
    outer loop
      vertex 28.1783 -11.6718 0
      vertex 38.6932 -10.7405 0
      vertex 39.9165 -14.1593 0
    endloop
  endfacet
  facet normal 0 0 -1
    outer loop
      vertex 26.8986 -14.3776 0
      vertex 39.9165 -14.1593 0
      vertex 41.4689 -17.4417 0
    endloop
  endfacet
  facet normal 0 0 -1
    outer loop
      vertex 25.3598 -16.9449 0
      vertex 41.4689 -17.4417 0
      vertex 43.3356 -20.5561 0
    endloop
  endfacet
  facet normal 0 0 -1
    outer loop
      vertex 37.2782 -3.62663 0
      vertex 30.3531 -2.98952 0
      vertex 30.4263 -1.5 0
    endloop
  endfacet
  facet normal -0 0 -1
    outer loop
      vertex 37.2782 -3.62663 0
      vertex 29.914 -5.95025 0
      vertex 30.3531 -2.98952 0
    endloop
  endfacet
  facet normal 0 0 -1
    outer loop
      vertex 21.5668 -21.5668 0
      vertex 43.3356 -20.5561 0
      vertex 45.4986 -23.4726 0
    endloop
  endfacet
  facet normal -0 0 -1
    outer loop
      vertex 37.8109 -7.21834 0
      vertex 29.1867 -8.85368 0
      vertex 29.914 -5.95025 0
    endloop
  endfacet
  facet normal 0 0 -1
    outer loop
      vertex 19.349 -23.5768 0
      vertex 45.4986 -23.4726 0
      vertex 47.937 -26.163 0
    endloop
  endfacet
  facet normal -0 0 -1
    outer loop
      vertex 38.6932 -10.7405 0
      vertex 28.1783 -11.6718 0
      vertex 29.1867 -8.85368 0
    endloop
  endfacet
  facet normal 0 0 -1
    outer loop
      vertex 16.9449 -25.3598 0
      vertex 47.937 -26.163 0
      vertex 50.6274 -28.6014 0
    endloop
  endfacet
  facet normal -0 0 -1
    outer loop
      vertex 39.9165 -14.1593 0
      vertex 26.8986 -14.3776 0
      vertex 28.1783 -11.6718 0
    endloop
  endfacet
  facet normal 0 0 -1
    outer loop
      vertex 14.3776 -26.8986 0
      vertex 50.6274 -28.6014 0
      vertex 53.5439 -30.7644 0
    endloop
  endfacet
  facet normal 0 0 -1
    outer loop
      vertex 41.4689 -17.4417 0
      vertex 25.3598 -16.9449 0
      vertex 26.8986 -14.3776 0
    endloop
  endfacet
  facet normal 0 0 -1
    outer loop
      vertex 11.6718 -28.1783 0
      vertex 53.5439 -30.7644 0
      vertex 56.4396 -32.5 0
    endloop
  endfacet
  facet normal 0 0 -1
    outer loop
      vertex 43.3356 -20.5561 0
      vertex 23.5768 -19.349 0
      vertex 25.3598 -16.9449 0
    endloop
  endfacet
  facet normal -0 0 -1
    outer loop
      vertex 43.3356 -20.5561 0
      vertex 21.5668 -21.5668 0
      vertex 23.5768 -19.349 0
    endloop
  endfacet
  facet normal -0 0 -1
    outer loop
      vertex 45.4986 -23.4726 0
      vertex 19.349 -23.5768 0
      vertex 21.5668 -21.5668 0
    endloop
  endfacet
  facet normal 0 0 -1
    outer loop
      vertex 47.937 -26.163 0
      vertex 16.9449 -25.3598 0
      vertex 19.349 -23.5768 0
    endloop
  endfacet
  facet normal 0 0 -1
    outer loop
      vertex 50.6274 -28.6014 0
      vertex 14.3776 -26.8986 0
      vertex 16.9449 -25.3598 0
    endloop
  endfacet
  facet normal 0 0 -1
    outer loop
      vertex 53.5439 -30.7644 0
      vertex 11.6718 -28.1783 0
      vertex 14.3776 -26.8986 0
    endloop
  endfacet
  facet normal 0 0 -1
    outer loop
      vertex 56.4396 -32.5 0
      vertex 8.85368 -29.1867 0
      vertex 11.6718 -28.1783 0
    endloop
  endfacet
  facet normal 0 0 -1
    outer loop
      vertex 0 -32.5 0
      vertex 8.85368 -29.1867 0
      vertex 56.4396 -32.5 0
    endloop
  endfacet
  facet normal 0 0 -1
    outer loop
      vertex 8.85368 -29.1867 0
      vertex 0 -32.5 0
      vertex 5.95025 -29.914 0
    endloop
  endfacet
  facet normal 0 0 -1
    outer loop
      vertex 5.95025 -29.914 0
      vertex 0 -32.5 0
      vertex 2.98952 -30.3531 0
    endloop
  endfacet
  facet normal 0 0 -1
    outer loop
      vertex 0 -32.5 0
      vertex 0 -30.5 0
      vertex 2.98952 -30.3531 0
    endloop
  endfacet
  facet normal 0 0 -1
    outer loop
      vertex 0 -32.5 0
      vertex -2.98952 -30.3531 0
      vertex 0 -30.5 0
    endloop
  endfacet
  facet normal 0 0 -1
    outer loop
      vertex -3.18556 -32.3435 0
      vertex -2.98952 -30.3531 0
      vertex 0 -32.5 0
    endloop
  endfacet
  facet normal 0 0 -1
    outer loop
      vertex -3.18556 -32.3435 0
      vertex -5.95025 -29.914 0
      vertex -2.98952 -30.3531 0
    endloop
  endfacet
  facet normal 0 0 -1
    outer loop
      vertex -6.34044 -31.8755 0
      vertex -5.95025 -29.914 0
      vertex -3.18556 -32.3435 0
    endloop
  endfacet
  facet normal 0 0 -1
    outer loop
      vertex -6.34044 -31.8755 0
      vertex -8.85368 -29.1867 0
      vertex -5.95025 -29.914 0
    endloop
  endfacet
  facet normal 0 0 -1
    outer loop
      vertex -9.43425 -31.1006 0
      vertex -8.85368 -29.1867 0
      vertex -6.34044 -31.8755 0
    endloop
  endfacet
  facet normal 0 0 -1
    outer loop
      vertex -9.43425 -31.1006 0
      vertex -11.6718 -28.1783 0
      vertex -8.85368 -29.1867 0
    endloop
  endfacet
  facet normal 0 0 -1
    outer loop
      vertex -12.4372 -30.0261 0
      vertex -11.6718 -28.1783 0
      vertex -9.43425 -31.1006 0
    endloop
  endfacet
  facet normal 0 0 -1
    outer loop
      vertex -12.4372 -30.0261 0
      vertex -13.9222 -27.114 0
      vertex -11.6718 -28.1783 0
    endloop
  endfacet
  facet normal 0 -0 -1
    outer loop
      vertex -13.9222 -27.114 0
      vertex -12.4372 -30.0261 0
      vertex -15.3204 -28.6624 0
    endloop
  endfacet
  facet normal 0 0 -1
    outer loop
      vertex 30.4263 1.5 0
      vertex 37.1 0 0
      vertex 30.4263 -1.5 0
    endloop
  endfacet
  facet normal 0 0 -1
    outer loop
      vertex 37.1 0 0
      vertex 30.4263 1.5 0
      vertex 37.2782 3.62663 0
    endloop
  endfacet
  facet normal 0 0 -1
    outer loop
      vertex 30.3531 2.98952 0
      vertex 37.2782 3.62663 0
      vertex 30.4263 1.5 0
    endloop
  endfacet
  facet normal 0 0 -1
    outer loop
      vertex 29.914 5.95025 0
      vertex 37.2782 3.62663 0
      vertex 30.3531 2.98952 0
    endloop
  endfacet
  facet normal 0 0 -1
    outer loop
      vertex 37.2782 3.62663 0
      vertex 29.914 5.95025 0
      vertex 37.8109 7.21834 0
    endloop
  endfacet
  facet normal 0 0 -1
    outer loop
      vertex 29.1867 8.85368 0
      vertex 37.8109 7.21834 0
      vertex 29.914 5.95025 0
    endloop
  endfacet
  facet normal 0 0 -1
    outer loop
      vertex 37.8109 7.21834 0
      vertex 29.1867 8.85368 0
      vertex 38.6932 10.7405 0
    endloop
  endfacet
  facet normal 0 0 -1
    outer loop
      vertex 28.1783 11.6718 0
      vertex 38.6932 10.7405 0
      vertex 29.1867 8.85368 0
    endloop
  endfacet
  facet normal 0 0 -1
    outer loop
      vertex 38.6932 10.7405 0
      vertex 28.1783 11.6718 0
      vertex 39.9165 14.1593 0
    endloop
  endfacet
  facet normal 0 0 -1
    outer loop
      vertex 26.8986 14.3776 0
      vertex 39.9165 14.1593 0
      vertex 28.1783 11.6718 0
    endloop
  endfacet
  facet normal 0 0 -1
    outer loop
      vertex 39.9165 14.1593 0
      vertex 26.8986 14.3776 0
      vertex 41.4689 17.4417 0
    endloop
  endfacet
  facet normal 0 0 -1
    outer loop
      vertex 25.3598 16.9449 0
      vertex 41.4689 17.4417 0
      vertex 26.8986 14.3776 0
    endloop
  endfacet
  facet normal -0 0 -1
    outer loop
      vertex 41.4689 17.4417 0
      vertex 25.3598 16.9449 0
      vertex 43.3356 20.5561 0
    endloop
  endfacet
  facet normal 0 0 -1
    outer loop
      vertex 23.5768 19.349 0
      vertex 43.3356 20.5561 0
      vertex 25.3598 16.9449 0
    endloop
  endfacet
  facet normal 0 0 -1
    outer loop
      vertex 21.5668 21.5668 0
      vertex 43.3356 20.5561 0
      vertex 23.5768 19.349 0
    endloop
  endfacet
  facet normal 0 0 -1
    outer loop
      vertex 43.3356 20.5561 0
      vertex 21.5668 21.5668 0
      vertex 45.4986 23.4726 0
    endloop
  endfacet
  facet normal 0 0 -1
    outer loop
      vertex 19.349 23.5768 0
      vertex 45.4986 23.4726 0
      vertex 21.5668 21.5668 0
    endloop
  endfacet
  facet normal 0 0 -1
    outer loop
      vertex 45.4986 23.4726 0
      vertex 19.349 23.5768 0
      vertex 47.937 26.163 0
    endloop
  endfacet
  facet normal 0 0 -1
    outer loop
      vertex 16.9449 25.3598 0
      vertex 47.937 26.163 0
      vertex 19.349 23.5768 0
    endloop
  endfacet
  facet normal -0 0 -1
    outer loop
      vertex 47.937 26.163 0
      vertex 16.9449 25.3598 0
      vertex 50.6274 28.6014 0
    endloop
  endfacet
  facet normal 0 0 -1
    outer loop
      vertex 14.3776 26.8986 0
      vertex 50.6274 28.6014 0
      vertex 16.9449 25.3598 0
    endloop
  endfacet
  facet normal -0 0 -1
    outer loop
      vertex 50.6274 28.6014 0
      vertex 14.3776 26.8986 0
      vertex 53.5439 30.7644 0
    endloop
  endfacet
  facet normal 0 0 -1
    outer loop
      vertex 11.6718 28.1783 0
      vertex 53.5439 30.7644 0
      vertex 14.3776 26.8986 0
    endloop
  endfacet
  facet normal -0 0 -1
    outer loop
      vertex 53.5439 30.7644 0
      vertex 11.6718 28.1783 0
      vertex 56.4396 32.5 0
    endloop
  endfacet
  facet normal 0 0 -1
    outer loop
      vertex 8.85368 29.1867 0
      vertex 56.4396 32.5 0
      vertex 11.6718 28.1783 0
    endloop
  endfacet
  facet normal 0 0 -1
    outer loop
      vertex 0 32.5 0
      vertex 8.85368 29.1867 0
      vertex 5.95025 29.914 0
    endloop
  endfacet
  facet normal 0 0 -1
    outer loop
      vertex 0 32.5 0
      vertex 5.95025 29.914 0
      vertex 2.98952 30.3531 0
    endloop
  endfacet
  facet normal 0 0 -1
    outer loop
      vertex 0 32.5 0
      vertex 2.98952 30.3531 0
      vertex 0 30.5 0
    endloop
  endfacet
  facet normal 0 0 -1
    outer loop
      vertex 8.85368 29.1867 0
      vertex 0 32.5 0
      vertex 56.4396 32.5 0
    endloop
  endfacet
  facet normal 0 0 -1
    outer loop
      vertex -2.98952 30.3531 0
      vertex 0 32.5 0
      vertex 0 30.5 0
    endloop
  endfacet
  facet normal 0 0 -1
    outer loop
      vertex -2.98952 30.3531 0
      vertex -3.18556 32.3435 0
      vertex 0 32.5 0
    endloop
  endfacet
  facet normal 0 0 -1
    outer loop
      vertex -5.95025 29.914 0
      vertex -3.18556 32.3435 0
      vertex -2.98952 30.3531 0
    endloop
  endfacet
  facet normal 0 0 -1
    outer loop
      vertex -5.95025 29.914 0
      vertex -6.34044 31.8755 0
      vertex -3.18556 32.3435 0
    endloop
  endfacet
  facet normal 0 0 -1
    outer loop
      vertex -8.85368 29.1867 0
      vertex -6.34044 31.8755 0
      vertex -5.95025 29.914 0
    endloop
  endfacet
  facet normal 0 0 -1
    outer loop
      vertex -8.85368 29.1867 0
      vertex -9.43425 31.1006 0
      vertex -6.34044 31.8755 0
    endloop
  endfacet
  facet normal 0 0 -1
    outer loop
      vertex -11.6718 28.1783 0
      vertex -9.43425 31.1006 0
      vertex -8.85368 29.1867 0
    endloop
  endfacet
  facet normal 0 0 -1
    outer loop
      vertex -11.6718 28.1783 0
      vertex -12.4372 30.0261 0
      vertex -9.43425 31.1006 0
    endloop
  endfacet
  facet normal 0 0 -1
    outer loop
      vertex -13.9222 27.114 0
      vertex -12.4372 30.0261 0
      vertex -11.6718 28.1783 0
    endloop
  endfacet
  facet normal 0 0 -1
    outer loop
      vertex -12.4372 30.0261 0
      vertex -13.9222 27.114 0
      vertex -15.3204 28.6624 0
    endloop
  endfacet
  facet normal 0 0 -1
    outer loop
      vertex 6.0976 2.52571 0
      vertex 8.31492 3.44415 0
      vertex 6.31581 1.91588 0
    endloop
  endfacet
  facet normal -0 0 -1
    outer loop
      vertex 8.31492 3.44415 0
      vertex 6.0976 2.52571 0
      vertex 7.93729 4.24257 0
    endloop
  endfacet
  facet normal 0 0 -1
    outer loop
      vertex 5.82068 3.11122 0
      vertex 7.93729 4.24257 0
      vertex 6.0976 2.52571 0
    endloop
  endfacet
  facet normal -0 0 -1
    outer loop
      vertex 7.93729 4.24257 0
      vertex 5.82068 3.11122 0
      vertex 7.48323 5.00013 0
    endloop
  endfacet
  facet normal 0 0 -1
    outer loop
      vertex 5.4877 3.66676 0
      vertex 7.48323 5.00013 0
      vertex 5.82068 3.11122 0
    endloop
  endfacet
  facet normal -0 0 -1
    outer loop
      vertex 7.48323 5.00013 0
      vertex 5.4877 3.66676 0
      vertex 6.95709 5.70954 0
    endloop
  endfacet
  facet normal 0 0 -1
    outer loop
      vertex 5.10187 4.187 0
      vertex 6.95709 5.70954 0
      vertex 5.4877 3.66676 0
    endloop
  endfacet
  facet normal -0 0 -1
    outer loop
      vertex 6.95709 5.70954 0
      vertex 5.10187 4.187 0
      vertex 6.36396 6.36396 0
    endloop
  endfacet
  facet normal 0 0 -1
    outer loop
      vertex 4.6669 4.6669 0
      vertex 6.36396 6.36396 0
      vertex 5.10187 4.187 0
    endloop
  endfacet
  facet normal -0 0 -1
    outer loop
      vertex 6.36396 6.36396 0
      vertex 4.6669 4.6669 0
      vertex 5.70954 6.95709 0
    endloop
  endfacet
  facet normal 0 0 -1
    outer loop
      vertex 4.187 5.10187 0
      vertex 5.70954 6.95709 0
      vertex 4.6669 4.6669 0
    endloop
  endfacet
  facet normal -0 0 -1
    outer loop
      vertex 5.70954 6.95709 0
      vertex 4.187 5.10187 0
      vertex 5.00013 7.48323 0
    endloop
  endfacet
  facet normal 0 0 -1
    outer loop
      vertex 3.66676 5.4877 0
      vertex 5.00013 7.48323 0
      vertex 4.187 5.10187 0
    endloop
  endfacet
  facet normal -0 0 -1
    outer loop
      vertex 5.00013 7.48323 0
      vertex 3.66676 5.4877 0
      vertex 4.24257 7.93729 0
    endloop
  endfacet
  facet normal 0 0 -1
    outer loop
      vertex 3.11122 5.82068 0
      vertex 4.24257 7.93729 0
      vertex 3.66676 5.4877 0
    endloop
  endfacet
  facet normal -0 0 -1
    outer loop
      vertex 4.24257 7.93729 0
      vertex 3.11122 5.82068 0
      vertex 3.44415 8.31492 0
    endloop
  endfacet
  facet normal 0 0 -1
    outer loop
      vertex 2.52571 6.0976 0
      vertex 3.44415 8.31492 0
      vertex 3.11122 5.82068 0
    endloop
  endfacet
  facet normal -0 0 -1
    outer loop
      vertex 3.44415 8.31492 0
      vertex 2.52571 6.0976 0
      vertex 2.61256 8.61246 0
    endloop
  endfacet
  facet normal 0 0 -1
    outer loop
      vertex 1.91588 6.31581 0
      vertex 2.61256 8.61246 0
      vertex 2.52571 6.0976 0
    endloop
  endfacet
  facet normal 0 0 -1
    outer loop
      vertex 1.91588 6.31581 0
      vertex 1.75581 8.82707 0
      vertex 2.61256 8.61246 0
    endloop
  endfacet
  facet normal 0 0 -1
    outer loop
      vertex 1.2876 6.47318 0
      vertex 1.75581 8.82707 0
      vertex 1.91588 6.31581 0
    endloop
  endfacet
  facet normal 0 0 -1
    outer loop
      vertex 1.2876 6.47318 0
      vertex 0.882154 8.95666 0
      vertex 1.75581 8.82707 0
    endloop
  endfacet
  facet normal 0 0 -1
    outer loop
      vertex 0.646913 6.56822 0
      vertex 0.882154 8.95666 0
      vertex 1.2876 6.47318 0
    endloop
  endfacet
  facet normal 0 0 -1
    outer loop
      vertex 0 6.6 0
      vertex 0.882154 8.95666 0
      vertex 0.646913 6.56822 0
    endloop
  endfacet
  facet normal 0 0 -1
    outer loop
      vertex 0 6.6 0
      vertex 0 9 0
      vertex 0.882154 8.95666 0
    endloop
  endfacet
  facet normal 0 0 -1
    outer loop
      vertex -0.646913 6.56822 0
      vertex 0 9 0
      vertex 0 6.6 0
    endloop
  endfacet
  facet normal 0 0 -1
    outer loop
      vertex -0.646913 6.56822 0
      vertex -0.882154 8.95666 0
      vertex 0 9 0
    endloop
  endfacet
  facet normal 0 0 -1
    outer loop
      vertex -1.2876 6.47318 0
      vertex -0.882154 8.95666 0
      vertex -0.646913 6.56822 0
    endloop
  endfacet
  facet normal 0 0 -1
    outer loop
      vertex -1.2876 6.47318 0
      vertex -1.75581 8.82707 0
      vertex -0.882154 8.95666 0
    endloop
  endfacet
  facet normal 0 0 -1
    outer loop
      vertex -1.91588 6.31581 0
      vertex -1.75581 8.82707 0
      vertex -1.2876 6.47318 0
    endloop
  endfacet
  facet normal 0 0 -1
    outer loop
      vertex -3.13287 8.42629 0
      vertex -1.91588 6.31581 0
      vertex -2.52571 6.0976 0
    endloop
  endfacet
  facet normal 0 0 -1
    outer loop
      vertex -1.91588 6.31581 0
      vertex -2.61256 8.61246 0
      vertex -1.75581 8.82707 0
    endloop
  endfacet
  facet normal 0 0 -1
    outer loop
      vertex -3.13287 8.42629 0
      vertex -2.52571 6.0976 0
      vertex -3.11122 5.82068 0
    endloop
  endfacet
  facet normal 0 0 -1
    outer loop
      vertex -1.91588 6.31581 0
      vertex -3.13287 8.42629 0
      vertex -2.61256 8.61246 0
    endloop
  endfacet
  facet normal 0 0 -1
    outer loop
      vertex -5.73527 6.93377 0
      vertex -3.11122 5.82068 0
      vertex -3.66676 5.4877 0
    endloop
  endfacet
  facet normal 0 0 -1
    outer loop
      vertex -5.73527 6.93377 0
      vertex -3.66676 5.4877 0
      vertex -4.187 5.10187 0
    endloop
  endfacet
  facet normal 0 0 -1
    outer loop
      vertex -5.73527 6.93377 0
      vertex -4.187 5.10187 0
      vertex -4.6669 4.6669 0
    endloop
  endfacet
  facet normal 0 0 -1
    outer loop
      vertex -5.73527 6.93377 0
      vertex -4.6669 4.6669 0
      vertex -5.10187 4.187 0
    endloop
  endfacet
  facet normal 0 0 -1
    outer loop
      vertex -5.73527 6.93377 0
      vertex -5.10187 4.187 0
      vertex -5.4877 3.66676 0
    endloop
  endfacet
  facet normal 0 0 -1
    outer loop
      vertex -3.11122 5.82068 0
      vertex -5.73527 6.93377 0
      vertex -3.13287 8.42629 0
    endloop
  endfacet
  facet normal 0 0 -1
    outer loop
      vertex -5.73527 6.93377 0
      vertex -13.9222 27.114 0
      vertex -3.13287 8.42629 0
    endloop
  endfacet
  facet normal 0 0 -1
    outer loop
      vertex -16.5204 25.6142 0
      vertex -13.9222 27.114 0
      vertex -5.73527 6.93377 0
    endloop
  endfacet
  facet normal -0 0 -1
    outer loop
      vertex -13.9222 27.114 0
      vertex -16.5204 25.6142 0
      vertex -15.3204 28.6624 0
    endloop
  endfacet
  facet normal 0 0 -1
    outer loop
      vertex -18.056 27.0228 0
      vertex -16.5204 25.6142 0
      vertex -16.9449 25.3598 0
    endloop
  endfacet
  facet normal 0 0 -1
    outer loop
      vertex -16.5204 25.6142 0
      vertex -18.056 27.0228 0
      vertex -15.3204 28.6624 0
    endloop
  endfacet
  facet normal 0 0 -1
    outer loop
      vertex -19.349 23.5768 0
      vertex -18.056 27.0228 0
      vertex -16.9449 25.3598 0
    endloop
  endfacet
  facet normal 0 0 -1
    outer loop
      vertex -19.349 23.5768 0
      vertex -20.6178 25.1228 0
      vertex -18.056 27.0228 0
    endloop
  endfacet
  facet normal 0 0 -1
    outer loop
      vertex -21.5668 21.5668 0
      vertex -20.6178 25.1228 0
      vertex -19.349 23.5768 0
    endloop
  endfacet
  facet normal 0 0 -1
    outer loop
      vertex -21.5668 21.5668 0
      vertex -22.981 22.981 0
      vertex -20.6178 25.1228 0
    endloop
  endfacet
  facet normal 0 0 -1
    outer loop
      vertex -23.5768 19.349 0
      vertex -22.981 22.981 0
      vertex -21.5668 21.5668 0
    endloop
  endfacet
  facet normal 0 0 -1
    outer loop
      vertex -23.5768 19.349 0
      vertex -25.1228 20.6178 0
      vertex -22.981 22.981 0
    endloop
  endfacet
  facet normal 0 0 -1
    outer loop
      vertex -25.3598 16.9449 0
      vertex -25.1228 20.6178 0
      vertex -23.5768 19.349 0
    endloop
  endfacet
  facet normal 0 0 -1
    outer loop
      vertex -27.0228 18.056 0
      vertex -25.3598 16.9449 0
      vertex -26.8986 14.3776 0
    endloop
  endfacet
  facet normal 0 0 -1
    outer loop
      vertex -25.3598 16.9449 0
      vertex -27.0228 18.056 0
      vertex -25.1228 20.6178 0
    endloop
  endfacet
  facet normal 0 0 -1
    outer loop
      vertex -28.6624 15.3204 0
      vertex -26.8986 14.3776 0
      vertex -28.1783 11.6718 0
    endloop
  endfacet
  facet normal 0 0 -1
    outer loop
      vertex -26.8986 14.3776 0
      vertex -28.6624 15.3204 0
      vertex -27.0228 18.056 0
    endloop
  endfacet
  facet normal 0 0 -1
    outer loop
      vertex -30.0261 12.4372 0
      vertex -28.1783 11.6718 0
      vertex -29.1867 8.85368 0
    endloop
  endfacet
  facet normal 0 0 -1
    outer loop
      vertex -31.1006 9.43425 0
      vertex -29.1867 8.85368 0
      vertex -29.914 5.95025 0
    endloop
  endfacet
  facet normal 0 0 -1
    outer loop
      vertex -28.1783 11.6718 0
      vertex -30.0261 12.4372 0
      vertex -28.6624 15.3204 0
    endloop
  endfacet
  facet normal 0 0 -1
    outer loop
      vertex -31.8755 6.34044 0
      vertex -29.914 5.95025 0
      vertex -30.3531 2.98952 0
    endloop
  endfacet
  facet normal 0 0 -1
    outer loop
      vertex -32.3435 3.18556 0
      vertex -30.3531 2.98952 0
      vertex -30.5 0 0
    endloop
  endfacet
  facet normal 0 0 -1
    outer loop
      vertex -32.3435 -3.18556 0
      vertex -30.3531 -2.98952 0
      vertex -31.8755 -6.34044 0
    endloop
  endfacet
  facet normal 0 0 -1
    outer loop
      vertex -29.1867 8.85368 0
      vertex -31.1006 9.43425 0
      vertex -30.0261 12.4372 0
    endloop
  endfacet
  facet normal -0 0 -1
    outer loop
      vertex -30.3531 -2.98952 0
      vertex -32.3435 -3.18556 0
      vertex -30.5 0 0
    endloop
  endfacet
  facet normal 0 0 -1
    outer loop
      vertex -29.914 5.95025 0
      vertex -31.8755 6.34044 0
      vertex -31.1006 9.43425 0
    endloop
  endfacet
  facet normal 0 0 -1
    outer loop
      vertex -32.5 0 0
      vertex -30.5 0 0
      vertex -32.3435 -3.18556 0
    endloop
  endfacet
  facet normal 0 0 -1
    outer loop
      vertex -30.3531 2.98952 0
      vertex -32.3435 3.18556 0
      vertex -31.8755 6.34044 0
    endloop
  endfacet
  facet normal 0 0 -1
    outer loop
      vertex -30.5 0 0
      vertex -32.5 0 0
      vertex -32.3435 3.18556 0
    endloop
  endfacet
  facet normal 0 0 -1
    outer loop
      vertex -6.95709 -5.70954 0
      vertex -5.10187 -4.187 0
      vertex -6.36396 -6.36396 0
    endloop
  endfacet
  facet normal -0 0 -1
    outer loop
      vertex -5.10187 -4.187 0
      vertex -6.95709 -5.70954 0
      vertex -5.4877 -3.66676 0
    endloop
  endfacet
  facet normal 0 0 -1
    outer loop
      vertex -7.48323 -5.00013 0
      vertex -5.4877 -3.66676 0
      vertex -6.95709 -5.70954 0
    endloop
  endfacet
  facet normal -0 0 -1
    outer loop
      vertex -5.4877 -3.66676 0
      vertex -7.48323 -5.00013 0
      vertex -5.82068 -3.11122 0
    endloop
  endfacet
  facet normal 0 0 -1
    outer loop
      vertex -7.93729 -4.24257 0
      vertex -5.82068 -3.11122 0
      vertex -7.48323 -5.00013 0
    endloop
  endfacet
  facet normal -0 0 -1
    outer loop
      vertex -5.82068 -3.11122 0
      vertex -7.93729 -4.24257 0
      vertex -6.0976 -2.52571 0
    endloop
  endfacet
  facet normal 0 0 -1
    outer loop
      vertex -8.31492 -3.44415 0
      vertex -6.0976 -2.52571 0
      vertex -7.93729 -4.24257 0
    endloop
  endfacet
  facet normal -0 0 -1
    outer loop
      vertex -6.0976 -2.52571 0
      vertex -8.31492 -3.44415 0
      vertex -6.31581 -1.91588 0
    endloop
  endfacet
  facet normal 0.97003 0.242986 0
    outer loop
      vertex 8.82707 1.75581 10
      vertex 8.61246 2.61256 0
      vertex 8.61246 2.61256 10
    endloop
  endfacet
  facet normal 0.97003 0.242986 0
    outer loop
      vertex 8.61246 2.61256 0
      vertex 8.82707 1.75581 10
      vertex 8.82707 1.75581 0
    endloop
  endfacet
  facet normal 0.98918 0.146708 0
    outer loop
      vertex 8.86501 1.5 10
      vertex 8.82707 1.75581 0
      vertex 8.82707 1.75581 10
    endloop
  endfacet
  facet normal 0.98918 0.146708 0
    outer loop
      vertex 8.82707 1.75581 0
      vertex 8.86501 1.5 10
      vertex 8.86501 1.5 0
    endloop
  endfacet
  facet normal 0.941547 0.336882 0
    outer loop
      vertex 8.61246 2.61256 10
      vertex 8.31492 3.44415 0
      vertex 8.31492 3.44415 10
    endloop
  endfacet
  facet normal 0.941547 0.336882 0
    outer loop
      vertex 8.31492 3.44415 0
      vertex 8.61246 2.61256 10
      vertex 8.61246 2.61256 0
    endloop
  endfacet
  facet normal 0.803204 0.595703 0
    outer loop
      vertex 7.48323 5.00013 10
      vertex 6.95709 5.70954 0
      vertex 6.95709 5.70954 10
    endloop
  endfacet
  facet normal 0.803204 0.595703 0
    outer loop
      vertex 6.95709 5.70954 0
      vertex 7.48323 5.00013 10
      vertex 7.48323 5.00013 0
    endloop
  endfacet
  facet normal 0.740952 0.671558 0
    outer loop
      vertex 6.95709 5.70954 10
      vertex 6.36396 6.36396 0
      vertex 6.36396 6.36396 10
    endloop
  endfacet
  facet normal 0.740952 0.671558 0
    outer loop
      vertex 6.36396 6.36396 0
      vertex 6.95709 5.70954 10
      vertex 6.95709 5.70954 0
    endloop
  endfacet
  facet normal 0.857731 0.514099 0
    outer loop
      vertex 7.93729 4.24257 10
      vertex 7.48323 5.00013 0
      vertex 7.48323 5.00013 10
    endloop
  endfacet
  facet normal 0.857731 0.514099 0
    outer loop
      vertex 7.48323 5.00013 0
      vertex 7.93729 4.24257 10
      vertex 7.93729 4.24257 0
    endloop
  endfacet
  facet normal 0.242986 0.97003 -0
    outer loop
      vertex 2.61256 8.61246 0
      vertex 1.75581 8.82707 10
      vertex 2.61256 8.61246 10
    endloop
  endfacet
  facet normal 0.242986 0.97003 0
    outer loop
      vertex 1.75581 8.82707 10
      vertex 2.61256 8.61246 0
      vertex 1.75581 8.82707 0
    endloop
  endfacet
  facet normal 0.336882 0.941547 -0
    outer loop
      vertex 3.44415 8.31492 0
      vertex 2.61256 8.61246 10
      vertex 3.44415 8.31492 10
    endloop
  endfacet
  facet normal 0.336882 0.941547 0
    outer loop
      vertex 2.61256 8.61246 10
      vertex 3.44415 8.31492 0
      vertex 2.61256 8.61246 0
    endloop
  endfacet
  facet normal 0.146725 0.989177 -0
    outer loop
      vertex 1.75581 8.82707 0
      vertex 0.882154 8.95666 10
      vertex 1.75581 8.82707 10
    endloop
  endfacet
  facet normal 0.146725 0.989177 0
    outer loop
      vertex 0.882154 8.95666 10
      vertex 1.75581 8.82707 0
      vertex 0.882154 8.95666 0
    endloop
  endfacet
  facet normal 0.595703 0.803204 -0
    outer loop
      vertex 5.70954 6.95709 0
      vertex 5.00013 7.48323 10
      vertex 5.70954 6.95709 10
    endloop
  endfacet
  facet normal 0.595703 0.803204 0
    outer loop
      vertex 5.00013 7.48323 10
      vertex 5.70954 6.95709 0
      vertex 5.00013 7.48323 0
    endloop
  endfacet
  facet normal -0.97003 0.242986 0
    outer loop
      vertex -8.82707 1.75581 0
      vertex -8.61246 2.61256 10
      vertex -8.61246 2.61256 0
    endloop
  endfacet
  facet normal -0.97003 0.242986 0
    outer loop
      vertex -8.61246 2.61256 10
      vertex -8.82707 1.75581 0
      vertex -8.82707 1.75581 10
    endloop
  endfacet
  facet normal -0.803204 0.595703 0
    outer loop
      vertex -7.48323 5.00013 0
      vertex -6.95709 5.70954 10
      vertex -6.95709 5.70954 0
    endloop
  endfacet
  facet normal -0.803204 0.595703 0
    outer loop
      vertex -6.95709 5.70954 10
      vertex -7.48323 5.00013 0
      vertex -7.48323 5.00013 10
    endloop
  endfacet
  facet normal -0.740952 0.671558 0
    outer loop
      vertex -6.95709 5.70954 0
      vertex -6.36396 6.36396 10
      vertex -6.36396 6.36396 0
    endloop
  endfacet
  facet normal -0.740952 0.671558 0
    outer loop
      vertex -6.36396 6.36396 10
      vertex -6.95709 5.70954 0
      vertex -6.95709 5.70954 10
    endloop
  endfacet
  facet normal -0.857731 0.514099 0
    outer loop
      vertex -7.93729 4.24257 0
      vertex -7.48323 5.00013 10
      vertex -7.48323 5.00013 0
    endloop
  endfacet
  facet normal -0.857731 0.514099 0
    outer loop
      vertex -7.48323 5.00013 10
      vertex -7.93729 4.24257 0
      vertex -7.93729 4.24257 10
    endloop
  endfacet
  facet normal -0.941547 0.336882 0
    outer loop
      vertex -8.61246 2.61256 0
      vertex -8.31492 3.44415 10
      vertex -8.31492 3.44415 0
    endloop
  endfacet
  facet normal -0.941547 0.336882 0
    outer loop
      vertex -8.31492 3.44415 10
      vertex -8.61246 2.61256 0
      vertex -8.61246 2.61256 10
    endloop
  endfacet
  facet normal -0.989177 0.146725 0
    outer loop
      vertex -8.95666 0.882154 0
      vertex -8.82707 1.75581 10
      vertex -8.82707 1.75581 0
    endloop
  endfacet
  facet normal -0.989177 0.146725 0
    outer loop
      vertex -8.82707 1.75581 10
      vertex -8.95666 0.882154 0
      vertex -8.95666 0.882154 10
    endloop
  endfacet
  facet normal 0 0 1
    outer loop
      vertex -7.48323 -5.00013 10
      vertex -5.4877 -3.66676 10
      vertex -5.82068 -3.11122 10
    endloop
  endfacet
  facet normal 0 0 1
    outer loop
      vertex -7.93729 -4.24257 10
      vertex -5.82068 -3.11122 10
      vertex -6.0976 -2.52571 10
    endloop
  endfacet
  facet normal 0 0 1
    outer loop
      vertex -8.31492 -3.44415 10
      vertex -6.0976 -2.52571 10
      vertex -6.31581 -1.91588 10
    endloop
  endfacet
  facet normal 0 0 1
    outer loop
      vertex -5.4877 -3.66676 10
      vertex -6.36396 -6.36396 10
      vertex -5.73527 -6.93377 10
    endloop
  endfacet
  facet normal 0 0 1
    outer loop
      vertex -8.61246 -2.61256 10
      vertex -6.31581 -1.91588 10
      vertex -6.47318 -1.2876 10
    endloop
  endfacet
  facet normal 0 0 1
    outer loop
      vertex -8.82707 -1.75581 10
      vertex -6.47318 -1.2876 10
      vertex -6.56822 -0.646913 10
    endloop
  endfacet
  facet normal 0 0 1
    outer loop
      vertex -8.95666 -0.882154 10
      vertex -6.56822 -0.646913 10
      vertex -6.6 0 10
    endloop
  endfacet
  facet normal -0 0 1
    outer loop
      vertex -8.61246 2.61256 10
      vertex -6.31581 1.91588 10
      vertex -8.31492 3.44415 10
    endloop
  endfacet
  facet normal 0 0 1
    outer loop
      vertex -5.4877 -3.66676 10
      vertex -6.95709 -5.70954 10
      vertex -6.36396 -6.36396 10
    endloop
  endfacet
  facet normal 0 0 1
    outer loop
      vertex -6.31581 1.91588 10
      vertex -8.61246 2.61256 10
      vertex -6.47318 1.2876 10
    endloop
  endfacet
  facet normal 0 0 1
    outer loop
      vertex -5.4877 -3.66676 10
      vertex -7.48323 -5.00013 10
      vertex -6.95709 -5.70954 10
    endloop
  endfacet
  facet normal -0 0 1
    outer loop
      vertex -8.82707 1.75581 10
      vertex -6.47318 1.2876 10
      vertex -8.61246 2.61256 10
    endloop
  endfacet
  facet normal 0 0 1
    outer loop
      vertex -5.82068 -3.11122 10
      vertex -7.93729 -4.24257 10
      vertex -7.48323 -5.00013 10
    endloop
  endfacet
  facet normal 0 0 1
    outer loop
      vertex -6.47318 1.2876 10
      vertex -8.82707 1.75581 10
      vertex -6.56822 0.646913 10
    endloop
  endfacet
  facet normal 0 0 1
    outer loop
      vertex -6.0976 -2.52571 10
      vertex -8.31492 -3.44415 10
      vertex -7.93729 -4.24257 10
    endloop
  endfacet
  facet normal -0 0 1
    outer loop
      vertex -8.95666 0.882154 10
      vertex -6.56822 0.646913 10
      vertex -8.82707 1.75581 10
    endloop
  endfacet
  facet normal 0 0 1
    outer loop
      vertex -6.31581 -1.91588 10
      vertex -8.61246 -2.61256 10
      vertex -8.31492 -3.44415 10
    endloop
  endfacet
  facet normal 0 0 1
    outer loop
      vertex -6.56822 0.646913 10
      vertex -8.95666 0.882154 10
      vertex -6.6 0 10
    endloop
  endfacet
  facet normal 0 0 1
    outer loop
      vertex -6.47318 -1.2876 10
      vertex -8.82707 -1.75581 10
      vertex -8.61246 -2.61256 10
    endloop
  endfacet
  facet normal 0 0 1
    outer loop
      vertex -9 0 10
      vertex -6.6 0 10
      vertex -8.95666 0.882154 10
    endloop
  endfacet
  facet normal 0 0 1
    outer loop
      vertex -6.56822 -0.646913 10
      vertex -8.95666 -0.882154 10
      vertex -8.82707 -1.75581 10
    endloop
  endfacet
  facet normal 0 0 1
    outer loop
      vertex -6.6 0 10
      vertex -9 0 10
      vertex -8.95666 -0.882154 10
    endloop
  endfacet
  facet normal -0 0 1
    outer loop
      vertex 8.86501 1.5 10
      vertex 30.5 0 10
      vertex 30.4263 1.5 10
    endloop
  endfacet
  facet normal 0 0 1
    outer loop
      vertex 8.86501 -1.5 10
      vertex 30.5 0 10
      vertex 8.86501 1.5 10
    endloop
  endfacet
  facet normal 0 0 1
    outer loop
      vertex 30.5 0 10
      vertex 8.86501 -1.5 10
      vertex 30.4263 -1.5 10
    endloop
  endfacet
  facet normal 0 0 1
    outer loop
      vertex 6.47318 1.2876 10
      vertex 8.86501 1.5 10
      vertex 8.82707 1.75581 10
    endloop
  endfacet
  facet normal 0 0 1
    outer loop
      vertex 8.86501 1.5 10
      vertex 6.6 0 10
      vertex 8.86501 -1.5 10
    endloop
  endfacet
  facet normal 0 0 1
    outer loop
      vertex 6.47318 1.2876 10
      vertex 8.82707 1.75581 10
      vertex 8.61246 2.61256 10
    endloop
  endfacet
  facet normal -0 0 1
    outer loop
      vertex 6.56822 -0.646913 10
      vertex 8.86501 -1.5 10
      vertex 6.6 0 10
    endloop
  endfacet
  facet normal 0 0 1
    outer loop
      vertex 6.31581 1.91588 10
      vertex 8.61246 2.61256 10
      vertex 8.31492 3.44415 10
    endloop
  endfacet
  facet normal -0 0 1
    outer loop
      vertex 6.47318 -1.2876 10
      vertex 8.86501 -1.5 10
      vertex 6.56822 -0.646913 10
    endloop
  endfacet
  facet normal 0 0 1
    outer loop
      vertex 6.0976 2.52571 10
      vertex 8.31492 3.44415 10
      vertex 7.93729 4.24257 10
    endloop
  endfacet
  facet normal 0 0 1
    outer loop
      vertex 8.86501 -1.5 10
      vertex 6.47318 -1.2876 10
      vertex 8.82707 -1.75581 10
    endloop
  endfacet
  facet normal 0 0 1
    outer loop
      vertex 5.82068 3.11122 10
      vertex 7.93729 4.24257 10
      vertex 7.48323 5.00013 10
    endloop
  endfacet
  facet normal 0 0 1
    outer loop
      vertex 8.82707 -1.75581 10
      vertex 6.47318 -1.2876 10
      vertex 8.61246 -2.61256 10
    endloop
  endfacet
  facet normal 0 0 1
    outer loop
      vertex 5.4877 3.66676 10
      vertex 7.48323 5.00013 10
      vertex 6.95709 5.70954 10
    endloop
  endfacet
  facet normal -0 0 1
    outer loop
      vertex 6.31581 -1.91588 10
      vertex 8.61246 -2.61256 10
      vertex 6.47318 -1.2876 10
    endloop
  endfacet
  facet normal 0 0 1
    outer loop
      vertex 8.61246 -2.61256 10
      vertex 6.31581 -1.91588 10
      vertex 8.31492 -3.44415 10
    endloop
  endfacet
  facet normal 0 0 1
    outer loop
      vertex 8.86501 1.5 10
      vertex 6.56822 0.646913 10
      vertex 6.6 0 10
    endloop
  endfacet
  facet normal 0 0 1
    outer loop
      vertex 8.86501 1.5 10
      vertex 6.47318 1.2876 10
      vertex 6.56822 0.646913 10
    endloop
  endfacet
  facet normal 0 0 1
    outer loop
      vertex 5.10187 4.187 10
      vertex 6.95709 5.70954 10
      vertex 6.36396 6.36396 10
    endloop
  endfacet
  facet normal 0 0 1
    outer loop
      vertex 8.61246 2.61256 10
      vertex 6.31581 1.91588 10
      vertex 6.47318 1.2876 10
    endloop
  endfacet
  facet normal 0 0 1
    outer loop
      vertex 8.31492 3.44415 10
      vertex 6.0976 2.52571 10
      vertex 6.31581 1.91588 10
    endloop
  endfacet
  facet normal 0 0 1
    outer loop
      vertex 7.93729 4.24257 10
      vertex 5.82068 3.11122 10
      vertex 6.0976 2.52571 10
    endloop
  endfacet
  facet normal 0 0 1
    outer loop
      vertex 4.6669 4.6669 10
      vertex 6.36396 6.36396 10
      vertex 5.70954 6.95709 10
    endloop
  endfacet
  facet normal 0 0 1
    outer loop
      vertex 7.48323 5.00013 10
      vertex 5.4877 3.66676 10
      vertex 5.82068 3.11122 10
    endloop
  endfacet
  facet normal 0 0 1
    outer loop
      vertex 6.95709 5.70954 10
      vertex 5.10187 4.187 10
      vertex 5.4877 3.66676 10
    endloop
  endfacet
  facet normal 0 0 1
    outer loop
      vertex 4.187 5.10187 10
      vertex 5.70954 6.95709 10
      vertex 5.00013 7.48323 10
    endloop
  endfacet
  facet normal 0 0 1
    outer loop
      vertex 6.36396 6.36396 10
      vertex 4.6669 4.6669 10
      vertex 5.10187 4.187 10
    endloop
  endfacet
  facet normal 0 0 1
    outer loop
      vertex 3.66676 5.4877 10
      vertex 5.00013 7.48323 10
      vertex 4.24257 7.93729 10
    endloop
  endfacet
  facet normal 0 0 1
    outer loop
      vertex 5.70954 6.95709 10
      vertex 4.187 5.10187 10
      vertex 4.6669 4.6669 10
    endloop
  endfacet
  facet normal 0 0 1
    outer loop
      vertex 5.00013 7.48323 10
      vertex 3.66676 5.4877 10
      vertex 4.187 5.10187 10
    endloop
  endfacet
  facet normal 0 0 1
    outer loop
      vertex 3.11122 5.82068 10
      vertex 4.24257 7.93729 10
      vertex 3.44415 8.31492 10
    endloop
  endfacet
  facet normal 0 0 1
    outer loop
      vertex 4.24257 7.93729 10
      vertex 3.11122 5.82068 10
      vertex 3.66676 5.4877 10
    endloop
  endfacet
  facet normal 0 0 1
    outer loop
      vertex 2.52571 6.0976 10
      vertex 3.44415 8.31492 10
      vertex 2.61256 8.61246 10
    endloop
  endfacet
  facet normal 0 0 1
    outer loop
      vertex 3.44415 8.31492 10
      vertex 2.52571 6.0976 10
      vertex 3.11122 5.82068 10
    endloop
  endfacet
  facet normal 0 0 1
    outer loop
      vertex 2.61256 8.61246 10
      vertex 1.91588 6.31581 10
      vertex 2.52571 6.0976 10
    endloop
  endfacet
  facet normal 0 0 1
    outer loop
      vertex 1.75581 8.82707 10
      vertex 1.91588 6.31581 10
      vertex 2.61256 8.61246 10
    endloop
  endfacet
  facet normal 0 0 1
    outer loop
      vertex 1.75581 8.82707 10
      vertex 1.2876 6.47318 10
      vertex 1.91588 6.31581 10
    endloop
  endfacet
  facet normal 0 0 1
    outer loop
      vertex 0.882154 8.95666 10
      vertex 1.2876 6.47318 10
      vertex 1.75581 8.82707 10
    endloop
  endfacet
  facet normal 0 0 1
    outer loop
      vertex 0.882154 8.95666 10
      vertex 0.646913 6.56822 10
      vertex 1.2876 6.47318 10
    endloop
  endfacet
  facet normal 0 0 1
    outer loop
      vertex 0 9 10
      vertex 0.646913 6.56822 10
      vertex 0.882154 8.95666 10
    endloop
  endfacet
  facet normal 0 0 1
    outer loop
      vertex 0 9 10
      vertex 0 6.6 10
      vertex 0.646913 6.56822 10
    endloop
  endfacet
  facet normal 0 0 1
    outer loop
      vertex 0 9 10
      vertex -0.646913 6.56822 10
      vertex 0 6.6 10
    endloop
  endfacet
  facet normal -0 0 1
    outer loop
      vertex -0.882154 8.95666 10
      vertex -0.646913 6.56822 10
      vertex 0 9 10
    endloop
  endfacet
  facet normal 0 0 1
    outer loop
      vertex -0.882154 8.95666 10
      vertex -1.2876 6.47318 10
      vertex -0.646913 6.56822 10
    endloop
  endfacet
  facet normal -0 0 1
    outer loop
      vertex -1.75581 8.82707 10
      vertex -1.2876 6.47318 10
      vertex -0.882154 8.95666 10
    endloop
  endfacet
  facet normal 0 0 1
    outer loop
      vertex -1.75581 8.82707 10
      vertex -1.91588 6.31581 10
      vertex -1.2876 6.47318 10
    endloop
  endfacet
  facet normal -0 0 1
    outer loop
      vertex -2.61256 8.61246 10
      vertex -1.91588 6.31581 10
      vertex -1.75581 8.82707 10
    endloop
  endfacet
  facet normal -0 0 1
    outer loop
      vertex -3.13287 8.42629 10
      vertex -1.91588 6.31581 10
      vertex -2.61256 8.61246 10
    endloop
  endfacet
  facet normal 0 0 1
    outer loop
      vertex -1.91588 6.31581 10
      vertex -3.13287 8.42629 10
      vertex -2.52571 6.0976 10
    endloop
  endfacet
  facet normal 0 0 1
    outer loop
      vertex -2.52571 6.0976 10
      vertex -3.13287 8.42629 10
      vertex -3.11122 5.82068 10
    endloop
  endfacet
  facet normal -0 0 1
    outer loop
      vertex -5.73527 6.93377 10
      vertex -3.11122 5.82068 10
      vertex -3.13287 8.42629 10
    endloop
  endfacet
  facet normal 0 0 1
    outer loop
      vertex -3.11122 5.82068 10
      vertex -5.73527 6.93377 10
      vertex -3.66676 5.4877 10
    endloop
  endfacet
  facet normal 0 0 1
    outer loop
      vertex -3.66676 5.4877 10
      vertex -5.73527 6.93377 10
      vertex -4.187 5.10187 10
    endloop
  endfacet
  facet normal 0 0 1
    outer loop
      vertex -4.187 5.10187 10
      vertex -5.73527 6.93377 10
      vertex -4.6669 4.6669 10
    endloop
  endfacet
  facet normal -0 0 1
    outer loop
      vertex -6.36396 6.36396 10
      vertex -4.6669 4.6669 10
      vertex -5.73527 6.93377 10
    endloop
  endfacet
  facet normal 0 0 1
    outer loop
      vertex -4.6669 4.6669 10
      vertex -6.36396 6.36396 10
      vertex -5.10187 4.187 10
    endloop
  endfacet
  facet normal -0 0 1
    outer loop
      vertex -14.3776 26.8986 10
      vertex -3.13287 8.42629 10
      vertex -13.9222 27.114 10
    endloop
  endfacet
  facet normal 0 0 1
    outer loop
      vertex -3.13287 8.42629 10
      vertex -14.3776 26.8986 10
      vertex -5.73527 6.93377 10
    endloop
  endfacet
  facet normal 0 0 1
    outer loop
      vertex -5.73527 6.93377 10
      vertex -14.3776 26.8986 10
      vertex -16.5204 25.6142 10
    endloop
  endfacet
  facet normal -0 0 1
    outer loop
      vertex 6.0976 -2.52571 10
      vertex 8.31492 -3.44415 10
      vertex 6.31581 -1.91588 10
    endloop
  endfacet
  facet normal 0 0 1
    outer loop
      vertex 8.31492 -3.44415 10
      vertex 6.0976 -2.52571 10
      vertex 7.93729 -4.24257 10
    endloop
  endfacet
  facet normal -0 0 1
    outer loop
      vertex 5.82068 -3.11122 10
      vertex 7.93729 -4.24257 10
      vertex 6.0976 -2.52571 10
    endloop
  endfacet
  facet normal 0 0 1
    outer loop
      vertex 7.93729 -4.24257 10
      vertex 5.82068 -3.11122 10
      vertex 7.48323 -5.00013 10
    endloop
  endfacet
  facet normal -0 0 1
    outer loop
      vertex 5.4877 -3.66676 10
      vertex 7.48323 -5.00013 10
      vertex 5.82068 -3.11122 10
    endloop
  endfacet
  facet normal 0 0 1
    outer loop
      vertex 7.48323 -5.00013 10
      vertex 5.4877 -3.66676 10
      vertex 6.95709 -5.70954 10
    endloop
  endfacet
  facet normal -0 0 1
    outer loop
      vertex 5.10187 -4.187 10
      vertex 6.95709 -5.70954 10
      vertex 5.4877 -3.66676 10
    endloop
  endfacet
  facet normal 0 0 1
    outer loop
      vertex 6.95709 -5.70954 10
      vertex 5.10187 -4.187 10
      vertex 6.36396 -6.36396 10
    endloop
  endfacet
  facet normal -0 0 1
    outer loop
      vertex 4.6669 -4.6669 10
      vertex 6.36396 -6.36396 10
      vertex 5.10187 -4.187 10
    endloop
  endfacet
  facet normal 0 0 1
    outer loop
      vertex 6.36396 -6.36396 10
      vertex 4.6669 -4.6669 10
      vertex 5.70954 -6.95709 10
    endloop
  endfacet
  facet normal -0 0 1
    outer loop
      vertex 4.187 -5.10187 10
      vertex 5.70954 -6.95709 10
      vertex 4.6669 -4.6669 10
    endloop
  endfacet
  facet normal 0 0 1
    outer loop
      vertex 5.70954 -6.95709 10
      vertex 4.187 -5.10187 10
      vertex 5.00013 -7.48323 10
    endloop
  endfacet
  facet normal -0 0 1
    outer loop
      vertex 3.66676 -5.4877 10
      vertex 5.00013 -7.48323 10
      vertex 4.187 -5.10187 10
    endloop
  endfacet
  facet normal 0 0 1
    outer loop
      vertex 5.00013 -7.48323 10
      vertex 3.66676 -5.4877 10
      vertex 4.24257 -7.93729 10
    endloop
  endfacet
  facet normal -0 0 1
    outer loop
      vertex 3.11122 -5.82068 10
      vertex 4.24257 -7.93729 10
      vertex 3.66676 -5.4877 10
    endloop
  endfacet
  facet normal 0 0 1
    outer loop
      vertex 4.24257 -7.93729 10
      vertex 3.11122 -5.82068 10
      vertex 3.44415 -8.31492 10
    endloop
  endfacet
  facet normal -0 0 1
    outer loop
      vertex 2.52571 -6.0976 10
      vertex 3.44415 -8.31492 10
      vertex 3.11122 -5.82068 10
    endloop
  endfacet
  facet normal 0 0 1
    outer loop
      vertex 3.44415 -8.31492 10
      vertex 2.52571 -6.0976 10
      vertex 2.61256 -8.61246 10
    endloop
  endfacet
  facet normal -0 0 1
    outer loop
      vertex 1.91588 -6.31581 10
      vertex 2.61256 -8.61246 10
      vertex 2.52571 -6.0976 10
    endloop
  endfacet
  facet normal 0 0 1
    outer loop
      vertex 1.91588 -6.31581 10
      vertex 1.75581 -8.82707 10
      vertex 2.61256 -8.61246 10
    endloop
  endfacet
  facet normal -0 0 1
    outer loop
      vertex 1.2876 -6.47318 10
      vertex 1.75581 -8.82707 10
      vertex 1.91588 -6.31581 10
    endloop
  endfacet
  facet normal 0 0 1
    outer loop
      vertex 1.2876 -6.47318 10
      vertex 0.882154 -8.95666 10
      vertex 1.75581 -8.82707 10
    endloop
  endfacet
  facet normal -0 0 1
    outer loop
      vertex 0.646913 -6.56822 10
      vertex 0.882154 -8.95666 10
      vertex 1.2876 -6.47318 10
    endloop
  endfacet
  facet normal -0 0 1
    outer loop
      vertex 0 -6.6 10
      vertex 0.882154 -8.95666 10
      vertex 0.646913 -6.56822 10
    endloop
  endfacet
  facet normal 0 0 1
    outer loop
      vertex 0 -6.6 10
      vertex 0 -9 10
      vertex 0.882154 -8.95666 10
    endloop
  endfacet
  facet normal 0 0 1
    outer loop
      vertex -0.646913 -6.56822 10
      vertex 0 -9 10
      vertex 0 -6.6 10
    endloop
  endfacet
  facet normal 0 0 1
    outer loop
      vertex -0.646913 -6.56822 10
      vertex -0.882154 -8.95666 10
      vertex 0 -9 10
    endloop
  endfacet
  facet normal 0 0 1
    outer loop
      vertex -1.2876 -6.47318 10
      vertex -0.882154 -8.95666 10
      vertex -0.646913 -6.56822 10
    endloop
  endfacet
  facet normal 0 0 1
    outer loop
      vertex -1.2876 -6.47318 10
      vertex -1.75581 -8.82707 10
      vertex -0.882154 -8.95666 10
    endloop
  endfacet
  facet normal 0 0 1
    outer loop
      vertex -1.91588 -6.31581 10
      vertex -1.75581 -8.82707 10
      vertex -1.2876 -6.47318 10
    endloop
  endfacet
  facet normal 0 0 1
    outer loop
      vertex -3.13287 -8.42629 10
      vertex -1.91588 -6.31581 10
      vertex -2.52571 -6.0976 10
    endloop
  endfacet
  facet normal 0 0 1
    outer loop
      vertex -1.91588 -6.31581 10
      vertex -2.61256 -8.61246 10
      vertex -1.75581 -8.82707 10
    endloop
  endfacet
  facet normal 0 0 1
    outer loop
      vertex -3.13287 -8.42629 10
      vertex -2.52571 -6.0976 10
      vertex -3.11122 -5.82068 10
    endloop
  endfacet
  facet normal 0 0 1
    outer loop
      vertex -1.91588 -6.31581 10
      vertex -3.13287 -8.42629 10
      vertex -2.61256 -8.61246 10
    endloop
  endfacet
  facet normal 0 0 1
    outer loop
      vertex -5.73527 -6.93377 10
      vertex -3.11122 -5.82068 10
      vertex -3.66676 -5.4877 10
    endloop
  endfacet
  facet normal 0 0 1
    outer loop
      vertex -5.73527 -6.93377 10
      vertex -3.66676 -5.4877 10
      vertex -4.187 -5.10187 10
    endloop
  endfacet
  facet normal 0 0 1
    outer loop
      vertex -5.73527 -6.93377 10
      vertex -4.187 -5.10187 10
      vertex -4.6669 -4.6669 10
    endloop
  endfacet
  facet normal 0 0 1
    outer loop
      vertex -5.73527 -6.93377 10
      vertex -4.6669 -4.6669 10
      vertex -5.10187 -4.187 10
    endloop
  endfacet
  facet normal 0 0 1
    outer loop
      vertex -5.73527 -6.93377 10
      vertex -5.10187 -4.187 10
      vertex -5.4877 -3.66676 10
    endloop
  endfacet
  facet normal 0 0 1
    outer loop
      vertex -3.11122 -5.82068 10
      vertex -5.73527 -6.93377 10
      vertex -3.13287 -8.42629 10
    endloop
  endfacet
  facet normal 0 0 1
    outer loop
      vertex -14.3776 -26.8986 10
      vertex -3.13287 -8.42629 10
      vertex -5.73527 -6.93377 10
    endloop
  endfacet
  facet normal 0 0 1
    outer loop
      vertex -3.13287 -8.42629 10
      vertex -14.3776 -26.8986 10
      vertex -13.9222 -27.114 10
    endloop
  endfacet
  facet normal 0 -0 1
    outer loop
      vertex -14.3776 -26.8986 10
      vertex -5.73527 -6.93377 10
      vertex -16.5204 -25.6142 10
    endloop
  endfacet
  facet normal -0 0 1
    outer loop
      vertex -6.95709 5.70954 10
      vertex -5.10187 4.187 10
      vertex -6.36396 6.36396 10
    endloop
  endfacet
  facet normal 0 0 1
    outer loop
      vertex -5.10187 4.187 10
      vertex -6.95709 5.70954 10
      vertex -5.4877 3.66676 10
    endloop
  endfacet
  facet normal -0 0 1
    outer loop
      vertex -7.48323 5.00013 10
      vertex -5.4877 3.66676 10
      vertex -6.95709 5.70954 10
    endloop
  endfacet
  facet normal 0 0 1
    outer loop
      vertex -5.4877 3.66676 10
      vertex -7.48323 5.00013 10
      vertex -5.82068 3.11122 10
    endloop
  endfacet
  facet normal -0 0 1
    outer loop
      vertex -7.93729 4.24257 10
      vertex -5.82068 3.11122 10
      vertex -7.48323 5.00013 10
    endloop
  endfacet
  facet normal 0 0 1
    outer loop
      vertex -5.82068 3.11122 10
      vertex -7.93729 4.24257 10
      vertex -6.0976 2.52571 10
    endloop
  endfacet
  facet normal -0 0 1
    outer loop
      vertex -8.31492 3.44415 10
      vertex -6.0976 2.52571 10
      vertex -7.93729 4.24257 10
    endloop
  endfacet
  facet normal 0 0 1
    outer loop
      vertex -6.0976 2.52571 10
      vertex -8.31492 3.44415 10
      vertex -6.31581 1.91588 10
    endloop
  endfacet
  facet normal -0.242986 0.97003 0
    outer loop
      vertex -1.75581 8.82707 0
      vertex -2.61256 8.61246 10
      vertex -1.75581 8.82707 10
    endloop
  endfacet
  facet normal -0.242986 0.97003 0
    outer loop
      vertex -2.61256 8.61246 10
      vertex -1.75581 8.82707 0
      vertex -2.61256 8.61246 0
    endloop
  endfacet
  facet normal -0.0490706 0.998795 0
    outer loop
      vertex 0 9 0
      vertex -0.882154 8.95666 10
      vertex 0 9 10
    endloop
  endfacet
  facet normal -0.0490706 0.998795 0
    outer loop
      vertex -0.882154 8.95666 10
      vertex 0 9 0
      vertex -0.882154 8.95666 0
    endloop
  endfacet
  facet normal 0.336882 -0.941547 0
    outer loop
      vertex 2.61256 -8.61246 0
      vertex 3.44415 -8.31492 10
      vertex 2.61256 -8.61246 10
    endloop
  endfacet
  facet normal 0.336882 -0.941547 0
    outer loop
      vertex 3.44415 -8.31492 10
      vertex 2.61256 -8.61246 0
      vertex 3.44415 -8.31492 0
    endloop
  endfacet
  facet normal 0.671558 -0.740952 0
    outer loop
      vertex 5.70954 -6.95709 0
      vertex 6.36396 -6.36396 10
      vertex 5.70954 -6.95709 10
    endloop
  endfacet
  facet normal 0.671558 -0.740952 0
    outer loop
      vertex 6.36396 -6.36396 10
      vertex 5.70954 -6.95709 0
      vertex 6.36396 -6.36396 0
    endloop
  endfacet
  facet normal 0.514099 -0.857731 0
    outer loop
      vertex 4.24257 -7.93729 0
      vertex 5.00013 -7.48323 10
      vertex 4.24257 -7.93729 10
    endloop
  endfacet
  facet normal 0.514099 -0.857731 0
    outer loop
      vertex 5.00013 -7.48323 10
      vertex 4.24257 -7.93729 0
      vertex 5.00013 -7.48323 0
    endloop
  endfacet
  facet normal 0.803204 -0.595703 0
    outer loop
      vertex 6.95709 -5.70954 10
      vertex 7.48323 -5.00013 0
      vertex 7.48323 -5.00013 10
    endloop
  endfacet
  facet normal 0.803204 -0.595703 0
    outer loop
      vertex 7.48323 -5.00013 0
      vertex 6.95709 -5.70954 10
      vertex 6.95709 -5.70954 0
    endloop
  endfacet
  facet normal 0.903987 -0.42756 0
    outer loop
      vertex 7.93729 -4.24257 10
      vertex 8.31492 -3.44415 0
      vertex 8.31492 -3.44415 10
    endloop
  endfacet
  facet normal 0.903987 -0.42756 0
    outer loop
      vertex 8.31492 -3.44415 0
      vertex 7.93729 -4.24257 10
      vertex 7.93729 -4.24257 0
    endloop
  endfacet
  facet normal -0.671558 -0.740952 0
    outer loop
      vertex -6.36396 -6.36396 0
      vertex -5.73527 -6.93377 10
      vertex -6.36396 -6.36396 10
    endloop
  endfacet
  facet normal -0.671558 -0.740952 -0
    outer loop
      vertex -5.73527 -6.93377 10
      vertex -6.36396 -6.36396 0
      vertex -5.73527 -6.93377 0
    endloop
  endfacet
  facet normal -0.33689 -0.941544 0
    outer loop
      vertex -3.13287 -8.42629 0
      vertex -2.61256 -8.61246 10
      vertex -3.13287 -8.42629 10
    endloop
  endfacet
  facet normal -0.33689 -0.941544 -0
    outer loop
      vertex -2.61256 -8.61246 10
      vertex -3.13287 -8.42629 0
      vertex -2.61256 -8.61246 0
    endloop
  endfacet
  facet normal -0.146725 -0.989177 0
    outer loop
      vertex -1.75581 -8.82707 0
      vertex -0.882154 -8.95666 10
      vertex -1.75581 -8.82707 10
    endloop
  endfacet
  facet normal -0.146725 -0.989177 -0
    outer loop
      vertex -0.882154 -8.95666 10
      vertex -1.75581 -8.82707 0
      vertex -0.882154 -8.95666 0
    endloop
  endfacet
  facet normal -0.903987 -0.42756 0
    outer loop
      vertex -7.93729 -4.24257 0
      vertex -8.31492 -3.44415 10
      vertex -8.31492 -3.44415 0
    endloop
  endfacet
  facet normal -0.903987 -0.42756 0
    outer loop
      vertex -8.31492 -3.44415 10
      vertex -7.93729 -4.24257 0
      vertex -7.93729 -4.24257 10
    endloop
  endfacet
  facet normal -0.803204 -0.595703 0
    outer loop
      vertex -6.95709 -5.70954 0
      vertex -7.48323 -5.00013 10
      vertex -7.48323 -5.00013 0
    endloop
  endfacet
  facet normal -0.803204 -0.595703 0
    outer loop
      vertex -7.48323 -5.00013 10
      vertex -6.95709 -5.70954 0
      vertex -6.95709 -5.70954 10
    endloop
  endfacet
  facet normal -0.97003 -0.242986 0
    outer loop
      vertex -8.61246 -2.61256 0
      vertex -8.82707 -1.75581 10
      vertex -8.82707 -1.75581 0
    endloop
  endfacet
  facet normal -0.97003 -0.242986 0
    outer loop
      vertex -8.82707 -1.75581 10
      vertex -8.61246 -2.61256 0
      vertex -8.61246 -2.61256 10
    endloop
  endfacet
  facet normal -0.998795 -0.0490706 0
    outer loop
      vertex -8.95666 -0.882154 0
      vertex -9 0 10
      vertex -9 0 0
    endloop
  endfacet
  facet normal -0.998795 -0.0490706 0
    outer loop
      vertex -9 0 10
      vertex -8.95666 -0.882154 0
      vertex -8.95666 -0.882154 10
    endloop
  endfacet
  facet normal 0.0490706 -0.998795 0
    outer loop
      vertex 0 -9 0
      vertex 0.882154 -8.95666 10
      vertex 0 -9 10
    endloop
  endfacet
  facet normal 0.0490706 -0.998795 0
    outer loop
      vertex 0.882154 -8.95666 10
      vertex 0 -9 0
      vertex 0.882154 -8.95666 0
    endloop
  endfacet
  facet normal 0.242986 -0.97003 0
    outer loop
      vertex 1.75581 -8.82707 0
      vertex 2.61256 -8.61246 10
      vertex 1.75581 -8.82707 10
    endloop
  endfacet
  facet normal 0.242986 -0.97003 0
    outer loop
      vertex 2.61256 -8.61246 10
      vertex 1.75581 -8.82707 0
      vertex 2.61256 -8.61246 0
    endloop
  endfacet
  facet normal 0.42756 -0.903987 0
    outer loop
      vertex 3.44415 -8.31492 0
      vertex 4.24257 -7.93729 10
      vertex 3.44415 -8.31492 10
    endloop
  endfacet
  facet normal 0.42756 -0.903987 0
    outer loop
      vertex 4.24257 -7.93729 10
      vertex 3.44415 -8.31492 0
      vertex 4.24257 -7.93729 0
    endloop
  endfacet
  facet normal 0.740952 -0.671558 0
    outer loop
      vertex 6.36396 -6.36396 10
      vertex 6.95709 -5.70954 0
      vertex 6.95709 -5.70954 10
    endloop
  endfacet
  facet normal 0.740952 -0.671558 0
    outer loop
      vertex 6.95709 -5.70954 0
      vertex 6.36396 -6.36396 10
      vertex 6.36396 -6.36396 0
    endloop
  endfacet
  facet normal 0.595703 -0.803204 0
    outer loop
      vertex 5.00013 -7.48323 0
      vertex 5.70954 -6.95709 10
      vertex 5.00013 -7.48323 10
    endloop
  endfacet
  facet normal 0.595703 -0.803204 0
    outer loop
      vertex 5.70954 -6.95709 10
      vertex 5.00013 -7.48323 0
      vertex 5.70954 -6.95709 0
    endloop
  endfacet
  facet normal 0.857731 -0.514099 0
    outer loop
      vertex 7.48323 -5.00013 10
      vertex 7.93729 -4.24257 0
      vertex 7.93729 -4.24257 10
    endloop
  endfacet
  facet normal 0.857731 -0.514099 0
    outer loop
      vertex 7.93729 -4.24257 0
      vertex 7.48323 -5.00013 10
      vertex 7.48323 -5.00013 0
    endloop
  endfacet
  facet normal 0.941547 -0.336882 0
    outer loop
      vertex 8.31492 -3.44415 10
      vertex 8.61246 -2.61256 0
      vertex 8.61246 -2.61256 10
    endloop
  endfacet
  facet normal 0.941547 -0.336882 0
    outer loop
      vertex 8.61246 -2.61256 0
      vertex 8.31492 -3.44415 10
      vertex 8.31492 -3.44415 0
    endloop
  endfacet
  facet normal 0.98918 -0.146708 0
    outer loop
      vertex 8.82707 -1.75581 10
      vertex 8.86501 -1.5 0
      vertex 8.86501 -1.5 10
    endloop
  endfacet
  facet normal 0.98918 -0.146708 0
    outer loop
      vertex 8.86501 -1.5 0
      vertex 8.82707 -1.75581 10
      vertex 8.82707 -1.75581 0
    endloop
  endfacet
  facet normal 0.97003 -0.242986 0
    outer loop
      vertex 8.61246 -2.61256 10
      vertex 8.82707 -1.75581 0
      vertex 8.82707 -1.75581 10
    endloop
  endfacet
  facet normal 0.97003 -0.242986 0
    outer loop
      vertex 8.82707 -1.75581 0
      vertex 8.61246 -2.61256 10
      vertex 8.61246 -2.61256 0
    endloop
  endfacet
  facet normal -0.242986 -0.97003 0
    outer loop
      vertex -2.61256 -8.61246 0
      vertex -1.75581 -8.82707 10
      vertex -2.61256 -8.61246 10
    endloop
  endfacet
  facet normal -0.242986 -0.97003 -0
    outer loop
      vertex -1.75581 -8.82707 10
      vertex -2.61256 -8.61246 0
      vertex -1.75581 -8.82707 0
    endloop
  endfacet
  facet normal -0.0490706 -0.998795 0
    outer loop
      vertex -0.882154 -8.95666 0
      vertex 0 -9 10
      vertex -0.882154 -8.95666 10
    endloop
  endfacet
  facet normal -0.0490706 -0.998795 -0
    outer loop
      vertex 0 -9 10
      vertex -0.882154 -8.95666 0
      vertex 0 -9 0
    endloop
  endfacet
  facet normal -0.857731 -0.514099 0
    outer loop
      vertex -7.48323 -5.00013 0
      vertex -7.93729 -4.24257 10
      vertex -7.93729 -4.24257 0
    endloop
  endfacet
  facet normal -0.857731 -0.514099 0
    outer loop
      vertex -7.93729 -4.24257 10
      vertex -7.48323 -5.00013 0
      vertex -7.48323 -5.00013 10
    endloop
  endfacet
  facet normal -0.740952 -0.671558 0
    outer loop
      vertex -6.36396 -6.36396 0
      vertex -6.95709 -5.70954 10
      vertex -6.95709 -5.70954 0
    endloop
  endfacet
  facet normal -0.740952 -0.671558 0
    outer loop
      vertex -6.95709 -5.70954 10
      vertex -6.36396 -6.36396 0
      vertex -6.36396 -6.36396 10
    endloop
  endfacet
  facet normal -0.941547 -0.336882 0
    outer loop
      vertex -8.31492 -3.44415 0
      vertex -8.61246 -2.61256 10
      vertex -8.61246 -2.61256 0
    endloop
  endfacet
  facet normal -0.941547 -0.336882 0
    outer loop
      vertex -8.61246 -2.61256 10
      vertex -8.31492 -3.44415 0
      vertex -8.31492 -3.44415 10
    endloop
  endfacet
  facet normal -0.989177 -0.146725 0
    outer loop
      vertex -8.82707 -1.75581 0
      vertex -8.95666 -0.882154 10
      vertex -8.95666 -0.882154 0
    endloop
  endfacet
  facet normal -0.989177 -0.146725 0
    outer loop
      vertex -8.95666 -0.882154 10
      vertex -8.82707 -1.75581 0
      vertex -8.82707 -1.75581 10
    endloop
  endfacet
  facet normal 0.146725 -0.989177 0
    outer loop
      vertex 0.882154 -8.95666 0
      vertex 1.75581 -8.82707 10
      vertex 0.882154 -8.95666 10
    endloop
  endfacet
  facet normal 0.146725 -0.989177 0
    outer loop
      vertex 1.75581 -8.82707 10
      vertex 0.882154 -8.95666 0
      vertex 1.75581 -8.82707 0
    endloop
  endfacet
  facet normal -0.998796 -0.0490664 0
    outer loop
      vertex 6.6 0 0
      vertex 6.56822 0.646913 10
      vertex 6.56822 0.646913 0
    endloop
  endfacet
  facet normal -0.998796 -0.0490664 0
    outer loop
      vertex 6.56822 0.646913 10
      vertex 6.6 0 0
      vertex 6.6 0 10
    endloop
  endfacet
  facet normal 0.998796 -0.0490664 0
    outer loop
      vertex -6.6 0 10
      vertex -6.56822 0.646913 0
      vertex -6.56822 0.646913 10
    endloop
  endfacet
  facet normal 0.998796 -0.0490664 0
    outer loop
      vertex -6.56822 0.646913 0
      vertex -6.6 0 10
      vertex -6.6 0 0
    endloop
  endfacet
  facet normal 0.0490664 -0.998796 0
    outer loop
      vertex -0.646913 6.56822 0
      vertex 0 6.6 10
      vertex -0.646913 6.56822 10
    endloop
  endfacet
  facet normal 0.0490664 -0.998796 0
    outer loop
      vertex 0 6.6 10
      vertex -0.646913 6.56822 0
      vertex 0 6.6 0
    endloop
  endfacet
  facet normal -0.0490664 0.998796 0
    outer loop
      vertex 0.646913 -6.56822 0
      vertex 0 -6.6 10
      vertex 0.646913 -6.56822 10
    endloop
  endfacet
  facet normal -0.0490664 0.998796 0
    outer loop
      vertex 0 -6.6 10
      vertex 0.646913 -6.56822 0
      vertex 0 -6.6 0
    endloop
  endfacet
  facet normal -0.671571 -0.74094 0
    outer loop
      vertex 4.187 5.10187 0
      vertex 4.6669 4.6669 10
      vertex 4.187 5.10187 10
    endloop
  endfacet
  facet normal -0.671571 -0.74094 -0
    outer loop
      vertex 4.6669 4.6669 10
      vertex 4.187 5.10187 0
      vertex 4.6669 4.6669 0
    endloop
  endfacet
  facet normal 0.74094 -0.671571 0
    outer loop
      vertex -5.10187 4.187 10
      vertex -4.6669 4.6669 0
      vertex -4.6669 4.6669 10
    endloop
  endfacet
  facet normal 0.74094 -0.671571 0
    outer loop
      vertex -4.6669 4.6669 0
      vertex -5.10187 4.187 10
      vertex -5.10187 4.187 0
    endloop
  endfacet
  facet normal 0.427548 -0.903993 0
    outer loop
      vertex -3.11122 5.82068 0
      vertex -2.52571 6.0976 10
      vertex -3.11122 5.82068 10
    endloop
  endfacet
  facet normal 0.427548 -0.903993 0
    outer loop
      vertex -2.52571 6.0976 10
      vertex -3.11122 5.82068 0
      vertex -2.52571 6.0976 0
    endloop
  endfacet
  facet normal -0.903993 -0.427548 0
    outer loop
      vertex 6.0976 2.52571 0
      vertex 5.82068 3.11122 10
      vertex 5.82068 3.11122 0
    endloop
  endfacet
  facet normal -0.903993 -0.427548 0
    outer loop
      vertex 5.82068 3.11122 10
      vertex 6.0976 2.52571 0
      vertex 6.0976 2.52571 10
    endloop
  endfacet
  facet normal -0.336903 -0.941539 0
    outer loop
      vertex 1.91588 6.31581 0
      vertex 2.52571 6.0976 10
      vertex 1.91588 6.31581 10
    endloop
  endfacet
  facet normal -0.336903 -0.941539 -0
    outer loop
      vertex 2.52571 6.0976 10
      vertex 1.91588 6.31581 0
      vertex 2.52571 6.0976 0
    endloop
  endfacet
  facet normal -0.514105 -0.857727 0
    outer loop
      vertex 3.11122 5.82068 0
      vertex 3.66676 5.4877 10
      vertex 3.11122 5.82068 10
    endloop
  endfacet
  facet normal -0.514105 -0.857727 -0
    outer loop
      vertex 3.66676 5.4877 10
      vertex 3.11122 5.82068 0
      vertex 3.66676 5.4877 0
    endloop
  endfacet
  facet normal 0.903993 -0.427548 0
    outer loop
      vertex -6.0976 2.52571 10
      vertex -5.82068 3.11122 0
      vertex -5.82068 3.11122 10
    endloop
  endfacet
  facet normal 0.903993 -0.427548 0
    outer loop
      vertex -5.82068 3.11122 0
      vertex -6.0976 2.52571 10
      vertex -6.0976 2.52571 0
    endloop
  endfacet
  facet normal 0.857727 -0.514105 0
    outer loop
      vertex -5.82068 3.11122 10
      vertex -5.4877 3.66676 0
      vertex -5.4877 3.66676 10
    endloop
  endfacet
  facet normal 0.857727 -0.514105 0
    outer loop
      vertex -5.4877 3.66676 0
      vertex -5.82068 3.11122 10
      vertex -5.82068 3.11122 0
    endloop
  endfacet
  facet normal 0.242972 -0.970033 0
    outer loop
      vertex -1.91588 6.31581 0
      vertex -1.2876 6.47318 10
      vertex -1.91588 6.31581 10
    endloop
  endfacet
  facet normal 0.242972 -0.970033 0
    outer loop
      vertex -1.2876 6.47318 10
      vertex -1.91588 6.31581 0
      vertex -1.2876 6.47318 0
    endloop
  endfacet
  facet normal -0.146735 0.989176 0
    outer loop
      vertex 1.2876 -6.47318 0
      vertex 0.646913 -6.56822 10
      vertex 1.2876 -6.47318 10
    endloop
  endfacet
  facet normal -0.146735 0.989176 0
    outer loop
      vertex 0.646913 -6.56822 10
      vertex 1.2876 -6.47318 0
      vertex 0.646913 -6.56822 0
    endloop
  endfacet
  facet normal -0.970033 -0.242972 0
    outer loop
      vertex 6.47318 1.2876 0
      vertex 6.31581 1.91588 10
      vertex 6.31581 1.91588 0
    endloop
  endfacet
  facet normal -0.970033 -0.242972 0
    outer loop
      vertex 6.31581 1.91588 10
      vertex 6.47318 1.2876 0
      vertex 6.47318 1.2876 10
    endloop
  endfacet
  facet normal -0.989176 -0.146735 0
    outer loop
      vertex 6.56822 0.646913 0
      vertex 6.47318 1.2876 10
      vertex 6.47318 1.2876 0
    endloop
  endfacet
  facet normal -0.989176 -0.146735 0
    outer loop
      vertex 6.47318 1.2876 10
      vertex 6.56822 0.646913 0
      vertex 6.56822 0.646913 10
    endloop
  endfacet
  facet normal -0.941539 -0.336903 0
    outer loop
      vertex 6.31581 1.91588 0
      vertex 6.0976 2.52571 10
      vertex 6.0976 2.52571 0
    endloop
  endfacet
  facet normal -0.941539 -0.336903 0
    outer loop
      vertex 6.0976 2.52571 10
      vertex 6.31581 1.91588 0
      vertex 6.31581 1.91588 10
    endloop
  endfacet
  facet normal -0.803212 -0.595693 0
    outer loop
      vertex 5.4877 3.66676 0
      vertex 5.10187 4.187 10
      vertex 5.10187 4.187 0
    endloop
  endfacet
  facet normal -0.803212 -0.595693 0
    outer loop
      vertex 5.10187 4.187 10
      vertex 5.4877 3.66676 0
      vertex 5.4877 3.66676 10
    endloop
  endfacet
  facet normal -0.74094 -0.671571 0
    outer loop
      vertex 5.10187 4.187 0
      vertex 4.6669 4.6669 10
      vertex 4.6669 4.6669 0
    endloop
  endfacet
  facet normal -0.74094 -0.671571 0
    outer loop
      vertex 4.6669 4.6669 10
      vertex 5.10187 4.187 0
      vertex 5.10187 4.187 10
    endloop
  endfacet
  facet normal -0.146735 -0.989176 0
    outer loop
      vertex 0.646913 6.56822 0
      vertex 1.2876 6.47318 10
      vertex 0.646913 6.56822 10
    endloop
  endfacet
  facet normal -0.146735 -0.989176 -0
    outer loop
      vertex 1.2876 6.47318 10
      vertex 0.646913 6.56822 0
      vertex 1.2876 6.47318 0
    endloop
  endfacet
  facet normal -0.242972 -0.970033 0
    outer loop
      vertex 1.2876 6.47318 0
      vertex 1.91588 6.31581 10
      vertex 1.2876 6.47318 10
    endloop
  endfacet
  facet normal -0.242972 -0.970033 -0
    outer loop
      vertex 1.91588 6.31581 10
      vertex 1.2876 6.47318 0
      vertex 1.91588 6.31581 0
    endloop
  endfacet
  facet normal -0.0490664 -0.998796 0
    outer loop
      vertex 0 6.6 0
      vertex 0.646913 6.56822 10
      vertex 0 6.6 10
    endloop
  endfacet
  facet normal -0.0490664 -0.998796 -0
    outer loop
      vertex 0.646913 6.56822 10
      vertex 0 6.6 0
      vertex 0.646913 6.56822 0
    endloop
  endfacet
  facet normal -0.595693 -0.803212 0
    outer loop
      vertex 3.66676 5.4877 0
      vertex 4.187 5.10187 10
      vertex 3.66676 5.4877 10
    endloop
  endfacet
  facet normal -0.595693 -0.803212 -0
    outer loop
      vertex 4.187 5.10187 10
      vertex 3.66676 5.4877 0
      vertex 4.187 5.10187 0
    endloop
  endfacet
  facet normal 0.970033 -0.242972 0
    outer loop
      vertex -6.47318 1.2876 10
      vertex -6.31581 1.91588 0
      vertex -6.31581 1.91588 10
    endloop
  endfacet
  facet normal 0.970033 -0.242972 0
    outer loop
      vertex -6.31581 1.91588 0
      vertex -6.47318 1.2876 10
      vertex -6.47318 1.2876 0
    endloop
  endfacet
  facet normal 0.941539 -0.336903 0
    outer loop
      vertex -6.31581 1.91588 10
      vertex -6.0976 2.52571 0
      vertex -6.0976 2.52571 10
    endloop
  endfacet
  facet normal 0.941539 -0.336903 0
    outer loop
      vertex -6.0976 2.52571 0
      vertex -6.31581 1.91588 10
      vertex -6.31581 1.91588 0
    endloop
  endfacet
  facet normal 0.989176 -0.146735 0
    outer loop
      vertex -6.56822 0.646913 10
      vertex -6.47318 1.2876 0
      vertex -6.47318 1.2876 10
    endloop
  endfacet
  facet normal 0.989176 -0.146735 0
    outer loop
      vertex -6.47318 1.2876 0
      vertex -6.56822 0.646913 10
      vertex -6.56822 0.646913 0
    endloop
  endfacet
  facet normal 0.595693 -0.803212 0
    outer loop
      vertex -4.187 5.10187 0
      vertex -3.66676 5.4877 10
      vertex -4.187 5.10187 10
    endloop
  endfacet
  facet normal 0.595693 -0.803212 0
    outer loop
      vertex -3.66676 5.4877 10
      vertex -4.187 5.10187 0
      vertex -3.66676 5.4877 0
    endloop
  endfacet
  facet normal 0.671571 -0.74094 0
    outer loop
      vertex -4.6669 4.6669 0
      vertex -4.187 5.10187 10
      vertex -4.6669 4.6669 10
    endloop
  endfacet
  facet normal 0.671571 -0.74094 0
    outer loop
      vertex -4.187 5.10187 10
      vertex -4.6669 4.6669 0
      vertex -4.187 5.10187 0
    endloop
  endfacet
  facet normal 0.146735 -0.989176 0
    outer loop
      vertex -1.2876 6.47318 0
      vertex -0.646913 6.56822 10
      vertex -1.2876 6.47318 10
    endloop
  endfacet
  facet normal 0.146735 -0.989176 0
    outer loop
      vertex -0.646913 6.56822 10
      vertex -1.2876 6.47318 0
      vertex -0.646913 6.56822 0
    endloop
  endfacet
  facet normal -0.74094 0.671571 0
    outer loop
      vertex 4.6669 -4.6669 0
      vertex 5.10187 -4.187 10
      vertex 5.10187 -4.187 0
    endloop
  endfacet
  facet normal -0.74094 0.671571 0
    outer loop
      vertex 5.10187 -4.187 10
      vertex 4.6669 -4.6669 0
      vertex 4.6669 -4.6669 10
    endloop
  endfacet
  facet normal -0.903993 0.427548 0
    outer loop
      vertex 5.82068 -3.11122 0
      vertex 6.0976 -2.52571 10
      vertex 6.0976 -2.52571 0
    endloop
  endfacet
  facet normal -0.903993 0.427548 0
    outer loop
      vertex 6.0976 -2.52571 10
      vertex 5.82068 -3.11122 0
      vertex 5.82068 -3.11122 10
    endloop
  endfacet
  facet normal 0.74094 0.671571 0
    outer loop
      vertex -4.6669 -4.6669 10
      vertex -5.10187 -4.187 0
      vertex -5.10187 -4.187 10
    endloop
  endfacet
  facet normal 0.74094 0.671571 0
    outer loop
      vertex -5.10187 -4.187 0
      vertex -4.6669 -4.6669 10
      vertex -4.6669 -4.6669 0
    endloop
  endfacet
  facet normal -0.427548 0.903993 0
    outer loop
      vertex 3.11122 -5.82068 0
      vertex 2.52571 -6.0976 10
      vertex 3.11122 -5.82068 10
    endloop
  endfacet
  facet normal -0.427548 0.903993 0
    outer loop
      vertex 2.52571 -6.0976 10
      vertex 3.11122 -5.82068 0
      vertex 2.52571 -6.0976 0
    endloop
  endfacet
  facet normal -0.857727 -0.514105 0
    outer loop
      vertex 5.82068 3.11122 0
      vertex 5.4877 3.66676 10
      vertex 5.4877 3.66676 0
    endloop
  endfacet
  facet normal -0.857727 -0.514105 0
    outer loop
      vertex 5.4877 3.66676 10
      vertex 5.82068 3.11122 0
      vertex 5.82068 3.11122 10
    endloop
  endfacet
  facet normal -0.427548 -0.903993 0
    outer loop
      vertex 2.52571 6.0976 0
      vertex 3.11122 5.82068 10
      vertex 2.52571 6.0976 10
    endloop
  endfacet
  facet normal -0.427548 -0.903993 -0
    outer loop
      vertex 3.11122 5.82068 10
      vertex 2.52571 6.0976 0
      vertex 3.11122 5.82068 0
    endloop
  endfacet
  facet normal 0.803212 -0.595693 0
    outer loop
      vertex -5.4877 3.66676 10
      vertex -5.10187 4.187 0
      vertex -5.10187 4.187 10
    endloop
  endfacet
  facet normal 0.803212 -0.595693 0
    outer loop
      vertex -5.10187 4.187 0
      vertex -5.4877 3.66676 10
      vertex -5.4877 3.66676 0
    endloop
  endfacet
  facet normal 0.514105 -0.857727 0
    outer loop
      vertex -3.66676 5.4877 0
      vertex -3.11122 5.82068 10
      vertex -3.66676 5.4877 10
    endloop
  endfacet
  facet normal 0.514105 -0.857727 0
    outer loop
      vertex -3.11122 5.82068 10
      vertex -3.66676 5.4877 0
      vertex -3.11122 5.82068 0
    endloop
  endfacet
  facet normal 0.336903 -0.941539 0
    outer loop
      vertex -2.52571 6.0976 0
      vertex -1.91588 6.31581 10
      vertex -2.52571 6.0976 10
    endloop
  endfacet
  facet normal 0.336903 -0.941539 0
    outer loop
      vertex -1.91588 6.31581 10
      vertex -2.52571 6.0976 0
      vertex -1.91588 6.31581 0
    endloop
  endfacet
  facet normal -0.989176 0.146735 0
    outer loop
      vertex 6.47318 -1.2876 0
      vertex 6.56822 -0.646913 10
      vertex 6.56822 -0.646913 0
    endloop
  endfacet
  facet normal -0.989176 0.146735 0
    outer loop
      vertex 6.56822 -0.646913 10
      vertex 6.47318 -1.2876 0
      vertex 6.47318 -1.2876 10
    endloop
  endfacet
  facet normal -0.998796 0.0490664 0
    outer loop
      vertex 6.56822 -0.646913 0
      vertex 6.6 0 10
      vertex 6.6 0 0
    endloop
  endfacet
  facet normal -0.998796 0.0490664 0
    outer loop
      vertex 6.6 0 10
      vertex 6.56822 -0.646913 0
      vertex 6.56822 -0.646913 10
    endloop
  endfacet
  facet normal -0.671571 0.74094 0
    outer loop
      vertex 4.6669 -4.6669 0
      vertex 4.187 -5.10187 10
      vertex 4.6669 -4.6669 10
    endloop
  endfacet
  facet normal -0.671571 0.74094 0
    outer loop
      vertex 4.187 -5.10187 10
      vertex 4.6669 -4.6669 0
      vertex 4.187 -5.10187 0
    endloop
  endfacet
  facet normal -0.803212 0.595693 0
    outer loop
      vertex 5.10187 -4.187 0
      vertex 5.4877 -3.66676 10
      vertex 5.4877 -3.66676 0
    endloop
  endfacet
  facet normal -0.803212 0.595693 0
    outer loop
      vertex 5.4877 -3.66676 10
      vertex 5.10187 -4.187 0
      vertex 5.10187 -4.187 10
    endloop
  endfacet
  facet normal 0.336903 0.941539 -0
    outer loop
      vertex -1.91588 -6.31581 0
      vertex -2.52571 -6.0976 10
      vertex -1.91588 -6.31581 10
    endloop
  endfacet
  facet normal 0.336903 0.941539 0
    outer loop
      vertex -2.52571 -6.0976 10
      vertex -1.91588 -6.31581 0
      vertex -2.52571 -6.0976 0
    endloop
  endfacet
  facet normal 0.242972 0.970033 -0
    outer loop
      vertex -1.2876 -6.47318 0
      vertex -1.91588 -6.31581 10
      vertex -1.2876 -6.47318 10
    endloop
  endfacet
  facet normal 0.242972 0.970033 0
    outer loop
      vertex -1.91588 -6.31581 10
      vertex -1.2876 -6.47318 0
      vertex -1.91588 -6.31581 0
    endloop
  endfacet
  facet normal 0.970033 0.242972 0
    outer loop
      vertex -6.31581 -1.91588 10
      vertex -6.47318 -1.2876 0
      vertex -6.47318 -1.2876 10
    endloop
  endfacet
  facet normal 0.970033 0.242972 0
    outer loop
      vertex -6.47318 -1.2876 0
      vertex -6.31581 -1.91588 10
      vertex -6.31581 -1.91588 0
    endloop
  endfacet
  facet normal 0.941539 0.336903 0
    outer loop
      vertex -6.0976 -2.52571 10
      vertex -6.31581 -1.91588 0
      vertex -6.31581 -1.91588 10
    endloop
  endfacet
  facet normal 0.941539 0.336903 0
    outer loop
      vertex -6.31581 -1.91588 0
      vertex -6.0976 -2.52571 10
      vertex -6.0976 -2.52571 0
    endloop
  endfacet
  facet normal 0.998796 0.0490664 0
    outer loop
      vertex -6.56822 -0.646913 10
      vertex -6.6 0 0
      vertex -6.6 0 10
    endloop
  endfacet
  facet normal 0.998796 0.0490664 0
    outer loop
      vertex -6.6 0 0
      vertex -6.56822 -0.646913 10
      vertex -6.56822 -0.646913 0
    endloop
  endfacet
  facet normal -0.941539 0.336903 0
    outer loop
      vertex 6.0976 -2.52571 0
      vertex 6.31581 -1.91588 10
      vertex 6.31581 -1.91588 0
    endloop
  endfacet
  facet normal -0.941539 0.336903 0
    outer loop
      vertex 6.31581 -1.91588 10
      vertex 6.0976 -2.52571 0
      vertex 6.0976 -2.52571 10
    endloop
  endfacet
  facet normal -0.970033 0.242972 0
    outer loop
      vertex 6.31581 -1.91588 0
      vertex 6.47318 -1.2876 10
      vertex 6.47318 -1.2876 0
    endloop
  endfacet
  facet normal -0.970033 0.242972 0
    outer loop
      vertex 6.47318 -1.2876 10
      vertex 6.31581 -1.91588 0
      vertex 6.31581 -1.91588 10
    endloop
  endfacet
  facet normal -0.857727 0.514105 0
    outer loop
      vertex 5.4877 -3.66676 0
      vertex 5.82068 -3.11122 10
      vertex 5.82068 -3.11122 0
    endloop
  endfacet
  facet normal -0.857727 0.514105 0
    outer loop
      vertex 5.82068 -3.11122 10
      vertex 5.4877 -3.66676 0
      vertex 5.4877 -3.66676 10
    endloop
  endfacet
  facet normal 0.671571 0.74094 -0
    outer loop
      vertex -4.187 -5.10187 0
      vertex -4.6669 -4.6669 10
      vertex -4.187 -5.10187 10
    endloop
  endfacet
  facet normal 0.671571 0.74094 0
    outer loop
      vertex -4.6669 -4.6669 10
      vertex -4.187 -5.10187 0
      vertex -4.6669 -4.6669 0
    endloop
  endfacet
  facet normal 0.803212 0.595693 0
    outer loop
      vertex -5.10187 -4.187 10
      vertex -5.4877 -3.66676 0
      vertex -5.4877 -3.66676 10
    endloop
  endfacet
  facet normal 0.803212 0.595693 0
    outer loop
      vertex -5.4877 -3.66676 0
      vertex -5.10187 -4.187 10
      vertex -5.10187 -4.187 0
    endloop
  endfacet
  facet normal 0.989176 0.146735 0
    outer loop
      vertex -6.47318 -1.2876 10
      vertex -6.56822 -0.646913 0
      vertex -6.56822 -0.646913 10
    endloop
  endfacet
  facet normal 0.989176 0.146735 0
    outer loop
      vertex -6.56822 -0.646913 0
      vertex -6.47318 -1.2876 10
      vertex -6.47318 -1.2876 0
    endloop
  endfacet
  facet normal -0.242972 0.970033 0
    outer loop
      vertex 1.91588 -6.31581 0
      vertex 1.2876 -6.47318 10
      vertex 1.91588 -6.31581 10
    endloop
  endfacet
  facet normal -0.242972 0.970033 0
    outer loop
      vertex 1.2876 -6.47318 10
      vertex 1.91588 -6.31581 0
      vertex 1.2876 -6.47318 0
    endloop
  endfacet
  facet normal -0.336903 0.941539 0
    outer loop
      vertex 2.52571 -6.0976 0
      vertex 1.91588 -6.31581 10
      vertex 2.52571 -6.0976 10
    endloop
  endfacet
  facet normal -0.336903 0.941539 0
    outer loop
      vertex 1.91588 -6.31581 10
      vertex 2.52571 -6.0976 0
      vertex 1.91588 -6.31581 0
    endloop
  endfacet
  facet normal -0.595693 0.803212 0
    outer loop
      vertex 4.187 -5.10187 0
      vertex 3.66676 -5.4877 10
      vertex 4.187 -5.10187 10
    endloop
  endfacet
  facet normal -0.595693 0.803212 0
    outer loop
      vertex 3.66676 -5.4877 10
      vertex 4.187 -5.10187 0
      vertex 3.66676 -5.4877 0
    endloop
  endfacet
  facet normal -0.514105 0.857727 0
    outer loop
      vertex 3.66676 -5.4877 0
      vertex 3.11122 -5.82068 10
      vertex 3.66676 -5.4877 10
    endloop
  endfacet
  facet normal -0.514105 0.857727 0
    outer loop
      vertex 3.11122 -5.82068 10
      vertex 3.66676 -5.4877 0
      vertex 3.11122 -5.82068 0
    endloop
  endfacet
  facet normal 0.427548 0.903993 -0
    outer loop
      vertex -2.52571 -6.0976 0
      vertex -3.11122 -5.82068 10
      vertex -2.52571 -6.0976 10
    endloop
  endfacet
  facet normal 0.427548 0.903993 0
    outer loop
      vertex -3.11122 -5.82068 10
      vertex -2.52571 -6.0976 0
      vertex -3.11122 -5.82068 0
    endloop
  endfacet
  facet normal 0.514105 0.857727 -0
    outer loop
      vertex -3.11122 -5.82068 0
      vertex -3.66676 -5.4877 10
      vertex -3.11122 -5.82068 10
    endloop
  endfacet
  facet normal 0.514105 0.857727 0
    outer loop
      vertex -3.66676 -5.4877 10
      vertex -3.11122 -5.82068 0
      vertex -3.66676 -5.4877 0
    endloop
  endfacet
  facet normal 0.595693 0.803212 -0
    outer loop
      vertex -3.66676 -5.4877 0
      vertex -4.187 -5.10187 10
      vertex -3.66676 -5.4877 10
    endloop
  endfacet
  facet normal 0.595693 0.803212 0
    outer loop
      vertex -4.187 -5.10187 10
      vertex -3.66676 -5.4877 0
      vertex -4.187 -5.10187 0
    endloop
  endfacet
  facet normal 0.146735 0.989176 -0
    outer loop
      vertex -0.646913 -6.56822 0
      vertex -1.2876 -6.47318 10
      vertex -0.646913 -6.56822 10
    endloop
  endfacet
  facet normal 0.146735 0.989176 0
    outer loop
      vertex -1.2876 -6.47318 10
      vertex -0.646913 -6.56822 0
      vertex -1.2876 -6.47318 0
    endloop
  endfacet
  facet normal 0.0490664 0.998796 -0
    outer loop
      vertex 0 -6.6 0
      vertex -0.646913 -6.56822 10
      vertex 0 -6.6 10
    endloop
  endfacet
  facet normal 0.0490664 0.998796 0
    outer loop
      vertex -0.646913 -6.56822 10
      vertex 0 -6.6 0
      vertex -0.646913 -6.56822 0
    endloop
  endfacet
  facet normal 0.903993 0.427548 0
    outer loop
      vertex -5.82068 -3.11122 10
      vertex -6.0976 -2.52571 0
      vertex -6.0976 -2.52571 10
    endloop
  endfacet
  facet normal 0.903993 0.427548 0
    outer loop
      vertex -6.0976 -2.52571 0
      vertex -5.82068 -3.11122 10
      vertex -5.82068 -3.11122 0
    endloop
  endfacet
  facet normal 0.857727 0.514105 0
    outer loop
      vertex -5.4877 -3.66676 10
      vertex -5.82068 -3.11122 0
      vertex -5.82068 -3.11122 10
    endloop
  endfacet
  facet normal 0.857727 0.514105 0
    outer loop
      vertex -5.82068 -3.11122 0
      vertex -5.4877 -3.66676 10
      vertex -5.4877 -3.66676 0
    endloop
  endfacet
  facet normal -0.998795 0.0490688 0
    outer loop
      vertex -32.5 0 0
      vertex -32.3435 3.18556 17.012
      vertex -32.3435 3.18556 0
    endloop
  endfacet
  facet normal -0.998795 0.0490688 0
    outer loop
      vertex -32.3435 3.18556 17.012
      vertex -32.5 0 0
      vertex -32.5 0 17
    endloop
  endfacet
  facet normal -0.0490688 -0.998795 0
    outer loop
      vertex 0 -32.5 0
      vertex -3.18556 -32.3435 19.255
      vertex -3.18556 -32.3435 0
    endloop
  endfacet
  facet normal -0.0490688 -0.998795 0
    outer loop
      vertex -3.18556 -32.3435 19.255
      vertex 0 -32.5 0
      vertex 0 -32.5 19.5
    endloop
  endfacet
  facet normal -0.671545 0.740964 0
    outer loop
      vertex -20.6178 25.1228 0
      vertex -22.981 22.981 17.7322
      vertex -20.6178 25.1228 17.914
    endloop
  endfacet
  facet normal -0.671545 0.740964 0
    outer loop
      vertex -22.981 22.981 17.7322
      vertex -20.6178 25.1228 0
      vertex -22.981 22.981 0
    endloop
  endfacet
  facet normal -0.336897 0.941541 0
    outer loop
      vertex -9.43425 31.1006 0
      vertex -12.4372 30.0261 18.5433
      vertex -9.43425 31.1006 18.7743
    endloop
  endfacet
  facet normal -0.336897 0.941541 0
    outer loop
      vertex -12.4372 30.0261 18.5433
      vertex -9.43425 31.1006 0
      vertex -12.4372 30.0261 0
    endloop
  endfacet
  facet normal -0.970036 -0.242963 0
    outer loop
      vertex -31.1006 -9.43425 0
      vertex -31.8755 -6.34044 17.048
      vertex -31.8755 -6.34044 0
    endloop
  endfacet
  facet normal -0.970036 -0.242963 0
    outer loop
      vertex -31.8755 -6.34044 17.048
      vertex -31.1006 -9.43425 0
      vertex -31.1006 -9.43425 17.1076
    endloop
  endfacet
  facet normal -0.857736 0.51409 0
    outer loop
      vertex -28.6624 15.3204 17.2952
      vertex -27.0228 18.056 0
      vertex -28.6624 15.3204 0
    endloop
  endfacet
  facet normal -0.857736 0.51409 0
    outer loop
      vertex -27.0228 18.056 0
      vertex -28.6624 15.3204 17.2952
      vertex -27.0228 18.056 17.4213
    endloop
  endfacet
  facet normal -0.803202 0.595707 0
    outer loop
      vertex -27.0228 18.056 17.4213
      vertex -25.1228 20.6178 0
      vertex -27.0228 18.056 0
    endloop
  endfacet
  facet normal -0.803202 0.595707 0
    outer loop
      vertex -25.1228 20.6178 0
      vertex -27.0228 18.056 17.4213
      vertex -25.1228 20.6178 17.5675
    endloop
  endfacet
  facet normal -0.146736 0.989176 0
    outer loop
      vertex -3.18556 32.3435 0
      vertex -6.34044 31.8755 19.0123
      vertex -3.18556 32.3435 19.255
    endloop
  endfacet
  facet normal -0.146736 0.989176 0
    outer loop
      vertex -6.34044 31.8755 19.0123
      vertex -3.18556 32.3435 0
      vertex -6.34044 31.8755 0
    endloop
  endfacet
  facet normal -0.336897 -0.941541 0
    outer loop
      vertex -9.43425 -31.1006 0
      vertex -12.4372 -30.0261 18.5433
      vertex -12.4372 -30.0261 0
    endloop
  endfacet
  facet normal -0.336897 -0.941541 0
    outer loop
      vertex -12.4372 -30.0261 18.5433
      vertex -9.43425 -31.1006 0
      vertex -9.43425 -31.1006 18.7743
    endloop
  endfacet
  facet normal -0.740964 -0.671545 0
    outer loop
      vertex -22.981 -22.981 0
      vertex -25.1228 -20.6178 17.5675
      vertex -25.1228 -20.6178 0
    endloop
  endfacet
  facet normal -0.740964 -0.671545 0
    outer loop
      vertex -25.1228 -20.6178 17.5675
      vertex -22.981 -22.981 0
      vertex -22.981 -22.981 17.7322
    endloop
  endfacet
  facet normal -0.803202 -0.595707 0
    outer loop
      vertex -25.1228 -20.6178 0
      vertex -27.0228 -18.056 17.4213
      vertex -27.0228 -18.056 0
    endloop
  endfacet
  facet normal -0.803202 -0.595707 0
    outer loop
      vertex -27.0228 -18.056 17.4213
      vertex -25.1228 -20.6178 0
      vertex -25.1228 -20.6178 17.5675
    endloop
  endfacet
  facet normal -0.970036 0.242963 0
    outer loop
      vertex -31.8755 6.34044 17.048
      vertex -31.1006 9.43425 0
      vertex -31.8755 6.34044 0
    endloop
  endfacet
  facet normal -0.970036 0.242963 0
    outer loop
      vertex -31.1006 9.43425 0
      vertex -31.8755 6.34044 17.048
      vertex -31.1006 9.43425 17.1076
    endloop
  endfacet
  facet normal -0.903983 0.427567 0
    outer loop
      vertex -30.0261 12.4372 17.1903
      vertex -28.6624 15.3204 0
      vertex -30.0261 12.4372 0
    endloop
  endfacet
  facet normal -0.903983 0.427567 0
    outer loop
      vertex -28.6624 15.3204 0
      vertex -30.0261 12.4372 17.1903
      vertex -28.6624 15.3204 17.2952
    endloop
  endfacet
  facet normal -0.989176 0.146736 0
    outer loop
      vertex -32.3435 3.18556 17.012
      vertex -31.8755 6.34044 0
      vertex -32.3435 3.18556 0
    endloop
  endfacet
  facet normal -0.989176 0.146736 0
    outer loop
      vertex -31.8755 6.34044 0
      vertex -32.3435 3.18556 17.012
      vertex -31.8755 6.34044 17.048
    endloop
  endfacet
  facet normal 0 0 1
    outer loop
      vertex 37.2782 3.62663 22
      vertex 32.5 32.5 22
      vertex 37.1 0 22
    endloop
  endfacet
  facet normal 0 0 1
    outer loop
      vertex 37.8109 7.21834 22
      vertex 32.5 32.5 22
      vertex 37.2782 3.62663 22
    endloop
  endfacet
  facet normal 0 0 1
    outer loop
      vertex 38.6932 10.7405 22
      vertex 32.5 32.5 22
      vertex 37.8109 7.21834 22
    endloop
  endfacet
  facet normal 0 0 1
    outer loop
      vertex 39.9165 14.1593 22
      vertex 32.5 32.5 22
      vertex 38.6932 10.7405 22
    endloop
  endfacet
  facet normal 0 0 1
    outer loop
      vertex 41.4689 17.4417 22
      vertex 32.5 32.5 22
      vertex 39.9165 14.1593 22
    endloop
  endfacet
  facet normal 0 0 1
    outer loop
      vertex 43.3356 20.5561 22
      vertex 32.5 32.5 22
      vertex 41.4689 17.4417 22
    endloop
  endfacet
  facet normal 0 0 1
    outer loop
      vertex 45.4986 23.4726 22
      vertex 32.5 32.5 22
      vertex 43.3356 20.5561 22
    endloop
  endfacet
  facet normal 0 0 1
    outer loop
      vertex 47.937 26.163 22
      vertex 32.5 32.5 22
      vertex 45.4986 23.4726 22
    endloop
  endfacet
  facet normal 0 0 1
    outer loop
      vertex 50.6274 28.6014 22
      vertex 32.5 32.5 22
      vertex 47.937 26.163 22
    endloop
  endfacet
  facet normal 0 0 1
    outer loop
      vertex 53.5439 30.7644 22
      vertex 32.5 32.5 22
      vertex 50.6274 28.6014 22
    endloop
  endfacet
  facet normal -0 0 1
    outer loop
      vertex 32.5 32.5 22
      vertex 53.5439 30.7644 22
      vertex 56.4396 32.5 22
    endloop
  endfacet
  facet normal 0 0 1
    outer loop
      vertex 32.5 -32.5 22
      vertex 37.1 0 22
      vertex 32.5 32.5 22
    endloop
  endfacet
  facet normal 0 0 1
    outer loop
      vertex 53.5439 -30.7644 22
      vertex 32.5 -32.5 22
      vertex 56.4396 -32.5 22
    endloop
  endfacet
  facet normal 0 0 1
    outer loop
      vertex 50.6274 -28.6014 22
      vertex 32.5 -32.5 22
      vertex 53.5439 -30.7644 22
    endloop
  endfacet
  facet normal 0 0 1
    outer loop
      vertex 47.937 -26.163 22
      vertex 32.5 -32.5 22
      vertex 50.6274 -28.6014 22
    endloop
  endfacet
  facet normal 0 0 1
    outer loop
      vertex 45.4986 -23.4726 22
      vertex 32.5 -32.5 22
      vertex 47.937 -26.163 22
    endloop
  endfacet
  facet normal 0 0 1
    outer loop
      vertex 43.3356 -20.5561 22
      vertex 32.5 -32.5 22
      vertex 45.4986 -23.4726 22
    endloop
  endfacet
  facet normal 0 0 1
    outer loop
      vertex 41.4689 -17.4417 22
      vertex 32.5 -32.5 22
      vertex 43.3356 -20.5561 22
    endloop
  endfacet
  facet normal 0 0 1
    outer loop
      vertex 39.9165 -14.1593 22
      vertex 32.5 -32.5 22
      vertex 41.4689 -17.4417 22
    endloop
  endfacet
  facet normal 0 0 1
    outer loop
      vertex 38.6932 -10.7405 22
      vertex 32.5 -32.5 22
      vertex 39.9165 -14.1593 22
    endloop
  endfacet
  facet normal 0 0 1
    outer loop
      vertex 37.8109 -7.21834 22
      vertex 32.5 -32.5 22
      vertex 38.6932 -10.7405 22
    endloop
  endfacet
  facet normal 0 0 1
    outer loop
      vertex 37.2782 -3.62663 22
      vertex 32.5 -32.5 22
      vertex 37.8109 -7.21834 22
    endloop
  endfacet
  facet normal 0 0 1
    outer loop
      vertex 37.1 0 22
      vertex 32.5 -32.5 22
      vertex 37.2782 -3.62663 22
    endloop
  endfacet
  facet normal -0.51409 0.857736 0
    outer loop
      vertex -15.3204 28.6624 0
      vertex -18.056 27.0228 18.1111
      vertex -15.3204 28.6624 18.3215
    endloop
  endfacet
  facet normal -0.51409 0.857736 0
    outer loop
      vertex -18.056 27.0228 18.1111
      vertex -15.3204 28.6624 0
      vertex -18.056 27.0228 0
    endloop
  endfacet
  facet normal -0.595707 0.803202 0
    outer loop
      vertex -18.056 27.0228 0
      vertex -20.6178 25.1228 17.914
      vertex -18.056 27.0228 18.1111
    endloop
  endfacet
  facet normal -0.595707 0.803202 0
    outer loop
      vertex -20.6178 25.1228 17.914
      vertex -18.056 27.0228 0
      vertex -20.6178 25.1228 0
    endloop
  endfacet
  facet normal -0.0490688 0.998795 0
    outer loop
      vertex 0 32.5 0
      vertex -3.18556 32.3435 19.255
      vertex 0 32.5 19.5
    endloop
  endfacet
  facet normal -0.0490688 0.998795 0
    outer loop
      vertex -3.18556 32.3435 19.255
      vertex 0 32.5 0
      vertex -3.18556 32.3435 0
    endloop
  endfacet
  facet normal -0.671545 -0.740964 0
    outer loop
      vertex -20.6178 -25.1228 0
      vertex -22.981 -22.981 17.7322
      vertex -22.981 -22.981 0
    endloop
  endfacet
  facet normal -0.671545 -0.740964 0
    outer loop
      vertex -22.981 -22.981 17.7322
      vertex -20.6178 -25.1228 0
      vertex -20.6178 -25.1228 17.914
    endloop
  endfacet
  facet normal -0.595707 -0.803202 0
    outer loop
      vertex -18.056 -27.0228 0
      vertex -20.6178 -25.1228 17.914
      vertex -20.6178 -25.1228 0
    endloop
  endfacet
  facet normal -0.595707 -0.803202 0
    outer loop
      vertex -20.6178 -25.1228 17.914
      vertex -18.056 -27.0228 0
      vertex -18.056 -27.0228 18.1111
    endloop
  endfacet
  facet normal -0.51409 -0.857736 0
    outer loop
      vertex -15.3204 -28.6624 0
      vertex -18.056 -27.0228 18.1111
      vertex -18.056 -27.0228 0
    endloop
  endfacet
  facet normal -0.51409 -0.857736 0
    outer loop
      vertex -18.056 -27.0228 18.1111
      vertex -15.3204 -28.6624 0
      vertex -15.3204 -28.6624 18.3215
    endloop
  endfacet
  facet normal -0.146736 -0.989176 0
    outer loop
      vertex -3.18556 -32.3435 0
      vertex -6.34044 -31.8755 19.0123
      vertex -6.34044 -31.8755 0
    endloop
  endfacet
  facet normal -0.146736 -0.989176 0
    outer loop
      vertex -6.34044 -31.8755 19.0123
      vertex -3.18556 -32.3435 0
      vertex -3.18556 -32.3435 19.255
    endloop
  endfacet
  facet normal -0.903983 -0.427567 0
    outer loop
      vertex -28.6624 -15.3204 0
      vertex -30.0261 -12.4372 17.1903
      vertex -30.0261 -12.4372 0
    endloop
  endfacet
  facet normal -0.903983 -0.427567 0
    outer loop
      vertex -30.0261 -12.4372 17.1903
      vertex -28.6624 -15.3204 0
      vertex -28.6624 -15.3204 17.2952
    endloop
  endfacet
  facet normal -0.941541 -0.336897 0
    outer loop
      vertex -30.0261 -12.4372 0
      vertex -31.1006 -9.43425 17.1076
      vertex -31.1006 -9.43425 0
    endloop
  endfacet
  facet normal -0.941541 -0.336897 0
    outer loop
      vertex -31.1006 -9.43425 17.1076
      vertex -30.0261 -12.4372 0
      vertex -30.0261 -12.4372 17.1903
    endloop
  endfacet
  facet normal -0.998795 -0.0490688 0
    outer loop
      vertex -32.3435 -3.18556 0
      vertex -32.5 0 17
      vertex -32.5 0 0
    endloop
  endfacet
  facet normal -0.998795 -0.0490688 0
    outer loop
      vertex -32.5 0 17
      vertex -32.3435 -3.18556 0
      vertex -32.3435 -3.18556 17.012
    endloop
  endfacet
  facet normal -0.740964 0.671545 0
    outer loop
      vertex -25.1228 20.6178 17.5675
      vertex -22.981 22.981 0
      vertex -25.1228 20.6178 0
    endloop
  endfacet
  facet normal -0.740964 0.671545 0
    outer loop
      vertex -22.981 22.981 0
      vertex -25.1228 20.6178 17.5675
      vertex -22.981 22.981 17.7322
    endloop
  endfacet
  facet normal -0.941541 0.336897 0
    outer loop
      vertex -31.1006 9.43425 17.1076
      vertex -30.0261 12.4372 0
      vertex -31.1006 9.43425 0
    endloop
  endfacet
  facet normal -0.941541 0.336897 0
    outer loop
      vertex -30.0261 12.4372 0
      vertex -31.1006 9.43425 17.1076
      vertex -30.0261 12.4372 17.1903
    endloop
  endfacet
  facet normal -0.427567 0.903983 0
    outer loop
      vertex -12.4372 30.0261 0
      vertex -15.3204 28.6624 18.3215
      vertex -12.4372 30.0261 18.5433
    endloop
  endfacet
  facet normal -0.427567 0.903983 0
    outer loop
      vertex -15.3204 28.6624 18.3215
      vertex -12.4372 30.0261 0
      vertex -15.3204 28.6624 0
    endloop
  endfacet
  facet normal -0.242963 0.970036 0
    outer loop
      vertex -6.34044 31.8755 0
      vertex -9.43425 31.1006 18.7743
      vertex -6.34044 31.8755 19.0123
    endloop
  endfacet
  facet normal -0.242963 0.970036 0
    outer loop
      vertex -9.43425 31.1006 18.7743
      vertex -6.34044 31.8755 0
      vertex -9.43425 31.1006 0
    endloop
  endfacet
  facet normal -0.427567 -0.903983 0
    outer loop
      vertex -12.4372 -30.0261 0
      vertex -15.3204 -28.6624 18.3215
      vertex -15.3204 -28.6624 0
    endloop
  endfacet
  facet normal -0.427567 -0.903983 0
    outer loop
      vertex -15.3204 -28.6624 18.3215
      vertex -12.4372 -30.0261 0
      vertex -12.4372 -30.0261 18.5433
    endloop
  endfacet
  facet normal -0.242963 -0.970036 0
    outer loop
      vertex -6.34044 -31.8755 0
      vertex -9.43425 -31.1006 18.7743
      vertex -9.43425 -31.1006 0
    endloop
  endfacet
  facet normal -0.242963 -0.970036 0
    outer loop
      vertex -9.43425 -31.1006 18.7743
      vertex -6.34044 -31.8755 0
      vertex -6.34044 -31.8755 19.0123
    endloop
  endfacet
  facet normal -0.857736 -0.51409 0
    outer loop
      vertex -27.0228 -18.056 0
      vertex -28.6624 -15.3204 17.2952
      vertex -28.6624 -15.3204 0
    endloop
  endfacet
  facet normal -0.857736 -0.51409 0
    outer loop
      vertex -28.6624 -15.3204 17.2952
      vertex -27.0228 -18.056 0
      vertex -27.0228 -18.056 17.4213
    endloop
  endfacet
  facet normal -0.989176 -0.146736 0
    outer loop
      vertex -31.8755 -6.34044 0
      vertex -32.3435 -3.18556 17.012
      vertex -32.3435 -3.18556 0
    endloop
  endfacet
  facet normal -0.989176 -0.146736 0
    outer loop
      vertex -32.3435 -3.18556 17.012
      vertex -31.8755 -6.34044 0
      vertex -31.8755 -6.34044 17.048
    endloop
  endfacet
  facet normal -0.998795 -0.0490841 -0
    outer loop
      vertex 30.4263 1.5 10
      vertex 30.3531 2.98952 0
      vertex 30.4263 1.5 0
    endloop
  endfacet
  facet normal -0.998795 -0.0490841 0
    outer loop
      vertex 30.3531 2.98952 0
      vertex 30.4263 1.5 10
      vertex 30.3531 2.98952 21.8349
    endloop
  endfacet
  facet normal -0.998795 -0.0490741 -0
    outer loop
      vertex 30.5 0 21.8462
      vertex 30.4263 1.5 10
      vertex 30.5 0 10
    endloop
  endfacet
  facet normal -0.998795 -0.0490791 -6.31373e-07
    outer loop
      vertex 30.4263 1.5 10
      vertex 30.5 0 21.8462
      vertex 30.3531 2.98952 21.8349
    endloop
  endfacet
  facet normal 0.998795 -0.0490791 0
    outer loop
      vertex -30.5 0 17.1538
      vertex -30.3531 2.98952 0
      vertex -30.3531 2.98952 17.1651
    endloop
  endfacet
  facet normal 0.998795 -0.0490791 0
    outer loop
      vertex -30.3531 2.98952 0
      vertex -30.5 0 17.1538
      vertex -30.5 0 0
    endloop
  endfacet
  facet normal -0.0490791 -0.998795 0
    outer loop
      vertex 2.98952 30.3531 0
      vertex 0 30.5 19.5
      vertex 0 30.5 0
    endloop
  endfacet
  facet normal -0.0490791 -0.998795 0
    outer loop
      vertex 0 30.5 19.5
      vertex 2.98952 30.3531 0
      vertex 2.98952 30.3531 19.73
    endloop
  endfacet
  facet normal 0.0490791 0.998795 -0
    outer loop
      vertex 0 -30.5 0
      vertex -2.98952 -30.3531 19.27
      vertex 0 -30.5 19.5
    endloop
  endfacet
  facet normal 0.0490791 0.998795 0
    outer loop
      vertex -2.98952 -30.3531 19.27
      vertex 0 -30.5 0
      vertex -2.98952 -30.3531 0
    endloop
  endfacet
  facet normal -0.740967 -0.671541 0
    outer loop
      vertex 23.5768 19.349 0
      vertex 21.5668 21.5668 21.159
      vertex 21.5668 21.5668 0
    endloop
  endfacet
  facet normal -0.740967 -0.671541 0
    outer loop
      vertex 21.5668 21.5668 21.159
      vertex 23.5768 19.349 0
      vertex 23.5768 19.349 21.3136
    endloop
  endfacet
  facet normal 0.671541 -0.740967 0
    outer loop
      vertex -19.349 23.5768 0
      vertex -21.5668 21.5668 17.841
      vertex -21.5668 21.5668 0
    endloop
  endfacet
  facet normal 0.671541 -0.740967 0
    outer loop
      vertex -21.5668 21.5668 17.841
      vertex -19.349 23.5768 0
      vertex -19.349 23.5768 18.0116
    endloop
  endfacet
  facet normal 0.336908 -0.941538 0
    outer loop
      vertex -8.85368 29.1867 0
      vertex -11.6718 28.1783 18.6022
      vertex -11.6718 28.1783 0
    endloop
  endfacet
  facet normal 0.336908 -0.941538 0
    outer loop
      vertex -11.6718 28.1783 18.6022
      vertex -8.85368 29.1867 0
      vertex -8.85368 29.1867 18.8189
    endloop
  endfacet
  facet normal 0.970029 0.242989 -0
    outer loop
      vertex -29.1867 -8.85368 0
      vertex -29.914 -5.95025 17.1989
      vertex -29.1867 -8.85368 17.2549
    endloop
  endfacet
  facet normal 0.970029 0.242989 0
    outer loop
      vertex -29.914 -5.95025 17.1989
      vertex -29.1867 -8.85368 0
      vertex -29.914 -5.95025 0
    endloop
  endfacet
  facet normal -0.941538 -0.336908 0
    outer loop
      vertex 29.1867 8.85368 0
      vertex 28.1783 11.6718 21.6676
      vertex 28.1783 11.6718 0
    endloop
  endfacet
  facet normal -0.941538 -0.336908 0
    outer loop
      vertex 28.1783 11.6718 21.6676
      vertex 29.1867 8.85368 0
      vertex 29.1867 8.85368 21.7451
    endloop
  endfacet
  facet normal -0.989181 -0.146703 0
    outer loop
      vertex 30.3531 2.98952 0
      vertex 29.914 5.95025 21.8011
      vertex 29.914 5.95025 0
    endloop
  endfacet
  facet normal -0.989181 -0.146703 0
    outer loop
      vertex 29.914 5.95025 21.8011
      vertex 30.3531 2.98952 0
      vertex 30.3531 2.98952 21.8349
    endloop
  endfacet
  facet normal -0.427542 -0.903996 0
    outer loop
      vertex 14.3776 26.8986 0
      vertex 11.6718 28.1783 20.3978
      vertex 11.6718 28.1783 0
    endloop
  endfacet
  facet normal -0.427542 -0.903996 0
    outer loop
      vertex 11.6718 28.1783 20.3978
      vertex 14.3776 26.8986 0
      vertex 14.3776 26.8986 20.606
    endloop
  endfacet
  facet normal 0.857726 -0.514108 0
    outer loop
      vertex -26.8986 14.3776 17.4309
      vertex -25.3598 16.9449 0
      vertex -25.3598 16.9449 17.5492
    endloop
  endfacet
  facet normal 0.857726 -0.514108 0
    outer loop
      vertex -25.3598 16.9449 0
      vertex -26.8986 14.3776 17.4309
      vertex -26.8986 14.3776 0
    endloop
  endfacet
  facet normal 0.803208 -0.595699 0
    outer loop
      vertex -25.3598 16.9449 17.5492
      vertex -23.5768 19.349 0
      vertex -23.5768 19.349 17.6864
    endloop
  endfacet
  facet normal 0.803208 -0.595699 0
    outer loop
      vertex -23.5768 19.349 0
      vertex -25.3598 16.9449 17.5492
      vertex -25.3598 16.9449 0
    endloop
  endfacet
  facet normal 0.146703 -0.989181 0
    outer loop
      vertex -2.98952 30.3531 0
      vertex -5.95025 29.914 19.0423
      vertex -5.95025 29.914 0
    endloop
  endfacet
  facet normal 0.146703 -0.989181 0
    outer loop
      vertex -5.95025 29.914 19.0423
      vertex -2.98952 30.3531 0
      vertex -2.98952 30.3531 19.27
    endloop
  endfacet
  facet normal -0.857726 0.514108 0
    outer loop
      vertex 25.3598 -16.9449 21.4508
      vertex 26.8986 -14.3776 0
      vertex 25.3598 -16.9449 0
    endloop
  endfacet
  facet normal -0.857726 0.514108 0
    outer loop
      vertex 26.8986 -14.3776 0
      vertex 25.3598 -16.9449 21.4508
      vertex 26.8986 -14.3776 21.5691
    endloop
  endfacet
  facet normal -0.242989 0.970029 0
    outer loop
      vertex 8.85368 -29.1867 0
      vertex 5.95025 -29.914 19.9577
      vertex 8.85368 -29.1867 20.1811
    endloop
  endfacet
  facet normal -0.242989 0.970029 0
    outer loop
      vertex 5.95025 -29.914 19.9577
      vertex 8.85368 -29.1867 0
      vertex 5.95025 -29.914 0
    endloop
  endfacet
  facet normal -0.671541 0.740967 0
    outer loop
      vertex 21.5668 -21.5668 0
      vertex 19.349 -23.5768 20.9884
      vertex 21.5668 -21.5668 21.159
    endloop
  endfacet
  facet normal -0.671541 0.740967 0
    outer loop
      vertex 19.349 -23.5768 20.9884
      vertex 21.5668 -21.5668 0
      vertex 19.349 -23.5768 0
    endloop
  endfacet
  facet normal 0.336908 0.941538 -0
    outer loop
      vertex -8.85368 -29.1867 0
      vertex -11.6718 -28.1783 18.6022
      vertex -8.85368 -29.1867 18.8189
    endloop
  endfacet
  facet normal 0.336908 0.941538 0
    outer loop
      vertex -11.6718 -28.1783 18.6022
      vertex -8.85368 -29.1867 0
      vertex -11.6718 -28.1783 0
    endloop
  endfacet
  facet normal 0.740967 0.671541 -0
    outer loop
      vertex -21.5668 -21.5668 0
      vertex -23.5768 -19.349 17.6864
      vertex -21.5668 -21.5668 17.841
    endloop
  endfacet
  facet normal 0.740967 0.671541 0
    outer loop
      vertex -23.5768 -19.349 17.6864
      vertex -21.5668 -21.5668 0
      vertex -23.5768 -19.349 0
    endloop
  endfacet
  facet normal 0.803208 0.595699 -0
    outer loop
      vertex -23.5768 -19.349 0
      vertex -25.3598 -16.9449 17.5492
      vertex -23.5768 -19.349 17.6864
    endloop
  endfacet
  facet normal 0.803208 0.595699 0
    outer loop
      vertex -25.3598 -16.9449 17.5492
      vertex -23.5768 -19.349 0
      vertex -25.3598 -16.9449 0
    endloop
  endfacet
  facet normal -0.970029 -0.242989 0
    outer loop
      vertex 29.914 5.95025 0
      vertex 29.1867 8.85368 21.7451
      vertex 29.1867 8.85368 0
    endloop
  endfacet
  facet normal -0.970029 -0.242989 0
    outer loop
      vertex 29.1867 8.85368 21.7451
      vertex 29.914 5.95025 0
      vertex 29.914 5.95025 21.8011
    endloop
  endfacet
  facet normal -0.857726 -0.514108 0
    outer loop
      vertex 26.8986 14.3776 0
      vertex 25.3598 16.9449 21.4508
      vertex 25.3598 16.9449 0
    endloop
  endfacet
  facet normal -0.857726 -0.514108 0
    outer loop
      vertex 25.3598 16.9449 21.4508
      vertex 26.8986 14.3776 0
      vertex 26.8986 14.3776 21.5691
    endloop
  endfacet
  facet normal -0.803208 -0.595699 0
    outer loop
      vertex 25.3598 16.9449 0
      vertex 23.5768 19.349 21.3136
      vertex 23.5768 19.349 0
    endloop
  endfacet
  facet normal -0.803208 -0.595699 0
    outer loop
      vertex 23.5768 19.349 21.3136
      vertex 25.3598 16.9449 0
      vertex 25.3598 16.9449 21.4508
    endloop
  endfacet
  facet normal -0.903996 -0.427542 0
    outer loop
      vertex 28.1783 11.6718 0
      vertex 26.8986 14.3776 21.5691
      vertex 26.8986 14.3776 0
    endloop
  endfacet
  facet normal -0.903996 -0.427542 0
    outer loop
      vertex 26.8986 14.3776 21.5691
      vertex 28.1783 11.6718 0
      vertex 28.1783 11.6718 21.6676
    endloop
  endfacet
  facet normal -0.242989 -0.970029 0
    outer loop
      vertex 8.85368 29.1867 0
      vertex 5.95025 29.914 19.9577
      vertex 5.95025 29.914 0
    endloop
  endfacet
  facet normal -0.242989 -0.970029 0
    outer loop
      vertex 5.95025 29.914 19.9577
      vertex 8.85368 29.1867 0
      vertex 8.85368 29.1867 20.1811
    endloop
  endfacet
  facet normal -0.146703 -0.989181 0
    outer loop
      vertex 5.95025 29.914 0
      vertex 2.98952 30.3531 19.73
      vertex 2.98952 30.3531 0
    endloop
  endfacet
  facet normal -0.146703 -0.989181 0
    outer loop
      vertex 2.98952 30.3531 19.73
      vertex 5.95025 29.914 0
      vertex 5.95025 29.914 19.9577
    endloop
  endfacet
  facet normal -0.595699 -0.803208 0
    outer loop
      vertex 19.349 23.5768 0
      vertex 16.9449 25.3598 20.8035
      vertex 16.9449 25.3598 0
    endloop
  endfacet
  facet normal -0.595699 -0.803208 0
    outer loop
      vertex 16.9449 25.3598 20.8035
      vertex 19.349 23.5768 0
      vertex 19.349 23.5768 20.9884
    endloop
  endfacet
  facet normal -0.514108 -0.857726 0
    outer loop
      vertex 16.9449 25.3598 0
      vertex 14.3776 26.8986 20.606
      vertex 14.3776 26.8986 0
    endloop
  endfacet
  facet normal -0.514108 -0.857726 0
    outer loop
      vertex 14.3776 26.8986 20.606
      vertex 16.9449 25.3598 0
      vertex 16.9449 25.3598 20.8035
    endloop
  endfacet
  facet normal -0.671541 -0.740967 0
    outer loop
      vertex 21.5668 21.5668 0
      vertex 19.349 23.5768 20.9884
      vertex 19.349 23.5768 0
    endloop
  endfacet
  facet normal -0.671541 -0.740967 0
    outer loop
      vertex 19.349 23.5768 20.9884
      vertex 21.5668 21.5668 0
      vertex 21.5668 21.5668 21.159
    endloop
  endfacet
  facet normal 0.970029 -0.242989 0
    outer loop
      vertex -29.914 5.95025 17.1989
      vertex -29.1867 8.85368 0
      vertex -29.1867 8.85368 17.2549
    endloop
  endfacet
  facet normal 0.970029 -0.242989 0
    outer loop
      vertex -29.1867 8.85368 0
      vertex -29.914 5.95025 17.1989
      vertex -29.914 5.95025 0
    endloop
  endfacet
  facet normal 0.740967 -0.671541 0
    outer loop
      vertex -23.5768 19.349 17.6864
      vertex -21.5668 21.5668 0
      vertex -21.5668 21.5668 17.841
    endloop
  endfacet
  facet normal 0.740967 -0.671541 0
    outer loop
      vertex -21.5668 21.5668 0
      vertex -23.5768 19.349 17.6864
      vertex -23.5768 19.349 0
    endloop
  endfacet
  facet normal 0.903996 -0.427542 0
    outer loop
      vertex -28.1783 11.6718 17.3324
      vertex -26.8986 14.3776 0
      vertex -26.8986 14.3776 17.4309
    endloop
  endfacet
  facet normal 0.903996 -0.427542 0
    outer loop
      vertex -26.8986 14.3776 0
      vertex -28.1783 11.6718 17.3324
      vertex -28.1783 11.6718 0
    endloop
  endfacet
  facet normal 0.989181 -0.146703 0
    outer loop
      vertex -30.3531 2.98952 17.1651
      vertex -29.914 5.95025 0
      vertex -29.914 5.95025 17.1989
    endloop
  endfacet
  facet normal 0.989181 -0.146703 0
    outer loop
      vertex -29.914 5.95025 0
      vertex -30.3531 2.98952 17.1651
      vertex -30.3531 2.98952 0
    endloop
  endfacet
  facet normal 0.427574 -0.90398 0
    outer loop
      vertex -13.9222 27.114 10
      vertex -14.3776 26.8986 18.394
      vertex -14.3776 26.8986 10
    endloop
  endfacet
  facet normal 0.427542 -0.903995 -2.13798e-06
    outer loop
      vertex -14.3776 26.8986 18.394
      vertex -13.9222 27.114 10
      vertex -11.6718 28.1783 18.6022
    endloop
  endfacet
  facet normal 0.427535 -0.903999 0
    outer loop
      vertex -11.6718 28.1783 0
      vertex -13.9222 27.114 10
      vertex -13.9222 27.114 0
    endloop
  endfacet
  facet normal 0.427535 -0.903999 0
    outer loop
      vertex -13.9222 27.114 10
      vertex -11.6718 28.1783 0
      vertex -11.6718 28.1783 18.6022
    endloop
  endfacet
  facet normal 0.51405 -0.85776 0
    outer loop
      vertex -16.9449 25.3598 0
      vertex -16.5204 25.6142 10
      vertex -16.9449 25.3598 18.1965
    endloop
  endfacet
  facet normal 0.51405 -0.85776 0
    outer loop
      vertex -16.5204 25.6142 10
      vertex -16.9449 25.3598 0
      vertex -16.5204 25.6142 0
    endloop
  endfacet
  facet normal 0.514119 -0.857719 4.85815e-06
    outer loop
      vertex -14.3776 26.8986 10
      vertex -16.9449 25.3598 18.1965
      vertex -16.5204 25.6142 10
    endloop
  endfacet
  facet normal 0.514108 -0.857726 0
    outer loop
      vertex -16.9449 25.3598 18.1965
      vertex -14.3776 26.8986 10
      vertex -14.3776 26.8986 18.394
    endloop
  endfacet
  facet normal 0.595699 -0.803208 0
    outer loop
      vertex -16.9449 25.3598 0
      vertex -19.349 23.5768 18.0116
      vertex -19.349 23.5768 0
    endloop
  endfacet
  facet normal 0.595699 -0.803208 0
    outer loop
      vertex -19.349 23.5768 18.0116
      vertex -16.9449 25.3598 0
      vertex -16.9449 25.3598 18.1965
    endloop
  endfacet
  facet normal 0.242989 -0.970029 0
    outer loop
      vertex -5.95025 29.914 0
      vertex -8.85368 29.1867 18.8189
      vertex -8.85368 29.1867 0
    endloop
  endfacet
  facet normal 0.242989 -0.970029 0
    outer loop
      vertex -8.85368 29.1867 18.8189
      vertex -5.95025 29.914 0
      vertex -5.95025 29.914 19.0423
    endloop
  endfacet
  facet normal 0.0490791 -0.998795 0
    outer loop
      vertex 0 30.5 0
      vertex -2.98952 30.3531 19.27
      vertex -2.98952 30.3531 0
    endloop
  endfacet
  facet normal 0.0490791 -0.998795 0
    outer loop
      vertex -2.98952 30.3531 19.27
      vertex 0 30.5 0
      vertex 0 30.5 19.5
    endloop
  endfacet
  facet normal -0.998795 0.0490841 0
    outer loop
      vertex 30.4263 -1.5 0
      vertex 30.3531 -2.98952 0
      vertex 30.4263 -1.5 10
    endloop
  endfacet
  facet normal -0.998795 0.0490741 0
    outer loop
      vertex 30.4263 -1.5 10
      vertex 30.5 0 21.8462
      vertex 30.5 0 10
    endloop
  endfacet
  facet normal -0.998795 0.0490841 0
    outer loop
      vertex 30.3531 -2.98952 21.8349
      vertex 30.4263 -1.5 10
      vertex 30.3531 -2.98952 0
    endloop
  endfacet
  facet normal -0.998795 0.0490791 -6.31373e-07
    outer loop
      vertex 30.4263 -1.5 10
      vertex 30.3531 -2.98952 21.8349
      vertex 30.5 0 21.8462
    endloop
  endfacet
  facet normal -0.0490791 0.998795 0
    outer loop
      vertex 2.98952 -30.3531 0
      vertex 0 -30.5 19.5
      vertex 2.98952 -30.3531 19.73
    endloop
  endfacet
  facet normal -0.0490791 0.998795 0
    outer loop
      vertex 0 -30.5 19.5
      vertex 2.98952 -30.3531 0
      vertex 0 -30.5 0
    endloop
  endfacet
  facet normal -0.427542 0.903996 0
    outer loop
      vertex 14.3776 -26.8986 0
      vertex 11.6718 -28.1783 20.3978
      vertex 14.3776 -26.8986 20.606
    endloop
  endfacet
  facet normal -0.427542 0.903996 0
    outer loop
      vertex 11.6718 -28.1783 20.3978
      vertex 14.3776 -26.8986 0
      vertex 11.6718 -28.1783 0
    endloop
  endfacet
  facet normal -0.595699 0.803208 0
    outer loop
      vertex 19.349 -23.5768 0
      vertex 16.9449 -25.3598 20.8035
      vertex 19.349 -23.5768 20.9884
    endloop
  endfacet
  facet normal -0.595699 0.803208 0
    outer loop
      vertex 16.9449 -25.3598 20.8035
      vertex 19.349 -23.5768 0
      vertex 16.9449 -25.3598 0
    endloop
  endfacet
  facet normal -0.740967 0.671541 0
    outer loop
      vertex 21.5668 -21.5668 21.159
      vertex 23.5768 -19.349 0
      vertex 21.5668 -21.5668 0
    endloop
  endfacet
  facet normal -0.740967 0.671541 0
    outer loop
      vertex 23.5768 -19.349 0
      vertex 21.5668 -21.5668 21.159
      vertex 23.5768 -19.349 21.3136
    endloop
  endfacet
  facet normal -0.803208 0.595699 0
    outer loop
      vertex 23.5768 -19.349 21.3136
      vertex 25.3598 -16.9449 0
      vertex 23.5768 -19.349 0
    endloop
  endfacet
  facet normal -0.803208 0.595699 0
    outer loop
      vertex 25.3598 -16.9449 0
      vertex 23.5768 -19.349 21.3136
      vertex 25.3598 -16.9449 21.4508
    endloop
  endfacet
  facet normal 0.671541 0.740967 -0
    outer loop
      vertex -19.349 -23.5768 0
      vertex -21.5668 -21.5668 17.841
      vertex -19.349 -23.5768 18.0116
    endloop
  endfacet
  facet normal 0.671541 0.740967 0
    outer loop
      vertex -21.5668 -21.5668 17.841
      vertex -19.349 -23.5768 0
      vertex -21.5668 -21.5668 0
    endloop
  endfacet
  facet normal 0.595699 0.803208 -0
    outer loop
      vertex -16.9449 -25.3598 0
      vertex -19.349 -23.5768 18.0116
      vertex -16.9449 -25.3598 18.1965
    endloop
  endfacet
  facet normal 0.595699 0.803208 0
    outer loop
      vertex -19.349 -23.5768 18.0116
      vertex -16.9449 -25.3598 0
      vertex -19.349 -23.5768 0
    endloop
  endfacet
  facet normal 0.514108 0.857726 -0
    outer loop
      vertex -14.3776 -26.8986 10
      vertex -16.9449 -25.3598 18.1965
      vertex -14.3776 -26.8986 18.394
    endloop
  endfacet
  facet normal 0.514119 0.857719 4.85815e-06
    outer loop
      vertex -16.5204 -25.6142 10
      vertex -16.9449 -25.3598 18.1965
      vertex -14.3776 -26.8986 10
    endloop
  endfacet
  facet normal 0.51405 0.85776 0
    outer loop
      vertex -16.9449 -25.3598 0
      vertex -16.5204 -25.6142 10
      vertex -16.5204 -25.6142 0
    endloop
  endfacet
  facet normal 0.51405 0.85776 0
    outer loop
      vertex -16.5204 -25.6142 10
      vertex -16.9449 -25.3598 0
      vertex -16.9449 -25.3598 18.1965
    endloop
  endfacet
  facet normal 0.146703 0.989181 -0
    outer loop
      vertex -2.98952 -30.3531 0
      vertex -5.95025 -29.914 19.0423
      vertex -2.98952 -30.3531 19.27
    endloop
  endfacet
  facet normal 0.146703 0.989181 0
    outer loop
      vertex -5.95025 -29.914 19.0423
      vertex -2.98952 -30.3531 0
      vertex -5.95025 -29.914 0
    endloop
  endfacet
  facet normal 0.903996 0.427542 -0
    outer loop
      vertex -26.8986 -14.3776 0
      vertex -28.1783 -11.6718 17.3324
      vertex -26.8986 -14.3776 17.4309
    endloop
  endfacet
  facet normal 0.903996 0.427542 0
    outer loop
      vertex -28.1783 -11.6718 17.3324
      vertex -26.8986 -14.3776 0
      vertex -28.1783 -11.6718 0
    endloop
  endfacet
  facet normal 0.941538 0.336908 -0
    outer loop
      vertex -28.1783 -11.6718 0
      vertex -29.1867 -8.85368 17.2549
      vertex -28.1783 -11.6718 17.3324
    endloop
  endfacet
  facet normal 0.941538 0.336908 0
    outer loop
      vertex -29.1867 -8.85368 17.2549
      vertex -28.1783 -11.6718 0
      vertex -29.1867 -8.85368 0
    endloop
  endfacet
  facet normal 0.998795 0.0490791 0
    outer loop
      vertex -30.3531 -2.98952 17.1651
      vertex -30.5 0 0
      vertex -30.5 0 17.1538
    endloop
  endfacet
  facet normal 0.998795 0.0490791 0
    outer loop
      vertex -30.5 0 0
      vertex -30.3531 -2.98952 17.1651
      vertex -30.3531 -2.98952 0
    endloop
  endfacet
  facet normal -0.336908 -0.941538 0
    outer loop
      vertex 11.6718 28.1783 0
      vertex 8.85368 29.1867 20.1811
      vertex 8.85368 29.1867 0
    endloop
  endfacet
  facet normal -0.336908 -0.941538 0
    outer loop
      vertex 8.85368 29.1867 20.1811
      vertex 11.6718 28.1783 0
      vertex 11.6718 28.1783 20.3978
    endloop
  endfacet
  facet normal 0.941538 -0.336908 0
    outer loop
      vertex -29.1867 8.85368 17.2549
      vertex -28.1783 11.6718 0
      vertex -28.1783 11.6718 17.3324
    endloop
  endfacet
  facet normal 0.941538 -0.336908 0
    outer loop
      vertex -28.1783 11.6718 0
      vertex -29.1867 8.85368 17.2549
      vertex -29.1867 8.85368 0
    endloop
  endfacet
  facet normal -0.146703 0.989181 0
    outer loop
      vertex 5.95025 -29.914 0
      vertex 2.98952 -30.3531 19.73
      vertex 5.95025 -29.914 19.9577
    endloop
  endfacet
  facet normal -0.146703 0.989181 0
    outer loop
      vertex 2.98952 -30.3531 19.73
      vertex 5.95025 -29.914 0
      vertex 2.98952 -30.3531 0
    endloop
  endfacet
  facet normal -0.336908 0.941538 0
    outer loop
      vertex 11.6718 -28.1783 0
      vertex 8.85368 -29.1867 20.1811
      vertex 11.6718 -28.1783 20.3978
    endloop
  endfacet
  facet normal -0.336908 0.941538 0
    outer loop
      vertex 8.85368 -29.1867 20.1811
      vertex 11.6718 -28.1783 0
      vertex 8.85368 -29.1867 0
    endloop
  endfacet
  facet normal -0.514108 0.857726 0
    outer loop
      vertex 16.9449 -25.3598 0
      vertex 14.3776 -26.8986 20.606
      vertex 16.9449 -25.3598 20.8035
    endloop
  endfacet
  facet normal -0.514108 0.857726 0
    outer loop
      vertex 14.3776 -26.8986 20.606
      vertex 16.9449 -25.3598 0
      vertex 14.3776 -26.8986 0
    endloop
  endfacet
  facet normal -0.903996 0.427542 0
    outer loop
      vertex 26.8986 -14.3776 21.5691
      vertex 28.1783 -11.6718 0
      vertex 26.8986 -14.3776 0
    endloop
  endfacet
  facet normal -0.903996 0.427542 0
    outer loop
      vertex 28.1783 -11.6718 0
      vertex 26.8986 -14.3776 21.5691
      vertex 28.1783 -11.6718 21.6676
    endloop
  endfacet
  facet normal -0.989181 0.146703 0
    outer loop
      vertex 29.914 -5.95025 21.8011
      vertex 30.3531 -2.98952 0
      vertex 29.914 -5.95025 0
    endloop
  endfacet
  facet normal -0.989181 0.146703 0
    outer loop
      vertex 30.3531 -2.98952 0
      vertex 29.914 -5.95025 21.8011
      vertex 30.3531 -2.98952 21.8349
    endloop
  endfacet
  facet normal -0.941538 0.336908 0
    outer loop
      vertex 28.1783 -11.6718 21.6676
      vertex 29.1867 -8.85368 0
      vertex 28.1783 -11.6718 0
    endloop
  endfacet
  facet normal -0.941538 0.336908 0
    outer loop
      vertex 29.1867 -8.85368 0
      vertex 28.1783 -11.6718 21.6676
      vertex 29.1867 -8.85368 21.7451
    endloop
  endfacet
  facet normal 0.427542 0.903995 -2.13798e-06
    outer loop
      vertex -11.6718 -28.1783 18.6022
      vertex -13.9222 -27.114 10
      vertex -14.3776 -26.8986 18.394
    endloop
  endfacet
  facet normal 0.427535 0.903999 -0
    outer loop
      vertex -11.6718 -28.1783 0
      vertex -13.9222 -27.114 10
      vertex -11.6718 -28.1783 18.6022
    endloop
  endfacet
  facet normal 0.427535 0.903999 0
    outer loop
      vertex -13.9222 -27.114 10
      vertex -11.6718 -28.1783 0
      vertex -13.9222 -27.114 0
    endloop
  endfacet
  facet normal 0.427574 0.90398 0
    outer loop
      vertex -14.3776 -26.8986 18.394
      vertex -13.9222 -27.114 10
      vertex -14.3776 -26.8986 10
    endloop
  endfacet
  facet normal 0.242989 0.970029 -0
    outer loop
      vertex -5.95025 -29.914 0
      vertex -8.85368 -29.1867 18.8189
      vertex -5.95025 -29.914 19.0423
    endloop
  endfacet
  facet normal 0.242989 0.970029 0
    outer loop
      vertex -8.85368 -29.1867 18.8189
      vertex -5.95025 -29.914 0
      vertex -8.85368 -29.1867 0
    endloop
  endfacet
  facet normal 0.857726 0.514108 -0
    outer loop
      vertex -25.3598 -16.9449 0
      vertex -26.8986 -14.3776 17.4309
      vertex -25.3598 -16.9449 17.5492
    endloop
  endfacet
  facet normal 0.857726 0.514108 0
    outer loop
      vertex -26.8986 -14.3776 17.4309
      vertex -25.3598 -16.9449 0
      vertex -26.8986 -14.3776 0
    endloop
  endfacet
  facet normal 0.989181 0.146703 -0
    outer loop
      vertex -29.914 -5.95025 0
      vertex -30.3531 -2.98952 17.1651
      vertex -29.914 -5.95025 17.1989
    endloop
  endfacet
  facet normal 0.989181 0.146703 0
    outer loop
      vertex -30.3531 -2.98952 17.1651
      vertex -29.914 -5.95025 0
      vertex -30.3531 -2.98952 0
    endloop
  endfacet
  facet normal -0.970029 0.242989 0
    outer loop
      vertex 29.1867 -8.85368 21.7451
      vertex 29.914 -5.95025 0
      vertex 29.1867 -8.85368 0
    endloop
  endfacet
  facet normal -0.970029 0.242989 0
    outer loop
      vertex 29.914 -5.95025 0
      vertex 29.1867 -8.85368 21.7451
      vertex 29.914 -5.95025 21.8011
    endloop
  endfacet
  facet normal 0 -1 0
    outer loop
      vertex 8.86501 -1.5 0
      vertex 30.4263 -1.5 10
      vertex 8.86501 -1.5 10
    endloop
  endfacet
  facet normal 0 -1 -0
    outer loop
      vertex 30.4263 -1.5 10
      vertex 8.86501 -1.5 0
      vertex 30.4263 -1.5 0
    endloop
  endfacet
  facet normal 0 1 -0
    outer loop
      vertex 30.4263 1.5 0
      vertex 8.86501 1.5 10
      vertex 30.4263 1.5 10
    endloop
  endfacet
  facet normal 0 1 0
    outer loop
      vertex 8.86501 1.5 10
      vertex 30.4263 1.5 0
      vertex 8.86501 1.5 0
    endloop
  endfacet
  facet normal 0.866026 0.499999 0
    outer loop
      vertex -3.13287 8.42629 10
      vertex -13.9222 27.114 0
      vertex -13.9222 27.114 10
    endloop
  endfacet
  facet normal 0.866026 0.499999 0
    outer loop
      vertex -13.9222 27.114 0
      vertex -3.13287 8.42629 10
      vertex -3.13287 8.42629 0
    endloop
  endfacet
  facet normal -0.866026 -0.499999 0
    outer loop
      vertex -5.73527 6.93377 0
      vertex -16.5204 25.6142 10
      vertex -16.5204 25.6142 0
    endloop
  endfacet
  facet normal -0.866026 -0.499999 0
    outer loop
      vertex -16.5204 25.6142 10
      vertex -5.73527 6.93377 0
      vertex -5.73527 6.93377 10
    endloop
  endfacet
  facet normal -0.866026 0.499999 0
    outer loop
      vertex -16.5204 -25.6142 0
      vertex -5.73527 -6.93377 10
      vertex -5.73527 -6.93377 0
    endloop
  endfacet
  facet normal -0.866026 0.499999 0
    outer loop
      vertex -5.73527 -6.93377 10
      vertex -16.5204 -25.6142 0
      vertex -16.5204 -25.6142 10
    endloop
  endfacet
  facet normal 0.866026 -0.499999 0
    outer loop
      vertex -13.9222 -27.114 10
      vertex -3.13287 -8.42629 0
      vertex -3.13287 -8.42629 10
    endloop
  endfacet
  facet normal 0.866026 -0.499999 0
    outer loop
      vertex -3.13287 -8.42629 0
      vertex -13.9222 -27.114 10
      vertex -13.9222 -27.114 0
    endloop
  endfacet
  facet normal 0 -1 0
    outer loop
      vertex 32.5 -32.5 22
      vertex 47.5714 -32.5 6
      vertex 47.5714 -32.5 16
    endloop
  endfacet
  facet normal 0 -1 0
    outer loop
      vertex 56.4396 -32.5 0
      vertex 47.5714 -32.5 6
      vertex 0 -32.5 0
    endloop
  endfacet
  facet normal 0 -1 -0
    outer loop
      vertex 32.5 -32.5 22
      vertex 0 -32.5 0
      vertex 47.5714 -32.5 6
    endloop
  endfacet
  facet normal 0 -1 0
    outer loop
      vertex 0 -32.5 0
      vertex 32.5 -32.5 22
      vertex 0 -32.5 19.5
    endloop
  endfacet
  facet normal 0 -1 0
    outer loop
      vertex 32.5 -32.5 22
      vertex 47.5714 -32.5 16
      vertex 56.4396 -32.5 22
    endloop
  endfacet
  facet normal 0 -1 0
    outer loop
      vertex 51.954 -32.5 16
      vertex 56.4396 -32.5 22
      vertex 47.5714 -32.5 16
    endloop
  endfacet
  facet normal 0 -1 0
    outer loop
      vertex 51.954 -32.5 6
      vertex 56.4396 -32.5 22
      vertex 51.954 -32.5 16
    endloop
  endfacet
  facet normal 0 -1 0
    outer loop
      vertex 51.954 -32.5 6
      vertex 56.4396 -32.5 0
      vertex 56.4396 -32.5 22
    endloop
  endfacet
  facet normal 0 -1 0
    outer loop
      vertex 47.5714 -32.5 6
      vertex 56.4396 -32.5 0
      vertex 51.954 -32.5 6
    endloop
  endfacet
  facet normal 0 1 -0
    outer loop
      vertex 47.5714 32.5 16
      vertex 32.5 32.5 22
      vertex 56.4396 32.5 22
    endloop
  endfacet
  facet normal 0 1 0
    outer loop
      vertex 47.5714 32.5 16
      vertex 56.4396 32.5 22
      vertex 51.954 32.5 16
    endloop
  endfacet
  facet normal 0 1 0
    outer loop
      vertex 56.4396 32.5 22
      vertex 51.954 32.5 6
      vertex 51.954 32.5 16
    endloop
  endfacet
  facet normal 0 1 0
    outer loop
      vertex 51.954 32.5 6
      vertex 56.4396 32.5 0
      vertex 47.5714 32.5 6
    endloop
  endfacet
  facet normal 0 1 -0
    outer loop
      vertex 56.4396 32.5 0
      vertex 51.954 32.5 6
      vertex 56.4396 32.5 22
    endloop
  endfacet
  facet normal 0 1 -0
    outer loop
      vertex 47.5714 32.5 6
      vertex 32.5 32.5 22
      vertex 47.5714 32.5 16
    endloop
  endfacet
  facet normal 0 1 0
    outer loop
      vertex 0 32.5 0
      vertex 32.5 32.5 22
      vertex 47.5714 32.5 6
    endloop
  endfacet
  facet normal 0 1 0
    outer loop
      vertex 0 32.5 0
      vertex 47.5714 32.5 6
      vertex 56.4396 32.5 0
    endloop
  endfacet
  facet normal 0 1 0
    outer loop
      vertex 32.5 32.5 22
      vertex 0 32.5 0
      vertex 0 32.5 19.5
    endloop
  endfacet
  facet normal 0.903996 -0.427542 0
    outer loop
      vertex 39.9165 14.1593 22
      vertex 41.4689 17.4417 0
      vertex 41.4689 17.4417 22
    endloop
  endfacet
  facet normal 0.903996 -0.427542 0
    outer loop
      vertex 41.4689 17.4417 0
      vertex 39.9165 14.1593 22
      vertex 39.9165 14.1593 0
    endloop
  endfacet
  facet normal 0.98918 -0.146709 0
    outer loop
      vertex 37.2782 3.62663 22
      vertex 37.8109 7.21834 0
      vertex 37.8109 7.21834 22
    endloop
  endfacet
  facet normal 0.98918 -0.146709 0
    outer loop
      vertex 37.8109 7.21834 0
      vertex 37.2782 3.62663 22
      vertex 37.2782 3.62663 0
    endloop
  endfacet
  facet normal 0.740956 -0.671553 0
    outer loop
      vertex 45.4986 23.4726 22
      vertex 47.937 26.163 0
      vertex 47.937 26.163 22
    endloop
  endfacet
  facet normal 0.740956 -0.671553 0
    outer loop
      vertex 47.937 26.163 0
      vertex 45.4986 23.4726 22
      vertex 45.4986 23.4726 0
    endloop
  endfacet
  facet normal 0.671553 0.740956 -0
    outer loop
      vertex 50.6274 -28.6014 0
      vertex 47.937 -26.163 22
      vertex 50.6274 -28.6014 22
    endloop
  endfacet
  facet normal 0.671553 0.740956 0
    outer loop
      vertex 47.937 -26.163 22
      vertex 50.6274 -28.6014 0
      vertex 47.937 -26.163 0
    endloop
  endfacet
  facet normal 0.998795 -0.0490773 0
    outer loop
      vertex 37.1 0 22
      vertex 37.2782 3.62663 0
      vertex 37.2782 3.62663 22
    endloop
  endfacet
  facet normal 0.998795 -0.0490773 0
    outer loop
      vertex 37.2782 3.62663 0
      vertex 37.1 0 22
      vertex 37.1 0 0
    endloop
  endfacet
  facet normal 0.941541 -0.336898 0
    outer loop
      vertex 38.6932 10.7405 22
      vertex 39.9165 14.1593 0
      vertex 39.9165 14.1593 22
    endloop
  endfacet
  facet normal 0.941541 -0.336898 0
    outer loop
      vertex 39.9165 14.1593 0
      vertex 38.6932 10.7405 22
      vertex 38.6932 10.7405 0
    endloop
  endfacet
  facet normal 0.970028 -0.242992 0
    outer loop
      vertex 37.8109 7.21834 22
      vertex 38.6932 10.7405 0
      vertex 38.6932 10.7405 22
    endloop
  endfacet
  facet normal 0.970028 -0.242992 0
    outer loop
      vertex 38.6932 10.7405 0
      vertex 37.8109 7.21834 22
      vertex 37.8109 7.21834 0
    endloop
  endfacet
  facet normal 0.857729 -0.514103 0
    outer loop
      vertex 41.4689 17.4417 22
      vertex 43.3356 20.5561 0
      vertex 43.3356 20.5561 22
    endloop
  endfacet
  facet normal 0.857729 -0.514103 0
    outer loop
      vertex 43.3356 20.5561 0
      vertex 41.4689 17.4417 22
      vertex 41.4689 17.4417 0
    endloop
  endfacet
  facet normal 0.803211 -0.595695 0
    outer loop
      vertex 43.3356 20.5561 22
      vertex 45.4986 23.4726 0
      vertex 45.4986 23.4726 22
    endloop
  endfacet
  facet normal 0.803211 -0.595695 0
    outer loop
      vertex 45.4986 23.4726 0
      vertex 43.3356 20.5561 22
      vertex 43.3356 20.5561 0
    endloop
  endfacet
  facet normal 0.514099 -0.857731 0
    outer loop
      vertex 53.5439 30.7644 0
      vertex 56.4396 32.5 22
      vertex 53.5439 30.7644 22
    endloop
  endfacet
  facet normal 0.514099 -0.857731 0
    outer loop
      vertex 56.4396 32.5 22
      vertex 53.5439 30.7644 0
      vertex 56.4396 32.5 0
    endloop
  endfacet
  facet normal 0.595695 -0.803211 0
    outer loop
      vertex 50.6274 28.6014 0
      vertex 53.5439 30.7644 22
      vertex 50.6274 28.6014 22
    endloop
  endfacet
  facet normal 0.595695 -0.803211 0
    outer loop
      vertex 53.5439 30.7644 22
      vertex 50.6274 28.6014 0
      vertex 53.5439 30.7644 0
    endloop
  endfacet
  facet normal 0.671553 -0.740956 0
    outer loop
      vertex 47.937 26.163 0
      vertex 50.6274 28.6014 22
      vertex 47.937 26.163 22
    endloop
  endfacet
  facet normal 0.671553 -0.740956 0
    outer loop
      vertex 50.6274 28.6014 22
      vertex 47.937 26.163 0
      vertex 50.6274 28.6014 0
    endloop
  endfacet
  facet normal 0.514099 0.857731 -0
    outer loop
      vertex 56.4396 -32.5 0
      vertex 53.5439 -30.7644 22
      vertex 56.4396 -32.5 22
    endloop
  endfacet
  facet normal 0.514099 0.857731 0
    outer loop
      vertex 53.5439 -30.7644 22
      vertex 56.4396 -32.5 0
      vertex 53.5439 -30.7644 0
    endloop
  endfacet
  facet normal 0.970028 0.242992 0
    outer loop
      vertex 38.6932 -10.7405 22
      vertex 37.8109 -7.21834 0
      vertex 37.8109 -7.21834 22
    endloop
  endfacet
  facet normal 0.970028 0.242992 0
    outer loop
      vertex 37.8109 -7.21834 0
      vertex 38.6932 -10.7405 22
      vertex 38.6932 -10.7405 0
    endloop
  endfacet
  facet normal 0.998795 0.0490773 0
    outer loop
      vertex 37.2782 -3.62663 22
      vertex 37.1 0 0
      vertex 37.1 0 22
    endloop
  endfacet
  facet normal 0.998795 0.0490773 0
    outer loop
      vertex 37.1 0 0
      vertex 37.2782 -3.62663 22
      vertex 37.2782 -3.62663 0
    endloop
  endfacet
  facet normal 0.803211 0.595695 0
    outer loop
      vertex 45.4986 -23.4726 22
      vertex 43.3356 -20.5561 0
      vertex 43.3356 -20.5561 22
    endloop
  endfacet
  facet normal 0.803211 0.595695 0
    outer loop
      vertex 43.3356 -20.5561 0
      vertex 45.4986 -23.4726 22
      vertex 45.4986 -23.4726 0
    endloop
  endfacet
  facet normal 0.903996 0.427542 0
    outer loop
      vertex 41.4689 -17.4417 22
      vertex 39.9165 -14.1593 0
      vertex 39.9165 -14.1593 22
    endloop
  endfacet
  facet normal 0.903996 0.427542 0
    outer loop
      vertex 39.9165 -14.1593 0
      vertex 41.4689 -17.4417 22
      vertex 41.4689 -17.4417 0
    endloop
  endfacet
  facet normal 0.595695 0.803211 -0
    outer loop
      vertex 53.5439 -30.7644 0
      vertex 50.6274 -28.6014 22
      vertex 53.5439 -30.7644 22
    endloop
  endfacet
  facet normal 0.595695 0.803211 0
    outer loop
      vertex 50.6274 -28.6014 22
      vertex 53.5439 -30.7644 0
      vertex 50.6274 -28.6014 0
    endloop
  endfacet
  facet normal 0.941541 0.336898 0
    outer loop
      vertex 39.9165 -14.1593 22
      vertex 38.6932 -10.7405 0
      vertex 38.6932 -10.7405 22
    endloop
  endfacet
  facet normal 0.941541 0.336898 0
    outer loop
      vertex 38.6932 -10.7405 0
      vertex 39.9165 -14.1593 22
      vertex 39.9165 -14.1593 0
    endloop
  endfacet
  facet normal 0.98918 0.146709 0
    outer loop
      vertex 37.8109 -7.21834 22
      vertex 37.2782 -3.62663 0
      vertex 37.2782 -3.62663 22
    endloop
  endfacet
  facet normal 0.98918 0.146709 0
    outer loop
      vertex 37.2782 -3.62663 0
      vertex 37.8109 -7.21834 22
      vertex 37.8109 -7.21834 0
    endloop
  endfacet
  facet normal 0.857729 0.514103 0
    outer loop
      vertex 43.3356 -20.5561 22
      vertex 41.4689 -17.4417 0
      vertex 41.4689 -17.4417 22
    endloop
  endfacet
  facet normal 0.857729 0.514103 0
    outer loop
      vertex 41.4689 -17.4417 0
      vertex 43.3356 -20.5561 22
      vertex 43.3356 -20.5561 0
    endloop
  endfacet
  facet normal 0.740956 0.671553 0
    outer loop
      vertex 47.937 -26.163 22
      vertex 45.4986 -23.4726 0
      vertex 45.4986 -23.4726 22
    endloop
  endfacet
  facet normal 0.740956 0.671553 0
    outer loop
      vertex 45.4986 -23.4726 0
      vertex 47.937 -26.163 22
      vertex 47.937 -26.163 0
    endloop
  endfacet
  facet normal -0.0766736 0 0.997056
    outer loop
      vertex 32.5 32.5 22
      vertex 30.5 0 21.8462
      vertex 32.5 -32.5 22
    endloop
  endfacet
  facet normal -0.0766838 6.28648e-07 0.997055
    outer loop
      vertex 32.5 32.5 22
      vertex 30.3531 2.98952 21.8349
      vertex 30.5 0 21.8462
    endloop
  endfacet
  facet normal -0.0767244 3.60374e-06 0.997052
    outer loop
      vertex 32.5 32.5 22
      vertex 29.914 5.95025 21.8011
      vertex 30.3531 2.98952 21.8349
    endloop
  endfacet
  facet normal -0.0767469 5.80097e-06 0.997051
    outer loop
      vertex 32.5 32.5 22
      vertex 29.1867 8.85368 21.7451
      vertex 29.914 5.95025 21.8011
    endloop
  endfacet
  facet normal -0.0766502 -7.82479e-06 0.997058
    outer loop
      vertex 32.5 32.5 22
      vertex 28.1783 11.6718 21.6676
      vertex 29.1867 8.85368 21.7451
    endloop
  endfacet
  facet normal -0.0767269 8.19456e-06 0.997052
    outer loop
      vertex 32.5 32.5 22
      vertex 26.8986 14.3776 21.5691
      vertex 28.1783 11.6718 21.6676
    endloop
  endfacet
  facet normal -0.0766685 -9.98538e-06 0.997057
    outer loop
      vertex 32.5 32.5 22
      vertex 25.3598 16.9449 21.4508
      vertex 26.8986 14.3776 21.5691
    endloop
  endfacet
  facet normal -0.0767099 9.14525e-06 0.997053
    outer loop
      vertex 32.5 32.5 22
      vertex 23.5768 19.349 21.3136
      vertex 25.3598 16.9449 21.4508
    endloop
  endfacet
  facet normal -0.0766922 -2.96118e-06 0.997055
    outer loop
      vertex 32.5 32.5 22
      vertex 21.5668 21.5668 21.159
      vertex 23.5768 19.349 21.3136
    endloop
  endfacet
  facet normal -0.0766958 7.3598e-07 0.997055
    outer loop
      vertex 32.5 32.5 22
      vertex 19.349 23.5768 20.9884
      vertex 21.5668 21.5668 21.159
    endloop
  endfacet
  facet normal -0.0766898 -8.16421e-06 0.997055
    outer loop
      vertex 32.5 32.5 22
      vertex 16.9449 25.3598 20.8035
      vertex 19.349 23.5768 20.9884
    endloop
  endfacet
  facet normal -0.0766974 8.44025e-06 0.997054
    outer loop
      vertex 32.5 32.5 22
      vertex 14.3776 26.8986 20.606
      vertex 16.9449 25.3598 20.8035
    endloop
  endfacet
  facet normal -0.0767044 3.11611e-05 0.997054
    outer loop
      vertex 32.5 32.5 22
      vertex 11.6718 28.1783 20.3978
      vertex 14.3776 26.8986 20.606
    endloop
  endfacet
  facet normal -0.0766873 -5.17101e-05 0.997055
    outer loop
      vertex 32.5 32.5 22
      vertex 8.85368 29.1867 20.1811
      vertex 11.6718 28.1783 20.3978
    endloop
  endfacet
  facet normal -0.0766965 1.43518e-05 0.997054
    outer loop
      vertex 0 32.5 19.5
      vertex 8.85368 29.1867 20.1811
      vertex 32.5 32.5 22
    endloop
  endfacet
  facet normal -0.0767468 -0.000120982 0.997051
    outer loop
      vertex 8.85368 29.1867 20.1811
      vertex 0 32.5 19.5
      vertex 5.95025 29.914 19.9577
    endloop
  endfacet
  facet normal -0.0766729 5.02504e-05 0.997056
    outer loop
      vertex 5.95025 29.914 19.9577
      vertex 0 32.5 19.5
      vertex 2.98952 30.3531 19.73
    endloop
  endfacet
  facet normal -0.0767087 0 0.997054
    outer loop
      vertex 0 32.5 19.5
      vertex 0 30.5 19.5
      vertex 2.98952 30.3531 19.73
    endloop
  endfacet
  facet normal -0.0767087 0 0.997054
    outer loop
      vertex 0 32.5 19.5
      vertex -2.98952 30.3531 19.27
      vertex 0 30.5 19.5
    endloop
  endfacet
  facet normal -0.0766812 -3.856e-05 0.997056
    outer loop
      vertex -3.18556 32.3435 19.255
      vertex -2.98952 30.3531 19.27
      vertex 0 32.5 19.5
    endloop
  endfacet
  facet normal -0.0766747 -3.79134e-05 0.997056
    outer loop
      vertex -3.18556 32.3435 19.255
      vertex -5.95025 29.914 19.0423
      vertex -2.98952 30.3531 19.27
    endloop
  endfacet
  facet normal -0.0767006 -8.24965e-06 0.997054
    outer loop
      vertex -6.34044 31.8755 19.0123
      vertex -5.95025 29.914 19.0423
      vertex -3.18556 32.3435 19.255
    endloop
  endfacet
  facet normal -0.076714 -1.09306e-05 0.997053
    outer loop
      vertex -6.34044 31.8755 19.0123
      vertex -8.85368 29.1867 18.8189
      vertex -5.95025 29.914 19.0423
    endloop
  endfacet
  facet normal -0.0766937 -3.00056e-05 0.997055
    outer loop
      vertex -9.43425 31.1006 18.7743
      vertex -8.85368 29.1867 18.8189
      vertex -6.34044 31.8755 19.0123
    endloop
  endfacet
  facet normal -0.0766617 -2.0239e-05 0.997057
    outer loop
      vertex -9.43425 31.1006 18.7743
      vertex -11.6718 28.1783 18.6022
      vertex -8.85368 29.1867 18.8189
    endloop
  endfacet
  facet normal -0.0767015 1.0384e-05 0.997054
    outer loop
      vertex -12.4372 30.0261 18.5433
      vertex -11.6718 28.1783 18.6022
      vertex -9.43425 31.1006 18.7743
    endloop
  endfacet
  facet normal -0.0767202 2.55797e-06 0.997053
    outer loop
      vertex -12.4372 30.0261 18.5433
      vertex -14.3776 26.8986 18.394
      vertex -11.6718 28.1783 18.6022
    endloop
  endfacet
  facet normal -0.0766958 -1.26825e-05 0.997055
    outer loop
      vertex -15.3204 28.6624 18.3215
      vertex -14.3776 26.8986 18.394
      vertex -12.4372 30.0261 18.5433
    endloop
  endfacet
  facet normal -0.0766951 -1.22985e-05 0.997055
    outer loop
      vertex -15.3204 28.6624 18.3215
      vertex -16.9449 25.3598 18.1965
      vertex -14.3776 26.8986 18.394
    endloop
  endfacet
  facet normal -0.0766709 -2.42884e-05 0.997056
    outer loop
      vertex -18.056 27.0228 18.1111
      vertex -16.9449 25.3598 18.1965
      vertex -15.3204 28.6624 18.3215
    endloop
  endfacet
  facet normal -0.0766676 -2.20536e-05 0.997057
    outer loop
      vertex -18.056 27.0228 18.1111
      vertex -19.349 23.5768 18.0116
      vertex -16.9449 25.3598 18.1965
    endloop
  endfacet
  facet normal -0.0767057 -7.63683e-06 0.997054
    outer loop
      vertex -20.6178 25.1228 17.914
      vertex -19.349 23.5768 18.0116
      vertex -18.056 27.0228 18.1111
    endloop
  endfacet
  facet normal -0.0766965 -5.78562e-17 0.997054
    outer loop
      vertex -20.6178 25.1228 17.914
      vertex -21.5668 21.5668 17.841
      vertex -19.349 23.5768 18.0116
    endloop
  endfacet
  facet normal -0.076705 2.28489e-06 0.997054
    outer loop
      vertex -22.981 22.981 17.7322
      vertex -21.5668 21.5668 17.841
      vertex -20.6178 25.1228 17.914
    endloop
  endfacet
  facet normal -0.0766985 8.78495e-06 0.997054
    outer loop
      vertex -22.981 22.981 17.7322
      vertex -23.5768 19.349 17.6864
      vertex -21.5668 21.5668 17.841
    endloop
  endfacet
  facet normal -0.0766774 5.29278e-06 0.997056
    outer loop
      vertex -25.1228 20.6178 17.5675
      vertex -23.5768 19.349 17.6864
      vertex -22.981 22.981 17.7322
    endloop
  endfacet
  facet normal -0.076697 -1.87604e-05 0.997054
    outer loop
      vertex -25.1228 20.6178 17.5675
      vertex -25.3598 16.9449 17.5492
      vertex -23.5768 19.349 17.6864
    endloop
  endfacet
  facet normal -0.0766953 -1.88727e-05 0.997055
    outer loop
      vertex -27.0228 18.056 17.4213
      vertex -25.3598 16.9449 17.5492
      vertex -25.1228 20.6178 17.5675
    endloop
  endfacet
  facet normal -0.0766739 1.3277e-05 0.997056
    outer loop
      vertex -25.3598 16.9449 17.5492
      vertex -27.0228 18.056 17.4213
      vertex -26.8986 14.3776 17.4309
    endloop
  endfacet
  facet normal -0.0767029 1.22917e-05 0.997054
    outer loop
      vertex -28.6624 15.3204 17.2952
      vertex -26.8986 14.3776 17.4309
      vertex -27.0228 18.056 17.4213
    endloop
  endfacet
  facet normal -0.0767165 -1.31757e-05 0.997053
    outer loop
      vertex -26.8986 14.3776 17.4309
      vertex -28.6624 15.3204 17.2952
      vertex -28.1783 11.6718 17.3324
    endloop
  endfacet
  facet normal -0.0766792 -8.20792e-06 0.997056
    outer loop
      vertex -30.0261 12.4372 17.1903
      vertex -28.1783 11.6718 17.3324
      vertex -28.6624 15.3204 17.2952
    endloop
  endfacet
  facet normal -0.0766697 1.48646e-05 0.997057
    outer loop
      vertex -28.1783 11.6718 17.3324
      vertex -30.0261 12.4372 17.1903
      vertex -29.1867 8.85368 17.2549
    endloop
  endfacet
  facet normal -0.0767366 -8.88887e-07 0.997051
    outer loop
      vertex -31.1006 9.43425 17.1076
      vertex -29.1867 8.85368 17.2549
      vertex -30.0261 12.4372 17.1903
    endloop
  endfacet
  facet normal -0.0767387 -7.85585e-06 0.997051
    outer loop
      vertex -29.1867 8.85368 17.2549
      vertex -31.1006 9.43425 17.1076
      vertex -29.914 5.95025 17.1989
    endloop
  endfacet
  facet normal -0.0767034 4.22712e-06 0.997054
    outer loop
      vertex -31.8755 6.34044 17.048
      vertex -29.914 5.95025 17.1989
      vertex -31.1006 9.43425 17.1076
    endloop
  endfacet
  facet normal -0.0767055 -6.42211e-06 0.997054
    outer loop
      vertex -29.914 5.95025 17.1989
      vertex -31.8755 6.34044 17.048
      vertex -30.3531 2.98952 17.1651
    endloop
  endfacet
  facet normal -0.0766838 -6.28648e-07 0.997055
    outer loop
      vertex 30.3531 -2.98952 21.8349
      vertex 32.5 -32.5 22
      vertex 30.5 0 21.8462
    endloop
  endfacet
  facet normal -0.0767244 -3.60374e-06 0.997052
    outer loop
      vertex 29.914 -5.95025 21.8011
      vertex 32.5 -32.5 22
      vertex 30.3531 -2.98952 21.8349
    endloop
  endfacet
  facet normal -0.0767469 -5.80097e-06 0.997051
    outer loop
      vertex 29.1867 -8.85368 21.7451
      vertex 32.5 -32.5 22
      vertex 29.914 -5.95025 21.8011
    endloop
  endfacet
  facet normal -0.0766502 7.82479e-06 0.997058
    outer loop
      vertex 28.1783 -11.6718 21.6676
      vertex 32.5 -32.5 22
      vertex 29.1867 -8.85368 21.7451
    endloop
  endfacet
  facet normal -0.0767269 -8.19456e-06 0.997052
    outer loop
      vertex 26.8986 -14.3776 21.5691
      vertex 32.5 -32.5 22
      vertex 28.1783 -11.6718 21.6676
    endloop
  endfacet
  facet normal -0.0766685 9.98538e-06 0.997057
    outer loop
      vertex 25.3598 -16.9449 21.4508
      vertex 32.5 -32.5 22
      vertex 26.8986 -14.3776 21.5691
    endloop
  endfacet
  facet normal -0.0767099 -9.14525e-06 0.997053
    outer loop
      vertex 23.5768 -19.349 21.3136
      vertex 32.5 -32.5 22
      vertex 25.3598 -16.9449 21.4508
    endloop
  endfacet
  facet normal -0.0766922 2.96118e-06 0.997055
    outer loop
      vertex 21.5668 -21.5668 21.159
      vertex 32.5 -32.5 22
      vertex 23.5768 -19.349 21.3136
    endloop
  endfacet
  facet normal -0.0766958 -7.3598e-07 0.997055
    outer loop
      vertex 19.349 -23.5768 20.9884
      vertex 32.5 -32.5 22
      vertex 21.5668 -21.5668 21.159
    endloop
  endfacet
  facet normal -0.0766898 8.16421e-06 0.997055
    outer loop
      vertex 16.9449 -25.3598 20.8035
      vertex 32.5 -32.5 22
      vertex 19.349 -23.5768 20.9884
    endloop
  endfacet
  facet normal -0.0766974 -8.44025e-06 0.997054
    outer loop
      vertex 14.3776 -26.8986 20.606
      vertex 32.5 -32.5 22
      vertex 16.9449 -25.3598 20.8035
    endloop
  endfacet
  facet normal -0.0767044 -3.11611e-05 0.997054
    outer loop
      vertex 11.6718 -28.1783 20.3978
      vertex 32.5 -32.5 22
      vertex 14.3776 -26.8986 20.606
    endloop
  endfacet
  facet normal -0.0766873 5.17101e-05 0.997055
    outer loop
      vertex 8.85368 -29.1867 20.1811
      vertex 32.5 -32.5 22
      vertex 11.6718 -28.1783 20.3978
    endloop
  endfacet
  facet normal -0.0767468 0.000120982 0.997051
    outer loop
      vertex 0 -32.5 19.5
      vertex 8.85368 -29.1867 20.1811
      vertex 5.95025 -29.914 19.9577
    endloop
  endfacet
  facet normal -0.0766729 -5.02504e-05 0.997056
    outer loop
      vertex 0 -32.5 19.5
      vertex 5.95025 -29.914 19.9577
      vertex 2.98952 -30.3531 19.73
    endloop
  endfacet
  facet normal -0.0767087 0 0.997054
    outer loop
      vertex 0 -32.5 19.5
      vertex 2.98952 -30.3531 19.73
      vertex 0 -30.5 19.5
    endloop
  endfacet
  facet normal -0.0766965 -1.43518e-05 0.997054
    outer loop
      vertex 8.85368 -29.1867 20.1811
      vertex 0 -32.5 19.5
      vertex 32.5 -32.5 22
    endloop
  endfacet
  facet normal -0.0767087 0 0.997054
    outer loop
      vertex -2.98952 -30.3531 19.27
      vertex 0 -32.5 19.5
      vertex 0 -30.5 19.5
    endloop
  endfacet
  facet normal -0.0766812 3.856e-05 0.997056
    outer loop
      vertex -2.98952 -30.3531 19.27
      vertex -3.18556 -32.3435 19.255
      vertex 0 -32.5 19.5
    endloop
  endfacet
  facet normal -0.0766747 3.79134e-05 0.997056
    outer loop
      vertex -5.95025 -29.914 19.0423
      vertex -3.18556 -32.3435 19.255
      vertex -2.98952 -30.3531 19.27
    endloop
  endfacet
  facet normal -0.0767006 8.24965e-06 0.997054
    outer loop
      vertex -5.95025 -29.914 19.0423
      vertex -6.34044 -31.8755 19.0123
      vertex -3.18556 -32.3435 19.255
    endloop
  endfacet
  facet normal -0.076714 1.09306e-05 0.997053
    outer loop
      vertex -8.85368 -29.1867 18.8189
      vertex -6.34044 -31.8755 19.0123
      vertex -5.95025 -29.914 19.0423
    endloop
  endfacet
  facet normal -0.0766937 3.00056e-05 0.997055
    outer loop
      vertex -8.85368 -29.1867 18.8189
      vertex -9.43425 -31.1006 18.7743
      vertex -6.34044 -31.8755 19.0123
    endloop
  endfacet
  facet normal -0.0766617 2.0239e-05 0.997057
    outer loop
      vertex -11.6718 -28.1783 18.6022
      vertex -9.43425 -31.1006 18.7743
      vertex -8.85368 -29.1867 18.8189
    endloop
  endfacet
  facet normal -0.0767015 -1.0384e-05 0.997054
    outer loop
      vertex -11.6718 -28.1783 18.6022
      vertex -12.4372 -30.0261 18.5433
      vertex -9.43425 -31.1006 18.7743
    endloop
  endfacet
  facet normal -0.0767202 -2.55797e-06 0.997053
    outer loop
      vertex -14.3776 -26.8986 18.394
      vertex -12.4372 -30.0261 18.5433
      vertex -11.6718 -28.1783 18.6022
    endloop
  endfacet
  facet normal -0.0766958 1.26825e-05 0.997055
    outer loop
      vertex -14.3776 -26.8986 18.394
      vertex -15.3204 -28.6624 18.3215
      vertex -12.4372 -30.0261 18.5433
    endloop
  endfacet
  facet normal -0.0766951 1.22985e-05 0.997055
    outer loop
      vertex -16.9449 -25.3598 18.1965
      vertex -15.3204 -28.6624 18.3215
      vertex -14.3776 -26.8986 18.394
    endloop
  endfacet
  facet normal -0.0766709 2.42884e-05 0.997056
    outer loop
      vertex -16.9449 -25.3598 18.1965
      vertex -18.056 -27.0228 18.1111
      vertex -15.3204 -28.6624 18.3215
    endloop
  endfacet
  facet normal -0.0766676 2.20536e-05 0.997057
    outer loop
      vertex -19.349 -23.5768 18.0116
      vertex -18.056 -27.0228 18.1111
      vertex -16.9449 -25.3598 18.1965
    endloop
  endfacet
  facet normal -0.0767057 7.63683e-06 0.997054
    outer loop
      vertex -19.349 -23.5768 18.0116
      vertex -20.6178 -25.1228 17.914
      vertex -18.056 -27.0228 18.1111
    endloop
  endfacet
  facet normal -0.0766965 6.01705e-17 0.997054
    outer loop
      vertex -21.5668 -21.5668 17.841
      vertex -20.6178 -25.1228 17.914
      vertex -19.349 -23.5768 18.0116
    endloop
  endfacet
  facet normal -0.076705 -2.28489e-06 0.997054
    outer loop
      vertex -21.5668 -21.5668 17.841
      vertex -22.981 -22.981 17.7322
      vertex -20.6178 -25.1228 17.914
    endloop
  endfacet
  facet normal -0.0766985 -8.78495e-06 0.997054
    outer loop
      vertex -23.5768 -19.349 17.6864
      vertex -22.981 -22.981 17.7322
      vertex -21.5668 -21.5668 17.841
    endloop
  endfacet
  facet normal -0.0766774 -5.29278e-06 0.997056
    outer loop
      vertex -23.5768 -19.349 17.6864
      vertex -25.1228 -20.6178 17.5675
      vertex -22.981 -22.981 17.7322
    endloop
  endfacet
  facet normal -0.076697 1.87604e-05 0.997054
    outer loop
      vertex -25.3598 -16.9449 17.5492
      vertex -25.1228 -20.6178 17.5675
      vertex -23.5768 -19.349 17.6864
    endloop
  endfacet
  facet normal -0.0766739 -1.3277e-05 0.997056
    outer loop
      vertex -27.0228 -18.056 17.4213
      vertex -25.3598 -16.9449 17.5492
      vertex -26.8986 -14.3776 17.4309
    endloop
  endfacet
  facet normal -0.0766953 1.88727e-05 0.997055
    outer loop
      vertex -25.3598 -16.9449 17.5492
      vertex -27.0228 -18.056 17.4213
      vertex -25.1228 -20.6178 17.5675
    endloop
  endfacet
  facet normal -0.0767165 1.31757e-05 0.997053
    outer loop
      vertex -28.6624 -15.3204 17.2952
      vertex -26.8986 -14.3776 17.4309
      vertex -28.1783 -11.6718 17.3324
    endloop
  endfacet
  facet normal -0.0767029 -1.22917e-05 0.997054
    outer loop
      vertex -26.8986 -14.3776 17.4309
      vertex -28.6624 -15.3204 17.2952
      vertex -27.0228 -18.056 17.4213
    endloop
  endfacet
  facet normal -0.0766697 -1.48646e-05 0.997057
    outer loop
      vertex -30.0261 -12.4372 17.1903
      vertex -28.1783 -11.6718 17.3324
      vertex -29.1867 -8.85368 17.2549
    endloop
  endfacet
  facet normal -0.0767387 7.85585e-06 0.997051
    outer loop
      vertex -31.1006 -9.43425 17.1076
      vertex -29.1867 -8.85368 17.2549
      vertex -29.914 -5.95025 17.1989
    endloop
  endfacet
  facet normal -0.0766792 8.20792e-06 0.997056
    outer loop
      vertex -28.1783 -11.6718 17.3324
      vertex -30.0261 -12.4372 17.1903
      vertex -28.6624 -15.3204 17.2952
    endloop
  endfacet
  facet normal -0.0767055 6.42211e-06 0.997054
    outer loop
      vertex -31.8755 -6.34044 17.048
      vertex -29.914 -5.95025 17.1989
      vertex -30.3531 -2.98952 17.1651
    endloop
  endfacet
  facet normal -0.0766927 1.88434e-07 0.997055
    outer loop
      vertex -32.3435 -3.18556 17.012
      vertex -30.3531 -2.98952 17.1651
      vertex -30.5 0 17.1538
    endloop
  endfacet
  facet normal -0.0766927 -5.63377e-07 0.997055
    outer loop
      vertex -32.3435 3.18556 17.012
      vertex -30.3531 2.98952 17.1651
      vertex -31.8755 6.34044 17.048
    endloop
  endfacet
  facet normal -0.0767366 8.88887e-07 0.997051
    outer loop
      vertex -29.1867 -8.85368 17.2549
      vertex -31.1006 -9.43425 17.1076
      vertex -30.0261 -12.4372 17.1903
    endloop
  endfacet
  facet normal -0.0766927 -1.88434e-07 0.997055
    outer loop
      vertex -30.3531 2.98952 17.1651
      vertex -32.3435 3.18556 17.012
      vertex -30.5 0 17.1538
    endloop
  endfacet
  facet normal -0.0767034 -4.22712e-06 0.997054
    outer loop
      vertex -29.914 -5.95025 17.1989
      vertex -31.8755 -6.34044 17.048
      vertex -31.1006 -9.43425 17.1076
    endloop
  endfacet
  facet normal -0.0766736 1.09078e-05 0.997056
    outer loop
      vertex -32.5 0 17
      vertex -30.5 0 17.1538
      vertex -32.3435 3.18556 17.012
    endloop
  endfacet
  facet normal -0.0766927 5.63377e-07 0.997055
    outer loop
      vertex -30.3531 -2.98952 17.1651
      vertex -32.3435 -3.18556 17.012
      vertex -31.8755 -6.34044 17.048
    endloop
  endfacet
  facet normal -0.0766736 -1.09078e-05 0.997056
    outer loop
      vertex -30.5 0 17.1538
      vertex -32.5 0 17
      vertex -32.3435 -3.18556 17.012
    endloop
  endfacet
  facet normal 0.998796 -0.049064 0
    outer loop
      vertex 31.9 0 16
      vertex 32.1003 4.07751 6
      vertex 32.1003 4.07751 16
    endloop
  endfacet
  facet normal 0.998796 -0.049064 0
    outer loop
      vertex 32.1003 4.07751 6
      vertex 31.9 0 16
      vertex 31.9 0 6
    endloop
  endfacet
  facet normal 0.67157 -0.740941 0
    outer loop
      vertex 44.0844 29.4156 6
      vertex 47.1092 32.1572 16
      vertex 44.0844 29.4156 16
    endloop
  endfacet
  facet normal 0.67157 -0.740941 0
    outer loop
      vertex 47.1092 32.1572 16
      vertex 44.0844 29.4156 6
      vertex 47.1092 32.1572 6
    endloop
  endfacet
  facet normal 0.970028 0.242994 0
    outer loop
      vertex 33.6913 -12.0758 16
      vertex 32.6993 -8.11576 6
      vertex 32.6993 -8.11576 16
    endloop
  endfacet
  facet normal 0.970028 0.242994 0
    outer loop
      vertex 32.6993 -8.11576 6
      vertex 33.6913 -12.0758 16
      vertex 33.6913 -12.0758 6
    endloop
  endfacet
  facet normal 0.857726 -0.514107 0
    outer loop
      vertex 36.8121 19.6101 16
      vertex 38.9109 23.1117 6
      vertex 38.9109 23.1117 16
    endloop
  endfacet
  facet normal 0.857726 -0.514107 0
    outer loop
      vertex 38.9109 23.1117 6
      vertex 36.8121 19.6101 16
      vertex 36.8121 19.6101 6
    endloop
  endfacet
  facet normal 0.803213 -0.595692 0
    outer loop
      vertex 38.9109 23.1117 16
      vertex 41.3428 26.3908 6
      vertex 41.3428 26.3908 16
    endloop
  endfacet
  facet normal 0.803213 -0.595692 0
    outer loop
      vertex 41.3428 26.3908 6
      vertex 38.9109 23.1117 16
      vertex 38.9109 23.1117 6
    endloop
  endfacet
  facet normal 0.740941 0.67157 0
    outer loop
      vertex 44.0844 -29.4156 16
      vertex 41.3428 -26.3908 6
      vertex 41.3428 -26.3908 16
    endloop
  endfacet
  facet normal 0.740941 0.67157 0
    outer loop
      vertex 41.3428 -26.3908 6
      vertex 44.0844 -29.4156 16
      vertex 44.0844 -29.4156 6
    endloop
  endfacet
  facet normal 0.803213 0.595692 0
    outer loop
      vertex 41.3428 -26.3908 16
      vertex 38.9109 -23.1117 6
      vertex 38.9109 -23.1117 16
    endloop
  endfacet
  facet normal 0.803213 0.595692 0
    outer loop
      vertex 38.9109 -23.1117 6
      vertex 41.3428 -26.3908 16
      vertex 41.3428 -26.3908 6
    endloop
  endfacet
  facet normal -0 0 1
    outer loop
      vertex 47.5714 32.5 6
      vertex 51.8328 32.4273 6
      vertex 51.954 32.5 6
    endloop
  endfacet
  facet normal 0 0 1
    outer loop
      vertex 47.5714 32.5 6
      vertex 48.7587 30.1474 6
      vertex 51.8328 32.4273 6
    endloop
  endfacet
  facet normal -0 0 1
    outer loop
      vertex 47.1092 32.1572 6
      vertex 48.7587 30.1474 6
      vertex 47.5714 32.5 6
    endloop
  endfacet
  facet normal 0 0 1
    outer loop
      vertex 47.1092 32.1572 6
      vertex 45.9228 27.5772 6
      vertex 48.7587 30.1474 6
    endloop
  endfacet
  facet normal -0 0 1
    outer loop
      vertex 44.0844 29.4156 6
      vertex 45.9228 27.5772 6
      vertex 47.1092 32.1572 6
    endloop
  endfacet
  facet normal 0 0 1
    outer loop
      vertex 44.0844 29.4156 6
      vertex 43.3526 24.7413 6
      vertex 45.9228 27.5772 6
    endloop
  endfacet
  facet normal -0 0 1
    outer loop
      vertex 41.3428 26.3908 6
      vertex 43.3526 24.7413 6
      vertex 44.0844 29.4156 6
    endloop
  endfacet
  facet normal 0 0 1
    outer loop
      vertex 41.3428 26.3908 6
      vertex 41.0727 21.6672 6
      vertex 43.3526 24.7413 6
    endloop
  endfacet
  facet normal -0 0 1
    outer loop
      vertex 38.9109 23.1117 6
      vertex 41.0727 21.6672 6
      vertex 41.3428 26.3908 6
    endloop
  endfacet
  facet normal 0 0 1
    outer loop
      vertex 41.0727 21.6672 6
      vertex 38.9109 23.1117 6
      vertex 39.1051 18.3845 6
    endloop
  endfacet
  facet normal -0 0 1
    outer loop
      vertex 36.8121 19.6101 6
      vertex 39.1051 18.3845 6
      vertex 38.9109 23.1117 6
    endloop
  endfacet
  facet normal 0 0 1
    outer loop
      vertex 39.1051 18.3845 6
      vertex 36.8121 19.6101 6
      vertex 37.4687 14.9247 6
    endloop
  endfacet
  facet normal -0 0 1
    outer loop
      vertex 35.0666 15.9196 6
      vertex 37.4687 14.9247 6
      vertex 36.8121 19.6101 6
    endloop
  endfacet
  facet normal 0 0 1
    outer loop
      vertex 37.4687 14.9247 6
      vertex 35.0666 15.9196 6
      vertex 36.1793 11.3211 6
    endloop
  endfacet
  facet normal -0 0 1
    outer loop
      vertex 33.6913 12.0758 6
      vertex 36.1793 11.3211 6
      vertex 35.0666 15.9196 6
    endloop
  endfacet
  facet normal 0 0 1
    outer loop
      vertex 36.1793 11.3211 6
      vertex 33.6913 12.0758 6
      vertex 35.2494 7.60852 6
    endloop
  endfacet
  facet normal -0 0 1
    outer loop
      vertex 32.6993 8.11576 6
      vertex 35.2494 7.60852 6
      vertex 33.6913 12.0758 6
    endloop
  endfacet
  facet normal 0 0 1
    outer loop
      vertex 35.2494 7.60852 6
      vertex 32.6993 8.11576 6
      vertex 34.6878 3.82267 6
    endloop
  endfacet
  facet normal 0 0 1
    outer loop
      vertex 51.8328 -32.4273 6
      vertex 47.5714 -32.5 6
      vertex 51.954 -32.5 6
    endloop
  endfacet
  facet normal 0 0 1
    outer loop
      vertex 48.7587 -30.1474 6
      vertex 47.5714 -32.5 6
      vertex 51.8328 -32.4273 6
    endloop
  endfacet
  facet normal 0 0 1
    outer loop
      vertex 48.7587 -30.1474 6
      vertex 47.1092 -32.1572 6
      vertex 47.5714 -32.5 6
    endloop
  endfacet
  facet normal 0 0 1
    outer loop
      vertex 45.9228 -27.5772 6
      vertex 47.1092 -32.1572 6
      vertex 48.7587 -30.1474 6
    endloop
  endfacet
  facet normal 0 0 1
    outer loop
      vertex 45.9228 -27.5772 6
      vertex 44.0844 -29.4156 6
      vertex 47.1092 -32.1572 6
    endloop
  endfacet
  facet normal 0 0 1
    outer loop
      vertex 43.3526 -24.7413 6
      vertex 44.0844 -29.4156 6
      vertex 45.9228 -27.5772 6
    endloop
  endfacet
  facet normal 0 0 1
    outer loop
      vertex 43.3526 -24.7413 6
      vertex 41.3428 -26.3908 6
      vertex 44.0844 -29.4156 6
    endloop
  endfacet
  facet normal 0 0 1
    outer loop
      vertex 41.0727 -21.6672 6
      vertex 41.3428 -26.3908 6
      vertex 43.3526 -24.7413 6
    endloop
  endfacet
  facet normal 0 0 1
    outer loop
      vertex 38.9109 -23.1117 6
      vertex 41.0727 -21.6672 6
      vertex 39.1051 -18.3845 6
    endloop
  endfacet
  facet normal 0 0 1
    outer loop
      vertex 41.0727 -21.6672 6
      vertex 38.9109 -23.1117 6
      vertex 41.3428 -26.3908 6
    endloop
  endfacet
  facet normal 0 0 1
    outer loop
      vertex 36.8121 -19.6101 6
      vertex 39.1051 -18.3845 6
      vertex 37.4687 -14.9247 6
    endloop
  endfacet
  facet normal 0 0 1
    outer loop
      vertex 39.1051 -18.3845 6
      vertex 36.8121 -19.6101 6
      vertex 38.9109 -23.1117 6
    endloop
  endfacet
  facet normal 0 0 1
    outer loop
      vertex 35.0666 -15.9196 6
      vertex 37.4687 -14.9247 6
      vertex 36.1793 -11.3211 6
    endloop
  endfacet
  facet normal 0 0 1
    outer loop
      vertex 33.6913 -12.0758 6
      vertex 36.1793 -11.3211 6
      vertex 35.2494 -7.60852 6
    endloop
  endfacet
  facet normal 0 0 1
    outer loop
      vertex 37.4687 -14.9247 6
      vertex 35.0666 -15.9196 6
      vertex 36.8121 -19.6101 6
    endloop
  endfacet
  facet normal 0 0 1
    outer loop
      vertex 32.6993 -8.11576 6
      vertex 35.2494 -7.60852 6
      vertex 34.6878 -3.82267 6
    endloop
  endfacet
  facet normal 0 0 1
    outer loop
      vertex 32.1003 -4.07751 6
      vertex 34.6878 -3.82267 6
      vertex 34.5 0 6
    endloop
  endfacet
  facet normal -0 0 1
    outer loop
      vertex 32.1003 4.07751 6
      vertex 34.6878 3.82267 6
      vertex 32.6993 8.11576 6
    endloop
  endfacet
  facet normal 0 0 1
    outer loop
      vertex 36.1793 -11.3211 6
      vertex 33.6913 -12.0758 6
      vertex 35.0666 -15.9196 6
    endloop
  endfacet
  facet normal 0 0 1
    outer loop
      vertex 34.6878 3.82267 6
      vertex 32.1003 4.07751 6
      vertex 34.5 0 6
    endloop
  endfacet
  facet normal 0 0 1
    outer loop
      vertex 35.2494 -7.60852 6
      vertex 32.6993 -8.11576 6
      vertex 33.6913 -12.0758 6
    endloop
  endfacet
  facet normal 0 0 1
    outer loop
      vertex 31.9 0 6
      vertex 34.5 0 6
      vertex 32.1003 4.07751 6
    endloop
  endfacet
  facet normal 0 0 1
    outer loop
      vertex 34.6878 -3.82267 6
      vertex 32.1003 -4.07751 6
      vertex 32.6993 -8.11576 6
    endloop
  endfacet
  facet normal 0 0 1
    outer loop
      vertex 34.5 0 6
      vertex 31.9 0 6
      vertex 32.1003 -4.07751 6
    endloop
  endfacet
  facet normal 0.970028 -0.242994 0
    outer loop
      vertex 32.6993 8.11576 16
      vertex 33.6913 12.0758 6
      vertex 33.6913 12.0758 16
    endloop
  endfacet
  facet normal 0.970028 -0.242994 0
    outer loop
      vertex 33.6913 12.0758 6
      vertex 32.6993 8.11576 16
      vertex 32.6993 8.11576 6
    endloop
  endfacet
  facet normal 0.903987 -0.42756 0
    outer loop
      vertex 35.0666 15.9196 16
      vertex 36.8121 19.6101 6
      vertex 36.8121 19.6101 16
    endloop
  endfacet
  facet normal 0.903987 -0.42756 0
    outer loop
      vertex 36.8121 19.6101 6
      vertex 35.0666 15.9196 16
      vertex 35.0666 15.9196 6
    endloop
  endfacet
  facet normal 0.941547 -0.336883 0
    outer loop
      vertex 33.6913 12.0758 16
      vertex 35.0666 15.9196 6
      vertex 35.0666 15.9196 16
    endloop
  endfacet
  facet normal 0.941547 -0.336883 0
    outer loop
      vertex 35.0666 15.9196 6
      vertex 33.6913 12.0758 16
      vertex 33.6913 12.0758 6
    endloop
  endfacet
  facet normal 0.989177 -0.146726 0
    outer loop
      vertex 32.1003 4.07751 16
      vertex 32.6993 8.11576 6
      vertex 32.6993 8.11576 16
    endloop
  endfacet
  facet normal 0.989177 -0.146726 0
    outer loop
      vertex 32.6993 8.11576 6
      vertex 32.1003 4.07751 16
      vertex 32.1003 4.07751 6
    endloop
  endfacet
  facet normal 0 0 -1
    outer loop
      vertex 47.5714 -32.5 16
      vertex 51.8328 -32.4273 16
      vertex 51.954 -32.5 16
    endloop
  endfacet
  facet normal 0 0 -1
    outer loop
      vertex 47.5714 -32.5 16
      vertex 48.7587 -30.1474 16
      vertex 51.8328 -32.4273 16
    endloop
  endfacet
  facet normal 0 0 -1
    outer loop
      vertex 47.1092 -32.1572 16
      vertex 48.7587 -30.1474 16
      vertex 47.5714 -32.5 16
    endloop
  endfacet
  facet normal 0 0 -1
    outer loop
      vertex 47.1092 -32.1572 16
      vertex 45.9228 -27.5772 16
      vertex 48.7587 -30.1474 16
    endloop
  endfacet
  facet normal 0 0 -1
    outer loop
      vertex 44.0844 -29.4156 16
      vertex 45.9228 -27.5772 16
      vertex 47.1092 -32.1572 16
    endloop
  endfacet
  facet normal 0 0 -1
    outer loop
      vertex 44.0844 -29.4156 16
      vertex 43.3526 -24.7413 16
      vertex 45.9228 -27.5772 16
    endloop
  endfacet
  facet normal 0 0 -1
    outer loop
      vertex 41.3428 -26.3908 16
      vertex 43.3526 -24.7413 16
      vertex 44.0844 -29.4156 16
    endloop
  endfacet
  facet normal 0 0 -1
    outer loop
      vertex 41.3428 -26.3908 16
      vertex 41.0727 -21.6672 16
      vertex 43.3526 -24.7413 16
    endloop
  endfacet
  facet normal 0 0 -1
    outer loop
      vertex 38.9109 -23.1117 16
      vertex 41.0727 -21.6672 16
      vertex 41.3428 -26.3908 16
    endloop
  endfacet
  facet normal -0 0 -1
    outer loop
      vertex 41.0727 -21.6672 16
      vertex 38.9109 -23.1117 16
      vertex 39.1051 -18.3845 16
    endloop
  endfacet
  facet normal 0 0 -1
    outer loop
      vertex 36.8121 -19.6101 16
      vertex 39.1051 -18.3845 16
      vertex 38.9109 -23.1117 16
    endloop
  endfacet
  facet normal -0 0 -1
    outer loop
      vertex 39.1051 -18.3845 16
      vertex 36.8121 -19.6101 16
      vertex 37.4687 -14.9247 16
    endloop
  endfacet
  facet normal 0 0 -1
    outer loop
      vertex 35.0666 -15.9196 16
      vertex 37.4687 -14.9247 16
      vertex 36.8121 -19.6101 16
    endloop
  endfacet
  facet normal -0 0 -1
    outer loop
      vertex 37.4687 -14.9247 16
      vertex 35.0666 -15.9196 16
      vertex 36.1793 -11.3211 16
    endloop
  endfacet
  facet normal 0 0 -1
    outer loop
      vertex 33.6913 -12.0758 16
      vertex 36.1793 -11.3211 16
      vertex 35.0666 -15.9196 16
    endloop
  endfacet
  facet normal -0 0 -1
    outer loop
      vertex 36.1793 -11.3211 16
      vertex 33.6913 -12.0758 16
      vertex 35.2494 -7.60852 16
    endloop
  endfacet
  facet normal 0 0 -1
    outer loop
      vertex 32.6993 -8.11576 16
      vertex 35.2494 -7.60852 16
      vertex 33.6913 -12.0758 16
    endloop
  endfacet
  facet normal -0 0 -1
    outer loop
      vertex 35.2494 -7.60852 16
      vertex 32.6993 -8.11576 16
      vertex 34.6878 -3.82267 16
    endloop
  endfacet
  facet normal 0 0 -1
    outer loop
      vertex 51.8328 32.4273 16
      vertex 47.5714 32.5 16
      vertex 51.954 32.5 16
    endloop
  endfacet
  facet normal 0 0 -1
    outer loop
      vertex 48.7587 30.1474 16
      vertex 47.5714 32.5 16
      vertex 51.8328 32.4273 16
    endloop
  endfacet
  facet normal 0 0 -1
    outer loop
      vertex 48.7587 30.1474 16
      vertex 47.1092 32.1572 16
      vertex 47.5714 32.5 16
    endloop
  endfacet
  facet normal 0 0 -1
    outer loop
      vertex 45.9228 27.5772 16
      vertex 47.1092 32.1572 16
      vertex 48.7587 30.1474 16
    endloop
  endfacet
  facet normal 0 0 -1
    outer loop
      vertex 45.9228 27.5772 16
      vertex 44.0844 29.4156 16
      vertex 47.1092 32.1572 16
    endloop
  endfacet
  facet normal 0 0 -1
    outer loop
      vertex 43.3526 24.7413 16
      vertex 44.0844 29.4156 16
      vertex 45.9228 27.5772 16
    endloop
  endfacet
  facet normal 0 0 -1
    outer loop
      vertex 43.3526 24.7413 16
      vertex 41.3428 26.3908 16
      vertex 44.0844 29.4156 16
    endloop
  endfacet
  facet normal 0 0 -1
    outer loop
      vertex 41.0727 21.6672 16
      vertex 41.3428 26.3908 16
      vertex 43.3526 24.7413 16
    endloop
  endfacet
  facet normal 0 0 -1
    outer loop
      vertex 38.9109 23.1117 16
      vertex 41.0727 21.6672 16
      vertex 39.1051 18.3845 16
    endloop
  endfacet
  facet normal 0 0 -1
    outer loop
      vertex 41.0727 21.6672 16
      vertex 38.9109 23.1117 16
      vertex 41.3428 26.3908 16
    endloop
  endfacet
  facet normal 0 0 -1
    outer loop
      vertex 36.8121 19.6101 16
      vertex 39.1051 18.3845 16
      vertex 37.4687 14.9247 16
    endloop
  endfacet
  facet normal 0 0 -1
    outer loop
      vertex 39.1051 18.3845 16
      vertex 36.8121 19.6101 16
      vertex 38.9109 23.1117 16
    endloop
  endfacet
  facet normal 0 0 -1
    outer loop
      vertex 35.0666 15.9196 16
      vertex 37.4687 14.9247 16
      vertex 36.1793 11.3211 16
    endloop
  endfacet
  facet normal 0 0 -1
    outer loop
      vertex 33.6913 12.0758 16
      vertex 36.1793 11.3211 16
      vertex 35.2494 7.60852 16
    endloop
  endfacet
  facet normal 0 0 -1
    outer loop
      vertex 37.4687 14.9247 16
      vertex 35.0666 15.9196 16
      vertex 36.8121 19.6101 16
    endloop
  endfacet
  facet normal 0 0 -1
    outer loop
      vertex 32.6993 8.11576 16
      vertex 35.2494 7.60852 16
      vertex 34.6878 3.82267 16
    endloop
  endfacet
  facet normal 0 0 -1
    outer loop
      vertex 32.1003 4.07751 16
      vertex 34.6878 3.82267 16
      vertex 34.5 0 16
    endloop
  endfacet
  facet normal 0 0 -1
    outer loop
      vertex 32.1003 -4.07751 16
      vertex 34.6878 -3.82267 16
      vertex 32.6993 -8.11576 16
    endloop
  endfacet
  facet normal 0 0 -1
    outer loop
      vertex 36.1793 11.3211 16
      vertex 33.6913 12.0758 16
      vertex 35.0666 15.9196 16
    endloop
  endfacet
  facet normal -0 0 -1
    outer loop
      vertex 34.6878 -3.82267 16
      vertex 32.1003 -4.07751 16
      vertex 34.5 0 16
    endloop
  endfacet
  facet normal 0 0 -1
    outer loop
      vertex 35.2494 7.60852 16
      vertex 32.6993 8.11576 16
      vertex 33.6913 12.0758 16
    endloop
  endfacet
  facet normal 0 0 -1
    outer loop
      vertex 31.9 0 16
      vertex 34.5 0 16
      vertex 32.1003 -4.07751 16
    endloop
  endfacet
  facet normal 0 0 -1
    outer loop
      vertex 34.6878 3.82267 16
      vertex 32.1003 4.07751 16
      vertex 32.6993 8.11576 16
    endloop
  endfacet
  facet normal 0 0 -1
    outer loop
      vertex 34.5 0 16
      vertex 31.9 0 16
      vertex 32.1003 4.07751 16
    endloop
  endfacet
  facet normal 0.59571 0.8032 -0
    outer loop
      vertex 47.5714 -32.5 6
      vertex 47.1092 -32.1572 16
      vertex 47.5714 -32.5 16
    endloop
  endfacet
  facet normal 0.59571 0.8032 0
    outer loop
      vertex 47.1092 -32.1572 16
      vertex 47.5714 -32.5 6
      vertex 47.1092 -32.1572 6
    endloop
  endfacet
  facet normal 0.67157 0.740941 -0
    outer loop
      vertex 47.1092 -32.1572 6
      vertex 44.0844 -29.4156 16
      vertex 47.1092 -32.1572 16
    endloop
  endfacet
  facet normal 0.67157 0.740941 0
    outer loop
      vertex 44.0844 -29.4156 16
      vertex 47.1092 -32.1572 6
      vertex 44.0844 -29.4156 6
    endloop
  endfacet
  facet normal 0.903987 0.42756 0
    outer loop
      vertex 36.8121 -19.6101 16
      vertex 35.0666 -15.9196 6
      vertex 35.0666 -15.9196 16
    endloop
  endfacet
  facet normal 0.903987 0.42756 0
    outer loop
      vertex 35.0666 -15.9196 6
      vertex 36.8121 -19.6101 16
      vertex 36.8121 -19.6101 6
    endloop
  endfacet
  facet normal 0.941547 0.336883 0
    outer loop
      vertex 35.0666 -15.9196 16
      vertex 33.6913 -12.0758 6
      vertex 33.6913 -12.0758 16
    endloop
  endfacet
  facet normal 0.941547 0.336883 0
    outer loop
      vertex 33.6913 -12.0758 6
      vertex 35.0666 -15.9196 16
      vertex 35.0666 -15.9196 6
    endloop
  endfacet
  facet normal 0.998796 0.049064 0
    outer loop
      vertex 32.1003 -4.07751 16
      vertex 31.9 0 6
      vertex 31.9 0 16
    endloop
  endfacet
  facet normal 0.998796 0.049064 0
    outer loop
      vertex 31.9 0 6
      vertex 32.1003 -4.07751 16
      vertex 32.1003 -4.07751 6
    endloop
  endfacet
  facet normal 0.740941 -0.67157 0
    outer loop
      vertex 41.3428 26.3908 16
      vertex 44.0844 29.4156 6
      vertex 44.0844 29.4156 16
    endloop
  endfacet
  facet normal 0.740941 -0.67157 0
    outer loop
      vertex 44.0844 29.4156 6
      vertex 41.3428 26.3908 16
      vertex 41.3428 26.3908 6
    endloop
  endfacet
  facet normal 0.59571 -0.8032 0
    outer loop
      vertex 47.1092 32.1572 6
      vertex 47.5714 32.5 16
      vertex 47.1092 32.1572 16
    endloop
  endfacet
  facet normal 0.59571 -0.8032 0
    outer loop
      vertex 47.5714 32.5 16
      vertex 47.1092 32.1572 6
      vertex 47.5714 32.5 6
    endloop
  endfacet
  facet normal 0.857726 0.514107 0
    outer loop
      vertex 38.9109 -23.1117 16
      vertex 36.8121 -19.6101 6
      vertex 36.8121 -19.6101 16
    endloop
  endfacet
  facet normal 0.857726 0.514107 0
    outer loop
      vertex 36.8121 -19.6101 6
      vertex 38.9109 -23.1117 16
      vertex 38.9109 -23.1117 6
    endloop
  endfacet
  facet normal 0.989177 0.146726 0
    outer loop
      vertex 32.6993 -8.11576 16
      vertex 32.1003 -4.07751 6
      vertex 32.1003 -4.07751 16
    endloop
  endfacet
  facet normal 0.989177 0.146726 0
    outer loop
      vertex 32.1003 -4.07751 6
      vertex 32.6993 -8.11576 16
      vertex 32.6993 -8.11576 6
    endloop
  endfacet
  facet normal -0.998795 0.0490688 0
    outer loop
      vertex 34.5 0 6
      vertex 34.6878 3.82267 16
      vertex 34.6878 3.82267 6
    endloop
  endfacet
  facet normal -0.998795 0.0490688 0
    outer loop
      vertex 34.6878 3.82267 16
      vertex 34.5 0 6
      vertex 34.5 0 16
    endloop
  endfacet
  facet normal -0.671543 0.740965 0
    outer loop
      vertex 48.7587 30.1474 6
      vertex 45.9228 27.5772 16
      vertex 48.7587 30.1474 16
    endloop
  endfacet
  facet normal -0.671543 0.740965 0
    outer loop
      vertex 45.9228 27.5772 16
      vertex 48.7587 30.1474 6
      vertex 45.9228 27.5772 6
    endloop
  endfacet
  facet normal -0.970035 -0.242967 0
    outer loop
      vertex 36.1793 -11.3211 6
      vertex 35.2494 -7.60852 16
      vertex 35.2494 -7.60852 6
    endloop
  endfacet
  facet normal -0.970035 -0.242967 0
    outer loop
      vertex 35.2494 -7.60852 16
      vertex 36.1793 -11.3211 6
      vertex 36.1793 -11.3211 16
    endloop
  endfacet
  facet normal -0.857726 0.514108 0
    outer loop
      vertex 39.1051 18.3845 6
      vertex 41.0727 21.6672 16
      vertex 41.0727 21.6672 6
    endloop
  endfacet
  facet normal -0.857726 0.514108 0
    outer loop
      vertex 41.0727 21.6672 16
      vertex 39.1051 18.3845 6
      vertex 39.1051 18.3845 16
    endloop
  endfacet
  facet normal -0.803209 0.595698 0
    outer loop
      vertex 41.0727 21.6672 6
      vertex 43.3526 24.7413 16
      vertex 43.3526 24.7413 6
    endloop
  endfacet
  facet normal -0.803209 0.595698 0
    outer loop
      vertex 43.3526 24.7413 16
      vertex 41.0727 21.6672 6
      vertex 41.0727 21.6672 16
    endloop
  endfacet
  facet normal -0.740965 -0.671543 0
    outer loop
      vertex 45.9228 -27.5772 6
      vertex 43.3526 -24.7413 16
      vertex 43.3526 -24.7413 6
    endloop
  endfacet
  facet normal -0.740965 -0.671543 0
    outer loop
      vertex 43.3526 -24.7413 16
      vertex 45.9228 -27.5772 6
      vertex 45.9228 -27.5772 16
    endloop
  endfacet
  facet normal -0.803209 -0.595698 0
    outer loop
      vertex 43.3526 -24.7413 6
      vertex 41.0727 -21.6672 16
      vertex 41.0727 -21.6672 6
    endloop
  endfacet
  facet normal -0.803209 -0.595698 0
    outer loop
      vertex 41.0727 -21.6672 16
      vertex 43.3526 -24.7413 6
      vertex 43.3526 -24.7413 16
    endloop
  endfacet
  facet normal -0.970035 0.242967 0
    outer loop
      vertex 35.2494 7.60852 6
      vertex 36.1793 11.3211 16
      vertex 36.1793 11.3211 6
    endloop
  endfacet
  facet normal -0.970035 0.242967 0
    outer loop
      vertex 36.1793 11.3211 16
      vertex 35.2494 7.60852 6
      vertex 35.2494 7.60852 16
    endloop
  endfacet
  facet normal -0.903986 0.427563 0
    outer loop
      vertex 37.4687 14.9247 6
      vertex 39.1051 18.3845 16
      vertex 39.1051 18.3845 6
    endloop
  endfacet
  facet normal -0.903986 0.427563 0
    outer loop
      vertex 39.1051 18.3845 16
      vertex 37.4687 14.9247 6
      vertex 37.4687 14.9247 16
    endloop
  endfacet
  facet normal -0.989176 0.146736 0
    outer loop
      vertex 34.6878 3.82267 6
      vertex 35.2494 7.60852 16
      vertex 35.2494 7.60852 6
    endloop
  endfacet
  facet normal -0.989176 0.146736 0
    outer loop
      vertex 35.2494 7.60852 16
      vertex 34.6878 3.82267 6
      vertex 34.6878 3.82267 16
    endloop
  endfacet
  facet normal -0.514392 0.857555 0
    outer loop
      vertex 51.954 32.5 6
      vertex 51.8328 32.4273 16
      vertex 51.954 32.5 16
    endloop
  endfacet
  facet normal -0.514392 0.857555 0
    outer loop
      vertex 51.8328 32.4273 16
      vertex 51.954 32.5 6
      vertex 51.8328 32.4273 6
    endloop
  endfacet
  facet normal -0.671543 -0.740965 0
    outer loop
      vertex 45.9228 -27.5772 6
      vertex 48.7587 -30.1474 16
      vertex 45.9228 -27.5772 16
    endloop
  endfacet
  facet normal -0.671543 -0.740965 -0
    outer loop
      vertex 48.7587 -30.1474 16
      vertex 45.9228 -27.5772 6
      vertex 48.7587 -30.1474 6
    endloop
  endfacet
  facet normal -0.595698 -0.803209 0
    outer loop
      vertex 48.7587 -30.1474 6
      vertex 51.8328 -32.4273 16
      vertex 48.7587 -30.1474 16
    endloop
  endfacet
  facet normal -0.595698 -0.803209 -0
    outer loop
      vertex 51.8328 -32.4273 16
      vertex 48.7587 -30.1474 6
      vertex 51.8328 -32.4273 6
    endloop
  endfacet
  facet normal -0.514392 -0.857555 0
    outer loop
      vertex 51.8328 -32.4273 6
      vertex 51.954 -32.5 16
      vertex 51.8328 -32.4273 16
    endloop
  endfacet
  facet normal -0.514392 -0.857555 -0
    outer loop
      vertex 51.954 -32.5 16
      vertex 51.8328 -32.4273 6
      vertex 51.954 -32.5 6
    endloop
  endfacet
  facet normal -0.903986 -0.427563 0
    outer loop
      vertex 39.1051 -18.3845 6
      vertex 37.4687 -14.9247 16
      vertex 37.4687 -14.9247 6
    endloop
  endfacet
  facet normal -0.903986 -0.427563 0
    outer loop
      vertex 37.4687 -14.9247 16
      vertex 39.1051 -18.3845 6
      vertex 39.1051 -18.3845 16
    endloop
  endfacet
  facet normal -0.998795 -0.0490688 0
    outer loop
      vertex 34.6878 -3.82267 6
      vertex 34.5 0 16
      vertex 34.5 0 6
    endloop
  endfacet
  facet normal -0.998795 -0.0490688 0
    outer loop
      vertex 34.5 0 16
      vertex 34.6878 -3.82267 6
      vertex 34.6878 -3.82267 16
    endloop
  endfacet
  facet normal -0.740965 0.671543 0
    outer loop
      vertex 43.3526 24.7413 6
      vertex 45.9228 27.5772 16
      vertex 45.9228 27.5772 6
    endloop
  endfacet
  facet normal -0.740965 0.671543 0
    outer loop
      vertex 45.9228 27.5772 16
      vertex 43.3526 24.7413 6
      vertex 43.3526 24.7413 16
    endloop
  endfacet
  facet normal -0.941543 0.336892 0
    outer loop
      vertex 36.1793 11.3211 6
      vertex 37.4687 14.9247 16
      vertex 37.4687 14.9247 6
    endloop
  endfacet
  facet normal -0.941543 0.336892 0
    outer loop
      vertex 37.4687 14.9247 16
      vertex 36.1793 11.3211 6
      vertex 36.1793 11.3211 16
    endloop
  endfacet
  facet normal -0.595698 0.803209 0
    outer loop
      vertex 51.8328 32.4273 6
      vertex 48.7587 30.1474 16
      vertex 51.8328 32.4273 16
    endloop
  endfacet
  facet normal -0.595698 0.803209 0
    outer loop
      vertex 48.7587 30.1474 16
      vertex 51.8328 32.4273 6
      vertex 48.7587 30.1474 6
    endloop
  endfacet
  facet normal -0.857726 -0.514108 0
    outer loop
      vertex 41.0727 -21.6672 6
      vertex 39.1051 -18.3845 16
      vertex 39.1051 -18.3845 6
    endloop
  endfacet
  facet normal -0.857726 -0.514108 0
    outer loop
      vertex 39.1051 -18.3845 16
      vertex 41.0727 -21.6672 6
      vertex 41.0727 -21.6672 16
    endloop
  endfacet
  facet normal -0.941543 -0.336892 0
    outer loop
      vertex 37.4687 -14.9247 6
      vertex 36.1793 -11.3211 16
      vertex 36.1793 -11.3211 6
    endloop
  endfacet
  facet normal -0.941543 -0.336892 0
    outer loop
      vertex 36.1793 -11.3211 16
      vertex 37.4687 -14.9247 6
      vertex 37.4687 -14.9247 16
    endloop
  endfacet
  facet normal -0.989176 -0.146736 0
    outer loop
      vertex 35.2494 -7.60852 6
      vertex 34.6878 -3.82267 16
      vertex 34.6878 -3.82267 6
    endloop
  endfacet
  facet normal -0.989176 -0.146736 0
    outer loop
      vertex 34.6878 -3.82267 16
      vertex 35.2494 -7.60852 6
      vertex 35.2494 -7.60852 16
    endloop
  endfacet
endsolid OpenSCAD_Model
