solid OpenSCAD_Model
  facet normal -0.998796 0.0490667 0
    outer loop
      vertex -7.25 0 0
      vertex -7.21509 0.710624 10
      vertex -7.21509 0.710624 0
    endloop
  endfacet
  facet normal -0.998796 0.0490667 0
    outer loop
      vertex -7.21509 0.710624 10
      vertex -7.25 0 0
      vertex -7.25 0 10
    endloop
  endfacet
  facet normal 0.0490667 0.998796 -0
    outer loop
      vertex 0.710624 7.21509 0
      vertex 0 7.25 10
      vertex 0.710624 7.21509 10
    endloop
  endfacet
  facet normal 0.0490667 0.998796 0
    outer loop
      vertex 0 7.25 10
      vertex 0.710624 7.21509 0
      vertex 0 7.25 0
    endloop
  endfacet
  facet normal 0.740943 0.671567 0
    outer loop
      vertex 5.60433 4.59935 10
      vertex 5.12652 5.12652 0
      vertex 5.12652 5.12652 10
    endloop
  endfacet
  facet normal 0.740943 0.671567 0
    outer loop
      vertex 5.12652 5.12652 0
      vertex 5.60433 4.59935 10
      vertex 5.60433 4.59935 0
    endloop
  endfacet
  facet normal -0.671564 0.740946 0
    outer loop
      vertex -4.84117 5.38515 0
      vertex -5.12652 5.12652 10
      vertex -4.84117 5.38515 10
    endloop
  endfacet
  facet normal -0.671564 0.740946 0
    outer loop
      vertex -5.12652 5.12652 10
      vertex -4.84117 5.38515 0
      vertex -5.12652 5.12652 0
    endloop
  endfacet
  facet normal -0.33689 0.941544 0
    outer loop
      vertex -2.10456 6.93782 0
      vertex -2.24458 6.88772 10
      vertex -2.10456 6.93782 10
    endloop
  endfacet
  facet normal -0.33689 0.941544 0
    outer loop
      vertex -2.24458 6.88772 10
      vertex -2.10456 6.93782 0
      vertex -2.24458 6.88772 0
    endloop
  endfacet
  facet normal 0.90399 0.427553 0
    outer loop
      vertex 6.69813 2.77445 10
      vertex 6.39393 3.41763 0
      vertex 6.39393 3.41763 10
    endloop
  endfacet
  facet normal 0.90399 0.427553 0
    outer loop
      vertex 6.39393 3.41763 0
      vertex 6.69813 2.77445 10
      vertex 6.69813 2.77445 0
    endloop
  endfacet
  facet normal 0.857722 0.514113 0
    outer loop
      vertex 6.39393 3.41763 10
      vertex 6.02815 4.02788 0
      vertex 6.02815 4.02788 10
    endloop
  endfacet
  facet normal 0.857722 0.514113 0
    outer loop
      vertex 6.02815 4.02788 0
      vertex 6.39393 3.41763 10
      vertex 6.39393 3.41763 0
    endloop
  endfacet
  facet normal 0.427553 0.90399 -0
    outer loop
      vertex 3.41763 6.39393 0
      vertex 2.77445 6.69813 10
      vertex 3.41763 6.39393 10
    endloop
  endfacet
  facet normal 0.427553 0.90399 0
    outer loop
      vertex 2.77445 6.69813 10
      vertex 3.41763 6.39393 0
      vertex 2.77445 6.69813 0
    endloop
  endfacet
  facet normal 0.595689 0.803215 -0
    outer loop
      vertex 4.59935 5.60433 0
      vertex 4.02788 6.02815 10
      vertex 4.59935 5.60433 10
    endloop
  endfacet
  facet normal 0.595689 0.803215 0
    outer loop
      vertex 4.02788 6.02815 10
      vertex 4.59935 5.60433 0
      vertex 4.02788 6.02815 0
    endloop
  endfacet
  facet normal -0.90399 0.427553 0
    outer loop
      vertex -6.69813 2.77445 0
      vertex -6.39393 3.41763 10
      vertex -6.39393 3.41763 0
    endloop
  endfacet
  facet normal -0.90399 0.427553 0
    outer loop
      vertex -6.39393 3.41763 10
      vertex -6.69813 2.77445 0
      vertex -6.69813 2.77445 10
    endloop
  endfacet
  facet normal -0.146737 0.989176 0
    outer loop
      vertex -0.710624 7.21509 0
      vertex -1.4144 7.11069 10
      vertex -0.710624 7.21509 10
    endloop
  endfacet
  facet normal -0.146737 0.989176 0
    outer loop
      vertex -1.4144 7.11069 10
      vertex -0.710624 7.21509 0
      vertex -1.4144 7.11069 0
    endloop
  endfacet
  facet normal 0.941544 -0.336889 0
    outer loop
      vertex 6.69813 -2.77445 10
      vertex 6.93782 -2.10456 0
      vertex 6.93782 -2.10456 10
    endloop
  endfacet
  facet normal 0.941544 -0.336889 0
    outer loop
      vertex 6.93782 -2.10456 0
      vertex 6.69813 -2.77445 10
      vertex 6.69813 -2.77445 0
    endloop
  endfacet
  facet normal 0 0 -1
    outer loop
      vertex -7.21509 0.710624 0
      vertex -4.82665 0.475383 0
      vertex -4.85 0 0
    endloop
  endfacet
  facet normal -0 0 -1
    outer loop
      vertex -4.48081 -1.85601 0
      vertex -6.69813 -2.77445 0
      vertex -4.64116 -1.40788 0
    endloop
  endfacet
  facet normal 0 0 -1
    outer loop
      vertex -6.93782 -2.10456 0
      vertex -4.64116 -1.40788 0
      vertex -6.69813 -2.77445 0
    endloop
  endfacet
  facet normal 0 0 -1
    outer loop
      vertex -4.82665 0.475383 0
      vertex -5.60433 4.59935 0
      vertex -5.12652 5.12652 0
    endloop
  endfacet
  facet normal 0 0 -1
    outer loop
      vertex -4.82665 0.475383 0
      vertex -5.12652 5.12652 0
      vertex -4.84117 5.38515 0
    endloop
  endfacet
  facet normal -0 0 -1
    outer loop
      vertex -4.64116 -1.40788 0
      vertex -6.93782 -2.10456 0
      vertex -4.75681 -0.946188 0
    endloop
  endfacet
  facet normal 0 0 -1
    outer loop
      vertex -4.82665 0.475383 0
      vertex -6.02815 4.02788 0
      vertex -5.60433 4.59935 0
    endloop
  endfacet
  facet normal 0 0 -1
    outer loop
      vertex -7.11069 -1.4144 0
      vertex -4.75681 -0.946188 0
      vertex -6.93782 -2.10456 0
    endloop
  endfacet
  facet normal 0 0 -1
    outer loop
      vertex -4.82665 0.475383 0
      vertex -6.39393 3.41763 0
      vertex -6.02815 4.02788 0
    endloop
  endfacet
  facet normal -0 0 -1
    outer loop
      vertex -4.75681 -0.946188 0
      vertex -7.11069 -1.4144 0
      vertex -4.82665 -0.475383 0
    endloop
  endfacet
  facet normal 0 0 -1
    outer loop
      vertex -4.82665 0.475383 0
      vertex -6.69813 2.77445 0
      vertex -6.39393 3.41763 0
    endloop
  endfacet
  facet normal 0 0 -1
    outer loop
      vertex -7.21509 -0.710624 0
      vertex -4.82665 -0.475383 0
      vertex -7.11069 -1.4144 0
    endloop
  endfacet
  facet normal 0 0 -1
    outer loop
      vertex -4.82665 0.475383 0
      vertex -6.93782 2.10456 0
      vertex -6.69813 2.77445 0
    endloop
  endfacet
  facet normal -0 0 -1
    outer loop
      vertex -4.82665 -0.475383 0
      vertex -7.21509 -0.710624 0
      vertex -4.85 0 0
    endloop
  endfacet
  facet normal 0 0 -1
    outer loop
      vertex -4.82665 0.475383 0
      vertex -7.11069 1.4144 0
      vertex -6.93782 2.10456 0
    endloop
  endfacet
  facet normal 0 0 -1
    outer loop
      vertex -7.25 0 0
      vertex -4.85 0 0
      vertex -7.21509 -0.710624 0
    endloop
  endfacet
  facet normal 0 0 -1
    outer loop
      vertex -4.82665 0.475383 0
      vertex -7.21509 0.710624 0
      vertex -7.11069 1.4144 0
    endloop
  endfacet
  facet normal 0 0 -1
    outer loop
      vertex -4.85 0 0
      vertex -7.25 0 0
      vertex -7.21509 0.710624 0
    endloop
  endfacet
  facet normal 0 0 -1
    outer loop
      vertex 7.08925 -1.5 0
      vertex 25.4263 1.5 0
      vertex 25.4263 -1.5 0
    endloop
  endfacet
  facet normal 0 0 -1
    outer loop
      vertex 7.08925 -1.5 0
      vertex 7.08925 1.5 0
      vertex 25.4263 1.5 0
    endloop
  endfacet
  facet normal 0 0 -1
    outer loop
      vertex 4.64116 -1.40788 0
      vertex 7.08925 -1.5 0
      vertex 6.93782 -2.10456 0
    endloop
  endfacet
  facet normal 0 0 -1
    outer loop
      vertex 7.08925 -1.5 0
      vertex 4.85 0 0
      vertex 7.08925 1.5 0
    endloop
  endfacet
  facet normal 0 0 -1
    outer loop
      vertex 4.64116 -1.40788 0
      vertex 6.93782 -2.10456 0
      vertex 6.69813 -2.77445 0
    endloop
  endfacet
  facet normal 0 0 -1
    outer loop
      vertex 4.82665 0.475383 0
      vertex 7.08925 1.5 0
      vertex 4.85 0 0
    endloop
  endfacet
  facet normal 0 0 -1
    outer loop
      vertex 4.48081 -1.85601 0
      vertex 6.69813 -2.77445 0
      vertex 6.39393 -3.41763 0
    endloop
  endfacet
  facet normal 0 0 -1
    outer loop
      vertex 4.75681 0.946188 0
      vertex 7.08925 1.5 0
      vertex 4.82665 0.475383 0
    endloop
  endfacet
  facet normal 0 0 -1
    outer loop
      vertex 4.27732 -2.28627 0
      vertex 6.39393 -3.41763 0
      vertex 6.02815 -4.02788 0
    endloop
  endfacet
  facet normal 0 0 -1
    outer loop
      vertex 4.64116 1.40788 0
      vertex 7.08925 1.5 0
      vertex 4.75681 0.946188 0
    endloop
  endfacet
  facet normal 0 0 -1
    outer loop
      vertex 4.03263 -2.69452 0
      vertex 6.02815 -4.02788 0
      vertex 5.60433 -4.59935 0
    endloop
  endfacet
  facet normal -0 0 -1
    outer loop
      vertex 7.08925 1.5 0
      vertex 4.64116 1.40788 0
      vertex 6.93782 2.10456 0
    endloop
  endfacet
  facet normal 0 0 -1
    outer loop
      vertex 3.7491 -3.07681 0
      vertex 5.60433 -4.59935 0
      vertex 5.12652 -5.12652 0
    endloop
  endfacet
  facet normal -0 0 -1
    outer loop
      vertex 6.93782 2.10456 0
      vertex 4.64116 1.40788 0
      vertex 6.69813 2.77445 0
    endloop
  endfacet
  facet normal 0 0 -1
    outer loop
      vertex 4.48081 1.85601 0
      vertex 6.69813 2.77445 0
      vertex 4.64116 1.40788 0
    endloop
  endfacet
  facet normal 0 0 -1
    outer loop
      vertex 7.08925 -1.5 0
      vertex 4.82665 -0.475383 0
      vertex 4.85 0 0
    endloop
  endfacet
  facet normal 0 0 -1
    outer loop
      vertex 7.08925 -1.5 0
      vertex 4.75681 -0.946188 0
      vertex 4.82665 -0.475383 0
    endloop
  endfacet
  facet normal 0 0 -1
    outer loop
      vertex 7.08925 -1.5 0
      vertex 4.64116 -1.40788 0
      vertex 4.75681 -0.946188 0
    endloop
  endfacet
  facet normal 0 0 -1
    outer loop
      vertex 3.42947 -3.42947 0
      vertex 5.12652 -5.12652 0
      vertex 4.59935 -5.60433 0
    endloop
  endfacet
  facet normal 0 0 -1
    outer loop
      vertex 6.69813 -2.77445 0
      vertex 4.48081 -1.85601 0
      vertex 4.64116 -1.40788 0
    endloop
  endfacet
  facet normal 0 0 -1
    outer loop
      vertex 6.39393 -3.41763 0
      vertex 4.27732 -2.28627 0
      vertex 4.48081 -1.85601 0
    endloop
  endfacet
  facet normal 0 0 -1
    outer loop
      vertex 6.02815 -4.02788 0
      vertex 4.03263 -2.69452 0
      vertex 4.27732 -2.28627 0
    endloop
  endfacet
  facet normal 0 0 -1
    outer loop
      vertex 3.07681 -3.7491 0
      vertex 4.59935 -5.60433 0
      vertex 4.02788 -6.02815 0
    endloop
  endfacet
  facet normal 0 0 -1
    outer loop
      vertex 5.60433 -4.59935 0
      vertex 3.7491 -3.07681 0
      vertex 4.03263 -2.69452 0
    endloop
  endfacet
  facet normal 0 0 -1
    outer loop
      vertex 5.12652 -5.12652 0
      vertex 3.42947 -3.42947 0
      vertex 3.7491 -3.07681 0
    endloop
  endfacet
  facet normal 0 0 -1
    outer loop
      vertex 2.69452 -4.03263 0
      vertex 4.02788 -6.02815 0
      vertex 3.41763 -6.39393 0
    endloop
  endfacet
  facet normal 0 0 -1
    outer loop
      vertex 4.59935 -5.60433 0
      vertex 3.07681 -3.7491 0
      vertex 3.42947 -3.42947 0
    endloop
  endfacet
  facet normal 0 0 -1
    outer loop
      vertex 2.28627 -4.27732 0
      vertex 3.41763 -6.39393 0
      vertex 2.77445 -6.69813 0
    endloop
  endfacet
  facet normal 0 0 -1
    outer loop
      vertex 4.02788 -6.02815 0
      vertex 2.69452 -4.03263 0
      vertex 3.07681 -3.7491 0
    endloop
  endfacet
  facet normal 0 0 -1
    outer loop
      vertex 3.41763 -6.39393 0
      vertex 2.28627 -4.27732 0
      vertex 2.69452 -4.03263 0
    endloop
  endfacet
  facet normal 0 0 -1
    outer loop
      vertex 1.85601 -4.48081 0
      vertex 2.77445 -6.69813 0
      vertex 2.10456 -6.93782 0
    endloop
  endfacet
  facet normal 0 0 -1
    outer loop
      vertex 2.77445 -6.69813 0
      vertex 1.85601 -4.48081 0
      vertex 2.28627 -4.27732 0
    endloop
  endfacet
  facet normal 0 0 -1
    outer loop
      vertex 1.40788 -4.64116 0
      vertex 2.10456 -6.93782 0
      vertex 1.4144 -7.11069 0
    endloop
  endfacet
  facet normal 0 0 -1
    outer loop
      vertex 2.10456 -6.93782 0
      vertex 1.40788 -4.64116 0
      vertex 1.85601 -4.48081 0
    endloop
  endfacet
  facet normal 0 0 -1
    outer loop
      vertex 1.4144 -7.11069 0
      vertex 0.946188 -4.75681 0
      vertex 1.40788 -4.64116 0
    endloop
  endfacet
  facet normal 0 0 -1
    outer loop
      vertex 0.710624 -7.21509 0
      vertex 0.946188 -4.75681 0
      vertex 1.4144 -7.11069 0
    endloop
  endfacet
  facet normal 0 0 -1
    outer loop
      vertex 0.710624 -7.21509 0
      vertex 0.475383 -4.82665 0
      vertex 0.946188 -4.75681 0
    endloop
  endfacet
  facet normal 0 0 -1
    outer loop
      vertex 0 -7.25 0
      vertex 0.475383 -4.82665 0
      vertex 0.710624 -7.21509 0
    endloop
  endfacet
  facet normal 0 0 -1
    outer loop
      vertex 0 -7.25 0
      vertex 0 -4.85 0
      vertex 0.475383 -4.82665 0
    endloop
  endfacet
  facet normal 0 0 -1
    outer loop
      vertex 0 -7.25 0
      vertex -0.475383 -4.82665 0
      vertex 0 -4.85 0
    endloop
  endfacet
  facet normal 0 0 -1
    outer loop
      vertex -0.710624 -7.21509 0
      vertex -0.475383 -4.82665 0
      vertex 0 -7.25 0
    endloop
  endfacet
  facet normal 0 0 -1
    outer loop
      vertex -0.710624 -7.21509 0
      vertex -0.946188 -4.75681 0
      vertex -0.475383 -4.82665 0
    endloop
  endfacet
  facet normal 0 0 -1
    outer loop
      vertex -1.4144 -7.11069 0
      vertex -0.946188 -4.75681 0
      vertex -0.710624 -7.21509 0
    endloop
  endfacet
  facet normal -0 0 -1
    outer loop
      vertex -0.946188 -4.75681 0
      vertex -1.4144 -7.11069 0
      vertex -1.40788 -4.64116 0
    endloop
  endfacet
  facet normal 0 0 -1
    outer loop
      vertex -2.10456 -6.93782 0
      vertex -1.40788 -4.64116 0
      vertex -1.4144 -7.11069 0
    endloop
  endfacet
  facet normal 0 0 -1
    outer loop
      vertex -2.24458 -6.88772 0
      vertex -1.40788 -4.64116 0
      vertex -2.10456 -6.93782 0
    endloop
  endfacet
  facet normal -0 0 -1
    outer loop
      vertex -1.40788 -4.64116 0
      vertex -2.24458 -6.88772 0
      vertex -1.85601 -4.48081 0
    endloop
  endfacet
  facet normal 0 0 -1
    outer loop
      vertex -2.24458 -6.88772 0
      vertex -2.28627 -4.27732 0
      vertex -1.85601 -4.48081 0
    endloop
  endfacet
  facet normal 0 0 -1
    outer loop
      vertex -4.84117 -5.38515 0
      vertex -2.28627 -4.27732 0
      vertex -2.24458 -6.88772 0
    endloop
  endfacet
  facet normal -0 0 -1
    outer loop
      vertex -2.28627 -4.27732 0
      vertex -4.84117 -5.38515 0
      vertex -2.69452 -4.03263 0
    endloop
  endfacet
  facet normal -0 0 -1
    outer loop
      vertex -2.69452 -4.03263 0
      vertex -4.84117 -5.38515 0
      vertex -3.07681 -3.7491 0
    endloop
  endfacet
  facet normal -0 0 -1
    outer loop
      vertex -3.07681 -3.7491 0
      vertex -4.84117 -5.38515 0
      vertex -3.42947 -3.42947 0
    endloop
  endfacet
  facet normal 0 0 -1
    outer loop
      vertex -5.12652 -5.12652 0
      vertex -3.42947 -3.42947 0
      vertex -4.84117 -5.38515 0
    endloop
  endfacet
  facet normal -0 0 -1
    outer loop
      vertex -3.42947 -3.42947 0
      vertex -5.12652 -5.12652 0
      vertex -3.7491 -3.07681 0
    endloop
  endfacet
  facet normal 0 0 -1
    outer loop
      vertex -5.60433 -4.59935 0
      vertex -3.7491 -3.07681 0
      vertex -5.12652 -5.12652 0
    endloop
  endfacet
  facet normal 0 0 -1
    outer loop
      vertex -6.39393 -3.41763 0
      vertex -4.27732 -2.28627 0
      vertex -6.02815 -4.02788 0
    endloop
  endfacet
  facet normal -0 0 -1
    outer loop
      vertex -4.03263 -2.69452 0
      vertex -6.02815 -4.02788 0
      vertex -4.27732 -2.28627 0
    endloop
  endfacet
  facet normal 0 0 -1
    outer loop
      vertex -6.02815 -4.02788 0
      vertex -4.03263 -2.69452 0
      vertex -5.60433 -4.59935 0
    endloop
  endfacet
  facet normal -0 0 -1
    outer loop
      vertex -3.7491 -3.07681 0
      vertex -5.60433 -4.59935 0
      vertex -4.03263 -2.69452 0
    endloop
  endfacet
  facet normal 0 0 -1
    outer loop
      vertex -11.4168 -22.7746 0
      vertex -4.84117 -5.38515 0
      vertex -2.24458 -6.88772 0
    endloop
  endfacet
  facet normal 0 0 -1
    outer loop
      vertex -14.0231 -21.2887 0
      vertex -11.4168 -22.7746 0
      vertex -12.9634 -24.2528 0
    endloop
  endfacet
  facet normal 0 0 -1
    outer loop
      vertex -11.4168 -22.7746 0
      vertex -14.0231 -21.2887 0
      vertex -4.84117 -5.38515 0
    endloop
  endfacet
  facet normal 0 0 -1
    outer loop
      vertex -15.2782 -22.8654 0
      vertex -14.0231 -21.2887 0
      vertex -12.9634 -24.2528 0
    endloop
  endfacet
  facet normal -0 0 -1
    outer loop
      vertex -14.0231 -21.2887 0
      vertex -15.2782 -22.8654 0
      vertex -14.167 -21.2025 0
    endloop
  endfacet
  facet normal 0 0 -1
    outer loop
      vertex -15.2782 -22.8654 0
      vertex -16.177 -19.7118 0
      vertex -14.167 -21.2025 0
    endloop
  endfacet
  facet normal 0 0 -1
    outer loop
      vertex -17.4458 -21.2578 0
      vertex -16.177 -19.7118 0
      vertex -15.2782 -22.8654 0
    endloop
  endfacet
  facet normal 0 0 -1
    outer loop
      vertex -17.4458 -21.2578 0
      vertex -18.0312 -18.0312 0
      vertex -16.177 -19.7118 0
    endloop
  endfacet
  facet normal 0 0 -1
    outer loop
      vertex -19.4454 -19.4454 0
      vertex -18.0312 -18.0312 0
      vertex -17.4458 -21.2578 0
    endloop
  endfacet
  facet normal 0 0 -1
    outer loop
      vertex -19.4454 -19.4454 0
      vertex -19.7118 -16.177 0
      vertex -18.0312 -18.0312 0
    endloop
  endfacet
  facet normal 0 0 -1
    outer loop
      vertex -21.2578 -17.4458 0
      vertex -19.7118 -16.177 0
      vertex -19.4454 -19.4454 0
    endloop
  endfacet
  facet normal -0 0 -1
    outer loop
      vertex -19.7118 -16.177 0
      vertex -21.2578 -17.4458 0
      vertex -21.2025 -14.167 0
    endloop
  endfacet
  facet normal 0 0 -1
    outer loop
      vertex -22.8654 -15.2782 0
      vertex -21.2025 -14.167 0
      vertex -21.2578 -17.4458 0
    endloop
  endfacet
  facet normal -0 0 -1
    outer loop
      vertex -21.2025 -14.167 0
      vertex -22.8654 -15.2782 0
      vertex -22.489 -12.0206 0
    endloop
  endfacet
  facet normal 0 0 -1
    outer loop
      vertex -24.2528 -12.9634 0
      vertex -22.489 -12.0206 0
      vertex -22.8654 -15.2782 0
    endloop
  endfacet
  facet normal -0 0 -1
    outer loop
      vertex -22.489 -12.0206 0
      vertex -24.2528 -12.9634 0
      vertex -23.5589 -9.75843 0
    endloop
  endfacet
  facet normal 0 0 -1
    outer loop
      vertex -25.4067 -10.5238 0
      vertex -23.5589 -9.75843 0
      vertex -24.2528 -12.9634 0
    endloop
  endfacet
  facet normal -0 0 -1
    outer loop
      vertex -23.5589 -9.75843 0
      vertex -25.4067 -10.5238 0
      vertex -24.402 -7.40226 0
    endloop
  endfacet
  facet normal 0 0 -1
    outer loop
      vertex -26.3159 -7.98283 0
      vertex -24.402 -7.40226 0
      vertex -25.4067 -10.5238 0
    endloop
  endfacet
  facet normal -0 0 -1
    outer loop
      vertex -24.402 -7.40226 0
      vertex -26.3159 -7.98283 0
      vertex -25.01 -4.9748 0
    endloop
  endfacet
  facet normal 0 0 -1
    outer loop
      vertex -26.9716 -5.36498 0
      vertex -25.01 -4.9748 0
      vertex -26.3159 -7.98283 0
    endloop
  endfacet
  facet normal -0 0 -1
    outer loop
      vertex -25.01 -4.9748 0
      vertex -26.9716 -5.36498 0
      vertex -25.3772 -2.49944 0
    endloop
  endfacet
  facet normal 0 0 -1
    outer loop
      vertex 32.2782 -3.62663 0
      vertex 25.4263 -1.5 0
      vertex 32.1 0 0
    endloop
  endfacet
  facet normal 0 0 -1
    outer loop
      vertex 25.01 -4.9748 0
      vertex 32.2782 -3.62663 0
      vertex 32.8109 -7.21834 0
    endloop
  endfacet
  facet normal 0 0 -1
    outer loop
      vertex 24.402 -7.40226 0
      vertex 32.8109 -7.21834 0
      vertex 33.6932 -10.7405 0
    endloop
  endfacet
  facet normal 0 0 -1
    outer loop
      vertex 22.489 -12.0206 0
      vertex 33.6932 -10.7405 0
      vertex 34.9165 -14.1593 0
    endloop
  endfacet
  facet normal 0 0 -1
    outer loop
      vertex 21.2025 -14.167 0
      vertex 34.9165 -14.1593 0
      vertex 36.4689 -17.4417 0
    endloop
  endfacet
  facet normal 0 0 -1
    outer loop
      vertex 19.7118 -16.177 0
      vertex 36.4689 -17.4417 0
      vertex 38.3356 -20.5561 0
    endloop
  endfacet
  facet normal 0 0 -1
    outer loop
      vertex 32.2782 -3.62663 0
      vertex 25.3772 -2.49944 0
      vertex 25.4263 -1.5 0
    endloop
  endfacet
  facet normal -0 0 -1
    outer loop
      vertex 32.2782 -3.62663 0
      vertex 25.01 -4.9748 0
      vertex 25.3772 -2.49944 0
    endloop
  endfacet
  facet normal 0 0 -1
    outer loop
      vertex 16.177 -19.7118 0
      vertex 38.3356 -20.5561 0
      vertex 40.4986 -23.4726 0
    endloop
  endfacet
  facet normal -0 0 -1
    outer loop
      vertex 32.8109 -7.21834 0
      vertex 24.402 -7.40226 0
      vertex 25.01 -4.9748 0
    endloop
  endfacet
  facet normal 0 0 -1
    outer loop
      vertex 14.167 -21.2025 0
      vertex 40.4986 -23.4726 0
      vertex 42.937 -26.163 0
    endloop
  endfacet
  facet normal 0 0 -1
    outer loop
      vertex 33.6932 -10.7405 0
      vertex 23.5589 -9.75843 0
      vertex 24.402 -7.40226 0
    endloop
  endfacet
  facet normal 0 0 -1
    outer loop
      vertex 12.0206 -22.489 0
      vertex 42.937 -26.163 0
      vertex 44.4123 -27.5 0
    endloop
  endfacet
  facet normal -0 0 -1
    outer loop
      vertex 33.6932 -10.7405 0
      vertex 22.489 -12.0206 0
      vertex 23.5589 -9.75843 0
    endloop
  endfacet
  facet normal -0 0 -1
    outer loop
      vertex 34.9165 -14.1593 0
      vertex 21.2025 -14.167 0
      vertex 22.489 -12.0206 0
    endloop
  endfacet
  facet normal 0 0 -1
    outer loop
      vertex 36.4689 -17.4417 0
      vertex 19.7118 -16.177 0
      vertex 21.2025 -14.167 0
    endloop
  endfacet
  facet normal 0 0 -1
    outer loop
      vertex 38.3356 -20.5561 0
      vertex 18.0312 -18.0312 0
      vertex 19.7118 -16.177 0
    endloop
  endfacet
  facet normal 0 0 -1
    outer loop
      vertex 38.3356 -20.5561 0
      vertex 16.177 -19.7118 0
      vertex 18.0312 -18.0312 0
    endloop
  endfacet
  facet normal 0 0 -1
    outer loop
      vertex 40.4986 -23.4726 0
      vertex 14.167 -21.2025 0
      vertex 16.177 -19.7118 0
    endloop
  endfacet
  facet normal 0 0 -1
    outer loop
      vertex 42.937 -26.163 0
      vertex 12.0206 -22.489 0
      vertex 14.167 -21.2025 0
    endloop
  endfacet
  facet normal 0 0 -1
    outer loop
      vertex 44.4123 -27.5 0
      vertex 9.75843 -23.5589 0
      vertex 12.0206 -22.489 0
    endloop
  endfacet
  facet normal 0 0 -1
    outer loop
      vertex 44.4123 -27.5 0
      vertex 7.40226 -24.402 0
      vertex 9.75843 -23.5589 0
    endloop
  endfacet
  facet normal 0 0 -1
    outer loop
      vertex 0 -27.5 0
      vertex 7.40226 -24.402 0
      vertex 44.4123 -27.5 0
    endloop
  endfacet
  facet normal 0 0 -1
    outer loop
      vertex 7.40226 -24.402 0
      vertex 0 -27.5 0
      vertex 4.9748 -25.01 0
    endloop
  endfacet
  facet normal 0 0 -1
    outer loop
      vertex 4.9748 -25.01 0
      vertex 0 -27.5 0
      vertex 2.49944 -25.3772 0
    endloop
  endfacet
  facet normal 0 0 -1
    outer loop
      vertex 0 -27.5 0
      vertex 0 -25.5 0
      vertex 2.49944 -25.3772 0
    endloop
  endfacet
  facet normal 0 0 -1
    outer loop
      vertex 0 -27.5 0
      vertex -2.49944 -25.3772 0
      vertex 0 -25.5 0
    endloop
  endfacet
  facet normal 0 0 -1
    outer loop
      vertex -2.69547 -27.3676 0
      vertex -2.49944 -25.3772 0
      vertex 0 -27.5 0
    endloop
  endfacet
  facet normal 0 0 -1
    outer loop
      vertex -2.69547 -27.3676 0
      vertex -4.9748 -25.01 0
      vertex -2.49944 -25.3772 0
    endloop
  endfacet
  facet normal 0 0 -1
    outer loop
      vertex -5.36498 -26.9716 0
      vertex -4.9748 -25.01 0
      vertex -2.69547 -27.3676 0
    endloop
  endfacet
  facet normal 0 0 -1
    outer loop
      vertex -5.36498 -26.9716 0
      vertex -7.40226 -24.402 0
      vertex -4.9748 -25.01 0
    endloop
  endfacet
  facet normal 0 0 -1
    outer loop
      vertex -7.98283 -26.3159 0
      vertex -7.40226 -24.402 0
      vertex -5.36498 -26.9716 0
    endloop
  endfacet
  facet normal 0 0 -1
    outer loop
      vertex -7.98283 -26.3159 0
      vertex -9.75843 -23.5589 0
      vertex -7.40226 -24.402 0
    endloop
  endfacet
  facet normal 0 0 -1
    outer loop
      vertex -10.5238 -25.4067 0
      vertex -9.75843 -23.5589 0
      vertex -7.98283 -26.3159 0
    endloop
  endfacet
  facet normal 0 0 -1
    outer loop
      vertex -10.5238 -25.4067 0
      vertex -11.4168 -22.7746 0
      vertex -9.75843 -23.5589 0
    endloop
  endfacet
  facet normal 0 -0 -1
    outer loop
      vertex -11.4168 -22.7746 0
      vertex -10.5238 -25.4067 0
      vertex -12.9634 -24.2528 0
    endloop
  endfacet
  facet normal 0 0 -1
    outer loop
      vertex 25.4263 1.5 0
      vertex 32.1 0 0
      vertex 25.4263 -1.5 0
    endloop
  endfacet
  facet normal 0 0 -1
    outer loop
      vertex 32.1 0 0
      vertex 25.4263 1.5 0
      vertex 32.2782 3.62663 0
    endloop
  endfacet
  facet normal 0 0 -1
    outer loop
      vertex 25.3772 2.49944 0
      vertex 32.2782 3.62663 0
      vertex 25.4263 1.5 0
    endloop
  endfacet
  facet normal 0 0 -1
    outer loop
      vertex 25.01 4.9748 0
      vertex 32.2782 3.62663 0
      vertex 25.3772 2.49944 0
    endloop
  endfacet
  facet normal 0 0 -1
    outer loop
      vertex 32.2782 3.62663 0
      vertex 25.01 4.9748 0
      vertex 32.8109 7.21834 0
    endloop
  endfacet
  facet normal 0 0 -1
    outer loop
      vertex 24.402 7.40226 0
      vertex 32.8109 7.21834 0
      vertex 25.01 4.9748 0
    endloop
  endfacet
  facet normal 0 0 -1
    outer loop
      vertex 32.8109 7.21834 0
      vertex 24.402 7.40226 0
      vertex 33.6932 10.7405 0
    endloop
  endfacet
  facet normal 0 0 -1
    outer loop
      vertex 23.5589 9.75843 0
      vertex 33.6932 10.7405 0
      vertex 24.402 7.40226 0
    endloop
  endfacet
  facet normal 0 0 -1
    outer loop
      vertex 22.489 12.0206 0
      vertex 33.6932 10.7405 0
      vertex 23.5589 9.75843 0
    endloop
  endfacet
  facet normal 0 0 -1
    outer loop
      vertex 33.6932 10.7405 0
      vertex 22.489 12.0206 0
      vertex 34.9165 14.1593 0
    endloop
  endfacet
  facet normal 0 0 -1
    outer loop
      vertex 21.2025 14.167 0
      vertex 34.9165 14.1593 0
      vertex 22.489 12.0206 0
    endloop
  endfacet
  facet normal 0 0 -1
    outer loop
      vertex 34.9165 14.1593 0
      vertex 21.2025 14.167 0
      vertex 36.4689 17.4417 0
    endloop
  endfacet
  facet normal 0 0 -1
    outer loop
      vertex 19.7118 16.177 0
      vertex 36.4689 17.4417 0
      vertex 21.2025 14.167 0
    endloop
  endfacet
  facet normal -0 0 -1
    outer loop
      vertex 36.4689 17.4417 0
      vertex 19.7118 16.177 0
      vertex 38.3356 20.5561 0
    endloop
  endfacet
  facet normal 0 0 -1
    outer loop
      vertex 18.0312 18.0312 0
      vertex 38.3356 20.5561 0
      vertex 19.7118 16.177 0
    endloop
  endfacet
  facet normal 0 0 -1
    outer loop
      vertex 16.177 19.7118 0
      vertex 38.3356 20.5561 0
      vertex 18.0312 18.0312 0
    endloop
  endfacet
  facet normal -0 0 -1
    outer loop
      vertex 38.3356 20.5561 0
      vertex 16.177 19.7118 0
      vertex 40.4986 23.4726 0
    endloop
  endfacet
  facet normal 0 0 -1
    outer loop
      vertex 14.167 21.2025 0
      vertex 40.4986 23.4726 0
      vertex 16.177 19.7118 0
    endloop
  endfacet
  facet normal -0 0 -1
    outer loop
      vertex 40.4986 23.4726 0
      vertex 14.167 21.2025 0
      vertex 42.937 26.163 0
    endloop
  endfacet
  facet normal 0 0 -1
    outer loop
      vertex 12.0206 22.489 0
      vertex 42.937 26.163 0
      vertex 14.167 21.2025 0
    endloop
  endfacet
  facet normal -0 0 -1
    outer loop
      vertex 42.937 26.163 0
      vertex 12.0206 22.489 0
      vertex 44.4123 27.5 0
    endloop
  endfacet
  facet normal 0 0 -1
    outer loop
      vertex 9.75843 23.5589 0
      vertex 44.4123 27.5 0
      vertex 12.0206 22.489 0
    endloop
  endfacet
  facet normal 0 0 -1
    outer loop
      vertex 7.40226 24.402 0
      vertex 44.4123 27.5 0
      vertex 9.75843 23.5589 0
    endloop
  endfacet
  facet normal 0 0 -1
    outer loop
      vertex 0 27.5 0
      vertex 7.40226 24.402 0
      vertex 4.9748 25.01 0
    endloop
  endfacet
  facet normal 0 0 -1
    outer loop
      vertex 0 27.5 0
      vertex 4.9748 25.01 0
      vertex 2.49944 25.3772 0
    endloop
  endfacet
  facet normal 0 0 -1
    outer loop
      vertex 0 27.5 0
      vertex 2.49944 25.3772 0
      vertex 0 25.5 0
    endloop
  endfacet
  facet normal 0 0 -1
    outer loop
      vertex 7.40226 24.402 0
      vertex 0 27.5 0
      vertex 44.4123 27.5 0
    endloop
  endfacet
  facet normal 0 0 -1
    outer loop
      vertex -2.49944 25.3772 0
      vertex 0 27.5 0
      vertex 0 25.5 0
    endloop
  endfacet
  facet normal 0 0 -1
    outer loop
      vertex -2.49944 25.3772 0
      vertex -2.69547 27.3676 0
      vertex 0 27.5 0
    endloop
  endfacet
  facet normal 0 0 -1
    outer loop
      vertex -4.9748 25.01 0
      vertex -2.69547 27.3676 0
      vertex -2.49944 25.3772 0
    endloop
  endfacet
  facet normal 0 0 -1
    outer loop
      vertex -4.9748 25.01 0
      vertex -5.36498 26.9716 0
      vertex -2.69547 27.3676 0
    endloop
  endfacet
  facet normal 0 0 -1
    outer loop
      vertex -7.40226 24.402 0
      vertex -5.36498 26.9716 0
      vertex -4.9748 25.01 0
    endloop
  endfacet
  facet normal 0 0 -1
    outer loop
      vertex -7.40226 24.402 0
      vertex -7.98283 26.3159 0
      vertex -5.36498 26.9716 0
    endloop
  endfacet
  facet normal 0 0 -1
    outer loop
      vertex -9.75843 23.5589 0
      vertex -7.98283 26.3159 0
      vertex -7.40226 24.402 0
    endloop
  endfacet
  facet normal 0 0 -1
    outer loop
      vertex -9.75843 23.5589 0
      vertex -10.5238 25.4067 0
      vertex -7.98283 26.3159 0
    endloop
  endfacet
  facet normal 0 0 -1
    outer loop
      vertex -11.4168 22.7746 0
      vertex -10.5238 25.4067 0
      vertex -9.75843 23.5589 0
    endloop
  endfacet
  facet normal 0 0 -1
    outer loop
      vertex -10.5238 25.4067 0
      vertex -11.4168 22.7746 0
      vertex -12.9634 24.2528 0
    endloop
  endfacet
  facet normal -0 0 -1
    outer loop
      vertex 6.69813 2.77445 0
      vertex 4.48081 1.85601 0
      vertex 6.39393 3.41763 0
    endloop
  endfacet
  facet normal 0 0 -1
    outer loop
      vertex 4.27732 2.28627 0
      vertex 6.39393 3.41763 0
      vertex 4.48081 1.85601 0
    endloop
  endfacet
  facet normal -0 0 -1
    outer loop
      vertex 6.39393 3.41763 0
      vertex 4.27732 2.28627 0
      vertex 6.02815 4.02788 0
    endloop
  endfacet
  facet normal 0 0 -1
    outer loop
      vertex 4.03263 2.69452 0
      vertex 6.02815 4.02788 0
      vertex 4.27732 2.28627 0
    endloop
  endfacet
  facet normal -0 0 -1
    outer loop
      vertex 6.02815 4.02788 0
      vertex 4.03263 2.69452 0
      vertex 5.60433 4.59935 0
    endloop
  endfacet
  facet normal 0 0 -1
    outer loop
      vertex 3.7491 3.07681 0
      vertex 5.60433 4.59935 0
      vertex 4.03263 2.69452 0
    endloop
  endfacet
  facet normal -0 0 -1
    outer loop
      vertex 5.60433 4.59935 0
      vertex 3.7491 3.07681 0
      vertex 5.12652 5.12652 0
    endloop
  endfacet
  facet normal 0 0 -1
    outer loop
      vertex 3.42947 3.42947 0
      vertex 5.12652 5.12652 0
      vertex 3.7491 3.07681 0
    endloop
  endfacet
  facet normal -0 0 -1
    outer loop
      vertex 5.12652 5.12652 0
      vertex 3.42947 3.42947 0
      vertex 4.59935 5.60433 0
    endloop
  endfacet
  facet normal 0 0 -1
    outer loop
      vertex 3.07681 3.7491 0
      vertex 4.59935 5.60433 0
      vertex 3.42947 3.42947 0
    endloop
  endfacet
  facet normal -0 0 -1
    outer loop
      vertex 4.59935 5.60433 0
      vertex 3.07681 3.7491 0
      vertex 4.02788 6.02815 0
    endloop
  endfacet
  facet normal 0 0 -1
    outer loop
      vertex 2.69452 4.03263 0
      vertex 4.02788 6.02815 0
      vertex 3.07681 3.7491 0
    endloop
  endfacet
  facet normal -0 0 -1
    outer loop
      vertex 4.02788 6.02815 0
      vertex 2.69452 4.03263 0
      vertex 3.41763 6.39393 0
    endloop
  endfacet
  facet normal 0 0 -1
    outer loop
      vertex 2.28627 4.27732 0
      vertex 3.41763 6.39393 0
      vertex 2.69452 4.03263 0
    endloop
  endfacet
  facet normal -0 0 -1
    outer loop
      vertex 3.41763 6.39393 0
      vertex 2.28627 4.27732 0
      vertex 2.77445 6.69813 0
    endloop
  endfacet
  facet normal 0 0 -1
    outer loop
      vertex 1.85601 4.48081 0
      vertex 2.77445 6.69813 0
      vertex 2.28627 4.27732 0
    endloop
  endfacet
  facet normal -0 0 -1
    outer loop
      vertex 2.77445 6.69813 0
      vertex 1.85601 4.48081 0
      vertex 2.10456 6.93782 0
    endloop
  endfacet
  facet normal 0 0 -1
    outer loop
      vertex 1.40788 4.64116 0
      vertex 2.10456 6.93782 0
      vertex 1.85601 4.48081 0
    endloop
  endfacet
  facet normal -0 0 -1
    outer loop
      vertex 2.10456 6.93782 0
      vertex 1.40788 4.64116 0
      vertex 1.4144 7.11069 0
    endloop
  endfacet
  facet normal 0 0 -1
    outer loop
      vertex 0.946188 4.75681 0
      vertex 1.4144 7.11069 0
      vertex 1.40788 4.64116 0
    endloop
  endfacet
  facet normal 0 0 -1
    outer loop
      vertex 0.946188 4.75681 0
      vertex 0.710624 7.21509 0
      vertex 1.4144 7.11069 0
    endloop
  endfacet
  facet normal 0 0 -1
    outer loop
      vertex 0.475383 4.82665 0
      vertex 0.710624 7.21509 0
      vertex 0.946188 4.75681 0
    endloop
  endfacet
  facet normal 0 0 -1
    outer loop
      vertex 0 4.85 0
      vertex 0.710624 7.21509 0
      vertex 0.475383 4.82665 0
    endloop
  endfacet
  facet normal 0 0 -1
    outer loop
      vertex 0 4.85 0
      vertex 0 7.25 0
      vertex 0.710624 7.21509 0
    endloop
  endfacet
  facet normal 0 0 -1
    outer loop
      vertex -0.475383 4.82665 0
      vertex 0 7.25 0
      vertex 0 4.85 0
    endloop
  endfacet
  facet normal 0 0 -1
    outer loop
      vertex -0.475383 4.82665 0
      vertex -0.710624 7.21509 0
      vertex 0 7.25 0
    endloop
  endfacet
  facet normal 0 0 -1
    outer loop
      vertex -0.946188 4.75681 0
      vertex -0.710624 7.21509 0
      vertex -0.475383 4.82665 0
    endloop
  endfacet
  facet normal 0 0 -1
    outer loop
      vertex -1.4144 7.11069 0
      vertex -0.946188 4.75681 0
      vertex -1.40788 4.64116 0
    endloop
  endfacet
  facet normal 0 0 -1
    outer loop
      vertex -0.946188 4.75681 0
      vertex -1.4144 7.11069 0
      vertex -0.710624 7.21509 0
    endloop
  endfacet
  facet normal 0 0 -1
    outer loop
      vertex -2.24458 6.88772 0
      vertex -1.40788 4.64116 0
      vertex -1.85601 4.48081 0
    endloop
  endfacet
  facet normal 0 0 -1
    outer loop
      vertex -1.40788 4.64116 0
      vertex -2.10456 6.93782 0
      vertex -1.4144 7.11069 0
    endloop
  endfacet
  facet normal 0 0 -1
    outer loop
      vertex -1.40788 4.64116 0
      vertex -2.24458 6.88772 0
      vertex -2.10456 6.93782 0
    endloop
  endfacet
  facet normal 0 0 -1
    outer loop
      vertex -2.28627 4.27732 0
      vertex -2.24458 6.88772 0
      vertex -1.85601 4.48081 0
    endloop
  endfacet
  facet normal 0 0 -1
    outer loop
      vertex -4.84117 5.38515 0
      vertex -2.28627 4.27732 0
      vertex -2.69452 4.03263 0
    endloop
  endfacet
  facet normal 0 0 -1
    outer loop
      vertex -4.84117 5.38515 0
      vertex -2.69452 4.03263 0
      vertex -3.07681 3.7491 0
    endloop
  endfacet
  facet normal 0 0 -1
    outer loop
      vertex -4.84117 5.38515 0
      vertex -3.07681 3.7491 0
      vertex -3.42947 3.42947 0
    endloop
  endfacet
  facet normal 0 0 -1
    outer loop
      vertex -4.84117 5.38515 0
      vertex -3.42947 3.42947 0
      vertex -3.7491 3.07681 0
    endloop
  endfacet
  facet normal 0 0 -1
    outer loop
      vertex -4.84117 5.38515 0
      vertex -3.7491 3.07681 0
      vertex -4.03263 2.69452 0
    endloop
  endfacet
  facet normal 0 0 -1
    outer loop
      vertex -4.84117 5.38515 0
      vertex -4.03263 2.69452 0
      vertex -4.27732 2.28627 0
    endloop
  endfacet
  facet normal 0 0 -1
    outer loop
      vertex -4.84117 5.38515 0
      vertex -4.27732 2.28627 0
      vertex -4.48081 1.85601 0
    endloop
  endfacet
  facet normal 0 0 -1
    outer loop
      vertex -4.84117 5.38515 0
      vertex -4.75681 0.946188 0
      vertex -4.82665 0.475383 0
    endloop
  endfacet
  facet normal 0 0 -1
    outer loop
      vertex -4.84117 5.38515 0
      vertex -4.64116 1.40788 0
      vertex -4.75681 0.946188 0
    endloop
  endfacet
  facet normal 0 0 -1
    outer loop
      vertex -4.84117 5.38515 0
      vertex -4.48081 1.85601 0
      vertex -4.64116 1.40788 0
    endloop
  endfacet
  facet normal 0 0 -1
    outer loop
      vertex -2.28627 4.27732 0
      vertex -4.84117 5.38515 0
      vertex -2.24458 6.88772 0
    endloop
  endfacet
  facet normal 0 0 -1
    outer loop
      vertex -4.84117 5.38515 0
      vertex -11.4168 22.7746 0
      vertex -2.24458 6.88772 0
    endloop
  endfacet
  facet normal 0 0 -1
    outer loop
      vertex -14.0231 21.2887 0
      vertex -11.4168 22.7746 0
      vertex -4.84117 5.38515 0
    endloop
  endfacet
  facet normal -0 0 -1
    outer loop
      vertex -11.4168 22.7746 0
      vertex -14.0231 21.2887 0
      vertex -12.9634 24.2528 0
    endloop
  endfacet
  facet normal 0 0 -1
    outer loop
      vertex -15.2782 22.8654 0
      vertex -14.0231 21.2887 0
      vertex -14.167 21.2025 0
    endloop
  endfacet
  facet normal 0 0 -1
    outer loop
      vertex -14.0231 21.2887 0
      vertex -15.2782 22.8654 0
      vertex -12.9634 24.2528 0
    endloop
  endfacet
  facet normal 0 0 -1
    outer loop
      vertex -16.177 19.7118 0
      vertex -15.2782 22.8654 0
      vertex -14.167 21.2025 0
    endloop
  endfacet
  facet normal 0 0 -1
    outer loop
      vertex -16.177 19.7118 0
      vertex -17.4458 21.2578 0
      vertex -15.2782 22.8654 0
    endloop
  endfacet
  facet normal 0 0 -1
    outer loop
      vertex -18.0312 18.0312 0
      vertex -17.4458 21.2578 0
      vertex -16.177 19.7118 0
    endloop
  endfacet
  facet normal 0 0 -1
    outer loop
      vertex -18.0312 18.0312 0
      vertex -19.4454 19.4454 0
      vertex -17.4458 21.2578 0
    endloop
  endfacet
  facet normal 0 0 -1
    outer loop
      vertex -19.7118 16.177 0
      vertex -19.4454 19.4454 0
      vertex -18.0312 18.0312 0
    endloop
  endfacet
  facet normal 0 0 -1
    outer loop
      vertex -21.2578 17.4458 0
      vertex -19.7118 16.177 0
      vertex -21.2025 14.167 0
    endloop
  endfacet
  facet normal 0 0 -1
    outer loop
      vertex -19.7118 16.177 0
      vertex -21.2578 17.4458 0
      vertex -19.4454 19.4454 0
    endloop
  endfacet
  facet normal 0 0 -1
    outer loop
      vertex -22.8654 15.2782 0
      vertex -21.2025 14.167 0
      vertex -22.489 12.0206 0
    endloop
  endfacet
  facet normal 0 0 -1
    outer loop
      vertex -21.2025 14.167 0
      vertex -22.8654 15.2782 0
      vertex -21.2578 17.4458 0
    endloop
  endfacet
  facet normal 0 0 -1
    outer loop
      vertex -24.2528 12.9634 0
      vertex -22.489 12.0206 0
      vertex -23.5589 9.75843 0
    endloop
  endfacet
  facet normal 0 0 -1
    outer loop
      vertex -22.489 12.0206 0
      vertex -24.2528 12.9634 0
      vertex -22.8654 15.2782 0
    endloop
  endfacet
  facet normal 0 0 -1
    outer loop
      vertex -25.4067 10.5238 0
      vertex -23.5589 9.75843 0
      vertex -24.402 7.40226 0
    endloop
  endfacet
  facet normal 0 0 -1
    outer loop
      vertex -26.3159 7.98283 0
      vertex -24.402 7.40226 0
      vertex -25.01 4.9748 0
    endloop
  endfacet
  facet normal 0 0 -1
    outer loop
      vertex -26.9716 5.36498 0
      vertex -25.01 4.9748 0
      vertex -25.3772 2.49944 0
    endloop
  endfacet
  facet normal 0 0 -1
    outer loop
      vertex -23.5589 9.75843 0
      vertex -25.4067 10.5238 0
      vertex -24.2528 12.9634 0
    endloop
  endfacet
  facet normal 0 0 -1
    outer loop
      vertex -27.3676 2.69547 0
      vertex -25.3772 2.49944 0
      vertex -25.5 0 0
    endloop
  endfacet
  facet normal 0 0 -1
    outer loop
      vertex -27.3676 -2.69547 0
      vertex -25.3772 -2.49944 0
      vertex -26.9716 -5.36498 0
    endloop
  endfacet
  facet normal 0 0 -1
    outer loop
      vertex -24.402 7.40226 0
      vertex -26.3159 7.98283 0
      vertex -25.4067 10.5238 0
    endloop
  endfacet
  facet normal -0 0 -1
    outer loop
      vertex -25.3772 -2.49944 0
      vertex -27.3676 -2.69547 0
      vertex -25.5 0 0
    endloop
  endfacet
  facet normal 0 0 -1
    outer loop
      vertex -25.01 4.9748 0
      vertex -26.9716 5.36498 0
      vertex -26.3159 7.98283 0
    endloop
  endfacet
  facet normal 0 0 -1
    outer loop
      vertex -27.5 0 0
      vertex -25.5 0 0
      vertex -27.3676 -2.69547 0
    endloop
  endfacet
  facet normal 0 0 -1
    outer loop
      vertex -25.3772 2.49944 0
      vertex -27.3676 2.69547 0
      vertex -26.9716 5.36498 0
    endloop
  endfacet
  facet normal 0 0 -1
    outer loop
      vertex -25.5 0 0
      vertex -27.5 0 0
      vertex -27.3676 2.69547 0
    endloop
  endfacet
  facet normal -0 0 -1
    outer loop
      vertex -4.27732 -2.28627 0
      vertex -6.39393 -3.41763 0
      vertex -4.48081 -1.85601 0
    endloop
  endfacet
  facet normal 0 0 -1
    outer loop
      vertex -6.69813 -2.77445 0
      vertex -4.48081 -1.85601 0
      vertex -6.39393 -3.41763 0
    endloop
  endfacet
  facet normal 0.970033 0.242974 0
    outer loop
      vertex 7.08925 1.5 10
      vertex 6.93782 2.10456 0
      vertex 6.93782 2.10456 10
    endloop
  endfacet
  facet normal 0.970033 0.242974 0
    outer loop
      vertex 6.93782 2.10456 0
      vertex 7.08925 1.5 10
      vertex 7.08925 1.5 0
    endloop
  endfacet
  facet normal 0.941544 0.336889 0
    outer loop
      vertex 6.93782 2.10456 10
      vertex 6.69813 2.77445 0
      vertex 6.69813 2.77445 10
    endloop
  endfacet
  facet normal 0.941544 0.336889 0
    outer loop
      vertex 6.69813 2.77445 0
      vertex 6.93782 2.10456 10
      vertex 6.93782 2.10456 0
    endloop
  endfacet
  facet normal 0.803215 0.595689 0
    outer loop
      vertex 6.02815 4.02788 10
      vertex 5.60433 4.59935 0
      vertex 5.60433 4.59935 10
    endloop
  endfacet
  facet normal 0.803215 0.595689 0
    outer loop
      vertex 5.60433 4.59935 0
      vertex 6.02815 4.02788 10
      vertex 6.02815 4.02788 0
    endloop
  endfacet
  facet normal 0.242972 0.970033 -0
    outer loop
      vertex 2.10456 6.93782 0
      vertex 1.4144 7.11069 10
      vertex 2.10456 6.93782 10
    endloop
  endfacet
  facet normal 0.242972 0.970033 0
    outer loop
      vertex 1.4144 7.11069 10
      vertex 2.10456 6.93782 0
      vertex 1.4144 7.11069 0
    endloop
  endfacet
  facet normal 0.336889 0.941544 -0
    outer loop
      vertex 2.77445 6.69813 0
      vertex 2.10456 6.93782 10
      vertex 2.77445 6.69813 10
    endloop
  endfacet
  facet normal 0.336889 0.941544 0
    outer loop
      vertex 2.10456 6.93782 10
      vertex 2.77445 6.69813 0
      vertex 2.10456 6.93782 0
    endloop
  endfacet
  facet normal 0.146737 0.989176 -0
    outer loop
      vertex 1.4144 7.11069 0
      vertex 0.710624 7.21509 10
      vertex 1.4144 7.11069 10
    endloop
  endfacet
  facet normal 0.146737 0.989176 0
    outer loop
      vertex 0.710624 7.21509 10
      vertex 1.4144 7.11069 0
      vertex 0.710624 7.21509 0
    endloop
  endfacet
  facet normal 0.514113 0.857722 -0
    outer loop
      vertex 4.02788 6.02815 0
      vertex 3.41763 6.39393 10
      vertex 4.02788 6.02815 10
    endloop
  endfacet
  facet normal 0.514113 0.857722 0
    outer loop
      vertex 3.41763 6.39393 10
      vertex 4.02788 6.02815 0
      vertex 3.41763 6.39393 0
    endloop
  endfacet
  facet normal 0.671567 0.740943 -0
    outer loop
      vertex 5.12652 5.12652 0
      vertex 4.59935 5.60433 10
      vertex 5.12652 5.12652 10
    endloop
  endfacet
  facet normal 0.671567 0.740943 0
    outer loop
      vertex 4.59935 5.60433 10
      vertex 5.12652 5.12652 0
      vertex 4.59935 5.60433 0
    endloop
  endfacet
  facet normal -0.970033 0.242972 0
    outer loop
      vertex -7.11069 1.4144 0
      vertex -6.93782 2.10456 10
      vertex -6.93782 2.10456 0
    endloop
  endfacet
  facet normal -0.970033 0.242972 0
    outer loop
      vertex -6.93782 2.10456 10
      vertex -7.11069 1.4144 0
      vertex -7.11069 1.4144 10
    endloop
  endfacet
  facet normal -0.803215 0.595689 0
    outer loop
      vertex -6.02815 4.02788 0
      vertex -5.60433 4.59935 10
      vertex -5.60433 4.59935 0
    endloop
  endfacet
  facet normal -0.803215 0.595689 0
    outer loop
      vertex -5.60433 4.59935 10
      vertex -6.02815 4.02788 0
      vertex -6.02815 4.02788 10
    endloop
  endfacet
  facet normal -0.740943 0.671567 0
    outer loop
      vertex -5.60433 4.59935 0
      vertex -5.12652 5.12652 10
      vertex -5.12652 5.12652 0
    endloop
  endfacet
  facet normal -0.740943 0.671567 0
    outer loop
      vertex -5.12652 5.12652 10
      vertex -5.60433 4.59935 0
      vertex -5.60433 4.59935 10
    endloop
  endfacet
  facet normal -0.857722 0.514113 0
    outer loop
      vertex -6.39393 3.41763 0
      vertex -6.02815 4.02788 10
      vertex -6.02815 4.02788 0
    endloop
  endfacet
  facet normal -0.857722 0.514113 0
    outer loop
      vertex -6.02815 4.02788 10
      vertex -6.39393 3.41763 0
      vertex -6.39393 3.41763 10
    endloop
  endfacet
  facet normal -0.941544 0.336889 0
    outer loop
      vertex -6.93782 2.10456 0
      vertex -6.69813 2.77445 10
      vertex -6.69813 2.77445 0
    endloop
  endfacet
  facet normal -0.941544 0.336889 0
    outer loop
      vertex -6.69813 2.77445 10
      vertex -6.93782 2.10456 0
      vertex -6.93782 2.10456 10
    endloop
  endfacet
  facet normal -0.989176 0.146737 0
    outer loop
      vertex -7.21509 0.710624 0
      vertex -7.11069 1.4144 10
      vertex -7.11069 1.4144 0
    endloop
  endfacet
  facet normal -0.989176 0.146737 0
    outer loop
      vertex -7.11069 1.4144 10
      vertex -7.21509 0.710624 0
      vertex -7.21509 0.710624 10
    endloop
  endfacet
  facet normal 0 0 1
    outer loop
      vertex -7.21509 -0.710624 10
      vertex -4.82665 -0.475383 10
      vertex -4.85 0 10
    endloop
  endfacet
  facet normal 0 0 1
    outer loop
      vertex -4.48081 1.85601 10
      vertex -6.69813 2.77445 10
      vertex -4.64116 1.40788 10
    endloop
  endfacet
  facet normal -0 0 1
    outer loop
      vertex -6.93782 2.10456 10
      vertex -4.64116 1.40788 10
      vertex -6.69813 2.77445 10
    endloop
  endfacet
  facet normal 0 0 1
    outer loop
      vertex -4.82665 -0.475383 10
      vertex -5.60433 -4.59935 10
      vertex -5.12652 -5.12652 10
    endloop
  endfacet
  facet normal 0 0 1
    outer loop
      vertex -4.82665 -0.475383 10
      vertex -5.12652 -5.12652 10
      vertex -4.84117 -5.38515 10
    endloop
  endfacet
  facet normal 0 0 1
    outer loop
      vertex -4.64116 1.40788 10
      vertex -6.93782 2.10456 10
      vertex -4.75681 0.946188 10
    endloop
  endfacet
  facet normal 0 0 1
    outer loop
      vertex -4.82665 -0.475383 10
      vertex -6.02815 -4.02788 10
      vertex -5.60433 -4.59935 10
    endloop
  endfacet
  facet normal -0 0 1
    outer loop
      vertex -7.11069 1.4144 10
      vertex -4.75681 0.946188 10
      vertex -6.93782 2.10456 10
    endloop
  endfacet
  facet normal 0 0 1
    outer loop
      vertex -4.82665 -0.475383 10
      vertex -6.39393 -3.41763 10
      vertex -6.02815 -4.02788 10
    endloop
  endfacet
  facet normal 0 0 1
    outer loop
      vertex -4.75681 0.946188 10
      vertex -7.11069 1.4144 10
      vertex -4.82665 0.475383 10
    endloop
  endfacet
  facet normal 0 0 1
    outer loop
      vertex -4.82665 -0.475383 10
      vertex -6.69813 -2.77445 10
      vertex -6.39393 -3.41763 10
    endloop
  endfacet
  facet normal -0 0 1
    outer loop
      vertex -7.21509 0.710624 10
      vertex -4.82665 0.475383 10
      vertex -7.11069 1.4144 10
    endloop
  endfacet
  facet normal 0 0 1
    outer loop
      vertex -4.82665 -0.475383 10
      vertex -6.93782 -2.10456 10
      vertex -6.69813 -2.77445 10
    endloop
  endfacet
  facet normal 0 0 1
    outer loop
      vertex -4.82665 0.475383 10
      vertex -7.21509 0.710624 10
      vertex -4.85 0 10
    endloop
  endfacet
  facet normal 0 0 1
    outer loop
      vertex -4.82665 -0.475383 10
      vertex -7.11069 -1.4144 10
      vertex -6.93782 -2.10456 10
    endloop
  endfacet
  facet normal 0 0 1
    outer loop
      vertex -7.25 0 10
      vertex -4.85 0 10
      vertex -7.21509 0.710624 10
    endloop
  endfacet
  facet normal 0 0 1
    outer loop
      vertex -4.82665 -0.475383 10
      vertex -7.21509 -0.710624 10
      vertex -7.11069 -1.4144 10
    endloop
  endfacet
  facet normal 0 0 1
    outer loop
      vertex -4.85 0 10
      vertex -7.25 0 10
      vertex -7.21509 -0.710624 10
    endloop
  endfacet
  facet normal -0 0 1
    outer loop
      vertex 7.08925 1.5 10
      vertex 25.5 0 10
      vertex 25.4263 1.5 10
    endloop
  endfacet
  facet normal 0 0 1
    outer loop
      vertex 7.08925 -1.5 10
      vertex 25.5 0 10
      vertex 7.08925 1.5 10
    endloop
  endfacet
  facet normal 0 0 1
    outer loop
      vertex 25.5 0 10
      vertex 7.08925 -1.5 10
      vertex 25.4263 -1.5 10
    endloop
  endfacet
  facet normal 0 0 1
    outer loop
      vertex 4.64116 1.40788 10
      vertex 7.08925 1.5 10
      vertex 6.93782 2.10456 10
    endloop
  endfacet
  facet normal 0 0 1
    outer loop
      vertex 7.08925 1.5 10
      vertex 4.85 0 10
      vertex 7.08925 -1.5 10
    endloop
  endfacet
  facet normal 0 0 1
    outer loop
      vertex 4.64116 1.40788 10
      vertex 6.93782 2.10456 10
      vertex 6.69813 2.77445 10
    endloop
  endfacet
  facet normal -0 0 1
    outer loop
      vertex 4.82665 -0.475383 10
      vertex 7.08925 -1.5 10
      vertex 4.85 0 10
    endloop
  endfacet
  facet normal 0 0 1
    outer loop
      vertex 4.48081 1.85601 10
      vertex 6.69813 2.77445 10
      vertex 6.39393 3.41763 10
    endloop
  endfacet
  facet normal -0 0 1
    outer loop
      vertex 4.75681 -0.946188 10
      vertex 7.08925 -1.5 10
      vertex 4.82665 -0.475383 10
    endloop
  endfacet
  facet normal 0 0 1
    outer loop
      vertex 4.27732 2.28627 10
      vertex 6.39393 3.41763 10
      vertex 6.02815 4.02788 10
    endloop
  endfacet
  facet normal -0 0 1
    outer loop
      vertex 4.64116 -1.40788 10
      vertex 7.08925 -1.5 10
      vertex 4.75681 -0.946188 10
    endloop
  endfacet
  facet normal 0 0 1
    outer loop
      vertex 4.03263 2.69452 10
      vertex 6.02815 4.02788 10
      vertex 5.60433 4.59935 10
    endloop
  endfacet
  facet normal 0 0 1
    outer loop
      vertex 7.08925 -1.5 10
      vertex 4.64116 -1.40788 10
      vertex 6.93782 -2.10456 10
    endloop
  endfacet
  facet normal 0 0 1
    outer loop
      vertex 3.7491 3.07681 10
      vertex 5.60433 4.59935 10
      vertex 5.12652 5.12652 10
    endloop
  endfacet
  facet normal 0 0 1
    outer loop
      vertex 6.93782 -2.10456 10
      vertex 4.64116 -1.40788 10
      vertex 6.69813 -2.77445 10
    endloop
  endfacet
  facet normal -0 0 1
    outer loop
      vertex 4.48081 -1.85601 10
      vertex 6.69813 -2.77445 10
      vertex 4.64116 -1.40788 10
    endloop
  endfacet
  facet normal 0 0 1
    outer loop
      vertex 7.08925 1.5 10
      vertex 4.82665 0.475383 10
      vertex 4.85 0 10
    endloop
  endfacet
  facet normal 0 0 1
    outer loop
      vertex 7.08925 1.5 10
      vertex 4.75681 0.946188 10
      vertex 4.82665 0.475383 10
    endloop
  endfacet
  facet normal 0 0 1
    outer loop
      vertex 7.08925 1.5 10
      vertex 4.64116 1.40788 10
      vertex 4.75681 0.946188 10
    endloop
  endfacet
  facet normal 0 0 1
    outer loop
      vertex 3.42947 3.42947 10
      vertex 5.12652 5.12652 10
      vertex 4.59935 5.60433 10
    endloop
  endfacet
  facet normal 0 0 1
    outer loop
      vertex 6.69813 2.77445 10
      vertex 4.48081 1.85601 10
      vertex 4.64116 1.40788 10
    endloop
  endfacet
  facet normal 0 0 1
    outer loop
      vertex 6.39393 3.41763 10
      vertex 4.27732 2.28627 10
      vertex 4.48081 1.85601 10
    endloop
  endfacet
  facet normal 0 0 1
    outer loop
      vertex 6.02815 4.02788 10
      vertex 4.03263 2.69452 10
      vertex 4.27732 2.28627 10
    endloop
  endfacet
  facet normal 0 0 1
    outer loop
      vertex 3.07681 3.7491 10
      vertex 4.59935 5.60433 10
      vertex 4.02788 6.02815 10
    endloop
  endfacet
  facet normal 0 0 1
    outer loop
      vertex 5.60433 4.59935 10
      vertex 3.7491 3.07681 10
      vertex 4.03263 2.69452 10
    endloop
  endfacet
  facet normal 0 0 1
    outer loop
      vertex 5.12652 5.12652 10
      vertex 3.42947 3.42947 10
      vertex 3.7491 3.07681 10
    endloop
  endfacet
  facet normal 0 0 1
    outer loop
      vertex 2.69452 4.03263 10
      vertex 4.02788 6.02815 10
      vertex 3.41763 6.39393 10
    endloop
  endfacet
  facet normal 0 0 1
    outer loop
      vertex 4.59935 5.60433 10
      vertex 3.07681 3.7491 10
      vertex 3.42947 3.42947 10
    endloop
  endfacet
  facet normal 0 0 1
    outer loop
      vertex 2.28627 4.27732 10
      vertex 3.41763 6.39393 10
      vertex 2.77445 6.69813 10
    endloop
  endfacet
  facet normal 0 0 1
    outer loop
      vertex 4.02788 6.02815 10
      vertex 2.69452 4.03263 10
      vertex 3.07681 3.7491 10
    endloop
  endfacet
  facet normal 0 0 1
    outer loop
      vertex 3.41763 6.39393 10
      vertex 2.28627 4.27732 10
      vertex 2.69452 4.03263 10
    endloop
  endfacet
  facet normal 0 0 1
    outer loop
      vertex 1.85601 4.48081 10
      vertex 2.77445 6.69813 10
      vertex 2.10456 6.93782 10
    endloop
  endfacet
  facet normal 0 0 1
    outer loop
      vertex 2.77445 6.69813 10
      vertex 1.85601 4.48081 10
      vertex 2.28627 4.27732 10
    endloop
  endfacet
  facet normal 0 0 1
    outer loop
      vertex 1.40788 4.64116 10
      vertex 2.10456 6.93782 10
      vertex 1.4144 7.11069 10
    endloop
  endfacet
  facet normal 0 0 1
    outer loop
      vertex 2.10456 6.93782 10
      vertex 1.40788 4.64116 10
      vertex 1.85601 4.48081 10
    endloop
  endfacet
  facet normal 0 0 1
    outer loop
      vertex 1.4144 7.11069 10
      vertex 0.946188 4.75681 10
      vertex 1.40788 4.64116 10
    endloop
  endfacet
  facet normal 0 0 1
    outer loop
      vertex 0.710624 7.21509 10
      vertex 0.946188 4.75681 10
      vertex 1.4144 7.11069 10
    endloop
  endfacet
  facet normal 0 0 1
    outer loop
      vertex 0.710624 7.21509 10
      vertex 0.475383 4.82665 10
      vertex 0.946188 4.75681 10
    endloop
  endfacet
  facet normal 0 0 1
    outer loop
      vertex 0 7.25 10
      vertex 0.475383 4.82665 10
      vertex 0.710624 7.21509 10
    endloop
  endfacet
  facet normal 0 0 1
    outer loop
      vertex 0 7.25 10
      vertex 0 4.85 10
      vertex 0.475383 4.82665 10
    endloop
  endfacet
  facet normal 0 0 1
    outer loop
      vertex 0 7.25 10
      vertex -0.475383 4.82665 10
      vertex 0 4.85 10
    endloop
  endfacet
  facet normal -0 0 1
    outer loop
      vertex -0.710624 7.21509 10
      vertex -0.475383 4.82665 10
      vertex 0 7.25 10
    endloop
  endfacet
  facet normal 0 0 1
    outer loop
      vertex -0.710624 7.21509 10
      vertex -0.946188 4.75681 10
      vertex -0.475383 4.82665 10
    endloop
  endfacet
  facet normal -0 0 1
    outer loop
      vertex -1.4144 7.11069 10
      vertex -0.946188 4.75681 10
      vertex -0.710624 7.21509 10
    endloop
  endfacet
  facet normal 0 0 1
    outer loop
      vertex -0.946188 4.75681 10
      vertex -1.4144 7.11069 10
      vertex -1.40788 4.64116 10
    endloop
  endfacet
  facet normal -0 0 1
    outer loop
      vertex -2.10456 6.93782 10
      vertex -1.40788 4.64116 10
      vertex -1.4144 7.11069 10
    endloop
  endfacet
  facet normal -0 0 1
    outer loop
      vertex -2.24458 6.88772 10
      vertex -1.40788 4.64116 10
      vertex -2.10456 6.93782 10
    endloop
  endfacet
  facet normal 0 0 1
    outer loop
      vertex -1.40788 4.64116 10
      vertex -2.24458 6.88772 10
      vertex -1.85601 4.48081 10
    endloop
  endfacet
  facet normal 0 0 1
    outer loop
      vertex -2.24458 6.88772 10
      vertex -2.28627 4.27732 10
      vertex -1.85601 4.48081 10
    endloop
  endfacet
  facet normal -0 0 1
    outer loop
      vertex -4.84117 5.38515 10
      vertex -2.28627 4.27732 10
      vertex -2.24458 6.88772 10
    endloop
  endfacet
  facet normal 0 0 1
    outer loop
      vertex -2.28627 4.27732 10
      vertex -4.84117 5.38515 10
      vertex -2.69452 4.03263 10
    endloop
  endfacet
  facet normal 0 0 1
    outer loop
      vertex -2.69452 4.03263 10
      vertex -4.84117 5.38515 10
      vertex -3.07681 3.7491 10
    endloop
  endfacet
  facet normal 0 0 1
    outer loop
      vertex -3.07681 3.7491 10
      vertex -4.84117 5.38515 10
      vertex -3.42947 3.42947 10
    endloop
  endfacet
  facet normal -0 0 1
    outer loop
      vertex -5.12652 5.12652 10
      vertex -3.42947 3.42947 10
      vertex -4.84117 5.38515 10
    endloop
  endfacet
  facet normal 0 0 1
    outer loop
      vertex -3.42947 3.42947 10
      vertex -5.12652 5.12652 10
      vertex -3.7491 3.07681 10
    endloop
  endfacet
  facet normal -0 0 1
    outer loop
      vertex -5.60433 4.59935 10
      vertex -3.7491 3.07681 10
      vertex -5.12652 5.12652 10
    endloop
  endfacet
  facet normal -0 0 1
    outer loop
      vertex -6.39393 3.41763 10
      vertex -4.27732 2.28627 10
      vertex -6.02815 4.02788 10
    endloop
  endfacet
  facet normal 0 0 1
    outer loop
      vertex -4.03263 2.69452 10
      vertex -6.02815 4.02788 10
      vertex -4.27732 2.28627 10
    endloop
  endfacet
  facet normal -0 0 1
    outer loop
      vertex -6.02815 4.02788 10
      vertex -4.03263 2.69452 10
      vertex -5.60433 4.59935 10
    endloop
  endfacet
  facet normal 0 0 1
    outer loop
      vertex -3.7491 3.07681 10
      vertex -5.60433 4.59935 10
      vertex -4.03263 2.69452 10
    endloop
  endfacet
  facet normal -0 0 1
    outer loop
      vertex -12.0206 22.489 10
      vertex -2.24458 6.88772 10
      vertex -11.4168 22.7746 10
    endloop
  endfacet
  facet normal 0 0 1
    outer loop
      vertex -2.24458 6.88772 10
      vertex -12.0206 22.489 10
      vertex -4.84117 5.38515 10
    endloop
  endfacet
  facet normal 0 0 1
    outer loop
      vertex -4.84117 5.38515 10
      vertex -12.0206 22.489 10
      vertex -14.0231 21.2887 10
    endloop
  endfacet
  facet normal 0 0 1
    outer loop
      vertex 6.69813 -2.77445 10
      vertex 4.48081 -1.85601 10
      vertex 6.39393 -3.41763 10
    endloop
  endfacet
  facet normal -0 0 1
    outer loop
      vertex 4.27732 -2.28627 10
      vertex 6.39393 -3.41763 10
      vertex 4.48081 -1.85601 10
    endloop
  endfacet
  facet normal 0 0 1
    outer loop
      vertex 6.39393 -3.41763 10
      vertex 4.27732 -2.28627 10
      vertex 6.02815 -4.02788 10
    endloop
  endfacet
  facet normal -0 0 1
    outer loop
      vertex 4.03263 -2.69452 10
      vertex 6.02815 -4.02788 10
      vertex 4.27732 -2.28627 10
    endloop
  endfacet
  facet normal 0 0 1
    outer loop
      vertex 6.02815 -4.02788 10
      vertex 4.03263 -2.69452 10
      vertex 5.60433 -4.59935 10
    endloop
  endfacet
  facet normal -0 0 1
    outer loop
      vertex 3.7491 -3.07681 10
      vertex 5.60433 -4.59935 10
      vertex 4.03263 -2.69452 10
    endloop
  endfacet
  facet normal 0 0 1
    outer loop
      vertex 5.60433 -4.59935 10
      vertex 3.7491 -3.07681 10
      vertex 5.12652 -5.12652 10
    endloop
  endfacet
  facet normal -0 0 1
    outer loop
      vertex 3.42947 -3.42947 10
      vertex 5.12652 -5.12652 10
      vertex 3.7491 -3.07681 10
    endloop
  endfacet
  facet normal 0 0 1
    outer loop
      vertex 5.12652 -5.12652 10
      vertex 3.42947 -3.42947 10
      vertex 4.59935 -5.60433 10
    endloop
  endfacet
  facet normal -0 0 1
    outer loop
      vertex 3.07681 -3.7491 10
      vertex 4.59935 -5.60433 10
      vertex 3.42947 -3.42947 10
    endloop
  endfacet
  facet normal 0 0 1
    outer loop
      vertex 4.59935 -5.60433 10
      vertex 3.07681 -3.7491 10
      vertex 4.02788 -6.02815 10
    endloop
  endfacet
  facet normal -0 0 1
    outer loop
      vertex 2.69452 -4.03263 10
      vertex 4.02788 -6.02815 10
      vertex 3.07681 -3.7491 10
    endloop
  endfacet
  facet normal 0 0 1
    outer loop
      vertex 4.02788 -6.02815 10
      vertex 2.69452 -4.03263 10
      vertex 3.41763 -6.39393 10
    endloop
  endfacet
  facet normal -0 0 1
    outer loop
      vertex 2.28627 -4.27732 10
      vertex 3.41763 -6.39393 10
      vertex 2.69452 -4.03263 10
    endloop
  endfacet
  facet normal 0 0 1
    outer loop
      vertex 3.41763 -6.39393 10
      vertex 2.28627 -4.27732 10
      vertex 2.77445 -6.69813 10
    endloop
  endfacet
  facet normal -0 0 1
    outer loop
      vertex 1.85601 -4.48081 10
      vertex 2.77445 -6.69813 10
      vertex 2.28627 -4.27732 10
    endloop
  endfacet
  facet normal 0 0 1
    outer loop
      vertex 2.77445 -6.69813 10
      vertex 1.85601 -4.48081 10
      vertex 2.10456 -6.93782 10
    endloop
  endfacet
  facet normal -0 0 1
    outer loop
      vertex 1.40788 -4.64116 10
      vertex 2.10456 -6.93782 10
      vertex 1.85601 -4.48081 10
    endloop
  endfacet
  facet normal 0 0 1
    outer loop
      vertex 2.10456 -6.93782 10
      vertex 1.40788 -4.64116 10
      vertex 1.4144 -7.11069 10
    endloop
  endfacet
  facet normal -0 0 1
    outer loop
      vertex 0.946188 -4.75681 10
      vertex 1.4144 -7.11069 10
      vertex 1.40788 -4.64116 10
    endloop
  endfacet
  facet normal 0 0 1
    outer loop
      vertex 0.946188 -4.75681 10
      vertex 0.710624 -7.21509 10
      vertex 1.4144 -7.11069 10
    endloop
  endfacet
  facet normal -0 0 1
    outer loop
      vertex 0.475383 -4.82665 10
      vertex 0.710624 -7.21509 10
      vertex 0.946188 -4.75681 10
    endloop
  endfacet
  facet normal -0 0 1
    outer loop
      vertex 0 -4.85 10
      vertex 0.710624 -7.21509 10
      vertex 0.475383 -4.82665 10
    endloop
  endfacet
  facet normal 0 0 1
    outer loop
      vertex 0 -4.85 10
      vertex 0 -7.25 10
      vertex 0.710624 -7.21509 10
    endloop
  endfacet
  facet normal 0 0 1
    outer loop
      vertex -0.475383 -4.82665 10
      vertex 0 -7.25 10
      vertex 0 -4.85 10
    endloop
  endfacet
  facet normal 0 0 1
    outer loop
      vertex -0.475383 -4.82665 10
      vertex -0.710624 -7.21509 10
      vertex 0 -7.25 10
    endloop
  endfacet
  facet normal 0 0 1
    outer loop
      vertex -0.946188 -4.75681 10
      vertex -0.710624 -7.21509 10
      vertex -0.475383 -4.82665 10
    endloop
  endfacet
  facet normal 0 0 1
    outer loop
      vertex -1.4144 -7.11069 10
      vertex -0.946188 -4.75681 10
      vertex -1.40788 -4.64116 10
    endloop
  endfacet
  facet normal 0 0 1
    outer loop
      vertex -0.946188 -4.75681 10
      vertex -1.4144 -7.11069 10
      vertex -0.710624 -7.21509 10
    endloop
  endfacet
  facet normal 0 0 1
    outer loop
      vertex -2.24458 -6.88772 10
      vertex -1.40788 -4.64116 10
      vertex -1.85601 -4.48081 10
    endloop
  endfacet
  facet normal 0 0 1
    outer loop
      vertex -1.40788 -4.64116 10
      vertex -2.10456 -6.93782 10
      vertex -1.4144 -7.11069 10
    endloop
  endfacet
  facet normal 0 0 1
    outer loop
      vertex -1.40788 -4.64116 10
      vertex -2.24458 -6.88772 10
      vertex -2.10456 -6.93782 10
    endloop
  endfacet
  facet normal 0 0 1
    outer loop
      vertex -2.28627 -4.27732 10
      vertex -2.24458 -6.88772 10
      vertex -1.85601 -4.48081 10
    endloop
  endfacet
  facet normal 0 0 1
    outer loop
      vertex -4.84117 -5.38515 10
      vertex -2.28627 -4.27732 10
      vertex -2.69452 -4.03263 10
    endloop
  endfacet
  facet normal 0 0 1
    outer loop
      vertex -4.84117 -5.38515 10
      vertex -2.69452 -4.03263 10
      vertex -3.07681 -3.7491 10
    endloop
  endfacet
  facet normal 0 0 1
    outer loop
      vertex -4.84117 -5.38515 10
      vertex -3.07681 -3.7491 10
      vertex -3.42947 -3.42947 10
    endloop
  endfacet
  facet normal 0 0 1
    outer loop
      vertex -4.84117 -5.38515 10
      vertex -3.42947 -3.42947 10
      vertex -3.7491 -3.07681 10
    endloop
  endfacet
  facet normal 0 0 1
    outer loop
      vertex -4.84117 -5.38515 10
      vertex -3.7491 -3.07681 10
      vertex -4.03263 -2.69452 10
    endloop
  endfacet
  facet normal 0 0 1
    outer loop
      vertex -4.84117 -5.38515 10
      vertex -4.03263 -2.69452 10
      vertex -4.27732 -2.28627 10
    endloop
  endfacet
  facet normal 0 0 1
    outer loop
      vertex -4.84117 -5.38515 10
      vertex -4.27732 -2.28627 10
      vertex -4.48081 -1.85601 10
    endloop
  endfacet
  facet normal 0 0 1
    outer loop
      vertex -4.84117 -5.38515 10
      vertex -4.75681 -0.946188 10
      vertex -4.82665 -0.475383 10
    endloop
  endfacet
  facet normal 0 0 1
    outer loop
      vertex -4.84117 -5.38515 10
      vertex -4.64116 -1.40788 10
      vertex -4.75681 -0.946188 10
    endloop
  endfacet
  facet normal 0 0 1
    outer loop
      vertex -4.84117 -5.38515 10
      vertex -4.48081 -1.85601 10
      vertex -4.64116 -1.40788 10
    endloop
  endfacet
  facet normal 0 0 1
    outer loop
      vertex -2.28627 -4.27732 10
      vertex -4.84117 -5.38515 10
      vertex -2.24458 -6.88772 10
    endloop
  endfacet
  facet normal 0 0 1
    outer loop
      vertex -12.0206 -22.489 10
      vertex -2.24458 -6.88772 10
      vertex -4.84117 -5.38515 10
    endloop
  endfacet
  facet normal 0 0 1
    outer loop
      vertex -2.24458 -6.88772 10
      vertex -12.0206 -22.489 10
      vertex -11.4168 -22.7746 10
    endloop
  endfacet
  facet normal 0 -0 1
    outer loop
      vertex -12.0206 -22.489 10
      vertex -4.84117 -5.38515 10
      vertex -14.0231 -21.2887 10
    endloop
  endfacet
  facet normal 0 0 1
    outer loop
      vertex -4.27732 2.28627 10
      vertex -6.39393 3.41763 10
      vertex -4.48081 1.85601 10
    endloop
  endfacet
  facet normal -0 0 1
    outer loop
      vertex -6.69813 2.77445 10
      vertex -4.48081 1.85601 10
      vertex -6.39393 3.41763 10
    endloop
  endfacet
  facet normal -0.242972 0.970033 0
    outer loop
      vertex -1.4144 7.11069 0
      vertex -2.10456 6.93782 10
      vertex -1.4144 7.11069 10
    endloop
  endfacet
  facet normal -0.242972 0.970033 0
    outer loop
      vertex -2.10456 6.93782 10
      vertex -1.4144 7.11069 0
      vertex -2.10456 6.93782 0
    endloop
  endfacet
  facet normal -0.0490667 0.998796 0
    outer loop
      vertex 0 7.25 0
      vertex -0.710624 7.21509 10
      vertex 0 7.25 10
    endloop
  endfacet
  facet normal -0.0490667 0.998796 0
    outer loop
      vertex -0.710624 7.21509 10
      vertex 0 7.25 0
      vertex -0.710624 7.21509 0
    endloop
  endfacet
  facet normal 0.0490667 -0.998796 0
    outer loop
      vertex 0 -7.25 0
      vertex 0.710624 -7.21509 10
      vertex 0 -7.25 10
    endloop
  endfacet
  facet normal 0.0490667 -0.998796 0
    outer loop
      vertex 0.710624 -7.21509 10
      vertex 0 -7.25 0
      vertex 0.710624 -7.21509 0
    endloop
  endfacet
  facet normal 0.242972 -0.970033 0
    outer loop
      vertex 1.4144 -7.11069 0
      vertex 2.10456 -6.93782 10
      vertex 1.4144 -7.11069 10
    endloop
  endfacet
  facet normal 0.242972 -0.970033 0
    outer loop
      vertex 2.10456 -6.93782 10
      vertex 1.4144 -7.11069 0
      vertex 2.10456 -6.93782 0
    endloop
  endfacet
  facet normal 0.595689 -0.803215 0
    outer loop
      vertex 4.02788 -6.02815 0
      vertex 4.59935 -5.60433 10
      vertex 4.02788 -6.02815 10
    endloop
  endfacet
  facet normal 0.595689 -0.803215 0
    outer loop
      vertex 4.59935 -5.60433 10
      vertex 4.02788 -6.02815 0
      vertex 4.59935 -5.60433 0
    endloop
  endfacet
  facet normal 0.427553 -0.90399 0
    outer loop
      vertex 2.77445 -6.69813 0
      vertex 3.41763 -6.39393 10
      vertex 2.77445 -6.69813 10
    endloop
  endfacet
  facet normal 0.427553 -0.90399 0
    outer loop
      vertex 3.41763 -6.39393 10
      vertex 2.77445 -6.69813 0
      vertex 3.41763 -6.39393 0
    endloop
  endfacet
  facet normal 0.740943 -0.671567 0
    outer loop
      vertex 5.12652 -5.12652 10
      vertex 5.60433 -4.59935 0
      vertex 5.60433 -4.59935 10
    endloop
  endfacet
  facet normal 0.740943 -0.671567 0
    outer loop
      vertex 5.60433 -4.59935 0
      vertex 5.12652 -5.12652 10
      vertex 5.12652 -5.12652 0
    endloop
  endfacet
  facet normal -0.671564 -0.740946 0
    outer loop
      vertex -5.12652 -5.12652 0
      vertex -4.84117 -5.38515 10
      vertex -5.12652 -5.12652 10
    endloop
  endfacet
  facet normal -0.671564 -0.740946 -0
    outer loop
      vertex -4.84117 -5.38515 10
      vertex -5.12652 -5.12652 0
      vertex -4.84117 -5.38515 0
    endloop
  endfacet
  facet normal -0.33689 -0.941544 0
    outer loop
      vertex -2.24458 -6.88772 0
      vertex -2.10456 -6.93782 10
      vertex -2.24458 -6.88772 10
    endloop
  endfacet
  facet normal -0.33689 -0.941544 -0
    outer loop
      vertex -2.10456 -6.93782 10
      vertex -2.24458 -6.88772 0
      vertex -2.10456 -6.93782 0
    endloop
  endfacet
  facet normal -0.146737 -0.989176 0
    outer loop
      vertex -1.4144 -7.11069 0
      vertex -0.710624 -7.21509 10
      vertex -1.4144 -7.11069 10
    endloop
  endfacet
  facet normal -0.146737 -0.989176 -0
    outer loop
      vertex -0.710624 -7.21509 10
      vertex -1.4144 -7.11069 0
      vertex -0.710624 -7.21509 0
    endloop
  endfacet
  facet normal -0.90399 -0.427553 0
    outer loop
      vertex -6.39393 -3.41763 0
      vertex -6.69813 -2.77445 10
      vertex -6.69813 -2.77445 0
    endloop
  endfacet
  facet normal -0.90399 -0.427553 0
    outer loop
      vertex -6.69813 -2.77445 10
      vertex -6.39393 -3.41763 0
      vertex -6.39393 -3.41763 10
    endloop
  endfacet
  facet normal -0.803215 -0.595689 0
    outer loop
      vertex -5.60433 -4.59935 0
      vertex -6.02815 -4.02788 10
      vertex -6.02815 -4.02788 0
    endloop
  endfacet
  facet normal -0.803215 -0.595689 0
    outer loop
      vertex -6.02815 -4.02788 10
      vertex -5.60433 -4.59935 0
      vertex -5.60433 -4.59935 10
    endloop
  endfacet
  facet normal -0.970033 -0.242972 0
    outer loop
      vertex -6.93782 -2.10456 0
      vertex -7.11069 -1.4144 10
      vertex -7.11069 -1.4144 0
    endloop
  endfacet
  facet normal -0.970033 -0.242972 0
    outer loop
      vertex -7.11069 -1.4144 10
      vertex -6.93782 -2.10456 0
      vertex -6.93782 -2.10456 10
    endloop
  endfacet
  facet normal -0.998796 -0.0490667 0
    outer loop
      vertex -7.21509 -0.710624 0
      vertex -7.25 0 10
      vertex -7.25 0 0
    endloop
  endfacet
  facet normal -0.998796 -0.0490667 0
    outer loop
      vertex -7.25 0 10
      vertex -7.21509 -0.710624 0
      vertex -7.21509 -0.710624 10
    endloop
  endfacet
  facet normal 0.146737 -0.989176 0
    outer loop
      vertex 0.710624 -7.21509 0
      vertex 1.4144 -7.11069 10
      vertex 0.710624 -7.21509 10
    endloop
  endfacet
  facet normal 0.146737 -0.989176 0
    outer loop
      vertex 1.4144 -7.11069 10
      vertex 0.710624 -7.21509 0
      vertex 1.4144 -7.11069 0
    endloop
  endfacet
  facet normal 0.336889 -0.941544 0
    outer loop
      vertex 2.10456 -6.93782 0
      vertex 2.77445 -6.69813 10
      vertex 2.10456 -6.93782 10
    endloop
  endfacet
  facet normal 0.336889 -0.941544 0
    outer loop
      vertex 2.77445 -6.69813 10
      vertex 2.10456 -6.93782 0
      vertex 2.77445 -6.69813 0
    endloop
  endfacet
  facet normal 0.671567 -0.740943 0
    outer loop
      vertex 4.59935 -5.60433 0
      vertex 5.12652 -5.12652 10
      vertex 4.59935 -5.60433 10
    endloop
  endfacet
  facet normal 0.671567 -0.740943 0
    outer loop
      vertex 5.12652 -5.12652 10
      vertex 4.59935 -5.60433 0
      vertex 5.12652 -5.12652 0
    endloop
  endfacet
  facet normal 0.514113 -0.857722 0
    outer loop
      vertex 3.41763 -6.39393 0
      vertex 4.02788 -6.02815 10
      vertex 3.41763 -6.39393 10
    endloop
  endfacet
  facet normal 0.514113 -0.857722 0
    outer loop
      vertex 4.02788 -6.02815 10
      vertex 3.41763 -6.39393 0
      vertex 4.02788 -6.02815 0
    endloop
  endfacet
  facet normal 0.803215 -0.595689 0
    outer loop
      vertex 5.60433 -4.59935 10
      vertex 6.02815 -4.02788 0
      vertex 6.02815 -4.02788 10
    endloop
  endfacet
  facet normal 0.803215 -0.595689 0
    outer loop
      vertex 6.02815 -4.02788 0
      vertex 5.60433 -4.59935 10
      vertex 5.60433 -4.59935 0
    endloop
  endfacet
  facet normal 0.857722 -0.514113 0
    outer loop
      vertex 6.02815 -4.02788 10
      vertex 6.39393 -3.41763 0
      vertex 6.39393 -3.41763 10
    endloop
  endfacet
  facet normal 0.857722 -0.514113 0
    outer loop
      vertex 6.39393 -3.41763 0
      vertex 6.02815 -4.02788 10
      vertex 6.02815 -4.02788 0
    endloop
  endfacet
  facet normal 0.970033 -0.242974 0
    outer loop
      vertex 6.93782 -2.10456 10
      vertex 7.08925 -1.5 0
      vertex 7.08925 -1.5 10
    endloop
  endfacet
  facet normal 0.970033 -0.242974 0
    outer loop
      vertex 7.08925 -1.5 0
      vertex 6.93782 -2.10456 10
      vertex 6.93782 -2.10456 0
    endloop
  endfacet
  facet normal -0.242972 -0.970033 0
    outer loop
      vertex -2.10456 -6.93782 0
      vertex -1.4144 -7.11069 10
      vertex -2.10456 -6.93782 10
    endloop
  endfacet
  facet normal -0.242972 -0.970033 -0
    outer loop
      vertex -1.4144 -7.11069 10
      vertex -2.10456 -6.93782 0
      vertex -1.4144 -7.11069 0
    endloop
  endfacet
  facet normal -0.0490667 -0.998796 0
    outer loop
      vertex -0.710624 -7.21509 0
      vertex 0 -7.25 10
      vertex -0.710624 -7.21509 10
    endloop
  endfacet
  facet normal -0.0490667 -0.998796 -0
    outer loop
      vertex 0 -7.25 10
      vertex -0.710624 -7.21509 0
      vertex 0 -7.25 0
    endloop
  endfacet
  facet normal -0.857722 -0.514113 0
    outer loop
      vertex -6.02815 -4.02788 0
      vertex -6.39393 -3.41763 10
      vertex -6.39393 -3.41763 0
    endloop
  endfacet
  facet normal -0.857722 -0.514113 0
    outer loop
      vertex -6.39393 -3.41763 10
      vertex -6.02815 -4.02788 0
      vertex -6.02815 -4.02788 10
    endloop
  endfacet
  facet normal -0.740943 -0.671567 0
    outer loop
      vertex -5.12652 -5.12652 0
      vertex -5.60433 -4.59935 10
      vertex -5.60433 -4.59935 0
    endloop
  endfacet
  facet normal -0.740943 -0.671567 0
    outer loop
      vertex -5.60433 -4.59935 10
      vertex -5.12652 -5.12652 0
      vertex -5.12652 -5.12652 10
    endloop
  endfacet
  facet normal -0.941544 -0.336889 0
    outer loop
      vertex -6.69813 -2.77445 0
      vertex -6.93782 -2.10456 10
      vertex -6.93782 -2.10456 0
    endloop
  endfacet
  facet normal -0.941544 -0.336889 0
    outer loop
      vertex -6.93782 -2.10456 10
      vertex -6.69813 -2.77445 0
      vertex -6.69813 -2.77445 10
    endloop
  endfacet
  facet normal -0.989176 -0.146737 0
    outer loop
      vertex -7.11069 -1.4144 0
      vertex -7.21509 -0.710624 10
      vertex -7.21509 -0.710624 0
    endloop
  endfacet
  facet normal -0.989176 -0.146737 0
    outer loop
      vertex -7.21509 -0.710624 10
      vertex -7.11069 -1.4144 0
      vertex -7.11069 -1.4144 10
    endloop
  endfacet
  facet normal 0.90399 -0.427553 0
    outer loop
      vertex 6.39393 -3.41763 10
      vertex 6.69813 -2.77445 0
      vertex 6.69813 -2.77445 10
    endloop
  endfacet
  facet normal 0.90399 -0.427553 0
    outer loop
      vertex 6.69813 -2.77445 0
      vertex 6.39393 -3.41763 10
      vertex 6.39393 -3.41763 0
    endloop
  endfacet
  facet normal -0.857734 -0.514094 0
    outer loop
      vertex 4.27732 2.28627 0
      vertex 4.03263 2.69452 10
      vertex 4.03263 2.69452 0
    endloop
  endfacet
  facet normal -0.857734 -0.514094 0
    outer loop
      vertex 4.03263 2.69452 10
      vertex 4.27732 2.28627 0
      vertex 4.27732 2.28627 10
    endloop
  endfacet
  facet normal -0.336902 -0.94154 0
    outer loop
      vertex 1.40788 4.64116 0
      vertex 1.85601 4.48081 10
      vertex 1.40788 4.64116 10
    endloop
  endfacet
  facet normal -0.336902 -0.94154 -0
    outer loop
      vertex 1.85601 4.48081 10
      vertex 1.40788 4.64116 0
      vertex 1.85601 4.48081 0
    endloop
  endfacet
  facet normal 0.427542 -0.903996 0
    outer loop
      vertex -2.28627 4.27732 0
      vertex -1.85601 4.48081 10
      vertex -2.28627 4.27732 10
    endloop
  endfacet
  facet normal 0.427542 -0.903996 0
    outer loop
      vertex -1.85601 4.48081 10
      vertex -2.28627 4.27732 0
      vertex -1.85601 4.48081 0
    endloop
  endfacet
  facet normal 0.94154 -0.336902 0
    outer loop
      vertex -4.64116 1.40788 10
      vertex -4.48081 1.85601 0
      vertex -4.48081 1.85601 10
    endloop
  endfacet
  facet normal 0.94154 -0.336902 0
    outer loop
      vertex -4.48081 1.85601 0
      vertex -4.64116 1.40788 10
      vertex -4.64116 1.40788 0
    endloop
  endfacet
  facet normal -0.998796 0.0490591 0
    outer loop
      vertex 4.82665 -0.475383 0
      vertex 4.85 0 10
      vertex 4.85 0 0
    endloop
  endfacet
  facet normal -0.998796 0.0490591 0
    outer loop
      vertex 4.85 0 10
      vertex 4.82665 -0.475383 0
      vertex 4.82665 -0.475383 10
    endloop
  endfacet
  facet normal -0.514094 -0.857734 0
    outer loop
      vertex 2.28627 4.27732 0
      vertex 2.69452 4.03263 10
      vertex 2.28627 4.27732 10
    endloop
  endfacet
  facet normal -0.514094 -0.857734 -0
    outer loop
      vertex 2.69452 4.03263 10
      vertex 2.28627 4.27732 0
      vertex 2.69452 4.03263 0
    endloop
  endfacet
  facet normal 0.998796 -0.0490591 0
    outer loop
      vertex -4.85 0 10
      vertex -4.82665 0.475383 0
      vertex -4.82665 0.475383 10
    endloop
  endfacet
  facet normal 0.998796 -0.0490591 0
    outer loop
      vertex -4.82665 0.475383 0
      vertex -4.85 0 10
      vertex -4.85 0 0
    endloop
  endfacet
  facet normal 0.803203 -0.595705 0
    outer loop
      vertex -4.03263 2.69452 10
      vertex -3.7491 3.07681 0
      vertex -3.7491 3.07681 10
    endloop
  endfacet
  facet normal 0.803203 -0.595705 0
    outer loop
      vertex -3.7491 3.07681 0
      vertex -4.03263 2.69452 10
      vertex -4.03263 2.69452 0
    endloop
  endfacet
  facet normal 0.242984 -0.97003 0
    outer loop
      vertex -1.40788 4.64116 0
      vertex -0.946188 4.75681 10
      vertex -1.40788 4.64116 10
    endloop
  endfacet
  facet normal 0.242984 -0.97003 0
    outer loop
      vertex -0.946188 4.75681 10
      vertex -1.40788 4.64116 0
      vertex -0.946188 4.75681 0
    endloop
  endfacet
  facet normal -0.989176 -0.146736 0
    outer loop
      vertex 4.82665 0.475383 0
      vertex 4.75681 0.946188 10
      vertex 4.75681 0.946188 0
    endloop
  endfacet
  facet normal -0.989176 -0.146736 0
    outer loop
      vertex 4.75681 0.946188 10
      vertex 4.82665 0.475383 0
      vertex 4.82665 0.475383 10
    endloop
  endfacet
  facet normal -0.803203 -0.595705 0
    outer loop
      vertex 4.03263 2.69452 0
      vertex 3.7491 3.07681 10
      vertex 3.7491 3.07681 0
    endloop
  endfacet
  facet normal -0.803203 -0.595705 0
    outer loop
      vertex 3.7491 3.07681 10
      vertex 4.03263 2.69452 0
      vertex 4.03263 2.69452 10
    endloop
  endfacet
  facet normal -0.671556 -0.740954 0
    outer loop
      vertex 3.07681 3.7491 0
      vertex 3.42947 3.42947 10
      vertex 3.07681 3.7491 10
    endloop
  endfacet
  facet normal -0.671556 -0.740954 -0
    outer loop
      vertex 3.42947 3.42947 10
      vertex 3.07681 3.7491 0
      vertex 3.42947 3.42947 0
    endloop
  endfacet
  facet normal 0.0490591 -0.998796 0
    outer loop
      vertex -0.475383 4.82665 0
      vertex 0 4.85 10
      vertex -0.475383 4.82665 10
    endloop
  endfacet
  facet normal 0.0490591 -0.998796 0
    outer loop
      vertex 0 4.85 10
      vertex -0.475383 4.82665 0
      vertex 0 4.85 0
    endloop
  endfacet
  facet normal -0.242984 -0.97003 0
    outer loop
      vertex 0.946188 4.75681 0
      vertex 1.40788 4.64116 10
      vertex 0.946188 4.75681 10
    endloop
  endfacet
  facet normal -0.242984 -0.97003 -0
    outer loop
      vertex 1.40788 4.64116 10
      vertex 0.946188 4.75681 0
      vertex 1.40788 4.64116 0
    endloop
  endfacet
  facet normal -0.146736 -0.989176 0
    outer loop
      vertex 0.475383 4.82665 0
      vertex 0.946188 4.75681 10
      vertex 0.475383 4.82665 10
    endloop
  endfacet
  facet normal -0.146736 -0.989176 -0
    outer loop
      vertex 0.946188 4.75681 10
      vertex 0.475383 4.82665 0
      vertex 0.946188 4.75681 0
    endloop
  endfacet
  facet normal -0.427542 -0.903996 0
    outer loop
      vertex 1.85601 4.48081 0
      vertex 2.28627 4.27732 10
      vertex 1.85601 4.48081 10
    endloop
  endfacet
  facet normal -0.427542 -0.903996 -0
    outer loop
      vertex 2.28627 4.27732 10
      vertex 1.85601 4.48081 0
      vertex 2.28627 4.27732 0
    endloop
  endfacet
  facet normal -0.595705 -0.803203 0
    outer loop
      vertex 2.69452 4.03263 0
      vertex 3.07681 3.7491 10
      vertex 2.69452 4.03263 10
    endloop
  endfacet
  facet normal -0.595705 -0.803203 -0
    outer loop
      vertex 3.07681 3.7491 10
      vertex 2.69452 4.03263 0
      vertex 3.07681 3.7491 0
    endloop
  endfacet
  facet normal 0.97003 -0.242984 0
    outer loop
      vertex -4.75681 0.946188 10
      vertex -4.64116 1.40788 0
      vertex -4.64116 1.40788 10
    endloop
  endfacet
  facet normal 0.97003 -0.242984 0
    outer loop
      vertex -4.64116 1.40788 0
      vertex -4.75681 0.946188 10
      vertex -4.75681 0.946188 0
    endloop
  endfacet
  facet normal 0.989176 -0.146736 0
    outer loop
      vertex -4.82665 0.475383 10
      vertex -4.75681 0.946188 0
      vertex -4.75681 0.946188 10
    endloop
  endfacet
  facet normal 0.989176 -0.146736 0
    outer loop
      vertex -4.75681 0.946188 0
      vertex -4.82665 0.475383 10
      vertex -4.82665 0.475383 0
    endloop
  endfacet
  facet normal 0.903996 -0.427542 0
    outer loop
      vertex -4.48081 1.85601 10
      vertex -4.27732 2.28627 0
      vertex -4.27732 2.28627 10
    endloop
  endfacet
  facet normal 0.903996 -0.427542 0
    outer loop
      vertex -4.27732 2.28627 0
      vertex -4.48081 1.85601 10
      vertex -4.48081 1.85601 0
    endloop
  endfacet
  facet normal 0.857734 -0.514094 0
    outer loop
      vertex -4.27732 2.28627 10
      vertex -4.03263 2.69452 0
      vertex -4.03263 2.69452 10
    endloop
  endfacet
  facet normal 0.857734 -0.514094 0
    outer loop
      vertex -4.03263 2.69452 0
      vertex -4.27732 2.28627 10
      vertex -4.27732 2.28627 0
    endloop
  endfacet
  facet normal 0.336902 -0.94154 0
    outer loop
      vertex -1.85601 4.48081 0
      vertex -1.40788 4.64116 10
      vertex -1.85601 4.48081 10
    endloop
  endfacet
  facet normal 0.336902 -0.94154 0
    outer loop
      vertex -1.40788 4.64116 10
      vertex -1.85601 4.48081 0
      vertex -1.40788 4.64116 0
    endloop
  endfacet
  facet normal 0.146736 -0.989176 0
    outer loop
      vertex -0.946188 4.75681 0
      vertex -0.475383 4.82665 10
      vertex -0.946188 4.75681 10
    endloop
  endfacet
  facet normal 0.146736 -0.989176 0
    outer loop
      vertex -0.475383 4.82665 10
      vertex -0.946188 4.75681 0
      vertex -0.475383 4.82665 0
    endloop
  endfacet
  facet normal 0.595705 -0.803203 0
    outer loop
      vertex -3.07681 3.7491 0
      vertex -2.69452 4.03263 10
      vertex -3.07681 3.7491 10
    endloop
  endfacet
  facet normal 0.595705 -0.803203 0
    outer loop
      vertex -2.69452 4.03263 10
      vertex -3.07681 3.7491 0
      vertex -2.69452 4.03263 0
    endloop
  endfacet
  facet normal 0.671556 -0.740954 0
    outer loop
      vertex -3.42947 3.42947 0
      vertex -3.07681 3.7491 10
      vertex -3.42947 3.42947 10
    endloop
  endfacet
  facet normal 0.671556 -0.740954 0
    outer loop
      vertex -3.07681 3.7491 10
      vertex -3.42947 3.42947 0
      vertex -3.07681 3.7491 0
    endloop
  endfacet
  facet normal 0.514094 -0.857734 0
    outer loop
      vertex -2.69452 4.03263 0
      vertex -2.28627 4.27732 10
      vertex -2.69452 4.03263 10
    endloop
  endfacet
  facet normal 0.514094 -0.857734 0
    outer loop
      vertex -2.28627 4.27732 10
      vertex -2.69452 4.03263 0
      vertex -2.28627 4.27732 0
    endloop
  endfacet
  facet normal 0.740954 -0.671556 0
    outer loop
      vertex -3.7491 3.07681 10
      vertex -3.42947 3.42947 0
      vertex -3.42947 3.42947 10
    endloop
  endfacet
  facet normal 0.740954 -0.671556 0
    outer loop
      vertex -3.42947 3.42947 0
      vertex -3.7491 3.07681 10
      vertex -3.7491 3.07681 0
    endloop
  endfacet
  facet normal -0.998796 -0.0490591 0
    outer loop
      vertex 4.85 0 0
      vertex 4.82665 0.475383 10
      vertex 4.82665 0.475383 0
    endloop
  endfacet
  facet normal -0.998796 -0.0490591 0
    outer loop
      vertex 4.82665 0.475383 10
      vertex 4.85 0 0
      vertex 4.85 0 10
    endloop
  endfacet
  facet normal -0.97003 0.242984 0
    outer loop
      vertex 4.64116 -1.40788 0
      vertex 4.75681 -0.946188 10
      vertex 4.75681 -0.946188 0
    endloop
  endfacet
  facet normal -0.97003 0.242984 0
    outer loop
      vertex 4.75681 -0.946188 10
      vertex 4.64116 -1.40788 0
      vertex 4.64116 -1.40788 10
    endloop
  endfacet
  facet normal -0.146736 0.989176 0
    outer loop
      vertex 0.946188 -4.75681 0
      vertex 0.475383 -4.82665 10
      vertex 0.946188 -4.75681 10
    endloop
  endfacet
  facet normal -0.146736 0.989176 0
    outer loop
      vertex 0.475383 -4.82665 10
      vertex 0.946188 -4.75681 0
      vertex 0.475383 -4.82665 0
    endloop
  endfacet
  facet normal -0.903996 -0.427542 0
    outer loop
      vertex 4.48081 1.85601 0
      vertex 4.27732 2.28627 10
      vertex 4.27732 2.28627 0
    endloop
  endfacet
  facet normal -0.903996 -0.427542 0
    outer loop
      vertex 4.27732 2.28627 10
      vertex 4.48081 1.85601 0
      vertex 4.48081 1.85601 10
    endloop
  endfacet
  facet normal -0.94154 -0.336902 0
    outer loop
      vertex 4.64116 1.40788 0
      vertex 4.48081 1.85601 10
      vertex 4.48081 1.85601 0
    endloop
  endfacet
  facet normal -0.94154 -0.336902 0
    outer loop
      vertex 4.48081 1.85601 10
      vertex 4.64116 1.40788 0
      vertex 4.64116 1.40788 10
    endloop
  endfacet
  facet normal -0.97003 -0.242984 0
    outer loop
      vertex 4.75681 0.946188 0
      vertex 4.64116 1.40788 10
      vertex 4.64116 1.40788 0
    endloop
  endfacet
  facet normal -0.97003 -0.242984 0
    outer loop
      vertex 4.64116 1.40788 10
      vertex 4.75681 0.946188 0
      vertex 4.75681 0.946188 10
    endloop
  endfacet
  facet normal -0.740954 -0.671556 0
    outer loop
      vertex 3.7491 3.07681 0
      vertex 3.42947 3.42947 10
      vertex 3.42947 3.42947 0
    endloop
  endfacet
  facet normal -0.740954 -0.671556 0
    outer loop
      vertex 3.42947 3.42947 10
      vertex 3.7491 3.07681 0
      vertex 3.7491 3.07681 10
    endloop
  endfacet
  facet normal -0.0490591 -0.998796 0
    outer loop
      vertex 0 4.85 0
      vertex 0.475383 4.82665 10
      vertex 0 4.85 10
    endloop
  endfacet
  facet normal -0.0490591 -0.998796 -0
    outer loop
      vertex 0.475383 4.82665 10
      vertex 0 4.85 0
      vertex 0.475383 4.82665 0
    endloop
  endfacet
  facet normal -0.989176 0.146736 0
    outer loop
      vertex 4.75681 -0.946188 0
      vertex 4.82665 -0.475383 10
      vertex 4.82665 -0.475383 0
    endloop
  endfacet
  facet normal -0.989176 0.146736 0
    outer loop
      vertex 4.82665 -0.475383 10
      vertex 4.75681 -0.946188 0
      vertex 4.75681 -0.946188 10
    endloop
  endfacet
  facet normal -0.803203 0.595705 0
    outer loop
      vertex 3.7491 -3.07681 0
      vertex 4.03263 -2.69452 10
      vertex 4.03263 -2.69452 0
    endloop
  endfacet
  facet normal -0.803203 0.595705 0
    outer loop
      vertex 4.03263 -2.69452 10
      vertex 3.7491 -3.07681 0
      vertex 3.7491 -3.07681 10
    endloop
  endfacet
  facet normal -0.903996 0.427542 0
    outer loop
      vertex 4.27732 -2.28627 0
      vertex 4.48081 -1.85601 10
      vertex 4.48081 -1.85601 0
    endloop
  endfacet
  facet normal -0.903996 0.427542 0
    outer loop
      vertex 4.48081 -1.85601 10
      vertex 4.27732 -2.28627 0
      vertex 4.27732 -2.28627 10
    endloop
  endfacet
  facet normal -0.857734 0.514094 0
    outer loop
      vertex 4.03263 -2.69452 0
      vertex 4.27732 -2.28627 10
      vertex 4.27732 -2.28627 0
    endloop
  endfacet
  facet normal -0.857734 0.514094 0
    outer loop
      vertex 4.27732 -2.28627 10
      vertex 4.03263 -2.69452 0
      vertex 4.03263 -2.69452 10
    endloop
  endfacet
  facet normal -0.0490591 0.998796 0
    outer loop
      vertex 0.475383 -4.82665 0
      vertex 0 -4.85 10
      vertex 0.475383 -4.82665 10
    endloop
  endfacet
  facet normal -0.0490591 0.998796 0
    outer loop
      vertex 0 -4.85 10
      vertex 0.475383 -4.82665 0
      vertex 0 -4.85 0
    endloop
  endfacet
  facet normal 0.998796 0.0490591 0
    outer loop
      vertex -4.82665 -0.475383 10
      vertex -4.85 0 0
      vertex -4.85 0 10
    endloop
  endfacet
  facet normal 0.998796 0.0490591 0
    outer loop
      vertex -4.85 0 0
      vertex -4.82665 -0.475383 10
      vertex -4.82665 -0.475383 0
    endloop
  endfacet
  facet normal -0.336902 0.94154 0
    outer loop
      vertex 1.85601 -4.48081 0
      vertex 1.40788 -4.64116 10
      vertex 1.85601 -4.48081 10
    endloop
  endfacet
  facet normal -0.336902 0.94154 0
    outer loop
      vertex 1.40788 -4.64116 10
      vertex 1.85601 -4.48081 0
      vertex 1.40788 -4.64116 0
    endloop
  endfacet
  facet normal -0.242984 0.97003 0
    outer loop
      vertex 1.40788 -4.64116 0
      vertex 0.946188 -4.75681 10
      vertex 1.40788 -4.64116 10
    endloop
  endfacet
  facet normal -0.242984 0.97003 0
    outer loop
      vertex 0.946188 -4.75681 10
      vertex 1.40788 -4.64116 0
      vertex 0.946188 -4.75681 0
    endloop
  endfacet
  facet normal -0.427542 0.903996 0
    outer loop
      vertex 2.28627 -4.27732 0
      vertex 1.85601 -4.48081 10
      vertex 2.28627 -4.27732 10
    endloop
  endfacet
  facet normal -0.427542 0.903996 0
    outer loop
      vertex 1.85601 -4.48081 10
      vertex 2.28627 -4.27732 0
      vertex 1.85601 -4.48081 0
    endloop
  endfacet
  facet normal -0.671556 0.740954 0
    outer loop
      vertex 3.42947 -3.42947 0
      vertex 3.07681 -3.7491 10
      vertex 3.42947 -3.42947 10
    endloop
  endfacet
  facet normal -0.671556 0.740954 0
    outer loop
      vertex 3.07681 -3.7491 10
      vertex 3.42947 -3.42947 0
      vertex 3.07681 -3.7491 0
    endloop
  endfacet
  facet normal -0.94154 0.336902 0
    outer loop
      vertex 4.48081 -1.85601 0
      vertex 4.64116 -1.40788 10
      vertex 4.64116 -1.40788 0
    endloop
  endfacet
  facet normal -0.94154 0.336902 0
    outer loop
      vertex 4.64116 -1.40788 10
      vertex 4.48081 -1.85601 0
      vertex 4.48081 -1.85601 10
    endloop
  endfacet
  facet normal 0.242984 0.97003 -0
    outer loop
      vertex -0.946188 -4.75681 0
      vertex -1.40788 -4.64116 10
      vertex -0.946188 -4.75681 10
    endloop
  endfacet
  facet normal 0.242984 0.97003 0
    outer loop
      vertex -1.40788 -4.64116 10
      vertex -0.946188 -4.75681 0
      vertex -1.40788 -4.64116 0
    endloop
  endfacet
  facet normal 0.857734 0.514094 0
    outer loop
      vertex -4.03263 -2.69452 10
      vertex -4.27732 -2.28627 0
      vertex -4.27732 -2.28627 10
    endloop
  endfacet
  facet normal 0.857734 0.514094 0
    outer loop
      vertex -4.27732 -2.28627 0
      vertex -4.03263 -2.69452 10
      vertex -4.03263 -2.69452 0
    endloop
  endfacet
  facet normal 0.94154 0.336902 0
    outer loop
      vertex -4.48081 -1.85601 10
      vertex -4.64116 -1.40788 0
      vertex -4.64116 -1.40788 10
    endloop
  endfacet
  facet normal 0.94154 0.336902 0
    outer loop
      vertex -4.64116 -1.40788 0
      vertex -4.48081 -1.85601 10
      vertex -4.48081 -1.85601 0
    endloop
  endfacet
  facet normal 0.97003 0.242984 0
    outer loop
      vertex -4.64116 -1.40788 10
      vertex -4.75681 -0.946188 0
      vertex -4.75681 -0.946188 10
    endloop
  endfacet
  facet normal 0.97003 0.242984 0
    outer loop
      vertex -4.75681 -0.946188 0
      vertex -4.64116 -1.40788 10
      vertex -4.64116 -1.40788 0
    endloop
  endfacet
  facet normal 0.903996 0.427542 0
    outer loop
      vertex -4.27732 -2.28627 10
      vertex -4.48081 -1.85601 0
      vertex -4.48081 -1.85601 10
    endloop
  endfacet
  facet normal 0.903996 0.427542 0
    outer loop
      vertex -4.48081 -1.85601 0
      vertex -4.27732 -2.28627 10
      vertex -4.27732 -2.28627 0
    endloop
  endfacet
  facet normal -0.740954 0.671556 0
    outer loop
      vertex 3.42947 -3.42947 0
      vertex 3.7491 -3.07681 10
      vertex 3.7491 -3.07681 0
    endloop
  endfacet
  facet normal -0.740954 0.671556 0
    outer loop
      vertex 3.7491 -3.07681 10
      vertex 3.42947 -3.42947 0
      vertex 3.42947 -3.42947 10
    endloop
  endfacet
  facet normal -0.595705 0.803203 0
    outer loop
      vertex 3.07681 -3.7491 0
      vertex 2.69452 -4.03263 10
      vertex 3.07681 -3.7491 10
    endloop
  endfacet
  facet normal -0.595705 0.803203 0
    outer loop
      vertex 2.69452 -4.03263 10
      vertex 3.07681 -3.7491 0
      vertex 2.69452 -4.03263 0
    endloop
  endfacet
  facet normal -0.514094 0.857734 0
    outer loop
      vertex 2.69452 -4.03263 0
      vertex 2.28627 -4.27732 10
      vertex 2.69452 -4.03263 10
    endloop
  endfacet
  facet normal -0.514094 0.857734 0
    outer loop
      vertex 2.28627 -4.27732 10
      vertex 2.69452 -4.03263 0
      vertex 2.28627 -4.27732 0
    endloop
  endfacet
  facet normal 0.595705 0.803203 -0
    outer loop
      vertex -2.69452 -4.03263 0
      vertex -3.07681 -3.7491 10
      vertex -2.69452 -4.03263 10
    endloop
  endfacet
  facet normal 0.595705 0.803203 0
    outer loop
      vertex -3.07681 -3.7491 10
      vertex -2.69452 -4.03263 0
      vertex -3.07681 -3.7491 0
    endloop
  endfacet
  facet normal 0.427542 0.903996 -0
    outer loop
      vertex -1.85601 -4.48081 0
      vertex -2.28627 -4.27732 10
      vertex -1.85601 -4.48081 10
    endloop
  endfacet
  facet normal 0.427542 0.903996 0
    outer loop
      vertex -2.28627 -4.27732 10
      vertex -1.85601 -4.48081 0
      vertex -2.28627 -4.27732 0
    endloop
  endfacet
  facet normal 0.146736 0.989176 -0
    outer loop
      vertex -0.475383 -4.82665 0
      vertex -0.946188 -4.75681 10
      vertex -0.475383 -4.82665 10
    endloop
  endfacet
  facet normal 0.146736 0.989176 0
    outer loop
      vertex -0.946188 -4.75681 10
      vertex -0.475383 -4.82665 0
      vertex -0.946188 -4.75681 0
    endloop
  endfacet
  facet normal 0.0490591 0.998796 -0
    outer loop
      vertex 0 -4.85 0
      vertex -0.475383 -4.82665 10
      vertex 0 -4.85 10
    endloop
  endfacet
  facet normal 0.0490591 0.998796 0
    outer loop
      vertex -0.475383 -4.82665 10
      vertex 0 -4.85 0
      vertex -0.475383 -4.82665 0
    endloop
  endfacet
  facet normal 0.740954 0.671556 0
    outer loop
      vertex -3.42947 -3.42947 10
      vertex -3.7491 -3.07681 0
      vertex -3.7491 -3.07681 10
    endloop
  endfacet
  facet normal 0.740954 0.671556 0
    outer loop
      vertex -3.7491 -3.07681 0
      vertex -3.42947 -3.42947 10
      vertex -3.42947 -3.42947 0
    endloop
  endfacet
  facet normal 0.803203 0.595705 0
    outer loop
      vertex -3.7491 -3.07681 10
      vertex -4.03263 -2.69452 0
      vertex -4.03263 -2.69452 10
    endloop
  endfacet
  facet normal 0.803203 0.595705 0
    outer loop
      vertex -4.03263 -2.69452 0
      vertex -3.7491 -3.07681 10
      vertex -3.7491 -3.07681 0
    endloop
  endfacet
  facet normal 0.671556 0.740954 -0
    outer loop
      vertex -3.07681 -3.7491 0
      vertex -3.42947 -3.42947 10
      vertex -3.07681 -3.7491 10
    endloop
  endfacet
  facet normal 0.671556 0.740954 0
    outer loop
      vertex -3.42947 -3.42947 10
      vertex -3.07681 -3.7491 0
      vertex -3.42947 -3.42947 0
    endloop
  endfacet
  facet normal 0.989176 0.146736 0
    outer loop
      vertex -4.75681 -0.946188 10
      vertex -4.82665 -0.475383 0
      vertex -4.82665 -0.475383 10
    endloop
  endfacet
  facet normal 0.989176 0.146736 0
    outer loop
      vertex -4.82665 -0.475383 0
      vertex -4.75681 -0.946188 10
      vertex -4.75681 -0.946188 0
    endloop
  endfacet
  facet normal 0.514094 0.857734 -0
    outer loop
      vertex -2.28627 -4.27732 0
      vertex -2.69452 -4.03263 10
      vertex -2.28627 -4.27732 10
    endloop
  endfacet
  facet normal 0.514094 0.857734 0
    outer loop
      vertex -2.69452 -4.03263 10
      vertex -2.28627 -4.27732 0
      vertex -2.69452 -4.03263 0
    endloop
  endfacet
  facet normal 0.336902 0.94154 -0
    outer loop
      vertex -1.40788 -4.64116 0
      vertex -1.85601 -4.48081 10
      vertex -1.40788 -4.64116 10
    endloop
  endfacet
  facet normal 0.336902 0.94154 0
    outer loop
      vertex -1.85601 -4.48081 10
      vertex -1.40788 -4.64116 0
      vertex -1.85601 -4.48081 0
    endloop
  endfacet
  facet normal -0.998796 0.0490603 0
    outer loop
      vertex -27.5 0 0
      vertex -27.3676 2.69547 17.012
      vertex -27.3676 2.69547 0
    endloop
  endfacet
  facet normal -0.998796 0.0490603 0
    outer loop
      vertex -27.3676 2.69547 17.012
      vertex -27.5 0 0
      vertex -27.5 0 17
    endloop
  endfacet
  facet normal -0.0490603 -0.998796 0
    outer loop
      vertex 0 -27.5 0
      vertex -2.69547 -27.3676 19.255
      vertex -2.69547 -27.3676 0
    endloop
  endfacet
  facet normal -0.0490603 -0.998796 0
    outer loop
      vertex -2.69547 -27.3676 19.255
      vertex 0 -27.5 0
      vertex 0 -27.5 19.5
    endloop
  endfacet
  facet normal -0.671573 0.740939 0
    outer loop
      vertex -17.4458 21.2578 0
      vertex -19.4454 19.4454 17.7322
      vertex -17.4458 21.2578 17.914
    endloop
  endfacet
  facet normal -0.671573 0.740939 0
    outer loop
      vertex -19.4454 19.4454 17.7322
      vertex -17.4458 21.2578 0
      vertex -19.4454 19.4454 0
    endloop
  endfacet
  facet normal -0.336899 0.941541 0
    outer loop
      vertex -7.98283 26.3159 0
      vertex -10.5238 25.4067 18.5433
      vertex -7.98283 26.3159 18.7743
    endloop
  endfacet
  facet normal -0.336899 0.941541 0
    outer loop
      vertex -10.5238 25.4067 18.5433
      vertex -7.98283 26.3159 0
      vertex -10.5238 25.4067 0
    endloop
  endfacet
  facet normal -0.970035 -0.242967 0
    outer loop
      vertex -26.3159 -7.98283 0
      vertex -26.9716 -5.36498 17.048
      vertex -26.9716 -5.36498 0
    endloop
  endfacet
  facet normal -0.970035 -0.242967 0
    outer loop
      vertex -26.9716 -5.36498 17.048
      vertex -26.3159 -7.98283 0
      vertex -26.3159 -7.98283 17.1076
    endloop
  endfacet
  facet normal -0.857735 0.514092 0
    outer loop
      vertex -24.2528 12.9634 17.2952
      vertex -22.8654 15.2782 0
      vertex -24.2528 12.9634 0
    endloop
  endfacet
  facet normal -0.857735 0.514092 0
    outer loop
      vertex -22.8654 15.2782 0
      vertex -24.2528 12.9634 17.2952
      vertex -22.8654 15.2782 17.4213
    endloop
  endfacet
  facet normal -0.803208 0.595699 0
    outer loop
      vertex -22.8654 15.2782 17.4213
      vertex -21.2578 17.4458 0
      vertex -22.8654 15.2782 0
    endloop
  endfacet
  facet normal -0.803208 0.595699 0
    outer loop
      vertex -21.2578 17.4458 0
      vertex -22.8654 15.2782 17.4213
      vertex -21.2578 17.4458 17.5675
    endloop
  endfacet
  facet normal -0.146736 0.989176 0
    outer loop
      vertex -2.69547 27.3676 0
      vertex -5.36498 26.9716 19.0123
      vertex -2.69547 27.3676 19.255
    endloop
  endfacet
  facet normal -0.146736 0.989176 0
    outer loop
      vertex -5.36498 26.9716 19.0123
      vertex -2.69547 27.3676 0
      vertex -5.36498 26.9716 0
    endloop
  endfacet
  facet normal -0.336899 -0.941541 0
    outer loop
      vertex -7.98283 -26.3159 0
      vertex -10.5238 -25.4067 18.5433
      vertex -10.5238 -25.4067 0
    endloop
  endfacet
  facet normal -0.336899 -0.941541 0
    outer loop
      vertex -10.5238 -25.4067 18.5433
      vertex -7.98283 -26.3159 0
      vertex -7.98283 -26.3159 18.7743
    endloop
  endfacet
  facet normal -0.803208 -0.595699 0
    outer loop
      vertex -21.2578 -17.4458 0
      vertex -22.8654 -15.2782 17.4213
      vertex -22.8654 -15.2782 0
    endloop
  endfacet
  facet normal -0.803208 -0.595699 0
    outer loop
      vertex -22.8654 -15.2782 17.4213
      vertex -21.2578 -17.4458 0
      vertex -21.2578 -17.4458 17.5675
    endloop
  endfacet
  facet normal -0.970035 0.242967 0
    outer loop
      vertex -26.9716 5.36498 17.048
      vertex -26.3159 7.98283 0
      vertex -26.9716 5.36498 0
    endloop
  endfacet
  facet normal -0.970035 0.242967 0
    outer loop
      vertex -26.3159 7.98283 0
      vertex -26.9716 5.36498 17.048
      vertex -26.3159 7.98283 17.1076
    endloop
  endfacet
  facet normal -0.740939 0.671573 0
    outer loop
      vertex -21.2578 17.4458 17.5675
      vertex -19.4454 19.4454 0
      vertex -21.2578 17.4458 0
    endloop
  endfacet
  facet normal -0.740939 0.671573 0
    outer loop
      vertex -19.4454 19.4454 0
      vertex -21.2578 17.4458 17.5675
      vertex -19.4454 19.4454 17.7322
    endloop
  endfacet
  facet normal -0.903981 0.427572 0
    outer loop
      vertex -25.4067 10.5238 17.1903
      vertex -24.2528 12.9634 0
      vertex -25.4067 10.5238 0
    endloop
  endfacet
  facet normal -0.903981 0.427572 0
    outer loop
      vertex -24.2528 12.9634 0
      vertex -25.4067 10.5238 17.1903
      vertex -24.2528 12.9634 17.2952
    endloop
  endfacet
  facet normal -0.941541 0.336899 0
    outer loop
      vertex -26.3159 7.98283 17.1076
      vertex -25.4067 10.5238 0
      vertex -26.3159 7.98283 0
    endloop
  endfacet
  facet normal -0.941541 0.336899 0
    outer loop
      vertex -25.4067 10.5238 0
      vertex -26.3159 7.98283 17.1076
      vertex -25.4067 10.5238 17.1903
    endloop
  endfacet
  facet normal -0.989176 0.146736 0
    outer loop
      vertex -27.3676 2.69547 17.012
      vertex -26.9716 5.36498 0
      vertex -27.3676 2.69547 0
    endloop
  endfacet
  facet normal -0.989176 0.146736 0
    outer loop
      vertex -26.9716 5.36498 0
      vertex -27.3676 2.69547 17.012
      vertex -26.9716 5.36498 17.048
    endloop
  endfacet
  facet normal 0 0 1
    outer loop
      vertex 32.2782 3.62663 22
      vertex 27.5 27.5 22
      vertex 32.1 0 22
    endloop
  endfacet
  facet normal 0 0 1
    outer loop
      vertex 32.8109 7.21834 22
      vertex 27.5 27.5 22
      vertex 32.2782 3.62663 22
    endloop
  endfacet
  facet normal 0 0 1
    outer loop
      vertex 33.6932 10.7405 22
      vertex 27.5 27.5 22
      vertex 32.8109 7.21834 22
    endloop
  endfacet
  facet normal 0 0 1
    outer loop
      vertex 34.9165 14.1593 22
      vertex 27.5 27.5 22
      vertex 33.6932 10.7405 22
    endloop
  endfacet
  facet normal 0 0 1
    outer loop
      vertex 36.4689 17.4417 22
      vertex 27.5 27.5 22
      vertex 34.9165 14.1593 22
    endloop
  endfacet
  facet normal 0 0 1
    outer loop
      vertex 38.3356 20.5561 22
      vertex 27.5 27.5 22
      vertex 36.4689 17.4417 22
    endloop
  endfacet
  facet normal 0 0 1
    outer loop
      vertex 40.4986 23.4726 22
      vertex 27.5 27.5 22
      vertex 38.3356 20.5561 22
    endloop
  endfacet
  facet normal 0 0 1
    outer loop
      vertex 42.937 26.163 22
      vertex 27.5 27.5 22
      vertex 40.4986 23.4726 22
    endloop
  endfacet
  facet normal -0 0 1
    outer loop
      vertex 27.5 27.5 22
      vertex 42.937 26.163 22
      vertex 44.4123 27.5 22
    endloop
  endfacet
  facet normal 0 0 1
    outer loop
      vertex 27.5 -27.5 22
      vertex 32.1 0 22
      vertex 27.5 27.5 22
    endloop
  endfacet
  facet normal 0 0 1
    outer loop
      vertex 32.1 0 22
      vertex 27.5 -27.5 22
      vertex 32.2782 -3.62663 22
    endloop
  endfacet
  facet normal 0 0 1
    outer loop
      vertex 42.937 -26.163 22
      vertex 27.5 -27.5 22
      vertex 44.4123 -27.5 22
    endloop
  endfacet
  facet normal 0 0 1
    outer loop
      vertex 40.4986 -23.4726 22
      vertex 27.5 -27.5 22
      vertex 42.937 -26.163 22
    endloop
  endfacet
  facet normal 0 0 1
    outer loop
      vertex 38.3356 -20.5561 22
      vertex 27.5 -27.5 22
      vertex 40.4986 -23.4726 22
    endloop
  endfacet
  facet normal 0 0 1
    outer loop
      vertex 36.4689 -17.4417 22
      vertex 27.5 -27.5 22
      vertex 38.3356 -20.5561 22
    endloop
  endfacet
  facet normal 0 0 1
    outer loop
      vertex 34.9165 -14.1593 22
      vertex 27.5 -27.5 22
      vertex 36.4689 -17.4417 22
    endloop
  endfacet
  facet normal 0 0 1
    outer loop
      vertex 33.6932 -10.7405 22
      vertex 27.5 -27.5 22
      vertex 34.9165 -14.1593 22
    endloop
  endfacet
  facet normal 0 0 1
    outer loop
      vertex 32.8109 -7.21834 22
      vertex 27.5 -27.5 22
      vertex 33.6932 -10.7405 22
    endloop
  endfacet
  facet normal 0 0 1
    outer loop
      vertex 32.2782 -3.62663 22
      vertex 27.5 -27.5 22
      vertex 32.8109 -7.21834 22
    endloop
  endfacet
  facet normal -0.427572 0.903981 0
    outer loop
      vertex -10.5238 25.4067 0
      vertex -12.9634 24.2528 18.3215
      vertex -10.5238 25.4067 18.5433
    endloop
  endfacet
  facet normal -0.427572 0.903981 0
    outer loop
      vertex -12.9634 24.2528 18.3215
      vertex -10.5238 25.4067 0
      vertex -12.9634 24.2528 0
    endloop
  endfacet
  facet normal -0.514092 0.857735 0
    outer loop
      vertex -12.9634 24.2528 0
      vertex -15.2782 22.8654 18.1111
      vertex -12.9634 24.2528 18.3215
    endloop
  endfacet
  facet normal -0.514092 0.857735 0
    outer loop
      vertex -15.2782 22.8654 18.1111
      vertex -12.9634 24.2528 0
      vertex -15.2782 22.8654 0
    endloop
  endfacet
  facet normal -0.595699 0.803208 0
    outer loop
      vertex -15.2782 22.8654 0
      vertex -17.4458 21.2578 17.914
      vertex -15.2782 22.8654 18.1111
    endloop
  endfacet
  facet normal -0.595699 0.803208 0
    outer loop
      vertex -17.4458 21.2578 17.914
      vertex -15.2782 22.8654 0
      vertex -17.4458 21.2578 0
    endloop
  endfacet
  facet normal -0.0490603 0.998796 0
    outer loop
      vertex 0 27.5 0
      vertex -2.69547 27.3676 19.255
      vertex 0 27.5 19.5
    endloop
  endfacet
  facet normal -0.0490603 0.998796 0
    outer loop
      vertex -2.69547 27.3676 19.255
      vertex 0 27.5 0
      vertex -2.69547 27.3676 0
    endloop
  endfacet
  facet normal -0.671573 -0.740939 0
    outer loop
      vertex -17.4458 -21.2578 0
      vertex -19.4454 -19.4454 17.7322
      vertex -19.4454 -19.4454 0
    endloop
  endfacet
  facet normal -0.671573 -0.740939 0
    outer loop
      vertex -19.4454 -19.4454 17.7322
      vertex -17.4458 -21.2578 0
      vertex -17.4458 -21.2578 17.914
    endloop
  endfacet
  facet normal -0.595699 -0.803208 0
    outer loop
      vertex -15.2782 -22.8654 0
      vertex -17.4458 -21.2578 17.914
      vertex -17.4458 -21.2578 0
    endloop
  endfacet
  facet normal -0.595699 -0.803208 0
    outer loop
      vertex -17.4458 -21.2578 17.914
      vertex -15.2782 -22.8654 0
      vertex -15.2782 -22.8654 18.1111
    endloop
  endfacet
  facet normal -0.514092 -0.857735 0
    outer loop
      vertex -12.9634 -24.2528 0
      vertex -15.2782 -22.8654 18.1111
      vertex -15.2782 -22.8654 0
    endloop
  endfacet
  facet normal -0.514092 -0.857735 0
    outer loop
      vertex -15.2782 -22.8654 18.1111
      vertex -12.9634 -24.2528 0
      vertex -12.9634 -24.2528 18.3215
    endloop
  endfacet
  facet normal -0.146736 -0.989176 0
    outer loop
      vertex -2.69547 -27.3676 0
      vertex -5.36498 -26.9716 19.0123
      vertex -5.36498 -26.9716 0
    endloop
  endfacet
  facet normal -0.146736 -0.989176 0
    outer loop
      vertex -5.36498 -26.9716 19.0123
      vertex -2.69547 -27.3676 0
      vertex -2.69547 -27.3676 19.255
    endloop
  endfacet
  facet normal -0.903981 -0.427572 0
    outer loop
      vertex -24.2528 -12.9634 0
      vertex -25.4067 -10.5238 17.1903
      vertex -25.4067 -10.5238 0
    endloop
  endfacet
  facet normal -0.903981 -0.427572 0
    outer loop
      vertex -25.4067 -10.5238 17.1903
      vertex -24.2528 -12.9634 0
      vertex -24.2528 -12.9634 17.2952
    endloop
  endfacet
  facet normal -0.857735 -0.514092 0
    outer loop
      vertex -22.8654 -15.2782 0
      vertex -24.2528 -12.9634 17.2952
      vertex -24.2528 -12.9634 0
    endloop
  endfacet
  facet normal -0.857735 -0.514092 0
    outer loop
      vertex -24.2528 -12.9634 17.2952
      vertex -22.8654 -15.2782 0
      vertex -22.8654 -15.2782 17.4213
    endloop
  endfacet
  facet normal -0.941541 -0.336899 0
    outer loop
      vertex -25.4067 -10.5238 0
      vertex -26.3159 -7.98283 17.1076
      vertex -26.3159 -7.98283 0
    endloop
  endfacet
  facet normal -0.941541 -0.336899 0
    outer loop
      vertex -26.3159 -7.98283 17.1076
      vertex -25.4067 -10.5238 0
      vertex -25.4067 -10.5238 17.1903
    endloop
  endfacet
  facet normal -0.998796 -0.0490603 0
    outer loop
      vertex -27.3676 -2.69547 0
      vertex -27.5 0 17
      vertex -27.5 0 0
    endloop
  endfacet
  facet normal -0.998796 -0.0490603 0
    outer loop
      vertex -27.5 0 17
      vertex -27.3676 -2.69547 0
      vertex -27.3676 -2.69547 17.012
    endloop
  endfacet
  facet normal -0.242967 0.970035 0
    outer loop
      vertex -5.36498 26.9716 0
      vertex -7.98283 26.3159 18.7743
      vertex -5.36498 26.9716 19.0123
    endloop
  endfacet
  facet normal -0.242967 0.970035 0
    outer loop
      vertex -7.98283 26.3159 18.7743
      vertex -5.36498 26.9716 0
      vertex -7.98283 26.3159 0
    endloop
  endfacet
  facet normal -0.427572 -0.903981 0
    outer loop
      vertex -10.5238 -25.4067 0
      vertex -12.9634 -24.2528 18.3215
      vertex -12.9634 -24.2528 0
    endloop
  endfacet
  facet normal -0.427572 -0.903981 0
    outer loop
      vertex -12.9634 -24.2528 18.3215
      vertex -10.5238 -25.4067 0
      vertex -10.5238 -25.4067 18.5433
    endloop
  endfacet
  facet normal -0.242967 -0.970035 0
    outer loop
      vertex -5.36498 -26.9716 0
      vertex -7.98283 -26.3159 18.7743
      vertex -7.98283 -26.3159 0
    endloop
  endfacet
  facet normal -0.242967 -0.970035 0
    outer loop
      vertex -7.98283 -26.3159 18.7743
      vertex -5.36498 -26.9716 0
      vertex -5.36498 -26.9716 19.0123
    endloop
  endfacet
  facet normal -0.740939 -0.671573 0
    outer loop
      vertex -19.4454 -19.4454 0
      vertex -21.2578 -17.4458 17.5675
      vertex -21.2578 -17.4458 0
    endloop
  endfacet
  facet normal -0.740939 -0.671573 0
    outer loop
      vertex -21.2578 -17.4458 17.5675
      vertex -19.4454 -19.4454 0
      vertex -19.4454 -19.4454 17.7322
    endloop
  endfacet
  facet normal -0.989176 -0.146736 0
    outer loop
      vertex -26.9716 -5.36498 0
      vertex -27.3676 -2.69547 17.012
      vertex -27.3676 -2.69547 0
    endloop
  endfacet
  facet normal -0.989176 -0.146736 0
    outer loop
      vertex -27.3676 -2.69547 17.012
      vertex -26.9716 -5.36498 0
      vertex -26.9716 -5.36498 17.048
    endloop
  endfacet
  facet normal -0.998795 -0.0490683 -0
    outer loop
      vertex 25.4263 1.5 10
      vertex 25.3772 2.49944 0
      vertex 25.4263 1.5 0
    endloop
  endfacet
  facet normal -0.998795 -0.0490683 0
    outer loop
      vertex 25.3772 2.49944 0
      vertex 25.4263 1.5 10
      vertex 25.3772 2.49944 21.807
    endloop
  endfacet
  facet normal -0.998795 -0.0490741 -0
    outer loop
      vertex 25.5 0 21.8182
      vertex 25.4263 1.5 10
      vertex 25.5 0 10
    endloop
  endfacet
  facet normal -0.998795 -0.0490718 2.95287e-07
    outer loop
      vertex 25.4263 1.5 10
      vertex 25.5 0 21.8182
      vertex 25.3772 2.49944 21.807
    endloop
  endfacet
  facet normal 0.998795 -0.0490718 0
    outer loop
      vertex -25.5 0 17.1818
      vertex -25.3772 2.49944 0
      vertex -25.3772 2.49944 17.193
    endloop
  endfacet
  facet normal 0.998795 -0.0490718 0
    outer loop
      vertex -25.3772 2.49944 0
      vertex -25.5 0 17.1818
      vertex -25.5 0 0
    endloop
  endfacet
  facet normal -0.0490718 -0.998795 0
    outer loop
      vertex 2.49944 25.3772 0
      vertex 0 25.5 19.5
      vertex 0 25.5 0
    endloop
  endfacet
  facet normal -0.0490718 -0.998795 0
    outer loop
      vertex 0 25.5 19.5
      vertex 2.49944 25.3772 0
      vertex 2.49944 25.3772 19.7272
    endloop
  endfacet
  facet normal -0.67157 -0.740941 0
    outer loop
      vertex 18.0312 18.0312 0
      vertex 16.177 19.7118 20.9706
      vertex 16.177 19.7118 0
    endloop
  endfacet
  facet normal -0.67157 -0.740941 0
    outer loop
      vertex 16.177 19.7118 20.9706
      vertex 18.0312 18.0312 0
      vertex 18.0312 18.0312 21.1392
    endloop
  endfacet
  facet normal 0.67157 -0.740941 0
    outer loop
      vertex -16.177 19.7118 0
      vertex -18.0312 18.0312 17.8608
      vertex -18.0312 18.0312 0
    endloop
  endfacet
  facet normal 0.67157 -0.740941 0
    outer loop
      vertex -18.0312 18.0312 17.8608
      vertex -16.177 19.7118 0
      vertex -16.177 19.7118 18.0294
    endloop
  endfacet
  facet normal 0.336907 -0.941538 0
    outer loop
      vertex -7.40226 24.402 0
      vertex -9.75843 23.5589 18.6129
      vertex -9.75843 23.5589 0
    endloop
  endfacet
  facet normal 0.336907 -0.941538 0
    outer loop
      vertex -9.75843 23.5589 18.6129
      vertex -7.40226 24.402 0
      vertex -7.40226 24.402 18.8271
    endloop
  endfacet
  facet normal 0.970036 0.242962 -0
    outer loop
      vertex -24.402 -7.40226 0
      vertex -25.01 -4.9748 17.2264
      vertex -24.402 -7.40226 17.2816
    endloop
  endfacet
  facet normal 0.970036 0.242962 0
    outer loop
      vertex -25.01 -4.9748 17.2264
      vertex -24.402 -7.40226 0
      vertex -25.01 -4.9748 0
    endloop
  endfacet
  facet normal -0.903993 -0.427546 0
    outer loop
      vertex 23.5589 9.75843 0
      vertex 22.489 12.0206 21.5445
      vertex 22.489 12.0206 0
    endloop
  endfacet
  facet normal -0.903993 -0.427546 0
    outer loop
      vertex 22.489 12.0206 21.5445
      vertex 23.5589 9.75843 0
      vertex 23.5589 9.75843 21.6417
    endloop
  endfacet
  facet normal -0.336907 -0.941538 0
    outer loop
      vertex 9.75843 23.5589 0
      vertex 7.40226 24.402 20.1729
      vertex 7.40226 24.402 0
    endloop
  endfacet
  facet normal -0.336907 -0.941538 0
    outer loop
      vertex 7.40226 24.402 20.1729
      vertex 9.75843 23.5589 0
      vertex 9.75843 23.5589 20.3871
    endloop
  endfacet
  facet normal -0.242962 -0.970036 0
    outer loop
      vertex 7.40226 24.402 0
      vertex 4.9748 25.01 19.9523
      vertex 4.9748 25.01 0
    endloop
  endfacet
  facet normal -0.242962 -0.970036 0
    outer loop
      vertex 4.9748 25.01 19.9523
      vertex 7.40226 24.402 0
      vertex 7.40226 24.402 20.1729
    endloop
  endfacet
  facet normal 0.857729 -0.514102 0
    outer loop
      vertex -22.489 12.0206 17.4555
      vertex -21.2025 14.167 0
      vertex -21.2025 14.167 17.5725
    endloop
  endfacet
  facet normal 0.857729 -0.514102 0
    outer loop
      vertex -21.2025 14.167 0
      vertex -22.489 12.0206 17.4555
      vertex -22.489 12.0206 0
    endloop
  endfacet
  facet normal 0.803211 -0.595695 0
    outer loop
      vertex -21.2025 14.167 17.5725
      vertex -19.7118 16.177 0
      vertex -19.7118 16.177 17.708
    endloop
  endfacet
  facet normal 0.803211 -0.595695 0
    outer loop
      vertex -19.7118 16.177 0
      vertex -21.2025 14.167 17.5725
      vertex -21.2025 14.167 0
    endloop
  endfacet
  facet normal 0.146736 -0.989176 0
    outer loop
      vertex -2.49944 25.3772 0
      vertex -4.9748 25.01 19.0477
      vertex -4.9748 25.01 0
    endloop
  endfacet
  facet normal 0.146736 -0.989176 0
    outer loop
      vertex -4.9748 25.01 19.0477
      vertex -2.49944 25.3772 0
      vertex -2.49944 25.3772 19.2728
    endloop
  endfacet
  facet normal -0.903993 0.427546 0
    outer loop
      vertex 22.489 -12.0206 21.5445
      vertex 23.5589 -9.75843 0
      vertex 22.489 -12.0206 0
    endloop
  endfacet
  facet normal -0.903993 0.427546 0
    outer loop
      vertex 23.5589 -9.75843 0
      vertex 22.489 -12.0206 21.5445
      vertex 23.5589 -9.75843 21.6417
    endloop
  endfacet
  facet normal -0.336907 0.941538 0
    outer loop
      vertex 9.75843 -23.5589 0
      vertex 7.40226 -24.402 20.1729
      vertex 9.75843 -23.5589 20.3871
    endloop
  endfacet
  facet normal -0.336907 0.941538 0
    outer loop
      vertex 7.40226 -24.402 20.1729
      vertex 9.75843 -23.5589 0
      vertex 7.40226 -24.402 0
    endloop
  endfacet
  facet normal -0.740941 0.67157 0
    outer loop
      vertex 18.0312 -18.0312 21.1392
      vertex 19.7118 -16.177 0
      vertex 18.0312 -18.0312 0
    endloop
  endfacet
  facet normal -0.740941 0.67157 0
    outer loop
      vertex 19.7118 -16.177 0
      vertex 18.0312 -18.0312 21.1392
      vertex 19.7118 -16.177 21.292
    endloop
  endfacet
  facet normal -0.970036 0.242962 0
    outer loop
      vertex 24.402 -7.40226 21.7184
      vertex 25.01 -4.9748 0
      vertex 24.402 -7.40226 0
    endloop
  endfacet
  facet normal -0.970036 0.242962 0
    outer loop
      vertex 25.01 -4.9748 0
      vertex 24.402 -7.40226 21.7184
      vertex 25.01 -4.9748 21.7736
    endloop
  endfacet
  facet normal 0.336907 0.941538 -0
    outer loop
      vertex -7.40226 -24.402 0
      vertex -9.75843 -23.5589 18.6129
      vertex -7.40226 -24.402 18.8271
    endloop
  endfacet
  facet normal 0.336907 0.941538 0
    outer loop
      vertex -9.75843 -23.5589 18.6129
      vertex -7.40226 -24.402 0
      vertex -9.75843 -23.5589 0
    endloop
  endfacet
  facet normal 0.803211 0.595695 -0
    outer loop
      vertex -19.7118 -16.177 0
      vertex -21.2025 -14.167 17.5725
      vertex -19.7118 -16.177 17.708
    endloop
  endfacet
  facet normal 0.803211 0.595695 0
    outer loop
      vertex -21.2025 -14.167 17.5725
      vertex -19.7118 -16.177 0
      vertex -21.2025 -14.167 0
    endloop
  endfacet
  facet normal -0.970036 -0.242962 0
    outer loop
      vertex 25.01 4.9748 0
      vertex 24.402 7.40226 21.7184
      vertex 24.402 7.40226 0
    endloop
  endfacet
  facet normal -0.970036 -0.242962 0
    outer loop
      vertex 24.402 7.40226 21.7184
      vertex 25.01 4.9748 0
      vertex 25.01 4.9748 21.7736
    endloop
  endfacet
  facet normal -0.989176 -0.146736 0
    outer loop
      vertex 25.3772 2.49944 0
      vertex 25.01 4.9748 21.7736
      vertex 25.01 4.9748 0
    endloop
  endfacet
  facet normal -0.989176 -0.146736 0
    outer loop
      vertex 25.01 4.9748 21.7736
      vertex 25.3772 2.49944 0
      vertex 25.3772 2.49944 21.807
    endloop
  endfacet
  facet normal -0.941538 -0.336907 0
    outer loop
      vertex 24.402 7.40226 0
      vertex 23.5589 9.75843 21.6417
      vertex 23.5589 9.75843 0
    endloop
  endfacet
  facet normal -0.941538 -0.336907 0
    outer loop
      vertex 23.5589 9.75843 21.6417
      vertex 24.402 7.40226 0
      vertex 24.402 7.40226 21.7184
    endloop
  endfacet
  facet normal -0.803211 -0.595695 0
    outer loop
      vertex 21.2025 14.167 0
      vertex 19.7118 16.177 21.292
      vertex 19.7118 16.177 0
    endloop
  endfacet
  facet normal -0.803211 -0.595695 0
    outer loop
      vertex 19.7118 16.177 21.292
      vertex 21.2025 14.167 0
      vertex 21.2025 14.167 21.4275
    endloop
  endfacet
  facet normal -0.740941 -0.67157 0
    outer loop
      vertex 19.7118 16.177 0
      vertex 18.0312 18.0312 21.1392
      vertex 18.0312 18.0312 0
    endloop
  endfacet
  facet normal -0.740941 -0.67157 0
    outer loop
      vertex 18.0312 18.0312 21.1392
      vertex 19.7118 16.177 0
      vertex 19.7118 16.177 21.292
    endloop
  endfacet
  facet normal -0.857729 -0.514102 0
    outer loop
      vertex 22.489 12.0206 0
      vertex 21.2025 14.167 21.4275
      vertex 21.2025 14.167 0
    endloop
  endfacet
  facet normal -0.857729 -0.514102 0
    outer loop
      vertex 21.2025 14.167 21.4275
      vertex 22.489 12.0206 0
      vertex 22.489 12.0206 21.5445
    endloop
  endfacet
  facet normal -0.146736 -0.989176 0
    outer loop
      vertex 4.9748 25.01 0
      vertex 2.49944 25.3772 19.7272
      vertex 2.49944 25.3772 0
    endloop
  endfacet
  facet normal -0.146736 -0.989176 0
    outer loop
      vertex 2.49944 25.3772 19.7272
      vertex 4.9748 25.01 0
      vertex 4.9748 25.01 19.9523
    endloop
  endfacet
  facet normal -0.514102 -0.857729 0
    outer loop
      vertex 14.167 21.2025 0
      vertex 12.0206 22.489 20.5928
      vertex 12.0206 22.489 0
    endloop
  endfacet
  facet normal -0.514102 -0.857729 0
    outer loop
      vertex 12.0206 22.489 20.5928
      vertex 14.167 21.2025 0
      vertex 14.167 21.2025 20.7879
    endloop
  endfacet
  facet normal -0.427546 -0.903993 0
    outer loop
      vertex 12.0206 22.489 0
      vertex 9.75843 23.5589 20.3871
      vertex 9.75843 23.5589 0
    endloop
  endfacet
  facet normal -0.427546 -0.903993 0
    outer loop
      vertex 9.75843 23.5589 20.3871
      vertex 12.0206 22.489 0
      vertex 12.0206 22.489 20.5928
    endloop
  endfacet
  facet normal -0.595695 -0.803211 0
    outer loop
      vertex 16.177 19.7118 0
      vertex 14.167 21.2025 20.7879
      vertex 14.167 21.2025 0
    endloop
  endfacet
  facet normal -0.595695 -0.803211 0
    outer loop
      vertex 14.167 21.2025 20.7879
      vertex 16.177 19.7118 0
      vertex 16.177 19.7118 20.9706
    endloop
  endfacet
  facet normal 0.970036 -0.242962 0
    outer loop
      vertex -25.01 4.9748 17.2264
      vertex -24.402 7.40226 0
      vertex -24.402 7.40226 17.2816
    endloop
  endfacet
  facet normal 0.970036 -0.242962 0
    outer loop
      vertex -24.402 7.40226 0
      vertex -25.01 4.9748 17.2264
      vertex -25.01 4.9748 0
    endloop
  endfacet
  facet normal 0.903993 -0.427546 0
    outer loop
      vertex -23.5589 9.75843 17.3583
      vertex -22.489 12.0206 0
      vertex -22.489 12.0206 17.4555
    endloop
  endfacet
  facet normal 0.903993 -0.427546 0
    outer loop
      vertex -22.489 12.0206 0
      vertex -23.5589 9.75843 17.3583
      vertex -23.5589 9.75843 0
    endloop
  endfacet
  facet normal 0.989176 -0.146736 0
    outer loop
      vertex -25.3772 2.49944 17.193
      vertex -25.01 4.9748 0
      vertex -25.01 4.9748 17.2264
    endloop
  endfacet
  facet normal 0.989176 -0.146736 0
    outer loop
      vertex -25.01 4.9748 0
      vertex -25.3772 2.49944 17.193
      vertex -25.3772 2.49944 0
    endloop
  endfacet
  facet normal 0.513882 -0.857861 0
    outer loop
      vertex -14.167 21.2025 0
      vertex -14.0231 21.2887 10
      vertex -14.167 21.2025 18.2121
    endloop
  endfacet
  facet normal 0.513882 -0.857861 0
    outer loop
      vertex -14.0231 21.2887 10
      vertex -14.167 21.2025 0
      vertex -14.0231 21.2887 0
    endloop
  endfacet
  facet normal 0.514118 -0.85772 5.61582e-06
    outer loop
      vertex -12.0206 22.489 10
      vertex -14.167 21.2025 18.2121
      vertex -14.0231 21.2887 10
    endloop
  endfacet
  facet normal 0.514102 -0.857729 0
    outer loop
      vertex -14.167 21.2025 18.2121
      vertex -12.0206 22.489 10
      vertex -12.0206 22.489 18.4072
    endloop
  endfacet
  facet normal 0.0490718 -0.998795 0
    outer loop
      vertex 0 25.5 0
      vertex -2.49944 25.3772 19.2728
      vertex -2.49944 25.3772 0
    endloop
  endfacet
  facet normal 0.0490718 -0.998795 0
    outer loop
      vertex -2.49944 25.3772 19.2728
      vertex 0 25.5 0
      vertex 0 25.5 19.5
    endloop
  endfacet
  facet normal -0.998795 0.0490683 0
    outer loop
      vertex 25.4263 -1.5 0
      vertex 25.3772 -2.49944 0
      vertex 25.4263 -1.5 10
    endloop
  endfacet
  facet normal -0.998795 0.0490741 0
    outer loop
      vertex 25.4263 -1.5 10
      vertex 25.5 0 21.8182
      vertex 25.5 0 10
    endloop
  endfacet
  facet normal -0.998795 0.0490718 2.95287e-07
    outer loop
      vertex 25.4263 -1.5 10
      vertex 25.3772 -2.49944 21.807
      vertex 25.5 0 21.8182
    endloop
  endfacet
  facet normal -0.998795 0.0490683 0
    outer loop
      vertex 25.3772 -2.49944 21.807
      vertex 25.4263 -1.5 10
      vertex 25.3772 -2.49944 0
    endloop
  endfacet
  facet normal -0.514102 0.857729 0
    outer loop
      vertex 14.167 -21.2025 0
      vertex 12.0206 -22.489 20.5928
      vertex 14.167 -21.2025 20.7879
    endloop
  endfacet
  facet normal -0.514102 0.857729 0
    outer loop
      vertex 12.0206 -22.489 20.5928
      vertex 14.167 -21.2025 0
      vertex 12.0206 -22.489 0
    endloop
  endfacet
  facet normal -0.67157 0.740941 0
    outer loop
      vertex 18.0312 -18.0312 0
      vertex 16.177 -19.7118 20.9706
      vertex 18.0312 -18.0312 21.1392
    endloop
  endfacet
  facet normal -0.67157 0.740941 0
    outer loop
      vertex 16.177 -19.7118 20.9706
      vertex 18.0312 -18.0312 0
      vertex 16.177 -19.7118 0
    endloop
  endfacet
  facet normal -0.595695 0.803211 0
    outer loop
      vertex 16.177 -19.7118 0
      vertex 14.167 -21.2025 20.7879
      vertex 16.177 -19.7118 20.9706
    endloop
  endfacet
  facet normal -0.595695 0.803211 0
    outer loop
      vertex 14.167 -21.2025 20.7879
      vertex 16.177 -19.7118 0
      vertex 14.167 -21.2025 0
    endloop
  endfacet
  facet normal -0.803211 0.595695 0
    outer loop
      vertex 19.7118 -16.177 21.292
      vertex 21.2025 -14.167 0
      vertex 19.7118 -16.177 0
    endloop
  endfacet
  facet normal -0.803211 0.595695 0
    outer loop
      vertex 21.2025 -14.167 0
      vertex 19.7118 -16.177 21.292
      vertex 21.2025 -14.167 21.4275
    endloop
  endfacet
  facet normal -0.857729 0.514102 0
    outer loop
      vertex 21.2025 -14.167 21.4275
      vertex 22.489 -12.0206 0
      vertex 21.2025 -14.167 0
    endloop
  endfacet
  facet normal -0.857729 0.514102 0
    outer loop
      vertex 22.489 -12.0206 0
      vertex 21.2025 -14.167 21.4275
      vertex 22.489 -12.0206 21.5445
    endloop
  endfacet
  facet normal 0.67157 0.740941 -0
    outer loop
      vertex -16.177 -19.7118 0
      vertex -18.0312 -18.0312 17.8608
      vertex -16.177 -19.7118 18.0294
    endloop
  endfacet
  facet normal 0.67157 0.740941 0
    outer loop
      vertex -18.0312 -18.0312 17.8608
      vertex -16.177 -19.7118 0
      vertex -18.0312 -18.0312 0
    endloop
  endfacet
  facet normal 0.595695 0.803211 -0
    outer loop
      vertex -14.167 -21.2025 0
      vertex -16.177 -19.7118 18.0294
      vertex -14.167 -21.2025 18.2121
    endloop
  endfacet
  facet normal 0.595695 0.803211 0
    outer loop
      vertex -16.177 -19.7118 18.0294
      vertex -14.167 -21.2025 0
      vertex -16.177 -19.7118 0
    endloop
  endfacet
  facet normal 0.514102 0.857729 -0
    outer loop
      vertex -12.0206 -22.489 10
      vertex -14.167 -21.2025 18.2121
      vertex -12.0206 -22.489 18.4072
    endloop
  endfacet
  facet normal 0.514118 0.85772 5.61582e-06
    outer loop
      vertex -14.0231 -21.2887 10
      vertex -14.167 -21.2025 18.2121
      vertex -12.0206 -22.489 10
    endloop
  endfacet
  facet normal 0.513882 0.857861 0
    outer loop
      vertex -14.167 -21.2025 0
      vertex -14.0231 -21.2887 10
      vertex -14.0231 -21.2887 0
    endloop
  endfacet
  facet normal 0.513882 0.857861 0
    outer loop
      vertex -14.0231 -21.2887 10
      vertex -14.167 -21.2025 0
      vertex -14.167 -21.2025 18.2121
    endloop
  endfacet
  facet normal 0.146736 0.989176 -0
    outer loop
      vertex -2.49944 -25.3772 0
      vertex -4.9748 -25.01 19.0477
      vertex -2.49944 -25.3772 19.2728
    endloop
  endfacet
  facet normal 0.146736 0.989176 0
    outer loop
      vertex -4.9748 -25.01 19.0477
      vertex -2.49944 -25.3772 0
      vertex -4.9748 -25.01 0
    endloop
  endfacet
  facet normal 0.903993 0.427546 -0
    outer loop
      vertex -22.489 -12.0206 0
      vertex -23.5589 -9.75843 17.3583
      vertex -22.489 -12.0206 17.4555
    endloop
  endfacet
  facet normal 0.903993 0.427546 0
    outer loop
      vertex -23.5589 -9.75843 17.3583
      vertex -22.489 -12.0206 0
      vertex -23.5589 -9.75843 0
    endloop
  endfacet
  facet normal 0.857729 0.514102 -0
    outer loop
      vertex -21.2025 -14.167 0
      vertex -22.489 -12.0206 17.4555
      vertex -21.2025 -14.167 17.5725
    endloop
  endfacet
  facet normal 0.857729 0.514102 0
    outer loop
      vertex -22.489 -12.0206 17.4555
      vertex -21.2025 -14.167 0
      vertex -22.489 -12.0206 0
    endloop
  endfacet
  facet normal 0.941538 0.336907 -0
    outer loop
      vertex -23.5589 -9.75843 0
      vertex -24.402 -7.40226 17.2816
      vertex -23.5589 -9.75843 17.3583
    endloop
  endfacet
  facet normal 0.941538 0.336907 0
    outer loop
      vertex -24.402 -7.40226 17.2816
      vertex -23.5589 -9.75843 0
      vertex -24.402 -7.40226 0
    endloop
  endfacet
  facet normal 0.998795 0.0490718 0
    outer loop
      vertex -25.3772 -2.49944 17.193
      vertex -25.5 0 0
      vertex -25.5 0 17.1818
    endloop
  endfacet
  facet normal 0.998795 0.0490718 0
    outer loop
      vertex -25.5 0 0
      vertex -25.3772 -2.49944 17.193
      vertex -25.3772 -2.49944 0
    endloop
  endfacet
  facet normal 0.740941 -0.67157 0
    outer loop
      vertex -19.7118 16.177 17.708
      vertex -18.0312 18.0312 0
      vertex -18.0312 18.0312 17.8608
    endloop
  endfacet
  facet normal 0.740941 -0.67157 0
    outer loop
      vertex -18.0312 18.0312 0
      vertex -19.7118 16.177 17.708
      vertex -19.7118 16.177 0
    endloop
  endfacet
  facet normal 0.941538 -0.336907 0
    outer loop
      vertex -24.402 7.40226 17.2816
      vertex -23.5589 9.75843 0
      vertex -23.5589 9.75843 17.3583
    endloop
  endfacet
  facet normal 0.941538 -0.336907 0
    outer loop
      vertex -23.5589 9.75843 0
      vertex -24.402 7.40226 17.2816
      vertex -24.402 7.40226 0
    endloop
  endfacet
  facet normal 0.595695 -0.803211 0
    outer loop
      vertex -14.167 21.2025 0
      vertex -16.177 19.7118 18.0294
      vertex -16.177 19.7118 0
    endloop
  endfacet
  facet normal 0.595695 -0.803211 0
    outer loop
      vertex -16.177 19.7118 18.0294
      vertex -14.167 21.2025 0
      vertex -14.167 21.2025 18.2121
    endloop
  endfacet
  facet normal 0.427584 -0.903975 0
    outer loop
      vertex -11.4168 22.7746 10
      vertex -12.0206 22.489 18.4072
      vertex -12.0206 22.489 10
    endloop
  endfacet
  facet normal 0.427547 -0.903993 -3.3119e-06
    outer loop
      vertex -12.0206 22.489 18.4072
      vertex -11.4168 22.7746 10
      vertex -9.75843 23.5589 18.6129
    endloop
  endfacet
  facet normal 0.427533 -0.904 0
    outer loop
      vertex -9.75843 23.5589 0
      vertex -11.4168 22.7746 10
      vertex -11.4168 22.7746 0
    endloop
  endfacet
  facet normal 0.427533 -0.904 0
    outer loop
      vertex -11.4168 22.7746 10
      vertex -9.75843 23.5589 0
      vertex -9.75843 23.5589 18.6129
    endloop
  endfacet
  facet normal 0.242962 -0.970036 0
    outer loop
      vertex -4.9748 25.01 0
      vertex -7.40226 24.402 18.8271
      vertex -7.40226 24.402 0
    endloop
  endfacet
  facet normal 0.242962 -0.970036 0
    outer loop
      vertex -7.40226 24.402 18.8271
      vertex -4.9748 25.01 0
      vertex -4.9748 25.01 19.0477
    endloop
  endfacet
  facet normal -0.0490718 0.998795 0
    outer loop
      vertex 2.49944 -25.3772 0
      vertex 0 -25.5 19.5
      vertex 2.49944 -25.3772 19.7272
    endloop
  endfacet
  facet normal -0.0490718 0.998795 0
    outer loop
      vertex 0 -25.5 19.5
      vertex 2.49944 -25.3772 0
      vertex 0 -25.5 0
    endloop
  endfacet
  facet normal -0.242962 0.970036 0
    outer loop
      vertex 7.40226 -24.402 0
      vertex 4.9748 -25.01 19.9523
      vertex 7.40226 -24.402 20.1729
    endloop
  endfacet
  facet normal -0.242962 0.970036 0
    outer loop
      vertex 4.9748 -25.01 19.9523
      vertex 7.40226 -24.402 0
      vertex 4.9748 -25.01 0
    endloop
  endfacet
  facet normal -0.427546 0.903993 0
    outer loop
      vertex 12.0206 -22.489 0
      vertex 9.75843 -23.5589 20.3871
      vertex 12.0206 -22.489 20.5928
    endloop
  endfacet
  facet normal -0.427546 0.903993 0
    outer loop
      vertex 9.75843 -23.5589 20.3871
      vertex 12.0206 -22.489 0
      vertex 9.75843 -23.5589 0
    endloop
  endfacet
  facet normal -0.941538 0.336907 0
    outer loop
      vertex 23.5589 -9.75843 21.6417
      vertex 24.402 -7.40226 0
      vertex 23.5589 -9.75843 0
    endloop
  endfacet
  facet normal -0.941538 0.336907 0
    outer loop
      vertex 24.402 -7.40226 0
      vertex 23.5589 -9.75843 21.6417
      vertex 24.402 -7.40226 21.7184
    endloop
  endfacet
  facet normal -0.989176 0.146736 0
    outer loop
      vertex 25.01 -4.9748 21.7736
      vertex 25.3772 -2.49944 0
      vertex 25.01 -4.9748 0
    endloop
  endfacet
  facet normal -0.989176 0.146736 0
    outer loop
      vertex 25.3772 -2.49944 0
      vertex 25.01 -4.9748 21.7736
      vertex 25.3772 -2.49944 21.807
    endloop
  endfacet
  facet normal 0.427547 0.903993 -3.3119e-06
    outer loop
      vertex -9.75843 -23.5589 18.6129
      vertex -11.4168 -22.7746 10
      vertex -12.0206 -22.489 18.4072
    endloop
  endfacet
  facet normal 0.427533 0.904 -0
    outer loop
      vertex -9.75843 -23.5589 0
      vertex -11.4168 -22.7746 10
      vertex -9.75843 -23.5589 18.6129
    endloop
  endfacet
  facet normal 0.427533 0.904 0
    outer loop
      vertex -11.4168 -22.7746 10
      vertex -9.75843 -23.5589 0
      vertex -11.4168 -22.7746 0
    endloop
  endfacet
  facet normal 0.427584 0.903975 0
    outer loop
      vertex -12.0206 -22.489 18.4072
      vertex -11.4168 -22.7746 10
      vertex -12.0206 -22.489 10
    endloop
  endfacet
  facet normal 0.242962 0.970036 -0
    outer loop
      vertex -4.9748 -25.01 0
      vertex -7.40226 -24.402 18.8271
      vertex -4.9748 -25.01 19.0477
    endloop
  endfacet
  facet normal 0.242962 0.970036 0
    outer loop
      vertex -7.40226 -24.402 18.8271
      vertex -4.9748 -25.01 0
      vertex -7.40226 -24.402 0
    endloop
  endfacet
  facet normal 0.0490718 0.998795 -0
    outer loop
      vertex 0 -25.5 0
      vertex -2.49944 -25.3772 19.2728
      vertex 0 -25.5 19.5
    endloop
  endfacet
  facet normal 0.0490718 0.998795 0
    outer loop
      vertex -2.49944 -25.3772 19.2728
      vertex 0 -25.5 0
      vertex -2.49944 -25.3772 0
    endloop
  endfacet
  facet normal 0.740941 0.67157 -0
    outer loop
      vertex -18.0312 -18.0312 0
      vertex -19.7118 -16.177 17.708
      vertex -18.0312 -18.0312 17.8608
    endloop
  endfacet
  facet normal 0.740941 0.67157 0
    outer loop
      vertex -19.7118 -16.177 17.708
      vertex -18.0312 -18.0312 0
      vertex -19.7118 -16.177 0
    endloop
  endfacet
  facet normal 0.989176 0.146736 -0
    outer loop
      vertex -25.01 -4.9748 0
      vertex -25.3772 -2.49944 17.193
      vertex -25.01 -4.9748 17.2264
    endloop
  endfacet
  facet normal 0.989176 0.146736 0
    outer loop
      vertex -25.3772 -2.49944 17.193
      vertex -25.01 -4.9748 0
      vertex -25.3772 -2.49944 0
    endloop
  endfacet
  facet normal -0.146736 0.989176 0
    outer loop
      vertex 4.9748 -25.01 0
      vertex 2.49944 -25.3772 19.7272
      vertex 4.9748 -25.01 19.9523
    endloop
  endfacet
  facet normal -0.146736 0.989176 0
    outer loop
      vertex 2.49944 -25.3772 19.7272
      vertex 4.9748 -25.01 0
      vertex 2.49944 -25.3772 0
    endloop
  endfacet
  facet normal 0 1 -0
    outer loop
      vertex 25.4263 1.5 0
      vertex 7.08925 1.5 10
      vertex 25.4263 1.5 10
    endloop
  endfacet
  facet normal 0 1 0
    outer loop
      vertex 7.08925 1.5 10
      vertex 25.4263 1.5 0
      vertex 7.08925 1.5 0
    endloop
  endfacet
  facet normal 0 -1 0
    outer loop
      vertex 7.08925 -1.5 0
      vertex 25.4263 -1.5 10
      vertex 7.08925 -1.5 10
    endloop
  endfacet
  facet normal 0 -1 -0
    outer loop
      vertex 25.4263 -1.5 10
      vertex 7.08925 -1.5 0
      vertex 25.4263 -1.5 0
    endloop
  endfacet
  facet normal 0.866027 0.499997 0
    outer loop
      vertex -2.24458 6.88772 10
      vertex -11.4168 22.7746 0
      vertex -11.4168 22.7746 10
    endloop
  endfacet
  facet normal 0.866027 0.499997 0
    outer loop
      vertex -11.4168 22.7746 0
      vertex -2.24458 6.88772 10
      vertex -2.24458 6.88772 0
    endloop
  endfacet
  facet normal -0.866025 -0.5 0
    outer loop
      vertex -4.84117 5.38515 0
      vertex -14.0231 21.2887 10
      vertex -14.0231 21.2887 0
    endloop
  endfacet
  facet normal -0.866025 -0.5 0
    outer loop
      vertex -14.0231 21.2887 10
      vertex -4.84117 5.38515 0
      vertex -4.84117 5.38515 10
    endloop
  endfacet
  facet normal -0.866025 0.5 0
    outer loop
      vertex -14.0231 -21.2887 0
      vertex -4.84117 -5.38515 10
      vertex -4.84117 -5.38515 0
    endloop
  endfacet
  facet normal -0.866025 0.5 0
    outer loop
      vertex -4.84117 -5.38515 10
      vertex -14.0231 -21.2887 0
      vertex -14.0231 -21.2887 10
    endloop
  endfacet
  facet normal 0.866027 -0.499997 0
    outer loop
      vertex -11.4168 -22.7746 10
      vertex -2.24458 -6.88772 0
      vertex -2.24458 -6.88772 10
    endloop
  endfacet
  facet normal 0.866027 -0.499997 0
    outer loop
      vertex -2.24458 -6.88772 0
      vertex -11.4168 -22.7746 10
      vertex -11.4168 -22.7746 0
    endloop
  endfacet
  facet normal 0 -1 0
    outer loop
      vertex 27.5 -27.5 22
      vertex 37.3481 -27.5 6
      vertex 37.3481 -27.5 16
    endloop
  endfacet
  facet normal 0 -1 0
    outer loop
      vertex 44.4123 -27.5 0
      vertex 37.3481 -27.5 6
      vertex 0 -27.5 0
    endloop
  endfacet
  facet normal 0 -1 -0
    outer loop
      vertex 27.5 -27.5 22
      vertex 0 -27.5 0
      vertex 37.3481 -27.5 6
    endloop
  endfacet
  facet normal 0 -1 0
    outer loop
      vertex 0 -27.5 0
      vertex 27.5 -27.5 22
      vertex 0 -27.5 19.5
    endloop
  endfacet
  facet normal 0 -1 0
    outer loop
      vertex 27.5 -27.5 22
      vertex 37.3481 -27.5 16
      vertex 44.4123 -27.5 22
    endloop
  endfacet
  facet normal 0 -1 0
    outer loop
      vertex 40.8529 -27.5 16
      vertex 44.4123 -27.5 22
      vertex 37.3481 -27.5 16
    endloop
  endfacet
  facet normal 0 -1 0
    outer loop
      vertex 40.8529 -27.5 6
      vertex 44.4123 -27.5 22
      vertex 40.8529 -27.5 16
    endloop
  endfacet
  facet normal 0 -1 0
    outer loop
      vertex 40.8529 -27.5 6
      vertex 44.4123 -27.5 0
      vertex 44.4123 -27.5 22
    endloop
  endfacet
  facet normal 0 -1 0
    outer loop
      vertex 37.3481 -27.5 6
      vertex 44.4123 -27.5 0
      vertex 40.8529 -27.5 6
    endloop
  endfacet
  facet normal 0 1 -0
    outer loop
      vertex 37.3481 27.5 16
      vertex 27.5 27.5 22
      vertex 44.4123 27.5 22
    endloop
  endfacet
  facet normal 0 1 0
    outer loop
      vertex 37.3481 27.5 16
      vertex 44.4123 27.5 22
      vertex 40.8529 27.5 16
    endloop
  endfacet
  facet normal 0 1 0
    outer loop
      vertex 44.4123 27.5 22
      vertex 40.8529 27.5 6
      vertex 40.8529 27.5 16
    endloop
  endfacet
  facet normal 0 1 0
    outer loop
      vertex 40.8529 27.5 6
      vertex 44.4123 27.5 0
      vertex 37.3481 27.5 6
    endloop
  endfacet
  facet normal 0 1 -0
    outer loop
      vertex 44.4123 27.5 0
      vertex 40.8529 27.5 6
      vertex 44.4123 27.5 22
    endloop
  endfacet
  facet normal 0 1 -0
    outer loop
      vertex 37.3481 27.5 6
      vertex 27.5 27.5 22
      vertex 37.3481 27.5 16
    endloop
  endfacet
  facet normal 0 1 0
    outer loop
      vertex 0 27.5 0
      vertex 27.5 27.5 22
      vertex 37.3481 27.5 6
    endloop
  endfacet
  facet normal 0 1 0
    outer loop
      vertex 0 27.5 0
      vertex 37.3481 27.5 6
      vertex 44.4123 27.5 0
    endloop
  endfacet
  facet normal 0 1 0
    outer loop
      vertex 27.5 27.5 22
      vertex 0 27.5 0
      vertex 0 27.5 19.5
    endloop
  endfacet
  facet normal 0.903996 -0.427542 0
    outer loop
      vertex 34.9165 14.1593 22
      vertex 36.4689 17.4417 0
      vertex 36.4689 17.4417 22
    endloop
  endfacet
  facet normal 0.903996 -0.427542 0
    outer loop
      vertex 36.4689 17.4417 0
      vertex 34.9165 14.1593 22
      vertex 34.9165 14.1593 0
    endloop
  endfacet
  facet normal 0.903996 0.427542 0
    outer loop
      vertex 36.4689 -17.4417 22
      vertex 34.9165 -14.1593 0
      vertex 34.9165 -14.1593 22
    endloop
  endfacet
  facet normal 0.903996 0.427542 0
    outer loop
      vertex 34.9165 -14.1593 0
      vertex 36.4689 -17.4417 22
      vertex 36.4689 -17.4417 0
    endloop
  endfacet
  facet normal 0.998795 -0.0490773 0
    outer loop
      vertex 32.1 0 22
      vertex 32.2782 3.62663 0
      vertex 32.2782 3.62663 22
    endloop
  endfacet
  facet normal 0.998795 -0.0490773 0
    outer loop
      vertex 32.2782 3.62663 0
      vertex 32.1 0 22
      vertex 32.1 0 0
    endloop
  endfacet
  facet normal 0.941541 -0.336898 0
    outer loop
      vertex 33.6932 10.7405 22
      vertex 34.9165 14.1593 0
      vertex 34.9165 14.1593 22
    endloop
  endfacet
  facet normal 0.941541 -0.336898 0
    outer loop
      vertex 34.9165 14.1593 0
      vertex 33.6932 10.7405 22
      vertex 33.6932 10.7405 0
    endloop
  endfacet
  facet normal 0.970028 -0.242992 0
    outer loop
      vertex 32.8109 7.21834 22
      vertex 33.6932 10.7405 0
      vertex 33.6932 10.7405 22
    endloop
  endfacet
  facet normal 0.970028 -0.242992 0
    outer loop
      vertex 33.6932 10.7405 0
      vertex 32.8109 7.21834 22
      vertex 32.8109 7.21834 0
    endloop
  endfacet
  facet normal 0.98918 -0.146709 0
    outer loop
      vertex 32.2782 3.62663 22
      vertex 32.8109 7.21834 0
      vertex 32.8109 7.21834 22
    endloop
  endfacet
  facet normal 0.98918 -0.146709 0
    outer loop
      vertex 32.8109 7.21834 0
      vertex 32.2782 3.62663 22
      vertex 32.2782 3.62663 0
    endloop
  endfacet
  facet normal 0.740956 -0.671553 0
    outer loop
      vertex 40.4986 23.4726 22
      vertex 42.937 26.163 0
      vertex 42.937 26.163 22
    endloop
  endfacet
  facet normal 0.740956 -0.671553 0
    outer loop
      vertex 42.937 26.163 0
      vertex 40.4986 23.4726 22
      vertex 40.4986 23.4726 0
    endloop
  endfacet
  facet normal 0.857729 -0.514103 0
    outer loop
      vertex 36.4689 17.4417 22
      vertex 38.3356 20.5561 0
      vertex 38.3356 20.5561 22
    endloop
  endfacet
  facet normal 0.857729 -0.514103 0
    outer loop
      vertex 38.3356 20.5561 0
      vertex 36.4689 17.4417 22
      vertex 36.4689 17.4417 0
    endloop
  endfacet
  facet normal 0.803211 -0.595695 0
    outer loop
      vertex 38.3356 20.5561 22
      vertex 40.4986 23.4726 0
      vertex 40.4986 23.4726 22
    endloop
  endfacet
  facet normal 0.803211 -0.595695 0
    outer loop
      vertex 40.4986 23.4726 0
      vertex 38.3356 20.5561 22
      vertex 38.3356 20.5561 0
    endloop
  endfacet
  facet normal 0.671522 -0.740985 0
    outer loop
      vertex 42.937 26.163 0
      vertex 44.4123 27.5 22
      vertex 42.937 26.163 22
    endloop
  endfacet
  facet normal 0.671522 -0.740985 0
    outer loop
      vertex 44.4123 27.5 22
      vertex 42.937 26.163 0
      vertex 44.4123 27.5 0
    endloop
  endfacet
  facet normal 0.671522 0.740985 -0
    outer loop
      vertex 44.4123 -27.5 0
      vertex 42.937 -26.163 22
      vertex 44.4123 -27.5 22
    endloop
  endfacet
  facet normal 0.671522 0.740985 0
    outer loop
      vertex 42.937 -26.163 22
      vertex 44.4123 -27.5 0
      vertex 42.937 -26.163 0
    endloop
  endfacet
  facet normal 0.970028 0.242992 0
    outer loop
      vertex 33.6932 -10.7405 22
      vertex 32.8109 -7.21834 0
      vertex 32.8109 -7.21834 22
    endloop
  endfacet
  facet normal 0.970028 0.242992 0
    outer loop
      vertex 32.8109 -7.21834 0
      vertex 33.6932 -10.7405 22
      vertex 33.6932 -10.7405 0
    endloop
  endfacet
  facet normal 0.998795 0.0490773 0
    outer loop
      vertex 32.2782 -3.62663 22
      vertex 32.1 0 0
      vertex 32.1 0 22
    endloop
  endfacet
  facet normal 0.998795 0.0490773 0
    outer loop
      vertex 32.1 0 0
      vertex 32.2782 -3.62663 22
      vertex 32.2782 -3.62663 0
    endloop
  endfacet
  facet normal 0.803211 0.595695 0
    outer loop
      vertex 40.4986 -23.4726 22
      vertex 38.3356 -20.5561 0
      vertex 38.3356 -20.5561 22
    endloop
  endfacet
  facet normal 0.803211 0.595695 0
    outer loop
      vertex 38.3356 -20.5561 0
      vertex 40.4986 -23.4726 22
      vertex 40.4986 -23.4726 0
    endloop
  endfacet
  facet normal 0.98918 0.146709 0
    outer loop
      vertex 32.8109 -7.21834 22
      vertex 32.2782 -3.62663 0
      vertex 32.2782 -3.62663 22
    endloop
  endfacet
  facet normal 0.98918 0.146709 0
    outer loop
      vertex 32.2782 -3.62663 0
      vertex 32.8109 -7.21834 22
      vertex 32.8109 -7.21834 0
    endloop
  endfacet
  facet normal 0.941541 0.336898 0
    outer loop
      vertex 34.9165 -14.1593 22
      vertex 33.6932 -10.7405 0
      vertex 33.6932 -10.7405 22
    endloop
  endfacet
  facet normal 0.941541 0.336898 0
    outer loop
      vertex 33.6932 -10.7405 0
      vertex 34.9165 -14.1593 22
      vertex 34.9165 -14.1593 0
    endloop
  endfacet
  facet normal 0.857729 0.514103 0
    outer loop
      vertex 38.3356 -20.5561 22
      vertex 36.4689 -17.4417 0
      vertex 36.4689 -17.4417 22
    endloop
  endfacet
  facet normal 0.857729 0.514103 0
    outer loop
      vertex 36.4689 -17.4417 0
      vertex 38.3356 -20.5561 22
      vertex 38.3356 -20.5561 0
    endloop
  endfacet
  facet normal 0.740956 0.671553 0
    outer loop
      vertex 42.937 -26.163 22
      vertex 40.4986 -23.4726 0
      vertex 40.4986 -23.4726 22
    endloop
  endfacet
  facet normal 0.740956 0.671553 0
    outer loop
      vertex 40.4986 -23.4726 0
      vertex 42.937 -26.163 22
      vertex 42.937 -26.163 0
    endloop
  endfacet
  facet normal -0.0905268 0 0.995894
    outer loop
      vertex 27.5 27.5 22
      vertex 25.5 0 21.8182
      vertex 27.5 -27.5 22
    endloop
  endfacet
  facet normal -0.0906483 8.91266e-06 0.995883
    outer loop
      vertex 27.5 27.5 22
      vertex 25.3772 2.49944 21.807
      vertex 25.5 0 21.8182
    endloop
  endfacet
  facet normal -0.0905699 2.20222e-06 0.99589
    outer loop
      vertex 27.5 27.5 22
      vertex 25.01 4.9748 21.7736
      vertex 25.3772 2.49944 21.807
    endloop
  endfacet
  facet normal -0.0904582 -1.02518e-05 0.9959
    outer loop
      vertex 27.5 27.5 22
      vertex 24.402 7.40226 21.7184
      vertex 25.01 4.9748 21.7736
    endloop
  endfacet
  facet normal -0.0905769 8.20083e-06 0.995889
    outer loop
      vertex 27.5 27.5 22
      vertex 23.5589 9.75843 21.6417
      vertex 24.402 7.40226 21.7184
    endloop
  endfacet
  facet normal -0.0904972 -9.64762e-06 0.995897
    outer loop
      vertex 27.5 27.5 22
      vertex 22.489 12.0206 21.5445
      vertex 23.5589 9.75843 21.6417
    endloop
  endfacet
  facet normal -0.0905553 9.29492e-06 0.995891
    outer loop
      vertex 27.5 27.5 22
      vertex 21.2025 14.167 21.4275
      vertex 22.489 12.0206 21.5445
    endloop
  endfacet
  facet normal -0.0905284 -3.505e-06 0.995894
    outer loop
      vertex 27.5 27.5 22
      vertex 19.7118 16.177 21.292
      vertex 21.2025 14.167 21.4275
    endloop
  endfacet
  facet normal -0.0905408 5.12254e-06 0.995893
    outer loop
      vertex 27.5 27.5 22
      vertex 18.0312 18.0312 21.1392
      vertex 19.7118 16.177 21.292
    endloop
  endfacet
  facet normal -0.0905459 1.02451e-05 0.995892
    outer loop
      vertex 27.5 27.5 22
      vertex 16.177 19.7118 20.9706
      vertex 18.0312 18.0312 21.1392
    endloop
  endfacet
  facet normal -0.0905309 -1.16905e-05 0.995894
    outer loop
      vertex 27.5 27.5 22
      vertex 14.167 21.2025 20.7879
      vertex 16.177 19.7118 20.9706
    endloop
  endfacet
  facet normal -0.0905306 -1.24411e-05 0.995894
    outer loop
      vertex 27.5 27.5 22
      vertex 12.0206 22.489 20.5928
      vertex 14.167 21.2025 20.7879
    endloop
  endfacet
  facet normal -0.0905436 2.80933e-05 0.995892
    outer loop
      vertex 27.5 27.5 22
      vertex 9.75843 23.5589 20.3871
      vertex 12.0206 22.489 20.5928
    endloop
  endfacet
  facet normal -0.0905372 -9.16003e-07 0.995893
    outer loop
      vertex 27.5 27.5 22
      vertex 7.40226 24.402 20.1729
      vertex 9.75843 23.5589 20.3871
    endloop
  endfacet
  facet normal -0.0905357 -1.05206e-05 0.995893
    outer loop
      vertex 0 27.5 19.5
      vertex 7.40226 24.402 20.1729
      vertex 27.5 27.5 22
    endloop
  endfacet
  facet normal -0.090463 0.000164663 0.9959
    outer loop
      vertex 7.40226 24.402 20.1729
      vertex 0 27.5 19.5
      vertex 4.9748 25.01 19.9523
    endloop
  endfacet
  facet normal -0.0905701 -5.10132e-05 0.99589
    outer loop
      vertex 4.9748 25.01 19.9523
      vertex 0 27.5 19.5
      vertex 2.49944 25.3772 19.7272
    endloop
  endfacet
  facet normal -0.0905271 0 0.995894
    outer loop
      vertex 0 27.5 19.5
      vertex 0 25.5 19.5
      vertex 2.49944 25.3772 19.7272
    endloop
  endfacet
  facet normal -0.0905271 0 0.995894
    outer loop
      vertex 0 27.5 19.5
      vertex -2.49944 25.3772 19.2728
      vertex 0 25.5 19.5
    endloop
  endfacet
  facet normal -0.0905197 -8.86419e-06 0.995895
    outer loop
      vertex -2.69547 27.3676 19.255
      vertex -2.49944 25.3772 19.2728
      vertex 0 27.5 19.5
    endloop
  endfacet
  facet normal -0.0905607 -1.29384e-05 0.995891
    outer loop
      vertex -2.69547 27.3676 19.255
      vertex -4.9748 25.01 19.0477
      vertex -2.49944 25.3772 19.2728
    endloop
  endfacet
  facet normal -0.0905368 -3.62133e-05 0.995893
    outer loop
      vertex -5.36498 26.9716 19.0123
      vertex -4.9748 25.01 19.0477
      vertex -2.69547 27.3676 19.255
    endloop
  endfacet
  facet normal -0.0904969 -2.82146e-05 0.995897
    outer loop
      vertex -5.36498 26.9716 19.0123
      vertex -7.40226 24.402 18.8271
      vertex -4.9748 25.01 19.0477
    endloop
  endfacet
  facet normal -0.090543 8.6492e-06 0.995893
    outer loop
      vertex -7.98283 26.3159 18.7743
      vertex -7.40226 24.402 18.8271
      vertex -5.36498 26.9716 19.0123
    endloop
  endfacet
  facet normal -0.0905403 9.49922e-06 0.995893
    outer loop
      vertex -7.98283 26.3159 18.7743
      vertex -9.75843 23.5589 18.6129
      vertex -7.40226 24.402 18.8271
    endloop
  endfacet
  facet normal -0.0905402 9.42898e-06 0.995893
    outer loop
      vertex -10.5238 25.4067 18.5433
      vertex -9.75843 23.5589 18.6129
      vertex -7.98283 26.3159 18.7743
    endloop
  endfacet
  facet normal -0.0905578 2.07649e-06 0.995891
    outer loop
      vertex -10.5238 25.4067 18.5433
      vertex -12.0206 22.489 18.4072
      vertex -9.75843 23.5589 18.6129
    endloop
  endfacet
  facet normal -0.0905397 -7.26387e-06 0.995893
    outer loop
      vertex -12.9634 24.2528 18.3215
      vertex -12.0206 22.489 18.4072
      vertex -10.5238 25.4067 18.5433
    endloop
  endfacet
  facet normal -0.0905239 1.23522e-06 0.995894
    outer loop
      vertex -12.9634 24.2528 18.3215
      vertex -14.167 21.2025 18.2121
      vertex -12.0206 22.489 18.4072
    endloop
  endfacet
  facet normal -0.09052 -3.10353e-07 0.995895
    outer loop
      vertex -15.2782 22.8654 18.1111
      vertex -14.167 21.2025 18.2121
      vertex -12.9634 24.2528 18.3215
    endloop
  endfacet
  facet normal -0.0905214 -1.24315e-06 0.995895
    outer loop
      vertex -15.2782 22.8654 18.1111
      vertex -16.177 19.7118 18.0294
      vertex -14.167 21.2025 18.2121
    endloop
  endfacet
  facet normal -0.0905647 1.11877e-05 0.995891
    outer loop
      vertex -17.4458 21.2578 17.914
      vertex -16.177 19.7118 18.0294
      vertex -15.2782 22.8654 18.1111
    endloop
  endfacet
  facet normal -0.090565 1.09571e-05 0.995891
    outer loop
      vertex -17.4458 21.2578 17.914
      vertex -18.0312 18.0312 17.8608
      vertex -16.177 19.7118 18.0294
    endloop
  endfacet
  facet normal -0.0905525 8.68253e-06 0.995892
    outer loop
      vertex -19.4454 19.4454 17.7322
      vertex -18.0312 18.0312 17.8608
      vertex -17.4458 21.2578 17.914
    endloop
  endfacet
  facet normal -0.0905541 7.05244e-06 0.995892
    outer loop
      vertex -19.4454 19.4454 17.7322
      vertex -19.7118 16.177 17.708
      vertex -18.0312 18.0312 17.8608
    endloop
  endfacet
  facet normal -0.0905043 2.95575e-06 0.995896
    outer loop
      vertex -21.2578 17.4458 17.5675
      vertex -19.7118 16.177 17.708
      vertex -19.4454 19.4454 17.7322
    endloop
  endfacet
  facet normal -0.0905131 -7.89925e-06 0.995895
    outer loop
      vertex -19.7118 16.177 17.708
      vertex -21.2578 17.4458 17.5675
      vertex -21.2025 14.167 17.5725
    endloop
  endfacet
  facet normal -0.0905577 -8.65676e-06 0.995891
    outer loop
      vertex -22.8654 15.2782 17.4213
      vertex -21.2025 14.167 17.5725
      vertex -21.2578 17.4458 17.5675
    endloop
  endfacet
  facet normal -0.0905573 -8.06864e-06 0.995891
    outer loop
      vertex -21.2025 14.167 17.5725
      vertex -22.8654 15.2782 17.4213
      vertex -22.489 12.0206 17.4555
    endloop
  endfacet
  facet normal -0.0905118 -2.76366e-06 0.995895
    outer loop
      vertex -24.2528 12.9634 17.2952
      vertex -22.489 12.0206 17.4555
      vertex -22.8654 15.2782 17.4213
    endloop
  endfacet
  facet normal -0.0905036 1.2673e-05 0.995896
    outer loop
      vertex -22.489 12.0206 17.4555
      vertex -24.2528 12.9634 17.2952
      vertex -23.5589 9.75843 17.3583
    endloop
  endfacet
  facet normal -0.0905439 3.87565e-06 0.995892
    outer loop
      vertex -25.4067 10.5238 17.1903
      vertex -23.5589 9.75843 17.3583
      vertex -24.2528 12.9634 17.2952
    endloop
  endfacet
  facet normal -0.0905525 -1.70251e-05 0.995892
    outer loop
      vertex -23.5589 9.75843 17.3583
      vertex -25.4067 10.5238 17.1903
      vertex -24.402 7.40226 17.2816
    endloop
  endfacet
  facet normal -0.0905448 -1.45439e-05 0.995892
    outer loop
      vertex -26.3159 7.98283 17.1076
      vertex -24.402 7.40226 17.2816
      vertex -25.4067 10.5238 17.1903
    endloop
  endfacet
  facet normal -0.0905318 2.88315e-05 0.995894
    outer loop
      vertex -24.402 7.40226 17.2816
      vertex -26.3159 7.98283 17.1076
      vertex -25.01 4.9748 17.2264
    endloop
  endfacet
  facet normal -0.09057 1.21036e-05 0.99589
    outer loop
      vertex -26.9716 5.36498 17.048
      vertex -25.01 4.9748 17.2264
      vertex -26.3159 7.98283 17.1076
    endloop
  endfacet
  facet normal -0.0905727 -1.78501e-06 0.99589
    outer loop
      vertex -25.01 4.9748 17.2264
      vertex -26.9716 5.36498 17.048
      vertex -25.3772 2.49944 17.193
    endloop
  endfacet
  facet normal -0.0906483 -8.91266e-06 0.995883
    outer loop
      vertex 25.3772 -2.49944 21.807
      vertex 27.5 -27.5 22
      vertex 25.5 0 21.8182
    endloop
  endfacet
  facet normal -0.0905699 -2.20222e-06 0.99589
    outer loop
      vertex 25.01 -4.9748 21.7736
      vertex 27.5 -27.5 22
      vertex 25.3772 -2.49944 21.807
    endloop
  endfacet
  facet normal -0.0904582 1.02518e-05 0.9959
    outer loop
      vertex 24.402 -7.40226 21.7184
      vertex 27.5 -27.5 22
      vertex 25.01 -4.9748 21.7736
    endloop
  endfacet
  facet normal -0.0905769 -8.20083e-06 0.995889
    outer loop
      vertex 23.5589 -9.75843 21.6417
      vertex 27.5 -27.5 22
      vertex 24.402 -7.40226 21.7184
    endloop
  endfacet
  facet normal -0.0904972 9.64762e-06 0.995897
    outer loop
      vertex 22.489 -12.0206 21.5445
      vertex 27.5 -27.5 22
      vertex 23.5589 -9.75843 21.6417
    endloop
  endfacet
  facet normal -0.0905553 -9.29492e-06 0.995891
    outer loop
      vertex 21.2025 -14.167 21.4275
      vertex 27.5 -27.5 22
      vertex 22.489 -12.0206 21.5445
    endloop
  endfacet
  facet normal -0.0905284 3.505e-06 0.995894
    outer loop
      vertex 19.7118 -16.177 21.292
      vertex 27.5 -27.5 22
      vertex 21.2025 -14.167 21.4275
    endloop
  endfacet
  facet normal -0.0905408 -5.12254e-06 0.995893
    outer loop
      vertex 18.0312 -18.0312 21.1392
      vertex 27.5 -27.5 22
      vertex 19.7118 -16.177 21.292
    endloop
  endfacet
  facet normal -0.0905459 -1.02451e-05 0.995892
    outer loop
      vertex 16.177 -19.7118 20.9706
      vertex 27.5 -27.5 22
      vertex 18.0312 -18.0312 21.1392
    endloop
  endfacet
  facet normal -0.0905309 1.16905e-05 0.995894
    outer loop
      vertex 14.167 -21.2025 20.7879
      vertex 27.5 -27.5 22
      vertex 16.177 -19.7118 20.9706
    endloop
  endfacet
  facet normal -0.0905306 1.24411e-05 0.995894
    outer loop
      vertex 12.0206 -22.489 20.5928
      vertex 27.5 -27.5 22
      vertex 14.167 -21.2025 20.7879
    endloop
  endfacet
  facet normal -0.0905436 -2.80933e-05 0.995892
    outer loop
      vertex 9.75843 -23.5589 20.3871
      vertex 27.5 -27.5 22
      vertex 12.0206 -22.489 20.5928
    endloop
  endfacet
  facet normal -0.0905372 9.16003e-07 0.995893
    outer loop
      vertex 7.40226 -24.402 20.1729
      vertex 27.5 -27.5 22
      vertex 9.75843 -23.5589 20.3871
    endloop
  endfacet
  facet normal -0.090463 -0.000164663 0.9959
    outer loop
      vertex 0 -27.5 19.5
      vertex 7.40226 -24.402 20.1729
      vertex 4.9748 -25.01 19.9523
    endloop
  endfacet
  facet normal -0.0905701 5.10132e-05 0.99589
    outer loop
      vertex 0 -27.5 19.5
      vertex 4.9748 -25.01 19.9523
      vertex 2.49944 -25.3772 19.7272
    endloop
  endfacet
  facet normal -0.0905271 0 0.995894
    outer loop
      vertex 0 -27.5 19.5
      vertex 2.49944 -25.3772 19.7272
      vertex 0 -25.5 19.5
    endloop
  endfacet
  facet normal -0.0905357 1.05206e-05 0.995893
    outer loop
      vertex 7.40226 -24.402 20.1729
      vertex 0 -27.5 19.5
      vertex 27.5 -27.5 22
    endloop
  endfacet
  facet normal -0.0905271 0 0.995894
    outer loop
      vertex -2.49944 -25.3772 19.2728
      vertex 0 -27.5 19.5
      vertex 0 -25.5 19.5
    endloop
  endfacet
  facet normal -0.0905197 8.86419e-06 0.995895
    outer loop
      vertex -2.49944 -25.3772 19.2728
      vertex -2.69547 -27.3676 19.255
      vertex 0 -27.5 19.5
    endloop
  endfacet
  facet normal -0.0905607 1.29384e-05 0.995891
    outer loop
      vertex -4.9748 -25.01 19.0477
      vertex -2.69547 -27.3676 19.255
      vertex -2.49944 -25.3772 19.2728
    endloop
  endfacet
  facet normal -0.0905368 3.62133e-05 0.995893
    outer loop
      vertex -4.9748 -25.01 19.0477
      vertex -5.36498 -26.9716 19.0123
      vertex -2.69547 -27.3676 19.255
    endloop
  endfacet
  facet normal -0.0904969 2.82146e-05 0.995897
    outer loop
      vertex -7.40226 -24.402 18.8271
      vertex -5.36498 -26.9716 19.0123
      vertex -4.9748 -25.01 19.0477
    endloop
  endfacet
  facet normal -0.090543 -8.6492e-06 0.995893
    outer loop
      vertex -7.40226 -24.402 18.8271
      vertex -7.98283 -26.3159 18.7743
      vertex -5.36498 -26.9716 19.0123
    endloop
  endfacet
  facet normal -0.0905403 -9.49922e-06 0.995893
    outer loop
      vertex -9.75843 -23.5589 18.6129
      vertex -7.98283 -26.3159 18.7743
      vertex -7.40226 -24.402 18.8271
    endloop
  endfacet
  facet normal -0.0905402 -9.42898e-06 0.995893
    outer loop
      vertex -9.75843 -23.5589 18.6129
      vertex -10.5238 -25.4067 18.5433
      vertex -7.98283 -26.3159 18.7743
    endloop
  endfacet
  facet normal -0.0905578 -2.07649e-06 0.995891
    outer loop
      vertex -12.0206 -22.489 18.4072
      vertex -10.5238 -25.4067 18.5433
      vertex -9.75843 -23.5589 18.6129
    endloop
  endfacet
  facet normal -0.0905397 7.26387e-06 0.995893
    outer loop
      vertex -12.0206 -22.489 18.4072
      vertex -12.9634 -24.2528 18.3215
      vertex -10.5238 -25.4067 18.5433
    endloop
  endfacet
  facet normal -0.0905239 -1.23522e-06 0.995894
    outer loop
      vertex -14.167 -21.2025 18.2121
      vertex -12.9634 -24.2528 18.3215
      vertex -12.0206 -22.489 18.4072
    endloop
  endfacet
  facet normal -0.09052 3.10353e-07 0.995895
    outer loop
      vertex -14.167 -21.2025 18.2121
      vertex -15.2782 -22.8654 18.1111
      vertex -12.9634 -24.2528 18.3215
    endloop
  endfacet
  facet normal -0.0905214 1.24315e-06 0.995895
    outer loop
      vertex -16.177 -19.7118 18.0294
      vertex -15.2782 -22.8654 18.1111
      vertex -14.167 -21.2025 18.2121
    endloop
  endfacet
  facet normal -0.0905647 -1.11877e-05 0.995891
    outer loop
      vertex -16.177 -19.7118 18.0294
      vertex -17.4458 -21.2578 17.914
      vertex -15.2782 -22.8654 18.1111
    endloop
  endfacet
  facet normal -0.090565 -1.09571e-05 0.995891
    outer loop
      vertex -18.0312 -18.0312 17.8608
      vertex -17.4458 -21.2578 17.914
      vertex -16.177 -19.7118 18.0294
    endloop
  endfacet
  facet normal -0.0905525 -8.68253e-06 0.995892
    outer loop
      vertex -18.0312 -18.0312 17.8608
      vertex -19.4454 -19.4454 17.7322
      vertex -17.4458 -21.2578 17.914
    endloop
  endfacet
  facet normal -0.0905541 -7.05244e-06 0.995892
    outer loop
      vertex -19.7118 -16.177 17.708
      vertex -19.4454 -19.4454 17.7322
      vertex -18.0312 -18.0312 17.8608
    endloop
  endfacet
  facet normal -0.0905131 7.89925e-06 0.995895
    outer loop
      vertex -21.2578 -17.4458 17.5675
      vertex -19.7118 -16.177 17.708
      vertex -21.2025 -14.167 17.5725
    endloop
  endfacet
  facet normal -0.0905043 -2.95575e-06 0.995896
    outer loop
      vertex -19.7118 -16.177 17.708
      vertex -21.2578 -17.4458 17.5675
      vertex -19.4454 -19.4454 17.7322
    endloop
  endfacet
  facet normal -0.0905573 8.06864e-06 0.995891
    outer loop
      vertex -22.8654 -15.2782 17.4213
      vertex -21.2025 -14.167 17.5725
      vertex -22.489 -12.0206 17.4555
    endloop
  endfacet
  facet normal -0.0905577 8.65676e-06 0.995891
    outer loop
      vertex -21.2025 -14.167 17.5725
      vertex -22.8654 -15.2782 17.4213
      vertex -21.2578 -17.4458 17.5675
    endloop
  endfacet
  facet normal -0.0905036 -1.2673e-05 0.995896
    outer loop
      vertex -24.2528 -12.9634 17.2952
      vertex -22.489 -12.0206 17.4555
      vertex -23.5589 -9.75843 17.3583
    endloop
  endfacet
  facet normal -0.0905118 2.76366e-06 0.995895
    outer loop
      vertex -22.489 -12.0206 17.4555
      vertex -24.2528 -12.9634 17.2952
      vertex -22.8654 -15.2782 17.4213
    endloop
  endfacet
  facet normal -0.0905525 1.70251e-05 0.995892
    outer loop
      vertex -25.4067 -10.5238 17.1903
      vertex -23.5589 -9.75843 17.3583
      vertex -24.402 -7.40226 17.2816
    endloop
  endfacet
  facet normal -0.0905318 -2.88315e-05 0.995894
    outer loop
      vertex -26.3159 -7.98283 17.1076
      vertex -24.402 -7.40226 17.2816
      vertex -25.01 -4.9748 17.2264
    endloop
  endfacet
  facet normal -0.0905727 1.78501e-06 0.99589
    outer loop
      vertex -26.9716 -5.36498 17.048
      vertex -25.01 -4.9748 17.2264
      vertex -25.3772 -2.49944 17.193
    endloop
  endfacet
  facet normal -0.0905439 -3.87565e-06 0.995892
    outer loop
      vertex -23.5589 -9.75843 17.3583
      vertex -25.4067 -10.5238 17.1903
      vertex -24.2528 -12.9634 17.2952
    endloop
  endfacet
  facet normal -0.0905641 1.30847e-05 0.995891
    outer loop
      vertex -27.3676 -2.69547 17.012
      vertex -25.3772 -2.49944 17.193
      vertex -25.5 0 17.1818
    endloop
  endfacet
  facet normal -0.0905624 3.9902e-06 0.995891
    outer loop
      vertex -27.3676 2.69547 17.012
      vertex -25.3772 2.49944 17.193
      vertex -26.9716 5.36498 17.048
    endloop
  endfacet
  facet normal -0.0905448 1.45439e-05 0.995892
    outer loop
      vertex -24.402 -7.40226 17.2816
      vertex -26.3159 -7.98283 17.1076
      vertex -25.4067 -10.5238 17.1903
    endloop
  endfacet
  facet normal -0.0905641 -1.30847e-05 0.995891
    outer loop
      vertex -25.3772 2.49944 17.193
      vertex -27.3676 2.69547 17.012
      vertex -25.5 0 17.1818
    endloop
  endfacet
  facet normal -0.09057 -1.21036e-05 0.99589
    outer loop
      vertex -25.01 -4.9748 17.2264
      vertex -26.9716 -5.36498 17.048
      vertex -26.3159 -7.98283 17.1076
    endloop
  endfacet
  facet normal -0.0905268 1.29905e-05 0.995894
    outer loop
      vertex -27.5 0 17
      vertex -25.5 0 17.1818
      vertex -27.3676 2.69547 17.012
    endloop
  endfacet
  facet normal -0.0905624 -3.9902e-06 0.995891
    outer loop
      vertex -25.3772 -2.49944 17.193
      vertex -27.3676 -2.69547 17.012
      vertex -26.9716 -5.36498 17.048
    endloop
  endfacet
  facet normal -0.0905268 -1.29905e-05 0.995894
    outer loop
      vertex -25.5 0 17.1818
      vertex -27.5 0 17
      vertex -27.3676 -2.69547 17.012
    endloop
  endfacet
  facet normal 0.903987 -0.42756 0
    outer loop
      vertex 30.0666 15.9196 16
      vertex 31.8121 19.6101 6
      vertex 31.8121 19.6101 16
    endloop
  endfacet
  facet normal 0.903987 -0.42756 0
    outer loop
      vertex 31.8121 19.6101 6
      vertex 30.0666 15.9196 16
      vertex 30.0666 15.9196 6
    endloop
  endfacet
  facet normal 0.903987 0.42756 0
    outer loop
      vertex 31.8121 -19.6101 16
      vertex 30.0666 -15.9196 6
      vertex 30.0666 -15.9196 16
    endloop
  endfacet
  facet normal 0.903987 0.42756 0
    outer loop
      vertex 30.0666 -15.9196 6
      vertex 31.8121 -19.6101 16
      vertex 31.8121 -19.6101 6
    endloop
  endfacet
  facet normal 0.998796 -0.049064 0
    outer loop
      vertex 26.9 0 16
      vertex 27.1003 4.07751 6
      vertex 27.1003 4.07751 16
    endloop
  endfacet
  facet normal 0.998796 -0.049064 0
    outer loop
      vertex 27.1003 4.07751 6
      vertex 26.9 0 16
      vertex 26.9 0 6
    endloop
  endfacet
  facet normal 0.941547 -0.336883 0
    outer loop
      vertex 28.6913 12.0758 16
      vertex 30.0666 15.9196 6
      vertex 30.0666 15.9196 16
    endloop
  endfacet
  facet normal 0.941547 -0.336883 0
    outer loop
      vertex 30.0666 15.9196 6
      vertex 28.6913 12.0758 16
      vertex 28.6913 12.0758 6
    endloop
  endfacet
  facet normal 0.970028 -0.242994 0
    outer loop
      vertex 27.6993 8.11576 16
      vertex 28.6913 12.0758 6
      vertex 28.6913 12.0758 16
    endloop
  endfacet
  facet normal 0.970028 -0.242994 0
    outer loop
      vertex 28.6913 12.0758 6
      vertex 27.6993 8.11576 16
      vertex 27.6993 8.11576 6
    endloop
  endfacet
  facet normal 0.989177 -0.146726 0
    outer loop
      vertex 27.1003 4.07751 16
      vertex 27.6993 8.11576 6
      vertex 27.6993 8.11576 16
    endloop
  endfacet
  facet normal 0.989177 -0.146726 0
    outer loop
      vertex 27.6993 8.11576 6
      vertex 27.1003 4.07751 16
      vertex 27.1003 4.07751 6
    endloop
  endfacet
  facet normal 0.740958 -0.671552 0
    outer loop
      vertex 36.3428 26.3908 16
      vertex 37.3481 27.5 6
      vertex 37.3481 27.5 16
    endloop
  endfacet
  facet normal 0.740958 -0.671552 0
    outer loop
      vertex 37.3481 27.5 6
      vertex 36.3428 26.3908 16
      vertex 36.3428 26.3908 6
    endloop
  endfacet
  facet normal 0.857726 -0.514107 0
    outer loop
      vertex 31.8121 19.6101 16
      vertex 33.9109 23.1117 6
      vertex 33.9109 23.1117 16
    endloop
  endfacet
  facet normal 0.857726 -0.514107 0
    outer loop
      vertex 33.9109 23.1117 6
      vertex 31.8121 19.6101 16
      vertex 31.8121 19.6101 6
    endloop
  endfacet
  facet normal 0.803213 -0.595692 0
    outer loop
      vertex 33.9109 23.1117 16
      vertex 36.3428 26.3908 6
      vertex 36.3428 26.3908 16
    endloop
  endfacet
  facet normal 0.803213 -0.595692 0
    outer loop
      vertex 36.3428 26.3908 6
      vertex 33.9109 23.1117 16
      vertex 33.9109 23.1117 6
    endloop
  endfacet
  facet normal 0.970028 0.242994 0
    outer loop
      vertex 28.6913 -12.0758 16
      vertex 27.6993 -8.11576 6
      vertex 27.6993 -8.11576 16
    endloop
  endfacet
  facet normal 0.970028 0.242994 0
    outer loop
      vertex 27.6993 -8.11576 6
      vertex 28.6913 -12.0758 16
      vertex 28.6913 -12.0758 6
    endloop
  endfacet
  facet normal 0.998796 0.049064 0
    outer loop
      vertex 27.1003 -4.07751 16
      vertex 26.9 0 6
      vertex 26.9 0 16
    endloop
  endfacet
  facet normal 0.998796 0.049064 0
    outer loop
      vertex 26.9 0 6
      vertex 27.1003 -4.07751 16
      vertex 27.1003 -4.07751 6
    endloop
  endfacet
  facet normal -0 0 1
    outer loop
      vertex 37.3481 27.5 6
      vertex 38.3526 24.7413 6
      vertex 40.8529 27.5 6
    endloop
  endfacet
  facet normal -0 0 1
    outer loop
      vertex 36.3428 26.3908 6
      vertex 38.3526 24.7413 6
      vertex 37.3481 27.5 6
    endloop
  endfacet
  facet normal 0 0 1
    outer loop
      vertex 36.3428 26.3908 6
      vertex 36.0727 21.6672 6
      vertex 38.3526 24.7413 6
    endloop
  endfacet
  facet normal -0 0 1
    outer loop
      vertex 33.9109 23.1117 6
      vertex 36.0727 21.6672 6
      vertex 36.3428 26.3908 6
    endloop
  endfacet
  facet normal 0 0 1
    outer loop
      vertex 36.0727 21.6672 6
      vertex 33.9109 23.1117 6
      vertex 34.1051 18.3845 6
    endloop
  endfacet
  facet normal -0 0 1
    outer loop
      vertex 31.8121 19.6101 6
      vertex 34.1051 18.3845 6
      vertex 33.9109 23.1117 6
    endloop
  endfacet
  facet normal 0 0 1
    outer loop
      vertex 34.1051 18.3845 6
      vertex 31.8121 19.6101 6
      vertex 32.4687 14.9247 6
    endloop
  endfacet
  facet normal -0 0 1
    outer loop
      vertex 30.0666 15.9196 6
      vertex 32.4687 14.9247 6
      vertex 31.8121 19.6101 6
    endloop
  endfacet
  facet normal 0 0 1
    outer loop
      vertex 32.4687 14.9247 6
      vertex 30.0666 15.9196 6
      vertex 31.1793 11.3211 6
    endloop
  endfacet
  facet normal -0 0 1
    outer loop
      vertex 28.6913 12.0758 6
      vertex 31.1793 11.3211 6
      vertex 30.0666 15.9196 6
    endloop
  endfacet
  facet normal 0 0 1
    outer loop
      vertex 31.1793 11.3211 6
      vertex 28.6913 12.0758 6
      vertex 30.2494 7.60852 6
    endloop
  endfacet
  facet normal -0 0 1
    outer loop
      vertex 27.6993 8.11576 6
      vertex 30.2494 7.60852 6
      vertex 28.6913 12.0758 6
    endloop
  endfacet
  facet normal 0 0 1
    outer loop
      vertex 30.2494 7.60852 6
      vertex 27.6993 8.11576 6
      vertex 29.6878 3.82267 6
    endloop
  endfacet
  facet normal 0 0 1
    outer loop
      vertex 38.3526 -24.7413 6
      vertex 37.3481 -27.5 6
      vertex 40.8529 -27.5 6
    endloop
  endfacet
  facet normal 0 0 1
    outer loop
      vertex 38.3526 -24.7413 6
      vertex 36.3428 -26.3908 6
      vertex 37.3481 -27.5 6
    endloop
  endfacet
  facet normal 0 0 1
    outer loop
      vertex 36.0727 -21.6672 6
      vertex 36.3428 -26.3908 6
      vertex 38.3526 -24.7413 6
    endloop
  endfacet
  facet normal 0 0 1
    outer loop
      vertex 33.9109 -23.1117 6
      vertex 36.0727 -21.6672 6
      vertex 34.1051 -18.3845 6
    endloop
  endfacet
  facet normal 0 0 1
    outer loop
      vertex 36.0727 -21.6672 6
      vertex 33.9109 -23.1117 6
      vertex 36.3428 -26.3908 6
    endloop
  endfacet
  facet normal 0 0 1
    outer loop
      vertex 31.8121 -19.6101 6
      vertex 34.1051 -18.3845 6
      vertex 32.4687 -14.9247 6
    endloop
  endfacet
  facet normal 0 0 1
    outer loop
      vertex 34.1051 -18.3845 6
      vertex 31.8121 -19.6101 6
      vertex 33.9109 -23.1117 6
    endloop
  endfacet
  facet normal 0 0 1
    outer loop
      vertex 30.0666 -15.9196 6
      vertex 32.4687 -14.9247 6
      vertex 31.1793 -11.3211 6
    endloop
  endfacet
  facet normal 0 0 1
    outer loop
      vertex 28.6913 -12.0758 6
      vertex 31.1793 -11.3211 6
      vertex 30.2494 -7.60852 6
    endloop
  endfacet
  facet normal 0 0 1
    outer loop
      vertex 32.4687 -14.9247 6
      vertex 30.0666 -15.9196 6
      vertex 31.8121 -19.6101 6
    endloop
  endfacet
  facet normal 0 0 1
    outer loop
      vertex 27.6993 -8.11576 6
      vertex 30.2494 -7.60852 6
      vertex 29.6878 -3.82267 6
    endloop
  endfacet
  facet normal 0 0 1
    outer loop
      vertex 27.1003 -4.07751 6
      vertex 29.6878 -3.82267 6
      vertex 29.5 0 6
    endloop
  endfacet
  facet normal -0 0 1
    outer loop
      vertex 27.1003 4.07751 6
      vertex 29.6878 3.82267 6
      vertex 27.6993 8.11576 6
    endloop
  endfacet
  facet normal 0 0 1
    outer loop
      vertex 31.1793 -11.3211 6
      vertex 28.6913 -12.0758 6
      vertex 30.0666 -15.9196 6
    endloop
  endfacet
  facet normal 0 0 1
    outer loop
      vertex 29.6878 3.82267 6
      vertex 27.1003 4.07751 6
      vertex 29.5 0 6
    endloop
  endfacet
  facet normal 0 0 1
    outer loop
      vertex 30.2494 -7.60852 6
      vertex 27.6993 -8.11576 6
      vertex 28.6913 -12.0758 6
    endloop
  endfacet
  facet normal 0 0 1
    outer loop
      vertex 26.9 0 6
      vertex 29.5 0 6
      vertex 27.1003 4.07751 6
    endloop
  endfacet
  facet normal 0 0 1
    outer loop
      vertex 29.6878 -3.82267 6
      vertex 27.1003 -4.07751 6
      vertex 27.6993 -8.11576 6
    endloop
  endfacet
  facet normal 0 0 1
    outer loop
      vertex 29.5 0 6
      vertex 26.9 0 6
      vertex 27.1003 -4.07751 6
    endloop
  endfacet
  facet normal 0.740958 0.671552 0
    outer loop
      vertex 37.3481 -27.5 16
      vertex 36.3428 -26.3908 6
      vertex 36.3428 -26.3908 16
    endloop
  endfacet
  facet normal 0.740958 0.671552 0
    outer loop
      vertex 36.3428 -26.3908 6
      vertex 37.3481 -27.5 16
      vertex 37.3481 -27.5 6
    endloop
  endfacet
  facet normal 0.803213 0.595692 0
    outer loop
      vertex 36.3428 -26.3908 16
      vertex 33.9109 -23.1117 6
      vertex 33.9109 -23.1117 16
    endloop
  endfacet
  facet normal 0.803213 0.595692 0
    outer loop
      vertex 33.9109 -23.1117 6
      vertex 36.3428 -26.3908 16
      vertex 36.3428 -26.3908 6
    endloop
  endfacet
  facet normal 0 0 -1
    outer loop
      vertex 37.3481 -27.5 16
      vertex 38.3526 -24.7413 16
      vertex 40.8529 -27.5 16
    endloop
  endfacet
  facet normal 0 0 -1
    outer loop
      vertex 36.3428 -26.3908 16
      vertex 38.3526 -24.7413 16
      vertex 37.3481 -27.5 16
    endloop
  endfacet
  facet normal 0 0 -1
    outer loop
      vertex 36.3428 -26.3908 16
      vertex 36.0727 -21.6672 16
      vertex 38.3526 -24.7413 16
    endloop
  endfacet
  facet normal 0 0 -1
    outer loop
      vertex 33.9109 -23.1117 16
      vertex 36.0727 -21.6672 16
      vertex 36.3428 -26.3908 16
    endloop
  endfacet
  facet normal -0 0 -1
    outer loop
      vertex 36.0727 -21.6672 16
      vertex 33.9109 -23.1117 16
      vertex 34.1051 -18.3845 16
    endloop
  endfacet
  facet normal 0 0 -1
    outer loop
      vertex 31.8121 -19.6101 16
      vertex 34.1051 -18.3845 16
      vertex 33.9109 -23.1117 16
    endloop
  endfacet
  facet normal -0 0 -1
    outer loop
      vertex 34.1051 -18.3845 16
      vertex 31.8121 -19.6101 16
      vertex 32.4687 -14.9247 16
    endloop
  endfacet
  facet normal 0 0 -1
    outer loop
      vertex 30.0666 -15.9196 16
      vertex 32.4687 -14.9247 16
      vertex 31.8121 -19.6101 16
    endloop
  endfacet
  facet normal -0 0 -1
    outer loop
      vertex 32.4687 -14.9247 16
      vertex 30.0666 -15.9196 16
      vertex 31.1793 -11.3211 16
    endloop
  endfacet
  facet normal 0 0 -1
    outer loop
      vertex 28.6913 -12.0758 16
      vertex 31.1793 -11.3211 16
      vertex 30.0666 -15.9196 16
    endloop
  endfacet
  facet normal -0 0 -1
    outer loop
      vertex 31.1793 -11.3211 16
      vertex 28.6913 -12.0758 16
      vertex 30.2494 -7.60852 16
    endloop
  endfacet
  facet normal 0 0 -1
    outer loop
      vertex 27.6993 -8.11576 16
      vertex 30.2494 -7.60852 16
      vertex 28.6913 -12.0758 16
    endloop
  endfacet
  facet normal -0 0 -1
    outer loop
      vertex 30.2494 -7.60852 16
      vertex 27.6993 -8.11576 16
      vertex 29.6878 -3.82267 16
    endloop
  endfacet
  facet normal 0 0 -1
    outer loop
      vertex 38.3526 24.7413 16
      vertex 37.3481 27.5 16
      vertex 40.8529 27.5 16
    endloop
  endfacet
  facet normal 0 0 -1
    outer loop
      vertex 38.3526 24.7413 16
      vertex 36.3428 26.3908 16
      vertex 37.3481 27.5 16
    endloop
  endfacet
  facet normal 0 0 -1
    outer loop
      vertex 36.0727 21.6672 16
      vertex 36.3428 26.3908 16
      vertex 38.3526 24.7413 16
    endloop
  endfacet
  facet normal 0 0 -1
    outer loop
      vertex 33.9109 23.1117 16
      vertex 36.0727 21.6672 16
      vertex 34.1051 18.3845 16
    endloop
  endfacet
  facet normal 0 0 -1
    outer loop
      vertex 36.0727 21.6672 16
      vertex 33.9109 23.1117 16
      vertex 36.3428 26.3908 16
    endloop
  endfacet
  facet normal 0 0 -1
    outer loop
      vertex 31.8121 19.6101 16
      vertex 34.1051 18.3845 16
      vertex 32.4687 14.9247 16
    endloop
  endfacet
  facet normal 0 0 -1
    outer loop
      vertex 34.1051 18.3845 16
      vertex 31.8121 19.6101 16
      vertex 33.9109 23.1117 16
    endloop
  endfacet
  facet normal 0 0 -1
    outer loop
      vertex 30.0666 15.9196 16
      vertex 32.4687 14.9247 16
      vertex 31.1793 11.3211 16
    endloop
  endfacet
  facet normal 0 0 -1
    outer loop
      vertex 28.6913 12.0758 16
      vertex 31.1793 11.3211 16
      vertex 30.2494 7.60852 16
    endloop
  endfacet
  facet normal 0 0 -1
    outer loop
      vertex 32.4687 14.9247 16
      vertex 30.0666 15.9196 16
      vertex 31.8121 19.6101 16
    endloop
  endfacet
  facet normal 0 0 -1
    outer loop
      vertex 27.6993 8.11576 16
      vertex 30.2494 7.60852 16
      vertex 29.6878 3.82267 16
    endloop
  endfacet
  facet normal 0 0 -1
    outer loop
      vertex 27.1003 4.07751 16
      vertex 29.6878 3.82267 16
      vertex 29.5 0 16
    endloop
  endfacet
  facet normal 0 0 -1
    outer loop
      vertex 27.1003 -4.07751 16
      vertex 29.6878 -3.82267 16
      vertex 27.6993 -8.11576 16
    endloop
  endfacet
  facet normal 0 0 -1
    outer loop
      vertex 31.1793 11.3211 16
      vertex 28.6913 12.0758 16
      vertex 30.0666 15.9196 16
    endloop
  endfacet
  facet normal -0 0 -1
    outer loop
      vertex 29.6878 -3.82267 16
      vertex 27.1003 -4.07751 16
      vertex 29.5 0 16
    endloop
  endfacet
  facet normal 0 0 -1
    outer loop
      vertex 30.2494 7.60852 16
      vertex 27.6993 8.11576 16
      vertex 28.6913 12.0758 16
    endloop
  endfacet
  facet normal 0 0 -1
    outer loop
      vertex 26.9 0 16
      vertex 29.5 0 16
      vertex 27.1003 -4.07751 16
    endloop
  endfacet
  facet normal 0 0 -1
    outer loop
      vertex 29.6878 3.82267 16
      vertex 27.1003 4.07751 16
      vertex 27.6993 8.11576 16
    endloop
  endfacet
  facet normal 0 0 -1
    outer loop
      vertex 29.5 0 16
      vertex 26.9 0 16
      vertex 27.1003 4.07751 16
    endloop
  endfacet
  facet normal 0.989177 0.146726 0
    outer loop
      vertex 27.6993 -8.11576 16
      vertex 27.1003 -4.07751 6
      vertex 27.1003 -4.07751 16
    endloop
  endfacet
  facet normal 0.989177 0.146726 0
    outer loop
      vertex 27.1003 -4.07751 6
      vertex 27.6993 -8.11576 16
      vertex 27.6993 -8.11576 6
    endloop
  endfacet
  facet normal 0.941547 0.336883 0
    outer loop
      vertex 30.0666 -15.9196 16
      vertex 28.6913 -12.0758 6
      vertex 28.6913 -12.0758 16
    endloop
  endfacet
  facet normal 0.941547 0.336883 0
    outer loop
      vertex 28.6913 -12.0758 6
      vertex 30.0666 -15.9196 16
      vertex 30.0666 -15.9196 6
    endloop
  endfacet
  facet normal 0.857726 0.514107 0
    outer loop
      vertex 33.9109 -23.1117 16
      vertex 31.8121 -19.6101 6
      vertex 31.8121 -19.6101 16
    endloop
  endfacet
  facet normal 0.857726 0.514107 0
    outer loop
      vertex 31.8121 -19.6101 6
      vertex 33.9109 -23.1117 16
      vertex 33.9109 -23.1117 6
    endloop
  endfacet
  facet normal -0.998795 0.0490688 0
    outer loop
      vertex 29.5 0 6
      vertex 29.6878 3.82267 16
      vertex 29.6878 3.82267 6
    endloop
  endfacet
  facet normal -0.998795 0.0490688 0
    outer loop
      vertex 29.6878 3.82267 16
      vertex 29.5 0 6
      vertex 29.5 0 16
    endloop
  endfacet
  facet normal -0.857726 0.514108 0
    outer loop
      vertex 34.1051 18.3845 6
      vertex 36.0727 21.6672 16
      vertex 36.0727 21.6672 6
    endloop
  endfacet
  facet normal -0.857726 0.514108 0
    outer loop
      vertex 36.0727 21.6672 16
      vertex 34.1051 18.3845 6
      vertex 34.1051 18.3845 16
    endloop
  endfacet
  facet normal -0.803209 0.595698 0
    outer loop
      vertex 36.0727 21.6672 6
      vertex 38.3526 24.7413 16
      vertex 38.3526 24.7413 6
    endloop
  endfacet
  facet normal -0.803209 0.595698 0
    outer loop
      vertex 38.3526 24.7413 16
      vertex 36.0727 21.6672 6
      vertex 36.0727 21.6672 16
    endloop
  endfacet
  facet normal -0.803209 -0.595698 0
    outer loop
      vertex 38.3526 -24.7413 6
      vertex 36.0727 -21.6672 16
      vertex 36.0727 -21.6672 6
    endloop
  endfacet
  facet normal -0.803209 -0.595698 0
    outer loop
      vertex 36.0727 -21.6672 16
      vertex 38.3526 -24.7413 6
      vertex 38.3526 -24.7413 16
    endloop
  endfacet
  facet normal -0.941543 -0.336892 0
    outer loop
      vertex 32.4687 -14.9247 6
      vertex 31.1793 -11.3211 16
      vertex 31.1793 -11.3211 6
    endloop
  endfacet
  facet normal -0.941543 -0.336892 0
    outer loop
      vertex 31.1793 -11.3211 16
      vertex 32.4687 -14.9247 6
      vertex 32.4687 -14.9247 16
    endloop
  endfacet
  facet normal -0.970035 0.242967 0
    outer loop
      vertex 30.2494 7.60852 6
      vertex 31.1793 11.3211 16
      vertex 31.1793 11.3211 6
    endloop
  endfacet
  facet normal -0.970035 0.242967 0
    outer loop
      vertex 31.1793 11.3211 16
      vertex 30.2494 7.60852 6
      vertex 30.2494 7.60852 16
    endloop
  endfacet
  facet normal -0.903986 0.427563 0
    outer loop
      vertex 32.4687 14.9247 6
      vertex 34.1051 18.3845 16
      vertex 34.1051 18.3845 6
    endloop
  endfacet
  facet normal -0.903986 0.427563 0
    outer loop
      vertex 34.1051 18.3845 16
      vertex 32.4687 14.9247 6
      vertex 32.4687 14.9247 16
    endloop
  endfacet
  facet normal -0.989176 0.146736 0
    outer loop
      vertex 29.6878 3.82267 6
      vertex 30.2494 7.60852 16
      vertex 30.2494 7.60852 6
    endloop
  endfacet
  facet normal -0.989176 0.146736 0
    outer loop
      vertex 30.2494 7.60852 16
      vertex 29.6878 3.82267 6
      vertex 29.6878 3.82267 16
    endloop
  endfacet
  facet normal -0.903986 -0.427563 0
    outer loop
      vertex 34.1051 -18.3845 6
      vertex 32.4687 -14.9247 16
      vertex 32.4687 -14.9247 6
    endloop
  endfacet
  facet normal -0.903986 -0.427563 0
    outer loop
      vertex 32.4687 -14.9247 16
      vertex 34.1051 -18.3845 6
      vertex 34.1051 -18.3845 16
    endloop
  endfacet
  facet normal -0.857726 -0.514108 0
    outer loop
      vertex 36.0727 -21.6672 6
      vertex 34.1051 -18.3845 16
      vertex 34.1051 -18.3845 6
    endloop
  endfacet
  facet normal -0.857726 -0.514108 0
    outer loop
      vertex 34.1051 -18.3845 16
      vertex 36.0727 -21.6672 6
      vertex 36.0727 -21.6672 16
    endloop
  endfacet
  facet normal -0.998795 -0.0490688 0
    outer loop
      vertex 29.6878 -3.82267 6
      vertex 29.5 0 16
      vertex 29.5 0 6
    endloop
  endfacet
  facet normal -0.998795 -0.0490688 0
    outer loop
      vertex 29.5 0 16
      vertex 29.6878 -3.82267 6
      vertex 29.6878 -3.82267 16
    endloop
  endfacet
  facet normal -0.970035 -0.242967 0
    outer loop
      vertex 31.1793 -11.3211 6
      vertex 30.2494 -7.60852 16
      vertex 30.2494 -7.60852 6
    endloop
  endfacet
  facet normal -0.970035 -0.242967 0
    outer loop
      vertex 30.2494 -7.60852 16
      vertex 31.1793 -11.3211 6
      vertex 31.1793 -11.3211 16
    endloop
  endfacet
  facet normal -0.989176 -0.146736 0
    outer loop
      vertex 30.2494 -7.60852 6
      vertex 29.6878 -3.82267 16
      vertex 29.6878 -3.82267 6
    endloop
  endfacet
  facet normal -0.989176 -0.146736 0
    outer loop
      vertex 29.6878 -3.82267 16
      vertex 30.2494 -7.60852 6
      vertex 30.2494 -7.60852 16
    endloop
  endfacet
  facet normal -0.740956 0.671553 0
    outer loop
      vertex 38.3526 24.7413 6
      vertex 40.8529 27.5 16
      vertex 40.8529 27.5 6
    endloop
  endfacet
  facet normal -0.740956 0.671553 0
    outer loop
      vertex 40.8529 27.5 16
      vertex 38.3526 24.7413 6
      vertex 38.3526 24.7413 16
    endloop
  endfacet
  facet normal -0.941543 0.336892 0
    outer loop
      vertex 31.1793 11.3211 6
      vertex 32.4687 14.9247 16
      vertex 32.4687 14.9247 6
    endloop
  endfacet
  facet normal -0.941543 0.336892 0
    outer loop
      vertex 32.4687 14.9247 16
      vertex 31.1793 11.3211 6
      vertex 31.1793 11.3211 16
    endloop
  endfacet
  facet normal -0.740956 -0.671553 0
    outer loop
      vertex 40.8529 -27.5 6
      vertex 38.3526 -24.7413 16
      vertex 38.3526 -24.7413 6
    endloop
  endfacet
  facet normal -0.740956 -0.671553 0
    outer loop
      vertex 38.3526 -24.7413 16
      vertex 40.8529 -27.5 6
      vertex 40.8529 -27.5 16
    endloop
  endfacet
endsolid OpenSCAD_Model
