/* This file has been generated by tools/encodeInArduino.py */
/* It contains the website's content encoded as byte arrays for flash memory */
#ifndef WEBSITE_CONTENT_H
#define WEBSITE_CONTENT_H

#include "Arduino.h"

//File: index.html
const uint16_t index_html_length = 3250;
const char index_html[] PROGMEM = { 
0x3c,0x68,0x74,0x6d,0x6c,0x3e,0x0a,0x20,0x20,0x3c,0x68,0x65,0x61,0x64,0x3e,0x0a,0x20,0x20,0x20,0x20,
0x3c,0x74,0x69,0x74,0x6c,0x65,0x3e,0x4d,0x69,0x6e,0x69,0x20,0x4b,0x65,0x6e,0x74,0x65,0x72,0x70,0x72,
0x69,0x73,0x65,0x3c,0x2f,0x74,0x69,0x74,0x6c,0x65,0x3e,0x0a,0x20,0x20,0x20,0x20,0x3c,0x6d,0x65,0x74,
0x61,0x20,0x6e,0x61,0x6d,0x65,0x3d,0x22,0x76,0x69,0x65,0x77,0x70,0x6f,0x72,0x74,0x22,0x20,0x63,0x6f,
0x6e,0x74,0x65,0x6e,0x74,0x3d,0x22,0x77,0x69,0x64,0x74,0x68,0x3d,0x64,0x65,0x76,0x69,0x63,0x65,0x2d,
0x77,0x69,0x64,0x74,0x68,0x2c,0x20,0x68,0x65,0x69,0x67,0x68,0x74,0x3d,0x64,0x65,0x76,0x69,0x63,0x65,
0x2d,0x68,0x65,0x69,0x67,0x68,0x74,0x2c,0x20,0x75,0x73,0x65,0x72,0x2d,0x73,0x63,0x61,0x6c,0x61,0x62,
0x6c,0x65,0x3d,0x6e,0x6f,0x22,0x3e,0x0a,0x20,0x20,0x20,0x20,0x3c,0x6c,0x69,0x6e,0x6b,0x20,0x72,0x65,
0x6c,0x3d,0x22,0x69,0x63,0x6f,0x6e,0x22,0x20,0x68,0x72,0x65,0x66,0x3d,0x22,0x2f,0x61,0x73,0x73,0x65,
0x74,0x73,0x2f,0x66,0x61,0x76,0x69,0x63,0x6f,0x6e,0x2d,0x42,0x72,0x70,0x54,0x72,0x2d,0x45,0x37,0x2e,
0x69,0x63,0x6f,0x22,0x20,0x74,0x79,0x70,0x65,0x3d,0x22,0x69,0x6d,0x61,0x67,0x65,0x2f,0x78,0x2d,0x69,
0x63,0x6f,0x6e,0x22,0x3e,0x0a,0x20,0x20,0x20,0x20,0x3c,0x73,0x63,0x72,0x69,0x70,0x74,0x20,0x74,0x79,
0x70,0x65,0x3d,0x22,0x6d,0x6f,0x64,0x75,0x6c,0x65,0x22,0x20,0x63,0x72,0x6f,0x73,0x73,0x6f,0x72,0x69,
0x67,0x69,0x6e,0x20,0x73,0x72,0x63,0x3d,0x22,0x2f,0x61,0x73,0x73,0x65,0x74,0x73,0x2f,0x6d,0x61,0x69,
0x6e,0x2d,0x44,0x69,0x54,0x41,0x4b,0x55,0x74,0x53,0x2e,0x6a,0x73,0x22,0x3e,0x3c,0x2f,0x73,0x63,0x72,
0x69,0x70,0x74,0x3e,0x0a,0x20,0x20,0x20,0x20,0x3c,0x6c,0x69,0x6e,0x6b,0x20,0x72,0x65,0x6c,0x3d,0x22,
0x6d,0x6f,0x64,0x75,0x6c,0x65,0x70,0x72,0x65,0x6c,0x6f,0x61,0x64,0x22,0x20,0x63,0x72,0x6f,0x73,0x73,
0x6f,0x72,0x69,0x67,0x69,0x6e,0x20,0x68,0x72,0x65,0x66,0x3d,0x22,0x2f,0x61,0x73,0x73,0x65,0x74,0x73,
0x2f,0x6d,0x6f,0x64,0x75,0x6c,0x65,0x70,0x72,0x65,0x6c,0x6f,0x61,0x64,0x2d,0x70,0x6f,0x6c,0x79,0x66,
0x69,0x6c,0x6c,0x2d,0x42,0x35,0x51,0x74,0x39,0x45,0x4d,0x58,0x2e,0x6a,0x73,0x22,0x3e,0x0a,0x20,0x20,
0x20,0x20,0x3c,0x6c,0x69,0x6e,0x6b,0x20,0x72,0x65,0x6c,0x3d,0x22,0x73,0x74,0x79,0x6c,0x65,0x73,0x68,
0x65,0x65,0x74,0x22,0x20,0x63,0x72,0x6f,0x73,0x73,0x6f,0x72,0x69,0x67,0x69,0x6e,0x20,0x68,0x72,0x65,
0x66,0x3d,0x22,0x2f,0x61,0x73,0x73,0x65,0x74,0x73,0x2f,0x6d,0x61,0x69,0x6e,0x2d,0x51,0x78,0x63,0x44,
0x4f,0x46,0x59,0x46,0x2e,0x63,0x73,0x73,0x22,0x3e,0x0a,0x20,0x20,0x3c,0x2f,0x68,0x65,0x61,0x64,0x3e,
0x0a,0x20,0x20,0x3c,0x62,0x6f,0x64,0x79,0x3e,0x0a,0x20,0x20,0x20,0x20,0x3c,0x64,0x69,0x76,0x20,0x69,
0x64,0x3d,0x22,0x4d,0x61,0x69,0x6e,0x47,0x72,0x69,0x64,0x43,0x6f,0x6e,0x74,0x61,0x69,0x6e,0x65,0x72,
0x22,0x3e,0x0a,0x20,0x20,0x20,0x20,0x20,0x20,0x20,0x20,0x3c,0x64,0x69,0x76,0x20,0x63,0x6c,0x61,0x73,
0x73,0x20,0x3d,0x22,0x73,0x69,0x64,0x65,0x70,0x61,0x6e,0x65,0x6c,0x22,0x3e,0x0a,0x20,0x20,0x20,0x20,
0x20,0x20,0x20,0x20,0x20,0x20,0x20,0x20,0x3c,0x64,0x69,0x76,0x20,0x69,0x64,0x3d,0x22,0x4c,0x65,0x66,
0x74,0x4a,0x6f,0x79,0x73,0x74,0x69,0x63,0x6b,0x43,0x6f,0x6e,0x74,0x61,0x69,0x6e,0x65,0x72,0x22,0x20,
0x63,0x6c,0x61,0x73,0x73,0x20,0x3d,0x22,0x6a,0x6f,0x79,0x73,0x74,0x69,0x63,0x6b,0x43,0x6f,0x6e,0x74,
0x61,0x69,0x6e,0x65,0x72,0x22,0x3e,0x0a,0x20,0x20,0x20,0x20,0x20,0x20,0x20,0x20,0x20,0x20,0x20,0x20,
0x20,0x20,0x20,0x20,0x20,0x20,0x20,0x20,0x3c,0x63,0x61,0x6e,0x76,0x61,0x73,0x20,0x69,0x64,0x3d,0x22,
0x4c,0x65,0x66,0x74,0x4a,0x6f,0x79,0x73,0x74,0x69,0x63,0x6b,0x42,0x61,0x73,0x65,0x22,0x20,0x77,0x69,
0x64,0x74,0x68,0x3d,0x22,0x32,0x30,0x30,0x22,0x20,0x68,0x65,0x69,0x67,0x68,0x74,0x3d,0x22,0x32,0x30,
0x30,0x22,0x20,0x0a,0x20,0x20,0x20,0x20,0x20,0x20,0x20,0x20,0x20,0x20,0x20,0x20,0x20,0x20,0x20,0x20,
0x20,0x20,0x20,0x20,0x20,0x20,0x73,0x74,0x79,0x6c,0x65,0x3d,0x22,0x70,0x6f,0x73,0x69,0x74,0x69,0x6f,
0x6e,0x3a,0x20,0x61,0x62,0x73,0x6f,0x6c,0x75,0x74,0x65,0x3b,0x20,0x6c,0x65,0x66,0x74,0x3a,0x20,0x31,
0x30,0x3b,0x20,0x74,0x6f,0x70,0x3a,0x20,0x31,0x30,0x3b,0x20,0x7a,0x2d,0x69,0x6e,0x64,0x65,0x78,0x3a,
0x20,0x30,0x3b,0x22,0x3e,0x3c,0x2f,0x63,0x61,0x6e,0x76,0x61,0x73,0x3e,0x0a,0x20,0x20,0x20,0x20,0x20,
0x20,0x20,0x20,0x20,0x20,0x20,0x20,0x20,0x20,0x20,0x20,0x20,0x20,0x20,0x20,0x3c,0x63,0x61,0x6e,0x76,
0x61,0x73,0x20,0x69,0x64,0x3d,0x22,0x4c,0x65,0x66,0x74,0x4a,0x6f,0x79,0x73,0x74,0x69,0x63,0x6b,0x22,
0x20,0x77,0x69,0x64,0x74,0x68,0x3d,0x22,0x32,0x30,0x30,0x22,0x20,0x68,0x65,0x69,0x67,0x68,0x74,0x3d,
0x22,0x32,0x30,0x30,0x22,0x20,0x0a,0x20,0x20,0x20,0x20,0x20,0x20,0x20,0x20,0x20,0x20,0x20,0x20,0x20,
0x20,0x20,0x20,0x20,0x20,0x20,0x20,0x20,0x20,0x73,0x74,0x79,0x6c,0x65,0x3d,0x22,0x70,0x6f,0x73,0x69,
0x74,0x69,0x6f,0x6e,0x3a,0x20,0x61,0x62,0x73,0x6f,0x6c,0x75,0x74,0x65,0x3b,0x20,0x6c,0x65,0x66,0x74,
0x3a,0x20,0x31,0x30,0x3b,0x20,0x74,0x6f,0x70,0x3a,0x20,0x31,0x30,0x3b,0x20,0x7a,0x2d,0x69,0x6e,0x64,
0x65,0x78,0x3a,0x20,0x31,0x3b,0x22,0x3e,0x3c,0x2f,0x63,0x61,0x6e,0x76,0x61,0x73,0x3e,0x0a,0x20,0x20,
0x20,0x20,0x20,0x20,0x20,0x20,0x20,0x20,0x20,0x20,0x3c,0x2f,0x64,0x69,0x76,0x3e,0x0a,0x20,0x20,0x20,
0x20,0x20,0x20,0x20,0x20,0x3c,0x2f,0x64,0x69,0x76,0x3e,0x0a,0x20,0x20,0x20,0x20,0x20,0x20,0x20,0x20,
0x3c,0x64,0x69,0x76,0x20,0x69,0x64,0x20,0x3d,0x22,0x43,0x65,0x6e,0x74,0x65,0x72,0x47,0x72,0x69,0x64,
0x43,0x6f,0x6e,0x74,0x61,0x69,0x6e,0x65,0x72,0x22,0x3e,0x0a,0x20,0x20,0x20,0x20,0x20,0x20,0x20,0x20,
0x20,0x20,0x3c,0x64,0x69,0x76,0x20,0x69,0x64,0x20,0x3d,0x22,0x53,0x74,0x61,0x74,0x75,0x73,0x50,0x61,
0x6e,0x65,0x6c,0x22,0x3e,0x0a,0x20,0x20,0x20,0x20,0x20,0x20,0x20,0x20,0x20,0x20,0x20,0x20,0x3c,0x64,
0x69,0x76,0x20,0x69,0x64,0x3d,0x22,0x42,0x61,0x74,0x74,0x65,0x72,0x79,0x50,0x61,0x6e,0x65,0x6c,0x22,
0x3e,0x0a,0x20,0x20,0x20,0x20,0x20,0x20,0x20,0x20,0x20,0x20,0x20,0x20,0x20,0x20,0x3c,0x73,0x70,0x61,
0x6e,0x20,0x69,0x64,0x3d,0x22,0x42,0x61,0x74,0x74,0x65,0x72,0x79,0x53,0x79,0x6d,0x62,0x6f,0x6c,0x22,
0x20,0x63,0x6c,0x61,0x73,0x73,0x3d,0x22,0x69,0x63,0x6f,0x6e,0x69,0x66,0x79,0x22,0x20,0x64,0x61,0x74,
0x61,0x2d,0x69,0x63,0x6f,0x6e,0x3d,0x22,0x62,0x69,0x3a,0x62,0x61,0x74,0x74,0x65,0x72,0x79,0x2d,0x66,
0x75,0x6c,0x6c,0x22,0x20,0x73,0x74,0x79,0x6c,0x65,0x3d,0x22,0x66,0x6f,0x6e,0x74,0x2d,0x73,0x69,0x7a,
0x65,0x3a,0x20,0x34,0x72,0x65,0x6d,0x3b,0x20,0x63,0x6f,0x6c,0x6f,0x72,0x3a,0x20,0x72,0x67,0x62,0x28,
0x32,0x34,0x2c,0x20,0x31,0x36,0x37,0x2c,0x20,0x31,0x39,0x29,0x3b,0x22,0x3e,0x3c,0x2f,0x73,0x70,0x61,
0x6e,0x3e,0x0a,0x20,0x20,0x20,0x20,0x20,0x20,0x20,0x20,0x20,0x20,0x20,0x20,0x3c,0x2f,0x64,0x69,0x76,
0x3e,0x0a,0x20,0x20,0x20,0x20,0x20,0x20,0x20,0x20,0x20,0x20,0x20,0x20,0x3c,0x64,0x69,0x76,0x20,0x69,
0x64,0x3d,0x22,0x4e,0x65,0x74,0x77,0x6f,0x72,0x6b,0x50,0x61,0x6e,0x65,0x6c,0x22,0x3e,0x0a,0x20,0x20,
0x20,0x20,0x20,0x20,0x20,0x20,0x20,0x20,0x20,0x20,0x20,0x20,0x3c,0x73,0x70,0x61,0x6e,0x20,0x69,0x64,
0x3d,0x22,0x4e,0x65,0x74,0x77,0x6f,0x72,0x6b,0x53,0x79,0x6d,0x62,0x6f,0x6c,0x22,0x20,0x63,0x6c,0x61,
0x73,0x73,0x3d,0x22,0x69,0x63,0x6f,0x6e,0x69,0x66,0x79,0x22,0x20,0x64,0x61,0x74,0x61,0x2d,0x69,0x63,
0x6f,0x6e,0x3d,0x22,0x62,0x69,0x3a,0x77,0x69,0x66,0x69,0x22,0x20,0x73,0x74,0x79,0x6c,0x65,0x3d,0x22,
0x66,0x6f,0x6e,0x74,0x2d,0x73,0x69,0x7a,0x65,0x3a,0x20,0x34,0x72,0x65,0x6d,0x3b,0x20,0x63,0x6f,0x6c,
0x6f,0x72,0x3a,0x20,0x72,0x67,0x62,0x28,0x31,0x30,0x35,0x2c,0x20,0x32,0x33,0x37,0x2c,0x20,0x31,0x30,
0x30,0x29,0x3b,0x22,0x3e,0x3c,0x2f,0x73,0x70,0x61,0x6e,0x3e,0x0a,0x20,0x20,0x20,0x20,0x20,0x20,0x20,
0x20,0x20,0x20,0x20,0x20,0x3c,0x2f,0x64,0x69,0x76,0x3e,0x0a,0x20,0x20,0x20,0x20,0x20,0x20,0x20,0x20,
0x20,0x20,0x3c,0x2f,0x64,0x69,0x76,0x3e,0x0a,0x0a,0x20,0x20,0x20,0x20,0x20,0x20,0x20,0x20,0x20,0x20,
0x3c,0x64,0x69,0x76,0x20,0x63,0x6c,0x61,0x73,0x73,0x3d,0x22,0x4d,0x61,0x69,0x6e,0x42,0x75,0x74,0x74,
0x6f,0x6e,0x50,0x61,0x6e,0x65,0x6c,0x22,0x3e,0x0a,0x20,0x20,0x20,0x20,0x20,0x20,0x20,0x20,0x20,0x20,
0x20,0x20,0x3c,0x62,0x75,0x74,0x74,0x6f,0x6e,0x20,0x74,0x79,0x70,0x65,0x3d,0x22,0x62,0x75,0x74,0x74,
0x6f,0x6e,0x22,0x20,0x63,0x6c,0x61,0x73,0x73,0x3d,0x22,0x4d,0x61,0x69,0x6e,0x42,0x75,0x74,0x74,0x6f,
0x6e,0x22,0x3e,0x0a,0x20,0x20,0x20,0x20,0x20,0x20,0x20,0x20,0x20,0x20,0x20,0x20,0x20,0x20,0x3c,0x73,
0x70,0x61,0x6e,0x20,0x63,0x6c,0x61,0x73,0x73,0x3d,0x22,0x69,0x63,0x6f,0x6e,0x69,0x66,0x79,0x22,0x20,
0x64,0x61,0x74,0x61,0x2d,0x69,0x63,0x6f,0x6e,0x3d,0x22,0x62,0x69,0x3a,0x69,0x6e,0x66,0x6f,0x22,0x20,
0x73,0x74,0x79,0x6c,0x65,0x3d,0x22,0x66,0x6f,0x6e,0x74,0x2d,0x73,0x69,0x7a,0x65,0x3a,0x20,0x32,0x72,
0x65,0x6d,0x3b,0x22,0x3e,0x3c,0x2f,0x73,0x70,0x61,0x6e,0x3e,0x0a,0x20,0x20,0x20,0x20,0x20,0x20,0x20,
0x20,0x20,0x20,0x20,0x20,0x3c,0x2f,0x62,0x75,0x74,0x74,0x6f,0x6e,0x3e,0x0a,0x20,0x20,0x20,0x20,0x20,
0x20,0x20,0x20,0x20,0x20,0x0a,0x20,0x20,0x20,0x20,0x20,0x20,0x20,0x20,0x20,0x20,0x3c,0x62,0x75,0x74,
0x74,0x6f,0x6e,0x20,0x74,0x79,0x70,0x65,0x3d,0x22,0x62,0x75,0x74,0x74,0x6f,0x6e,0x22,0x20,0x63,0x6c,
0x61,0x73,0x73,0x3d,0x22,0x4d,0x61,0x69,0x6e,0x42,0x75,0x74,0x74,0x6f,0x6e,0x22,0x20,0x69,0x64,0x3d,
0x22,0x53,0x65,0x74,0x74,0x69,0x6e,0x67,0x73,0x42,0x75,0x74,0x74,0x6f,0x6e,0x22,0x3e,0x0a,0x20,0x20,
0x20,0x20,0x20,0x20,0x20,0x20,0x20,0x20,0x20,0x20,0x20,0x20,0x3c,0x73,0x70,0x61,0x6e,0x20,0x63,0x6c,
0x61,0x73,0x73,0x3d,0x22,0x69,0x63,0x6f,0x6e,0x69,0x66,0x79,0x22,0x20,0x64,0x61,0x74,0x61,0x2d,0x69,
0x63,0x6f,0x6e,0x3d,0x22,0x62,0x69,0x3a,0x67,0x65,0x61,0x72,0x22,0x20,0x73,0x74,0x79,0x6c,0x65,0x3d,
0x22,0x66,0x6f,0x6e,0x74,0x2d,0x73,0x69,0x7a,0x65,0x3a,0x20,0x32,0x72,0x65,0x6d,0x3b,0x22,0x3e,0x3c,
0x2f,0x73,0x70,0x61,0x6e,0x3e,0x0a,0x20,0x20,0x20,0x20,0x20,0x20,0x20,0x20,0x20,0x20,0x3c,0x2f,0x62,
0x75,0x74,0x74,0x6f,0x6e,0x3e,0x0a,0x20,0x20,0x20,0x20,0x20,0x20,0x20,0x20,0x3c,0x2f,0x64,0x69,0x76,
0x3e,0x0a,0x20,0x20,0x20,0x20,0x20,0x20,0x20,0x20,0x3c,0x2f,0x64,0x69,0x76,0x3e,0x0a,0x20,0x20,0x20,
0x20,0x20,0x20,0x20,0x20,0x3c,0x64,0x69,0x76,0x20,0x63,0x6c,0x61,0x73,0x73,0x20,0x3d,0x22,0x73,0x69,
0x64,0x65,0x70,0x61,0x6e,0x65,0x6c,0x22,0x3e,0x0a,0x20,0x20,0x20,0x20,0x20,0x20,0x20,0x20,0x20,0x20,
0x3c,0x64,0x69,0x76,0x20,0x69,0x64,0x3d,0x22,0x52,0x69,0x67,0x68,0x74,0x4a,0x6f,0x79,0x73,0x74,0x69,
0x63,0x6b,0x43,0x6f,0x6e,0x74,0x61,0x69,0x6e,0x65,0x72,0x22,0x20,0x63,0x6c,0x61,0x73,0x73,0x20,0x3d,
0x22,0x6a,0x6f,0x79,0x73,0x74,0x69,0x63,0x6b,0x43,0x6f,0x6e,0x74,0x61,0x69,0x6e,0x65,0x72,0x22,0x3e,
0x0a,0x20,0x20,0x20,0x20,0x20,0x20,0x20,0x20,0x20,0x20,0x20,0x20,0x3c,0x63,0x61,0x6e,0x76,0x61,0x73,
0x20,0x69,0x64,0x3d,0x22,0x52,0x69,0x67,0x68,0x74,0x4a,0x6f,0x79,0x73,0x74,0x69,0x63,0x6b,0x42,0x61,
0x73,0x65,0x22,0x20,0x77,0x69,0x64,0x74,0x68,0x3d,0x22,0x32,0x30,0x30,0x22,0x20,0x68,0x65,0x69,0x67,
0x68,0x74,0x3d,0x22,0x32,0x30,0x30,0x22,0x20,0x0a,0x20,0x20,0x20,0x20,0x20,0x20,0x20,0x20,0x20,0x20,
0x20,0x20,0x20,0x20,0x73,0x74,0x79,0x6c,0x65,0x3d,0x22,0x70,0x6f,0x73,0x69,0x74,0x69,0x6f,0x6e,0x3a,
0x20,0x61,0x62,0x73,0x6f,0x6c,0x75,0x74,0x65,0x3b,0x20,0x6c,0x65,0x66,0x74,0x3a,0x20,0x31,0x30,0x3b,
0x20,0x74,0x6f,0x70,0x3a,0x20,0x31,0x30,0x3b,0x20,0x7a,0x2d,0x69,0x6e,0x64,0x65,0x78,0x3a,0x20,0x30,
0x3b,0x22,0x3e,0x3c,0x2f,0x63,0x61,0x6e,0x76,0x61,0x73,0x3e,0x0a,0x20,0x20,0x20,0x20,0x20,0x20,0x20,
0x20,0x20,0x20,0x20,0x20,0x3c,0x63,0x61,0x6e,0x76,0x61,0x73,0x20,0x69,0x64,0x3d,0x22,0x52,0x69,0x67,
0x68,0x74,0x4a,0x6f,0x79,0x73,0x74,0x69,0x63,0x6b,0x22,0x20,0x77,0x69,0x64,0x74,0x68,0x3d,0x22,0x32,
0x30,0x30,0x22,0x20,0x68,0x65,0x69,0x67,0x68,0x74,0x3d,0x22,0x32,0x30,0x30,0x22,0x20,0x0a,0x20,0x20,
0x20,0x20,0x20,0x20,0x20,0x20,0x20,0x20,0x20,0x20,0x20,0x20,0x73,0x74,0x79,0x6c,0x65,0x3d,0x22,0x70,
0x6f,0x73,0x69,0x74,0x69,0x6f,0x6e,0x3a,0x20,0x61,0x62,0x73,0x6f,0x6c,0x75,0x74,0x65,0x3b,0x20,0x6c,
0x65,0x66,0x74,0x3a,0x20,0x31,0x30,0x3b,0x20,0x74,0x6f,0x70,0x3a,0x20,0x31,0x30,0x3b,0x20,0x7a,0x2d,
0x69,0x6e,0x64,0x65,0x78,0x3a,0x20,0x31,0x3b,0x22,0x3e,0x3c,0x2f,0x63,0x61,0x6e,0x76,0x61,0x73,0x3e,
0x0a,0x20,0x20,0x20,0x20,0x20,0x20,0x20,0x20,0x20,0x20,0x3c,0x2f,0x64,0x69,0x76,0x3e,0x0a,0x20,0x20,
0x20,0x20,0x20,0x20,0x20,0x20,0x3c,0x2f,0x64,0x69,0x76,0x3e,0x0a,0x20,0x20,0x20,0x20,0x20,0x20,0x20,
0x20,0x3c,0x64,0x69,0x76,0x20,0x63,0x6c,0x61,0x73,0x73,0x3d,0x22,0x70,0x6f,0x70,0x75,0x70,0x43,0x6f,
0x6e,0x74,0x65,0x6e,0x74,0x22,0x20,0x69,0x64,0x3d,0x22,0x70,0x6f,0x70,0x75,0x70,0x4d,0x65,0x6e,0x75,
0x22,0x3e,0x0a,0x20,0x20,0x20,0x20,0x20,0x20,0x20,0x20,0x3c,0x64,0x69,0x76,0x20,0x69,0x64,0x3d,0x22,
0x73,0x65,0x74,0x74,0x69,0x6e,0x67,0x73,0x48,0x65,0x61,0x64,0x65,0x72,0x22,0x3e,0x0a,0x20,0x20,0x20,
0x20,0x20,0x20,0x20,0x20,0x20,0x20,0x3c,0x68,0x31,0x3e,0x53,0x65,0x74,0x74,0x69,0x6e,0x67,0x73,0x3c,
0x2f,0x68,0x31,0x3e,0x0a,0x20,0x20,0x20,0x20,0x20,0x20,0x20,0x20,0x3c,0x2f,0x64,0x69,0x76,0x3e,0x0a,
0x20,0x20,0x20,0x20,0x20,0x20,0x20,0x20,0x3c,0x64,0x69,0x76,0x20,0x69,0x64,0x3d,0x22,0x73,0x65,0x74,
0x74,0x69,0x6e,0x67,0x73,0x4e,0x61,0x76,0x69,0x67,0x61,0x74,0x69,0x6f,0x6e,0x22,0x3e,0x0a,0x20,0x20,
0x20,0x20,0x20,0x20,0x20,0x20,0x3c,0x2f,0x64,0x69,0x76,0x3e,0x0a,0x20,0x20,0x20,0x20,0x20,0x20,0x20,
0x20,0x3c,0x64,0x69,0x76,0x20,0x69,0x64,0x3d,0x22,0x73,0x65,0x74,0x74,0x69,0x6e,0x67,0x73,0x50,0x61,
0x67,0x65,0x22,0x3e,0x0a,0x20,0x20,0x20,0x20,0x20,0x20,0x20,0x20,0x3c,0x2f,0x64,0x69,0x76,0x3e,0x0a,
0x20,0x20,0x20,0x20,0x20,0x20,0x20,0x20,0x3c,0x66,0x6f,0x72,0x6d,0x20,0x61,0x63,0x74,0x69,0x6f,0x6e,
0x3d,0x22,0x2f,0x73,0x65,0x74,0x74,0x69,0x6e,0x67,0x73,0x2f,0x22,0x3e,0x0a,0x20,0x20,0x20,0x20,0x20,
0x20,0x20,0x20,0x20,0x20,0x3c,0x69,0x6e,0x70,0x75,0x74,0x20,0x74,0x79,0x70,0x65,0x3d,0x22,0x73,0x75,
0x62,0x6d,0x69,0x74,0x22,0x20,0x76,0x61,0x6c,0x75,0x65,0x3d,0x22,0x47,0x6f,0x20,0x74,0x6f,0x20,0x53,
0x65,0x74,0x74,0x69,0x6e,0x67,0x73,0x20,0x50,0x61,0x67,0x65,0x22,0x20,0x2f,0x3e,0x0a,0x20,0x20,0x20,
0x20,0x20,0x20,0x20,0x20,0x3c,0x2f,0x66,0x6f,0x72,0x6d,0x3e,0x0a,0x20,0x20,0x20,0x20,0x20,0x20,0x20,
0x20,0x3c,0x62,0x75,0x74,0x74,0x6f,0x6e,0x20,0x74,0x79,0x70,0x65,0x3d,0x22,0x62,0x75,0x74,0x74,0x6f,
0x6e,0x22,0x20,0x69,0x64,0x3d,0x22,0x53,0x65,0x74,0x74,0x69,0x6e,0x67,0x73,0x42,0x61,0x63,0x6b,0x42,
0x75,0x74,0x74,0x6f,0x6e,0x22,0x3e,0x42,0x61,0x63,0x6b,0x3c,0x2f,0x62,0x75,0x74,0x74,0x6f,0x6e,0x3e,
0x0a,0x20,0x20,0x20,0x20,0x20,0x20,0x20,0x20,0x3c,0x2f,0x64,0x69,0x76,0x3e,0x0a,0x20,0x20,0x20,0x20,
0x20,0x20,0x20,0x20,0x3c,0x64,0x69,0x76,0x20,0x63,0x6c,0x61,0x73,0x73,0x3d,0x22,0x70,0x6f,0x70,0x75,
0x70,0x43,0x6f,0x6e,0x74,0x65,0x6e,0x74,0x22,0x20,0x69,0x64,0x3d,0x22,0x70,0x6f,0x70,0x75,0x70,0x45,
0x72,0x72,0x6f,0x72,0x22,0x3e,0x0a,0x20,0x20,0x20,0x20,0x20,0x20,0x20,0x20,0x20,0x20,0x3c,0x73,0x70,
0x61,0x6e,0x20,0x63,0x6c,0x61,0x73,0x73,0x3d,0x22,0x69,0x63,0x6f,0x6e,0x69,0x66,0x79,0x22,0x20,0x64,
0x61,0x74,0x61,0x2d,0x69,0x63,0x6f,0x6e,0x3d,0x22,0x62,0x69,0x3a,0x77,0x69,0x66,0x69,0x2d,0x6f,0x66,
0x66,0x22,0x20,0x73,0x74,0x79,0x6c,0x65,0x3d,0x22,0x66,0x6f,0x6e,0x74,0x2d,0x73,0x69,0x7a,0x65,0x3a,
0x20,0x34,0x72,0x65,0x6d,0x3b,0x22,0x3e,0x3c,0x2f,0x73,0x70,0x61,0x6e,0x3e,0x0a,0x20,0x20,0x20,0x20,
0x20,0x20,0x20,0x20,0x20,0x20,0x3c,0x68,0x31,0x3e,0x4e,0x65,0x74,0x77,0x6f,0x72,0x6b,0x20,0x45,0x72,
0x72,0x6f,0x72,0x3c,0x2f,0x68,0x31,0x3e,0x0a,0x20,0x20,0x20,0x20,0x20,0x20,0x20,0x20,0x20,0x20,0x3c,
0x70,0x3e,0x0a,0x20,0x20,0x20,0x20,0x20,0x20,0x20,0x20,0x20,0x20,0x20,0x20,0x54,0x68,0x65,0x20,0x63,
0x6f,0x6e,0x6e,0x65,0x63,0x74,0x69,0x6f,0x6e,0x20,0x74,0x6f,0x20,0x74,0x68,0x65,0x20,0x62,0x6f,0x61,
0x74,0x20,0x77,0x61,0x73,0x20,0x6c,0x6f,0x73,0x74,0x2e,0x20,0x3c,0x62,0x72,0x3e,0x0a,0x20,0x20,0x20,
0x20,0x20,0x20,0x20,0x20,0x20,0x20,0x20,0x20,0x54,0x68,0x65,0x20,0x77,0x65,0x62,0x73,0x69,0x74,0x65,
0x20,0x69,0x73,0x20,0x74,0x72,0x79,0x69,0x6e,0x67,0x20,0x74,0x6f,0x20,0x61,0x75,0x74,0x6f,0x6d,0x61,
0x74,0x69,0x63,0x61,0x6c,0x6c,0x79,0x20,0x72,0x65,0x63,0x6f,0x6e,0x6e,0x65,0x63,0x74,0x2e,0x3c,0x62,
0x72,0x3e,0x3c,0x62,0x72,0x3e,0x0a,0x20,0x20,0x20,0x20,0x20,0x20,0x20,0x20,0x20,0x20,0x20,0x20,0x49,
0x66,0x20,0x74,0x68,0x61,0x74,0x20,0x64,0x6f,0x65,0x73,0x20,0x6e,0x6f,0x74,0x20,0x77,0x6f,0x72,0x6b,
0x2e,0x3c,0x62,0x72,0x3e,0x0a,0x20,0x20,0x20,0x20,0x20,0x20,0x20,0x20,0x20,0x20,0x20,0x20,0x54,0x72,
0x79,0x20,0x74,0x6f,0x20,0x72,0x65,0x63,0x6f,0x6e,0x6e,0x65,0x63,0x74,0x20,0x74,0x6f,0x20,0x74,0x68,
0x65,0x20,0x62,0x6f,0x61,0x74,0x73,0x20,0x77,0x69,0x66,0x69,0x20,0x74,0x68,0x72,0x6f,0x75,0x67,0x68,
0x20,0x79,0x6f,0x75,0x72,0x20,0x70,0x68,0x6f,0x6e,0x65,0x73,0x20,0x77,0x69,0x66,0x69,0x20,0x73,0x65,
0x74,0x74,0x69,0x6e,0x67,0x73,0x2e,0x0a,0x20,0x20,0x20,0x20,0x20,0x20,0x20,0x20,0x20,0x20,0x3c,0x2f,
0x70,0x3e,0x0a,0x20,0x20,0x20,0x20,0x20,0x20,0x20,0x20,0x3c,0x2f,0x64,0x69,0x76,0x3e,0x0a,0x20,0x20,
0x20,0x20,0x3c,0x2f,0x64,0x69,0x76,0x3e,0x0a,0x20,0x20,0x0a,0x0a,0x20,0x20,0x3c,0x2f,0x62,0x6f,0x64,
0x79,0x3e,0x0a,0x3c,0x2f,0x68,0x74,0x6d,0x6c,0x3e };
//File: index.html
const uint16_t settings_index_length = 11208;
const char settings_index[] PROGMEM = { 
0x3c,0x21,0x44,0x4f,0x43,0x54,0x59,0x50,0x45,0x20,0x68,0x74,0x6d,0x6c,0x3e,0x0a,0x3c,0x68,0x74,0x6d,
0x6c,0x3e,0x0a,0x0a,0x3c,0x68,0x65,0x61,0x64,0x3e,0x0a,0x20,0x20,0x20,0x20,0x3c,0x6d,0x65,0x74,0x61,
0x20,0x63,0x68,0x61,0x72,0x73,0x65,0x74,0x3d,0x22,0x55,0x54,0x46,0x2d,0x38,0x22,0x3e,0x0a,0x20,0x20,
0x20,0x20,0x3c,0x6d,0x65,0x74,0x61,0x20,0x6e,0x61,0x6d,0x65,0x3d,0x22,0x76,0x69,0x65,0x77,0x70,0x6f,
0x72,0x74,0x22,0x20,0x63,0x6f,0x6e,0x74,0x65,0x6e,0x74,0x3d,0x22,0x77,0x69,0x64,0x74,0x68,0x3d,0x64,
0x65,0x76,0x69,0x63,0x65,0x2d,0x77,0x69,0x64,0x74,0x68,0x2c,0x20,0x69,0x6e,0x69,0x74,0x69,0x61,0x6c,
0x2d,0x73,0x63,0x61,0x6c,0x65,0x3d,0x31,0x22,0x3e,0x0a,0x20,0x20,0x20,0x20,0x3c,0x74,0x69,0x74,0x6c,
0x65,0x3e,0x53,0x65,0x74,0x74,0x69,0x6e,0x67,0x73,0x3c,0x2f,0x74,0x69,0x74,0x6c,0x65,0x3e,0x0a,0x20,
0x20,0x3c,0x73,0x63,0x72,0x69,0x70,0x74,0x20,0x74,0x79,0x70,0x65,0x3d,0x22,0x6d,0x6f,0x64,0x75,0x6c,
0x65,0x22,0x20,0x63,0x72,0x6f,0x73,0x73,0x6f,0x72,0x69,0x67,0x69,0x6e,0x20,0x73,0x72,0x63,0x3d,0x22,
0x2f,0x61,0x73,0x73,0x65,0x74,0x73,0x2f,0x73,0x65,0x74,0x74,0x69,0x6e,0x67,0x73,0x2d,0x42,0x67,0x48,
0x58,0x35,0x6a,0x4c,0x62,0x2e,0x6a,0x73,0x22,0x3e,0x3c,0x2f,0x73,0x63,0x72,0x69,0x70,0x74,0x3e,0x0a,
0x20,0x20,0x3c,0x6c,0x69,0x6e,0x6b,0x20,0x72,0x65,0x6c,0x3d,0x22,0x6d,0x6f,0x64,0x75,0x6c,0x65,0x70,
0x72,0x65,0x6c,0x6f,0x61,0x64,0x22,0x20,0x63,0x72,0x6f,0x73,0x73,0x6f,0x72,0x69,0x67,0x69,0x6e,0x20,
0x68,0x72,0x65,0x66,0x3d,0x22,0x2f,0x61,0x73,0x73,0x65,0x74,0x73,0x2f,0x6d,0x6f,0x64,0x75,0x6c,0x65,
0x70,0x72,0x65,0x6c,0x6f,0x61,0x64,0x2d,0x70,0x6f,0x6c,0x79,0x66,0x69,0x6c,0x6c,0x2d,0x42,0x35,0x51,
0x74,0x39,0x45,0x4d,0x58,0x2e,0x6a,0x73,0x22,0x3e,0x0a,0x20,0x20,0x3c,0x6c,0x69,0x6e,0x6b,0x20,0x72,
0x65,0x6c,0x3d,0x22,0x73,0x74,0x79,0x6c,0x65,0x73,0x68,0x65,0x65,0x74,0x22,0x20,0x63,0x72,0x6f,0x73,
0x73,0x6f,0x72,0x69,0x67,0x69,0x6e,0x20,0x68,0x72,0x65,0x66,0x3d,0x22,0x2f,0x61,0x73,0x73,0x65,0x74,
0x73,0x2f,0x73,0x65,0x74,0x74,0x69,0x6e,0x67,0x73,0x2d,0x42,0x6d,0x4a,0x39,0x4e,0x6f,0x75,0x4d,0x2e,
0x63,0x73,0x73,0x22,0x3e,0x0a,0x3c,0x2f,0x68,0x65,0x61,0x64,0x3e,0x0a,0x0a,0x3c,0x62,0x6f,0x64,0x79,
0x3e,0x0a,0x20,0x20,0x20,0x20,0x3c,0x64,0x69,0x76,0x20,0x63,0x6c,0x61,0x73,0x73,0x3d,0x22,0x74,0x6f,
0x70,0x2d,0x62,0x61,0x72,0x22,0x3e,0x0a,0x20,0x20,0x20,0x20,0x20,0x20,0x20,0x20,0x3c,0x61,0x20,0x68,
0x72,0x65,0x66,0x3d,0x22,0x2f,0x22,0x20,0x63,0x6c,0x61,0x73,0x73,0x3d,0x22,0x62,0x61,0x63,0x6b,0x2d,
0x62,0x75,0x74,0x74,0x6f,0x6e,0x22,0x20,0x69,0x64,0x3d,0x22,0x62,0x61,0x63,0x6b,0x2d,0x62,0x75,0x74,
0x74,0x6f,0x6e,0x22,0x20,0x64,0x61,0x74,0x61,0x2d,0x69,0x31,0x38,0x6e,0x3d,0x22,0x62,0x61,0x63,0x6b,
0x42,0x75,0x74,0x74,0x6f,0x6e,0x22,0x3e,0x26,0x6c,0x61,0x72,0x72,0x3b,0x20,0x42,0x61,0x63,0x6b,0x3c,
0x2f,0x61,0x3e,0x0a,0x20,0x20,0x20,0x20,0x20,0x20,0x20,0x20,0x3c,0x62,0x75,0x74,0x74,0x6f,0x6e,0x20,
0x74,0x79,0x70,0x65,0x3d,0x22,0x62,0x75,0x74,0x74,0x6f,0x6e,0x22,0x20,0x69,0x64,0x3d,0x22,0x6c,0x61,
0x6e,0x67,0x2d,0x74,0x6f,0x67,0x67,0x6c,0x65,0x22,0x20,0x63,0x6c,0x61,0x73,0x73,0x3d,0x22,0x6c,0x61,
0x6e,0x67,0x2d,0x74,0x6f,0x67,0x67,0x6c,0x65,0x22,0x3e,0x44,0x45,0x3c,0x2f,0x62,0x75,0x74,0x74,0x6f,
0x6e,0x3e,0x0a,0x20,0x20,0x20,0x20,0x3c,0x2f,0x64,0x69,0x76,0x3e,0x0a,0x0a,0x20,0x20,0x20,0x20,0x3c,
0x68,0x31,0x20,0x64,0x61,0x74,0x61,0x2d,0x69,0x31,0x38,0x6e,0x3d,0x22,0x70,0x61,0x67,0x65,0x54,0x69,
0x74,0x6c,0x65,0x22,0x3e,0x53,0x65,0x74,0x74,0x69,0x6e,0x67,0x73,0x3c,0x2f,0x68,0x31,0x3e,0x0a,0x0a,
0x20,0x20,0x20,0x20,0x3c,0x66,0x6f,0x72,0x6d,0x20,0x69,0x64,0x3d,0x22,0x73,0x65,0x74,0x74,0x69,0x6e,
0x67,0x73,0x2d,0x66,0x6f,0x72,0x6d,0x22,0x3e,0x0a,0x20,0x20,0x20,0x20,0x20,0x20,0x20,0x20,0x3c,0x68,
0x32,0x20,0x64,0x61,0x74,0x61,0x2d,0x69,0x31,0x38,0x6e,0x3d,0x22,0x77,0x69,0x66,0x69,0x48,0x65,0x61,
0x64,0x69,0x6e,0x67,0x22,0x3e,0x57,0x69,0x46,0x69,0x3c,0x2f,0x68,0x32,0x3e,0x0a,0x0a,0x20,0x20,0x20,
0x20,0x20,0x20,0x20,0x20,0x3c,0x69,0x6e,0x70,0x75,0x74,0x20,0x74,0x79,0x70,0x65,0x3d,0x22,0x68,0x69,
0x64,0x64,0x65,0x6e,0x22,0x20,0x69,0x64,0x3d,0x22,0x61,0x70,0x4d,0x6f,0x64,0x65,0x22,0x20,0x6e,0x61,
0x6d,0x65,0x3d,0x22,0x61,0x70,0x4d,0x6f,0x64,0x65,0x22,0x20,0x76,0x61,0x6c,0x75,0x65,0x3d,0x22,0x31,
0x22,0x3e,0x0a,0x0a,0x20,0x20,0x20,0x20,0x20,0x20,0x20,0x20,0x3c,0x64,0x69,0x76,0x20,0x63,0x6c,0x61,
0x73,0x73,0x3d,0x22,0x6d,0x6f,0x64,0x65,0x2d,0x74,0x6f,0x67,0x67,0x6c,0x65,0x2d,0x72,0x6f,0x77,0x22,
0x3e,0x0a,0x20,0x20,0x20,0x20,0x20,0x20,0x20,0x20,0x20,0x20,0x20,0x20,0x3c,0x73,0x70,0x61,0x6e,0x20,
0x63,0x6c,0x61,0x73,0x73,0x3d,0x22,0x6d,0x6f,0x64,0x65,0x2d,0x74,0x6f,0x67,0x67,0x6c,0x65,0x2d,0x6c,
0x61,0x62,0x65,0x6c,0x22,0x3e,0x0a,0x20,0x20,0x20,0x20,0x20,0x20,0x20,0x20,0x20,0x20,0x20,0x20,0x20,
0x20,0x20,0x20,0x3c,0x73,0x70,0x61,0x6e,0x20,0x64,0x61,0x74,0x61,0x2d,0x69,0x31,0x38,0x6e,0x3d,0x22,
0x61,0x70,0x4d,0x6f,0x64,0x65,0x53,0x77,0x69,0x74,0x63,0x68,0x4c,0x61,0x62,0x65,0x6c,0x22,0x3e,0x41,
0x63,0x63,0x65,0x73,0x73,0x20,0x50,0x6f,0x69,0x6e,0x74,0x3c,0x2f,0x73,0x70,0x61,0x6e,0x3e,0x3c,0x73,
0x70,0x61,0x6e,0x20,0x69,0x64,0x3d,0x22,0x61,0x70,0x2d,0x66,0x61,0x6c,0x6c,0x62,0x61,0x63,0x6b,0x2d,
0x6e,0x6f,0x74,0x65,0x22,0x20,0x63,0x6c,0x61,0x73,0x73,0x3d,0x22,0x66,0x61,0x6c,0x6c,0x62,0x61,0x63,
0x6b,0x2d,0x6e,0x6f,0x74,0x65,0x22,0x20,0x64,0x61,0x74,0x61,0x2d,0x69,0x31,0x38,0x6e,0x3d,0x22,0x61,
0x70,0x46,0x61,0x6c,0x6c,0x62,0x61,0x63,0x6b,0x4e,0x6f,0x74,0x65,0x22,0x3e,0x20,0x28,0x66,0x61,0x6c,
0x6c,0x62,0x61,0x63,0x6b,0x29,0x3c,0x2f,0x73,0x70,0x61,0x6e,0x3e,0x0a,0x20,0x20,0x20,0x20,0x20,0x20,
0x20,0x20,0x20,0x20,0x20,0x20,0x3c,0x2f,0x73,0x70,0x61,0x6e,0x3e,0x0a,0x20,0x20,0x20,0x20,0x20,0x20,
0x20,0x20,0x20,0x20,0x20,0x20,0x3c,0x6c,0x61,0x62,0x65,0x6c,0x20,0x63,0x6c,0x61,0x73,0x73,0x3d,0x22,
0x6d,0x6f,0x64,0x65,0x2d,0x73,0x77,0x69,0x74,0x63,0x68,0x22,0x3e,0x0a,0x20,0x20,0x20,0x20,0x20,0x20,
0x20,0x20,0x20,0x20,0x20,0x20,0x20,0x20,0x20,0x20,0x3c,0x69,0x6e,0x70,0x75,0x74,0x20,0x74,0x79,0x70,
0x65,0x3d,0x22,0x63,0x68,0x65,0x63,0x6b,0x62,0x6f,0x78,0x22,0x20,0x69,0x64,0x3d,0x22,0x61,0x70,0x2d,
0x6d,0x6f,0x64,0x65,0x2d,0x74,0x6f,0x67,0x67,0x6c,0x65,0x22,0x3e,0x0a,0x20,0x20,0x20,0x20,0x20,0x20,
0x20,0x20,0x20,0x20,0x20,0x20,0x20,0x20,0x20,0x20,0x3c,0x73,0x70,0x61,0x6e,0x20,0x63,0x6c,0x61,0x73,
0x73,0x3d,0x22,0x6d,0x6f,0x64,0x65,0x2d,0x73,0x77,0x69,0x74,0x63,0x68,0x2d,0x74,0x72,0x61,0x63,0x6b,
0x22,0x3e,0x3c,0x73,0x70,0x61,0x6e,0x20,0x63,0x6c,0x61,0x73,0x73,0x3d,0x22,0x6d,0x6f,0x64,0x65,0x2d,
0x73,0x77,0x69,0x74,0x63,0x68,0x2d,0x74,0x68,0x75,0x6d,0x62,0x22,0x3e,0x3c,0x2f,0x73,0x70,0x61,0x6e,
0x3e,0x3c,0x2f,0x73,0x70,0x61,0x6e,0x3e,0x0a,0x20,0x20,0x20,0x20,0x20,0x20,0x20,0x20,0x20,0x20,0x20,
0x20,0x3c,0x2f,0x6c,0x61,0x62,0x65,0x6c,0x3e,0x0a,0x20,0x20,0x20,0x20,0x20,0x20,0x20,0x20,0x20,0x20,
0x20,0x20,0x3c,0x73,0x70,0x61,0x6e,0x20,0x63,0x6c,0x61,0x73,0x73,0x3d,0x22,0x6d,0x6f,0x64,0x65,0x2d,
0x74,0x6f,0x67,0x67,0x6c,0x65,0x2d,0x6c,0x61,0x62,0x65,0x6c,0x22,0x20,0x64,0x61,0x74,0x61,0x2d,0x69,
0x31,0x38,0x6e,0x3d,0x22,0x73,0x74,0x61,0x4d,0x6f,0x64,0x65,0x53,0x77,0x69,0x74,0x63,0x68,0x4c,0x61,
0x62,0x65,0x6c,0x22,0x3e,0x53,0x74,0x61,0x74,0x69,0x6f,0x6e,0x3c,0x2f,0x73,0x70,0x61,0x6e,0x3e,0x0a,
0x20,0x20,0x20,0x20,0x20,0x20,0x20,0x20,0x3c,0x2f,0x64,0x69,0x76,0x3e,0x0a,0x0a,0x20,0x20,0x20,0x20,
0x20,0x20,0x20,0x20,0x3c,0x73,0x76,0x67,0x20,0x69,0x64,0x3d,0x22,0x6d,0x6f,0x64,0x65,0x2d,0x70,0x69,
0x63,0x74,0x6f,0x67,0x72,0x61,0x6d,0x22,0x20,0x63,0x6c,0x61,0x73,0x73,0x3d,0x22,0x6d,0x6f,0x64,0x65,
0x2d,0x70,0x69,0x63,0x74,0x6f,0x67,0x72,0x61,0x6d,0x22,0x20,0x76,0x69,0x65,0x77,0x42,0x6f,0x78,0x3d,
0x22,0x30,0x20,0x30,0x20,0x32,0x34,0x30,0x20,0x37,0x30,0x22,0x20,0x72,0x6f,0x6c,0x65,0x3d,0x22,0x69,
0x6d,0x67,0x22,0x20,0x61,0x72,0x69,0x61,0x2d,0x68,0x69,0x64,0x64,0x65,0x6e,0x3d,0x22,0x74,0x72,0x75,
0x65,0x22,0x3e,0x0a,0x20,0x20,0x20,0x20,0x20,0x20,0x20,0x20,0x20,0x20,0x20,0x20,0x3c,0x74,0x69,0x74,
0x6c,0x65,0x3e,0x48,0x6f,0x77,0x20,0x74,0x68,0x65,0x20,0x70,0x68,0x6f,0x6e,0x65,0x20,0x61,0x6e,0x64,
0x20,0x62,0x6f,0x61,0x74,0x20,0x63,0x6f,0x6e,0x6e,0x65,0x63,0x74,0x3c,0x2f,0x74,0x69,0x74,0x6c,0x65,
0x3e,0x0a,0x0a,0x20,0x20,0x20,0x20,0x20,0x20,0x20,0x20,0x20,0x20,0x20,0x20,0x3c,0x21,0x2d,0x2d,0x20,
0x70,0x68,0x6f,0x6e,0x65,0x20,0x2d,0x2d,0x3e,0x0a,0x20,0x20,0x20,0x20,0x20,0x20,0x20,0x20,0x20,0x20,
0x20,0x20,0x3c,0x72,0x65,0x63,0x74,0x20,0x78,0x3d,0x22,0x31,0x33,0x22,0x20,0x79,0x3d,0x22,0x31,0x35,
0x22,0x20,0x77,0x69,0x64,0x74,0x68,0x3d,0x22,0x31,0x34,0x22,0x20,0x68,0x65,0x69,0x67,0x68,0x74,0x3d,
0x22,0x32,0x36,0x22,0x20,0x72,0x78,0x3d,0x22,0x33,0x22,0x20,0x63,0x6c,0x61,0x73,0x73,0x3d,0x22,0x70,
0x69,0x63,0x74,0x6f,0x67,0x72,0x61,0x6d,0x2d,0x64,0x65,0x76,0x69,0x63,0x65,0x22,0x3e,0x3c,0x2f,0x72,
0x65,0x63,0x74,0x3e,0x0a,0x20,0x20,0x20,0x20,0x20,0x20,0x20,0x20,0x20,0x20,0x20,0x20,0x3c,0x63,0x69,
0x72,0x63,0x6c,0x65,0x20,0x63,0x78,0x3d,0x22,0x32,0x30,0x22,0x20,0x63,0x79,0x3d,0x22,0x33,0x37,0x22,
0x20,0x72,0x3d,0x22,0x31,0x2e,0x35,0x22,0x20,0x63,0x6c,0x61,0x73,0x73,0x3d,0x22,0x70,0x69,0x63,0x74,
0x6f,0x67,0x72,0x61,0x6d,0x2d,0x64,0x65,0x76,0x69,0x63,0x65,0x2d,0x64,0x65,0x74,0x61,0x69,0x6c,0x22,
0x3e,0x3c,0x2f,0x63,0x69,0x72,0x63,0x6c,0x65,0x3e,0x0a,0x0a,0x20,0x20,0x20,0x20,0x20,0x20,0x20,0x20,
0x20,0x20,0x20,0x20,0x3c,0x21,0x2d,0x2d,0x20,0x72,0x6f,0x75,0x74,0x65,0x72,0x20,0x2d,0x2d,0x3e,0x0a,
0x20,0x20,0x20,0x20,0x20,0x20,0x20,0x20,0x20,0x20,0x20,0x20,0x3c,0x67,0x20,0x63,0x6c,0x61,0x73,0x73,
0x3d,0x22,0x70,0x69,0x63,0x74,0x6f,0x67,0x72,0x61,0x6d,0x2d,0x72,0x6f,0x75,0x74,0x65,0x72,0x2d,0x69,
0x63,0x6f,0x6e,0x22,0x3e,0x0a,0x20,0x20,0x20,0x20,0x20,0x20,0x20,0x20,0x20,0x20,0x20,0x20,0x20,0x20,
0x20,0x20,0x3c,0x72,0x65,0x63,0x74,0x20,0x78,0x3d,0x22,0x31,0x31,0x32,0x22,0x20,0x79,0x3d,0x22,0x32,
0x36,0x22,0x20,0x77,0x69,0x64,0x74,0x68,0x3d,0x22,0x31,0x36,0x22,0x20,0x68,0x65,0x69,0x67,0x68,0x74,
0x3d,0x22,0x31,0x30,0x22,0x20,0x72,0x78,0x3d,0x22,0x32,0x22,0x20,0x63,0x6c,0x61,0x73,0x73,0x3d,0x22,
0x70,0x69,0x63,0x74,0x6f,0x67,0x72,0x61,0x6d,0x2d,0x64,0x65,0x76,0x69,0x63,0x65,0x22,0x3e,0x3c,0x2f,
0x72,0x65,0x63,0x74,0x3e,0x0a,0x20,0x20,0x20,0x20,0x20,0x20,0x20,0x20,0x20,0x20,0x20,0x20,0x20,0x20,
0x20,0x20,0x3c,0x70,0x61,0x74,0x68,0x20,0x64,0x3d,0x22,0x4d,0x31,0x31,0x34,0x2c,0x32,0x36,0x20,0x51,
0x31,0x32,0x30,0x2c,0x31,0x38,0x20,0x31,0x32,0x36,0x2c,0x32,0x36,0x22,0x20,0x63,0x6c,0x61,0x73,0x73,
0x3d,0x22,0x70,0x69,0x63,0x74,0x6f,0x67,0x72,0x61,0x6d,0x2d,0x77,0x69,0x66,0x69,0x2d,0x61,0x72,0x63,
0x22,0x3e,0x3c,0x2f,0x70,0x61,0x74,0x68,0x3e,0x0a,0x20,0x20,0x20,0x20,0x20,0x20,0x20,0x20,0x20,0x20,
0x20,0x20,0x20,0x20,0x20,0x20,0x3c,0x70,0x61,0x74,0x68,0x20,0x64,0x3d,0x22,0x4d,0x31,0x31,0x30,0x2c,
0x32,0x36,0x20,0x51,0x31,0x32,0x30,0x2c,0x31,0x32,0x20,0x31,0x33,0x30,0x2c,0x32,0x36,0x22,0x20,0x63,
0x6c,0x61,0x73,0x73,0x3d,0x22,0x70,0x69,0x63,0x74,0x6f,0x67,0x72,0x61,0x6d,0x2d,0x77,0x69,0x66,0x69,
0x2d,0x61,0x72,0x63,0x22,0x3e,0x3c,0x2f,0x70,0x61,0x74,0x68,0x3e,0x0a,0x20,0x20,0x20,0x20,0x20,0x20,
0x20,0x20,0x20,0x20,0x20,0x20,0x3c,0x2f,0x67,0x3e,0x0a,0x0a,0x20,0x20,0x20,0x20,0x20,0x20,0x20,0x20,
0x20,0x20,0x20,0x20,0x3c,0x21,0x2d,0x2d,0x20,0x62,0x6f,0x61,0x74,0x20,0x2d,0x2d,0x3e,0x0a,0x20,0x20,
0x20,0x20,0x20,0x20,0x20,0x20,0x20,0x20,0x20,0x20,0x3c,0x70,0x61,0x74,0x68,0x20,0x64,0x3d,0x22,0x4d,
0x31,0x39,0x35,0x2c,0x35,0x30,0x20,0x51,0x32,0x31,0x30,0x2c,0x35,0x38,0x20,0x32,0x32,0x35,0x2c,0x35,
0x30,0x20,0x4c,0x32,0x32,0x31,0x2c,0x34,0x34,0x20,0x4c,0x31,0x39,0x39,0x2c,0x34,0x34,0x20,0x5a,0x22,
0x20,0x63,0x6c,0x61,0x73,0x73,0x3d,0x22,0x70,0x69,0x63,0x74,0x6f,0x67,0x72,0x61,0x6d,0x2d,0x64,0x65,
0x76,0x69,0x63,0x65,0x22,0x3e,0x3c,0x2f,0x70,0x61,0x74,0x68,0x3e,0x0a,0x20,0x20,0x20,0x20,0x20,0x20,
0x20,0x20,0x20,0x20,0x20,0x20,0x3c,0x6c,0x69,0x6e,0x65,0x20,0x78,0x31,0x3d,0x22,0x32,0x31,0x30,0x22,
0x20,0x79,0x31,0x3d,0x22,0x34,0x34,0x22,0x20,0x78,0x32,0x3d,0x22,0x32,0x31,0x30,0x22,0x20,0x79,0x32,
0x3d,0x22,0x32,0x38,0x22,0x20,0x63,0x6c,0x61,0x73,0x73,0x3d,0x22,0x70,0x69,0x63,0x74,0x6f,0x67,0x72,
0x61,0x6d,0x2d,0x64,0x65,0x76,0x69,0x63,0x65,0x2d,0x64,0x65,0x74,0x61,0x69,0x6c,0x22,0x3e,0x3c,0x2f,
0x6c,0x69,0x6e,0x65,0x3e,0x0a,0x20,0x20,0x20,0x20,0x20,0x20,0x20,0x20,0x20,0x20,0x20,0x20,0x3c,0x70,
0x61,0x74,0x68,0x20,0x64,0x3d,0x22,0x4d,0x32,0x31,0x30,0x2c,0x32,0x38,0x20,0x4c,0x32,0x31,0x38,0x2c,
0x33,0x32,0x20,0x4c,0x32,0x31,0x30,0x2c,0x33,0x36,0x20,0x5a,0x22,0x20,0x63,0x6c,0x61,0x73,0x73,0x3d,
0x22,0x70,0x69,0x63,0x74,0x6f,0x67,0x72,0x61,0x6d,0x2d,0x64,0x65,0x76,0x69,0x63,0x65,0x22,0x3e,0x3c,
0x2f,0x70,0x61,0x74,0x68,0x3e,0x0a,0x0a,0x20,0x20,0x20,0x20,0x20,0x20,0x20,0x20,0x20,0x20,0x20,0x20,
0x3c,0x21,0x2d,0x2d,0x20,0x63,0x6f,0x6e,0x6e,0x65,0x63,0x74,0x69,0x6f,0x6e,0x73,0x20,0x2d,0x2d,0x3e,
0x0a,0x20,0x20,0x20,0x20,0x20,0x20,0x20,0x20,0x20,0x20,0x20,0x20,0x3c,0x70,0x61,0x74,0x68,0x20,0x64,
0x3d,0x22,0x4d,0x32,0x37,0x2c,0x33,0x37,0x20,0x51,0x31,0x32,0x30,0x2c,0x35,0x38,0x20,0x31,0x39,0x36,
0x2c,0x34,0x37,0x22,0x20,0x63,0x6c,0x61,0x73,0x73,0x3d,0x22,0x70,0x69,0x63,0x74,0x6f,0x67,0x72,0x61,
0x6d,0x2d,0x64,0x69,0x72,0x65,0x63,0x74,0x2d,0x6c,0x69,0x6e,0x65,0x22,0x3e,0x3c,0x2f,0x70,0x61,0x74,
0x68,0x3e,0x0a,0x20,0x20,0x20,0x20,0x20,0x20,0x20,0x20,0x20,0x20,0x20,0x20,0x3c,0x70,0x61,0x74,0x68,
0x20,0x64,0x3d,0x22,0x4d,0x32,0x37,0x2c,0x33,0x37,0x20,0x4c,0x31,0x31,0x32,0x2c,0x33,0x31,0x22,0x20,
0x63,0x6c,0x61,0x73,0x73,0x3d,0x22,0x70,0x69,0x63,0x74,0x6f,0x67,0x72,0x61,0x6d,0x2d,0x72,0x6f,0x75,
0x74,0x65,0x72,0x2d,0x6c,0x69,0x6e,0x65,0x22,0x3e,0x3c,0x2f,0x70,0x61,0x74,0x68,0x3e,0x0a,0x20,0x20,
0x20,0x20,0x20,0x20,0x20,0x20,0x20,0x20,0x20,0x20,0x3c,0x70,0x61,0x74,0x68,0x20,0x64,0x3d,0x22,0x4d,
0x31,0x32,0x38,0x2c,0x33,0x31,0x20,0x4c,0x31,0x39,0x36,0x2c,0x34,0x37,0x22,0x20,0x63,0x6c,0x61,0x73,
0x73,0x3d,0x22,0x70,0x69,0x63,0x74,0x6f,0x67,0x72,0x61,0x6d,0x2d,0x72,0x6f,0x75,0x74,0x65,0x72,0x2d,
0x6c,0x69,0x6e,0x65,0x22,0x3e,0x3c,0x2f,0x70,0x61,0x74,0x68,0x3e,0x0a,0x20,0x20,0x20,0x20,0x20,0x20,
0x20,0x20,0x3c,0x2f,0x73,0x76,0x67,0x3e,0x0a,0x0a,0x20,0x20,0x20,0x20,0x20,0x20,0x20,0x20,0x3c,0x70,
0x20,0x69,0x64,0x3d,0x22,0x6d,0x6f,0x64,0x65,0x2d,0x65,0x78,0x70,0x6c,0x61,0x6e,0x61,0x74,0x69,0x6f,
0x6e,0x22,0x20,0x63,0x6c,0x61,0x73,0x73,0x3d,0x22,0x6d,0x6f,0x64,0x65,0x2d,0x65,0x78,0x70,0x6c,0x61,
0x6e,0x61,0x74,0x69,0x6f,0x6e,0x22,0x20,0x64,0x61,0x74,0x61,0x2d,0x69,0x31,0x38,0x6e,0x3d,0x22,0x61,
0x70,0x4d,0x6f,0x64,0x65,0x45,0x78,0x70,0x6c,0x61,0x6e,0x61,0x74,0x69,0x6f,0x6e,0x22,0x3e,0x59,0x6f,
0x75,0x72,0x20,0x70,0x68,0x6f,0x6e,0x65,0x20,0x63,0x6f,0x6e,0x6e,0x65,0x63,0x74,0x73,0x20,0x73,0x74,
0x72,0x61,0x69,0x67,0x68,0x74,0x20,0x74,0x6f,0x20,0x74,0x68,0x65,0x20,0x62,0x6f,0x61,0x74,0x27,0x73,
0x20,0x6f,0x77,0x6e,0x20,0x57,0x69,0x46,0x69,0x20,0x6e,0x65,0x74,0x77,0x6f,0x72,0x6b,0x20,0x2d,0x20,
0x6e,0x6f,0x20,0x72,0x6f,0x75,0x74,0x65,0x72,0x20,0x6e,0x65,0x65,0x64,0x65,0x64,0x2e,0x20,0x42,0x65,
0x73,0x74,0x20,0x77,0x68,0x65,0x6e,0x20,0x79,0x6f,0x75,0x27,0x72,0x65,0x20,0x61,0x77,0x61,0x79,0x20,
0x66,0x72,0x6f,0x6d,0x20,0x68,0x6f,0x6d,0x65,0x2c,0x20,0x77,0x69,0x74,0x68,0x20,0x6e,0x6f,0x20,0x57,
0x69,0x46,0x69,0x20,0x61,0x72,0x6f,0x75,0x6e,0x64,0x2e,0x3c,0x2f,0x70,0x3e,0x0a,0x0a,0x20,0x20,0x20,
0x20,0x20,0x20,0x20,0x20,0x3c,0x68,0x33,0x20,0x64,0x61,0x74,0x61,0x2d,0x69,0x31,0x38,0x6e,0x3d,0x22,
0x61,0x70,0x53,0x65,0x74,0x74,0x69,0x6e,0x67,0x73,0x48,0x65,0x61,0x64,0x69,0x6e,0x67,0x22,0x3e,0x41,
0x63,0x63,0x65,0x73,0x73,0x20,0x50,0x6f,0x69,0x6e,0x74,0x20,0x53,0x65,0x74,0x74,0x69,0x6e,0x67,0x73,
0x3c,0x2f,0x68,0x33,0x3e,0x0a,0x20,0x20,0x20,0x20,0x20,0x20,0x20,0x20,0x3c,0x6c,0x61,0x62,0x65,0x6c,
0x20,0x66,0x6f,0x72,0x3d,0x22,0x61,0x70,0x53,0x73,0x69,0x64,0x22,0x20,0x64,0x61,0x74,0x61,0x2d,0x69,
0x31,0x38,0x6e,0x3d,0x22,0x61,0x70,0x53,0x73,0x69,0x64,0x4c,0x61,0x62,0x65,0x6c,0x22,0x3e,0x42,0x6f,
0x61,0x74,0x20,0x57,0x69,0x46,0x69,0x20,0x4e,0x61,0x6d,0x65,0x20,0x28,0x41,0x50,0x20,0x4d,0x6f,0x64,
0x65,0x29,0x3c,0x2f,0x6c,0x61,0x62,0x65,0x6c,0x3e,0x0a,0x20,0x20,0x20,0x20,0x20,0x20,0x20,0x20,0x3c,
0x69,0x6e,0x70,0x75,0x74,0x20,0x74,0x79,0x70,0x65,0x3d,0x22,0x74,0x65,0x78,0x74,0x22,0x20,0x69,0x64,
0x3d,0x22,0x61,0x70,0x53,0x73,0x69,0x64,0x22,0x20,0x6e,0x61,0x6d,0x65,0x3d,0x22,0x61,0x70,0x53,0x73,
0x69,0x64,0x22,0x20,0x70,0x6c,0x61,0x63,0x65,0x68,0x6f,0x6c,0x64,0x65,0x72,0x3d,0x22,0x73,0x73,0x69,
0x64,0x22,0x20,0x64,0x61,0x74,0x61,0x2d,0x69,0x31,0x38,0x6e,0x2d,0x70,0x6c,0x61,0x63,0x65,0x68,0x6f,
0x6c,0x64,0x65,0x72,0x3d,0x22,0x73,0x73,0x69,0x64,0x50,0x6c,0x61,0x63,0x65,0x68,0x6f,0x6c,0x64,0x65,
0x72,0x22,0x3e,0x0a,0x0a,0x20,0x20,0x20,0x20,0x20,0x20,0x20,0x20,0x3c,0x6c,0x61,0x62,0x65,0x6c,0x20,
0x66,0x6f,0x72,0x3d,0x22,0x61,0x70,0x50,0x61,0x73,0x73,0x77,0x6f,0x72,0x64,0x22,0x20,0x64,0x61,0x74,
0x61,0x2d,0x69,0x31,0x38,0x6e,0x3d,0x22,0x61,0x70,0x50,0x61,0x73,0x73,0x77,0x6f,0x72,0x64,0x4c,0x61,
0x62,0x65,0x6c,0x22,0x3e,0x42,0x6f,0x61,0x74,0x20,0x57,0x69,0x46,0x69,0x20,0x50,0x61,0x73,0x73,0x77,
0x6f,0x72,0x64,0x20,0x28,0x41,0x50,0x20,0x4d,0x6f,0x64,0x65,0x29,0x3c,0x2f,0x6c,0x61,0x62,0x65,0x6c,
0x3e,0x0a,0x20,0x20,0x20,0x20,0x20,0x20,0x20,0x20,0x3c,0x69,0x6e,0x70,0x75,0x74,0x20,0x74,0x79,0x70,
0x65,0x3d,0x22,0x74,0x65,0x78,0x74,0x22,0x20,0x69,0x64,0x3d,0x22,0x61,0x70,0x50,0x61,0x73,0x73,0x77,
0x6f,0x72,0x64,0x22,0x20,0x6e,0x61,0x6d,0x65,0x3d,0x22,0x61,0x70,0x50,0x61,0x73,0x73,0x77,0x6f,0x72,
0x64,0x22,0x20,0x70,0x6c,0x61,0x63,0x65,0x68,0x6f,0x6c,0x64,0x65,0x72,0x3d,0x22,0x70,0x61,0x73,0x73,
0x77,0x6f,0x72,0x64,0x22,0x20,0x64,0x61,0x74,0x61,0x2d,0x69,0x31,0x38,0x6e,0x2d,0x70,0x6c,0x61,0x63,
0x65,0x68,0x6f,0x6c,0x64,0x65,0x72,0x3d,0x22,0x70,0x61,0x73,0x73,0x77,0x6f,0x72,0x64,0x50,0x6c,0x61,
0x63,0x65,0x68,0x6f,0x6c,0x64,0x65,0x72,0x22,0x3e,0x0a,0x0a,0x20,0x20,0x20,0x20,0x20,0x20,0x20,0x20,
0x3c,0x64,0x69,0x76,0x20,0x69,0x64,0x3d,0x22,0x73,0x74,0x61,0x74,0x69,0x6f,0x6e,0x2d,0x66,0x69,0x65,
0x6c,0x64,0x73,0x22,0x20,0x63,0x6c,0x61,0x73,0x73,0x3d,0x22,0x73,0x65,0x74,0x74,0x69,0x6e,0x67,0x73,
0x2d,0x67,0x72,0x6f,0x75,0x70,0x20,0x73,0x65,0x74,0x74,0x69,0x6e,0x67,0x73,0x2d,0x67,0x72,0x6f,0x75,
0x70,0x2d,0x2d,0x69,0x6e,0x61,0x63,0x74,0x69,0x76,0x65,0x22,0x3e,0x0a,0x20,0x20,0x20,0x20,0x20,0x20,
0x20,0x20,0x20,0x20,0x20,0x20,0x3c,0x68,0x33,0x20,0x64,0x61,0x74,0x61,0x2d,0x69,0x31,0x38,0x6e,0x3d,
0x22,0x73,0x74,0x61,0x53,0x65,0x74,0x74,0x69,0x6e,0x67,0x73,0x48,0x65,0x61,0x64,0x69,0x6e,0x67,0x22,
0x3e,0x53,0x74,0x61,0x74,0x69,0x6f,0x6e,0x20,0x53,0x65,0x74,0x74,0x69,0x6e,0x67,0x73,0x3c,0x2f,0x68,
0x33,0x3e,0x0a,0x20,0x20,0x20,0x20,0x20,0x20,0x20,0x20,0x20,0x20,0x20,0x20,0x3c,0x6c,0x61,0x62,0x65,
0x6c,0x20,0x66,0x6f,0x72,0x3d,0x22,0x73,0x74,0x61,0x53,0x73,0x69,0x64,0x22,0x20,0x64,0x61,0x74,0x61,
0x2d,0x69,0x31,0x38,0x6e,0x3d,0x22,0x73,0x74,0x61,0x53,0x73,0x69,0x64,0x4c,0x61,0x62,0x65,0x6c,0x22,
0x3e,0x57,0x69,0x46,0x69,0x20,0x4e,0x65,0x74,0x77,0x6f,0x72,0x6b,0x20,0x4e,0x61,0x6d,0x65,0x20,0x28,
0x53,0x74,0x61,0x74,0x69,0x6f,0x6e,0x20,0x4d,0x6f,0x64,0x65,0x29,0x3c,0x2f,0x6c,0x61,0x62,0x65,0x6c,
0x3e,0x0a,0x20,0x20,0x20,0x20,0x20,0x20,0x20,0x20,0x20,0x20,0x20,0x20,0x3c,0x69,0x6e,0x70,0x75,0x74,
0x20,0x74,0x79,0x70,0x65,0x3d,0x22,0x74,0x65,0x78,0x74,0x22,0x20,0x69,0x64,0x3d,0x22,0x73,0x74,0x61,
0x53,0x73,0x69,0x64,0x22,0x20,0x6e,0x61,0x6d,0x65,0x3d,0x22,0x73,0x74,0x61,0x53,0x73,0x69,0x64,0x22,
0x20,0x70,0x6c,0x61,0x63,0x65,0x68,0x6f,0x6c,0x64,0x65,0x72,0x3d,0x22,0x73,0x73,0x69,0x64,0x22,0x20,
0x64,0x61,0x74,0x61,0x2d,0x69,0x31,0x38,0x6e,0x2d,0x70,0x6c,0x61,0x63,0x65,0x68,0x6f,0x6c,0x64,0x65,
0x72,0x3d,0x22,0x73,0x73,0x69,0x64,0x50,0x6c,0x61,0x63,0x65,0x68,0x6f,0x6c,0x64,0x65,0x72,0x22,0x20,
0x64,0x69,0x73,0x61,0x62,0x6c,0x65,0x64,0x3e,0x0a,0x0a,0x20,0x20,0x20,0x20,0x20,0x20,0x20,0x20,0x20,
0x20,0x20,0x20,0x3c,0x6c,0x61,0x62,0x65,0x6c,0x20,0x66,0x6f,0x72,0x3d,0x22,0x73,0x74,0x61,0x50,0x61,
0x73,0x73,0x77,0x6f,0x72,0x64,0x22,0x20,0x64,0x61,0x74,0x61,0x2d,0x69,0x31,0x38,0x6e,0x3d,0x22,0x73,
0x74,0x61,0x50,0x61,0x73,0x73,0x77,0x6f,0x72,0x64,0x4c,0x61,0x62,0x65,0x6c,0x22,0x3e,0x57,0x69,0x46,
0x69,0x20,0x4e,0x65,0x74,0x77,0x6f,0x72,0x6b,0x20,0x50,0x61,0x73,0x73,0x77,0x6f,0x72,0x64,0x20,0x28,
0x53,0x74,0x61,0x74,0x69,0x6f,0x6e,0x20,0x4d,0x6f,0x64,0x65,0x29,0x3c,0x2f,0x6c,0x61,0x62,0x65,0x6c,
0x3e,0x0a,0x20,0x20,0x20,0x20,0x20,0x20,0x20,0x20,0x20,0x20,0x20,0x20,0x3c,0x69,0x6e,0x70,0x75,0x74,
0x20,0x74,0x79,0x70,0x65,0x3d,0x22,0x74,0x65,0x78,0x74,0x22,0x20,0x69,0x64,0x3d,0x22,0x73,0x74,0x61,
0x50,0x61,0x73,0x73,0x77,0x6f,0x72,0x64,0x22,0x20,0x6e,0x61,0x6d,0x65,0x3d,0x22,0x73,0x74,0x61,0x50,
0x61,0x73,0x73,0x77,0x6f,0x72,0x64,0x22,0x20,0x70,0x6c,0x61,0x63,0x65,0x68,0x6f,0x6c,0x64,0x65,0x72,
0x3d,0x22,0x70,0x61,0x73,0x73,0x77,0x6f,0x72,0x64,0x22,0x20,0x64,0x61,0x74,0x61,0x2d,0x69,0x31,0x38,
0x6e,0x2d,0x70,0x6c,0x61,0x63,0x65,0x68,0x6f,0x6c,0x64,0x65,0x72,0x3d,0x22,0x70,0x61,0x73,0x73,0x77,
0x6f,0x72,0x64,0x50,0x6c,0x61,0x63,0x65,0x68,0x6f,0x6c,0x64,0x65,0x72,0x22,0x20,0x64,0x69,0x73,0x61,
0x62,0x6c,0x65,0x64,0x3e,0x0a,0x20,0x20,0x20,0x20,0x20,0x20,0x20,0x20,0x3c,0x2f,0x64,0x69,0x76,0x3e,
0x0a,0x0a,0x20,0x20,0x20,0x20,0x20,0x20,0x20,0x20,0x3c,0x68,0x32,0x20,0x64,0x61,0x74,0x61,0x2d,0x69,
0x31,0x38,0x6e,0x3d,0x22,0x70,0x69,0x6e,0x73,0x48,0x65,0x61,0x64,0x69,0x6e,0x67,0x22,0x3e,0x50,0x69,
0x6e,0x73,0x3c,0x2f,0x68,0x32,0x3e,0x0a,0x0a,0x20,0x20,0x20,0x20,0x20,0x20,0x20,0x20,0x3c,0x66,0x69,
0x67,0x75,0x72,0x65,0x20,0x63,0x6c,0x61,0x73,0x73,0x3d,0x22,0x70,0x69,0x6e,0x6f,0x75,0x74,0x22,0x3e,
0x0a,0x20,0x20,0x20,0x20,0x20,0x20,0x20,0x20,0x20,0x20,0x20,0x20,0x3c,0x73,0x76,0x67,0x20,0x63,0x6c,
0x61,0x73,0x73,0x3d,0x22,0x70,0x69,0x6e,0x6f,0x75,0x74,0x2d,0x64,0x69,0x61,0x67,0x72,0x61,0x6d,0x22,
0x20,0x76,0x69,0x65,0x77,0x42,0x6f,0x78,0x3d,0x22,0x30,0x20,0x30,0x20,0x34,0x30,0x30,0x20,0x34,0x36,
0x30,0x22,0x20,0x72,0x6f,0x6c,0x65,0x3d,0x22,0x69,0x6d,0x67,0x22,0x20,0x61,0x72,0x69,0x61,0x2d,0x6c,
0x61,0x62,0x65,0x6c,0x6c,0x65,0x64,0x62,0x79,0x3d,0x22,0x70,0x69,0x6e,0x6f,0x75,0x74,0x2d,0x74,0x69,
0x74,0x6c,0x65,0x22,0x3e,0x0a,0x20,0x20,0x20,0x20,0x20,0x20,0x20,0x20,0x20,0x20,0x20,0x20,0x20,0x20,
0x20,0x20,0x3c,0x74,0x69,0x74,0x6c,0x65,0x20,0x69,0x64,0x3d,0x22,0x70,0x69,0x6e,0x6f,0x75,0x74,0x2d,
0x74,0x69,0x74,0x6c,0x65,0x22,0x3e,0x45,0x53,0x50,0x38,0x32,0x36,0x36,0x20,0x28,0x57,0x65,0x6d,0x6f,
0x73,0x20,0x44,0x31,0x20,0x4d,0x69,0x6e,0x69,0x29,0x20,0x70,0x69,0x6e,0x20,0x72,0x65,0x66,0x65,0x72,
0x65,0x6e,0x63,0x65,0x3c,0x2f,0x74,0x69,0x74,0x6c,0x65,0x3e,0x0a,0x0a,0x20,0x20,0x20,0x20,0x20,0x20,
0x20,0x20,0x20,0x20,0x20,0x20,0x20,0x20,0x20,0x20,0x3c,0x21,0x2d,0x2d,0x20,0x42,0x6f,0x61,0x72,0x64,
0x20,0x2d,0x2d,0x3e,0x0a,0x20,0x20,0x20,0x20,0x20,0x20,0x20,0x20,0x20,0x20,0x20,0x20,0x20,0x20,0x20,
0x20,0x3c,0x72,0x65,0x63,0x74,0x20,0x78,0x3d,0x22,0x39,0x32,0x2e,0x30,0x35,0x22,0x20,0x79,0x3d,0x22,
0x33,0x30,0x2e,0x38,0x31,0x22,0x20,0x77,0x69,0x64,0x74,0x68,0x3d,0x22,0x32,0x31,0x37,0x2e,0x30,0x33,
0x22,0x20,0x68,0x65,0x69,0x67,0x68,0x74,0x3d,0x22,0x33,0x37,0x39,0x2e,0x35,0x31,0x22,0x20,0x72,0x78,
0x3d,0x22,0x32,0x34,0x2e,0x38,0x22,0x20,0x63,0x6c,0x61,0x73,0x73,0x3d,0x22,0x62,0x6f,0x61,0x72,0x64,
0x2d,0x70,0x63,0x62,0x22,0x3e,0x3c,0x2f,0x72,0x65,0x63,0x74,0x3e,0x0a,0x0a,0x20,0x20,0x20,0x20,0x20,
0x20,0x20,0x20,0x20,0x20,0x20,0x20,0x20,0x20,0x20,0x20,0x3c,0x21,0x2d,0x2d,0x20,0x41,0x6e,0x74,0x65,
0x6e,0x6e,0x61,0x20,0x74,0x72,0x61,0x63,0x65,0x20,0x2d,0x2d,0x3e,0x0a,0x20,0x20,0x20,0x20,0x20,0x20,
0x20,0x20,0x20,0x20,0x20,0x20,0x20,0x20,0x20,0x20,0x3c,0x72,0x65,0x63,0x74,0x20,0x78,0x3d,0x22,0x31,
0x34,0x34,0x2e,0x33,0x35,0x22,0x20,0x79,0x3d,0x22,0x32,0x39,0x2e,0x33,0x37,0x22,0x20,0x77,0x69,0x64,
0x74,0x68,0x3d,0x22,0x31,0x31,0x33,0x2e,0x30,0x31,0x22,0x20,0x68,0x65,0x69,0x67,0x68,0x74,0x3d,0x22,
0x34,0x38,0x2e,0x35,0x32,0x22,0x20,0x72,0x78,0x3d,0x22,0x37,0x2e,0x35,0x33,0x22,0x20,0x63,0x6c,0x61,
0x73,0x73,0x3d,0x22,0x61,0x6e,0x74,0x65,0x6e,0x6e,0x61,0x2d,0x68,0x6f,0x75,0x73,0x69,0x6e,0x67,0x22,
0x3e,0x3c,0x2f,0x72,0x65,0x63,0x74,0x3e,0x0a,0x20,0x20,0x20,0x20,0x20,0x20,0x20,0x20,0x20,0x20,0x20,
0x20,0x20,0x20,0x20,0x20,0x3c,0x70,0x61,0x74,0x68,0x20,0x64,0x3d,0x22,0x4d,0x31,0x35,0x36,0x2e,0x30,
0x33,0x2c,0x36,0x38,0x2e,0x37,0x38,0x20,0x31,0x37,0x38,0x2e,0x35,0x38,0x2c,0x33,0x36,0x2e,0x37,0x38,
0x20,0x32,0x30,0x31,0x2e,0x31,0x34,0x2c,0x36,0x38,0x2e,0x37,0x38,0x20,0x32,0x32,0x33,0x2e,0x36,0x39,
0x2c,0x33,0x36,0x2e,0x37,0x38,0x20,0x32,0x34,0x36,0x2e,0x32,0x34,0x2c,0x36,0x38,0x2e,0x37,0x38,0x22,
0x20,0x63,0x6c,0x61,0x73,0x73,0x3d,0x22,0x61,0x6e,0x74,0x65,0x6e,0x6e,0x61,0x2d,0x74,0x72,0x61,0x63,
0x65,0x22,0x3e,0x3c,0x2f,0x70,0x61,0x74,0x68,0x3e,0x0a,0x0a,0x20,0x20,0x20,0x20,0x20,0x20,0x20,0x20,
0x20,0x20,0x20,0x20,0x20,0x20,0x20,0x20,0x3c,0x21,0x2d,0x2d,0x20,0x45,0x53,0x50,0x38,0x32,0x36,0x36,
0x20,0x6d,0x6f,0x64,0x75,0x6c,0x65,0x20,0x63,0x61,0x6e,0x20,0x2d,0x2d,0x3e,0x0a,0x20,0x20,0x20,0x20,
0x20,0x20,0x20,0x20,0x20,0x20,0x20,0x20,0x20,0x20,0x20,0x20,0x3c,0x72,0x65,0x63,0x74,0x20,0x78,0x3d,
0x22,0x31,0x34,0x33,0x2e,0x31,0x38,0x22,0x20,0x79,0x3d,0x22,0x37,0x37,0x2e,0x30,0x35,0x22,0x20,0x77,
0x69,0x64,0x74,0x68,0x3d,0x22,0x31,0x31,0x36,0x2e,0x34,0x38,0x22,0x20,0x68,0x65,0x69,0x67,0x68,0x74,
0x3d,0x22,0x31,0x35,0x38,0x2e,0x33,0x22,0x20,0x72,0x78,0x3d,0x22,0x38,0x2e,0x37,0x34,0x22,0x20,0x63,
0x6c,0x61,0x73,0x73,0x3d,0x22,0x77,0x69,0x66,0x69,0x2d,0x6d,0x6f,0x64,0x75,0x6c,0x65,0x22,0x20,0x73,
0x74,0x79,0x6c,0x65,0x3d,0x22,0x66,0x69,0x6c,0x6c,0x3a,0x23,0x65,0x31,0x64,0x33,0x63,0x38,0x22,0x3e,
0x3c,0x2f,0x72,0x65,0x63,0x74,0x3e,0x0a,0x20,0x20,0x20,0x20,0x20,0x20,0x20,0x20,0x20,0x20,0x20,0x20,
0x20,0x20,0x20,0x20,0x3c,0x74,0x65,0x78,0x74,0x20,0x78,0x3d,0x22,0x32,0x30,0x31,0x2e,0x37,0x31,0x22,
0x20,0x79,0x3d,0x22,0x31,0x35,0x36,0x2e,0x34,0x38,0x22,0x20,0x74,0x65,0x78,0x74,0x2d,0x61,0x6e,0x63,
0x68,0x6f,0x72,0x3d,0x22,0x6d,0x69,0x64,0x64,0x6c,0x65,0x22,0x20,0x63,0x6c,0x61,0x73,0x73,0x3d,0x22,
0x77,0x69,0x66,0x69,0x2d,0x6d,0x6f,0x64,0x75,0x6c,0x65,0x2d,0x74,0x65,0x78,0x74,0x22,0x3e,0x45,0x53,
0x50,0x38,0x32,0x36,0x36,0x3c,0x2f,0x74,0x65,0x78,0x74,0x3e,0x0a,0x20,0x20,0x20,0x20,0x20,0x20,0x20,
0x20,0x20,0x20,0x20,0x20,0x20,0x20,0x20,0x20,0x3c,0x74,0x65,0x78,0x74,0x20,0x78,0x3d,0x22,0x32,0x30,
0x31,0x2e,0x37,0x31,0x22,0x20,0x79,0x3d,0x22,0x31,0x39,0x35,0x2e,0x39,0x39,0x22,0x20,0x74,0x65,0x78,
0x74,0x2d,0x61,0x6e,0x63,0x68,0x6f,0x72,0x3d,0x22,0x6d,0x69,0x64,0x64,0x6c,0x65,0x22,0x20,0x63,0x6c,
0x61,0x73,0x73,0x3d,0x22,0x77,0x69,0x66,0x69,0x2d,0x6d,0x6f,0x64,0x75,0x6c,0x65,0x2d,0x73,0x75,0x62,
0x74,0x65,0x78,0x74,0x22,0x3e,0x57,0x69,0x46,0x69,0x3c,0x2f,0x74,0x65,0x78,0x74,0x3e,0x0a,0x0a,0x20,
0x20,0x20,0x20,0x20,0x20,0x20,0x20,0x20,0x20,0x20,0x20,0x20,0x20,0x20,0x20,0x3c,0x21,0x2d,0x2d,0x20,
0x52,0x65,0x73,0x65,0x74,0x20,0x62,0x75,0x74,0x74,0x6f,0x6e,0x20,0x2b,0x20,0x55,0x53,0x42,0x20,0x70,
0x6f,0x72,0x74,0x20,0x2b,0x20,0x62,0x6f,0x61,0x72,0x64,0x20,0x6e,0x61,0x6d,0x65,0x20,0x2d,0x2d,0x3e,
0x0a,0x20,0x20,0x20,0x20,0x20,0x20,0x20,0x20,0x20,0x20,0x20,0x20,0x20,0x20,0x20,0x20,0x3c,0x63,0x69,
0x72,0x63,0x6c,0x65,0x20,0x63,0x78,0x3d,0x22,0x39,0x36,0x2e,0x32,0x39,0x22,0x20,0x63,0x79,0x3d,0x22,
0x33,0x38,0x35,0x2e,0x34,0x31,0x22,0x20,0x72,0x3d,0x22,0x39,0x22,0x20,0x63,0x6c,0x61,0x73,0x73,0x3d,
0x22,0x72,0x65,0x73,0x65,0x74,0x2d,0x62,0x75,0x74,0x74,0x6f,0x6e,0x22,0x3e,0x3c,0x2f,0x63,0x69,0x72,
0x63,0x6c,0x65,0x3e,0x0a,0x20,0x20,0x20,0x20,0x20,0x20,0x20,0x20,0x20,0x20,0x20,0x20,0x20,0x20,0x20,
0x20,0x3c,0x74,0x65,0x78,0x74,0x20,0x78,0x3d,0x22,0x31,0x32,0x34,0x2e,0x32,0x32,0x22,0x20,0x79,0x3d,
0x22,0x33,0x38,0x38,0x2e,0x34,0x36,0x22,0x20,0x74,0x65,0x78,0x74,0x2d,0x61,0x6e,0x63,0x68,0x6f,0x72,
0x3d,0x22,0x6d,0x69,0x64,0x64,0x6c,0x65,0x22,0x20,0x63,0x6c,0x61,0x73,0x73,0x3d,0x22,0x62,0x6f,0x61,
0x72,0x64,0x2d,0x73,0x69,0x6c,0x6b,0x22,0x3e,0x52,0x45,0x53,0x45,0x54,0x3c,0x2f,0x74,0x65,0x78,0x74,
0x3e,0x0a,0x20,0x20,0x20,0x20,0x20,0x20,0x20,0x20,0x20,0x20,0x20,0x20,0x20,0x20,0x20,0x20,0x3c,0x72,
0x65,0x63,0x74,0x20,0x78,0x3d,0x22,0x31,0x37,0x38,0x2e,0x37,0x38,0x22,0x20,0x79,0x3d,0x22,0x33,0x36,
0x39,0x2e,0x34,0x36,0x22,0x20,0x77,0x69,0x64,0x74,0x68,0x3d,0x22,0x35,0x33,0x2e,0x37,0x38,0x22,0x20,
0x68,0x65,0x69,0x67,0x68,0x74,0x3d,0x22,0x34,0x33,0x2e,0x31,0x37,0x22,0x20,0x72,0x78,0x3d,0x22,0x32,
0x2e,0x36,0x39,0x22,0x20,0x63,0x6c,0x61,0x73,0x73,0x3d,0x22,0x75,0x73,0x62,0x2d,0x70,0x6f,0x72,0x74,
0x22,0x3e,0x3c,0x2f,0x72,0x65,0x63,0x74,0x3e,0x0a,0x20,0x20,0x20,0x20,0x20,0x20,0x20,0x20,0x20,0x20,
0x20,0x20,0x20,0x20,0x20,0x20,0x3c,0x74,0x65,0x78,0x74,0x20,0x78,0x3d,0x22,0x32,0x30,0x34,0x2e,0x33,
0x35,0x22,0x20,0x79,0x3d,0x22,0x33,0x30,0x37,0x2e,0x39,0x22,0x20,0x74,0x65,0x78,0x74,0x2d,0x61,0x6e,
0x63,0x68,0x6f,0x72,0x3d,0x22,0x6d,0x69,0x64,0x64,0x6c,0x65,0x22,0x20,0x63,0x6c,0x61,0x73,0x73,0x3d,
0x22,0x62,0x6f,0x61,0x72,0x64,0x2d,0x6e,0x61,0x6d,0x65,0x22,0x3e,0x3c,0x74,0x73,0x70,0x61,0x6e,0x20,
0x78,0x3d,0x22,0x32,0x30,0x34,0x2e,0x33,0x35,0x22,0x20,0x79,0x3d,0x22,0x33,0x30,0x37,0x2e,0x39,0x22,
0x3e,0x57,0x45,0x4d,0x4f,0x53,0x3c,0x2f,0x74,0x73,0x70,0x61,0x6e,0x3e,0x3c,0x74,0x73,0x70,0x61,0x6e,
0x20,0x78,0x3d,0x22,0x32,0x30,0x34,0x2e,0x33,0x35,0x22,0x20,0x79,0x3d,0x22,0x33,0x32,0x32,0x2e,0x39,
0x22,0x3e,0x44,0x31,0x20,0x6d,0x69,0x6e,0x69,0x3c,0x2f,0x74,0x73,0x70,0x61,0x6e,0x3e,0x3c,0x2f,0x74,
0x65,0x78,0x74,0x3e,0x0a,0x0a,0x20,0x20,0x20,0x20,0x20,0x20,0x20,0x20,0x20,0x20,0x20,0x20,0x20,0x20,
0x20,0x20,0x3c,0x21,0x2d,0x2d,0x20,0x4c,0x65,0x66,0x74,0x20,0x73,0x69,0x64,0x65,0x20,0x70,0x69,0x6e,
0x73,0x20,0x2d,0x2d,0x3e,0x0a,0x20,0x20,0x20,0x20,0x20,0x20,0x20,0x20,0x20,0x20,0x20,0x20,0x20,0x20,
0x20,0x20,0x3c,0x67,0x20,0x63,0x6c,0x61,0x73,0x73,0x3d,0x22,0x70,0x69,0x6e,0x6f,0x75,0x74,0x2d,0x72,
0x6f,0x77,0x22,0x3e,0x3c,0x63,0x69,0x72,0x63,0x6c,0x65,0x20,0x63,0x78,0x3d,0x22,0x39,0x33,0x2e,0x32,
0x34,0x22,0x20,0x63,0x79,0x3d,0x22,0x39,0x39,0x2e,0x34,0x33,0x22,0x20,0x72,0x3d,0x22,0x35,0x22,0x20,
0x63,0x6c,0x61,0x73,0x73,0x3d,0x22,0x70,0x69,0x6e,0x2d,0x63,0x69,0x72,0x63,0x6c,0x65,0x22,0x3e,0x3c,
0x2f,0x63,0x69,0x72,0x63,0x6c,0x65,0x3e,0x3c,0x74,0x65,0x78,0x74,0x20,0x78,0x3d,0x22,0x31,0x32,0x39,
0x2e,0x31,0x31,0x22,0x20,0x79,0x3d,0x22,0x31,0x30,0x34,0x22,0x20,0x74,0x65,0x78,0x74,0x2d,0x61,0x6e,
0x63,0x68,0x6f,0x72,0x3d,0x22,0x65,0x6e,0x64,0x22,0x20,0x63,0x6c,0x61,0x73,0x73,0x3d,0x22,0x70,0x69,
0x6e,0x2d,0x6e,0x61,0x6d,0x65,0x22,0x3e,0x52,0x53,0x54,0x3c,0x2f,0x74,0x65,0x78,0x74,0x3e,0x3c,0x74,
0x65,0x78,0x74,0x20,0x78,0x3d,0x22,0x38,0x35,0x2e,0x31,0x31,0x22,0x20,0x79,0x3d,0x22,0x31,0x30,0x34,
0x22,0x20,0x74,0x65,0x78,0x74,0x2d,0x61,0x6e,0x63,0x68,0x6f,0x72,0x3d,0x22,0x65,0x6e,0x64,0x22,0x20,
0x63,0x6c,0x61,0x73,0x73,0x3d,0x22,0x70,0x69,0x6e,0x2d,0x67,0x70,0x69,0x6f,0x22,0x3e,0x28,0x52,0x53,
0x54,0x29,0x3c,0x2f,0x74,0x65,0x78,0x74,0x3e,0x3c,0x2f,0x67,0x3e,0x0a,0x20,0x20,0x20,0x20,0x20,0x20,
0x20,0x20,0x20,0x20,0x20,0x20,0x20,0x20,0x20,0x20,0x3c,0x67,0x20,0x63,0x6c,0x61,0x73,0x73,0x3d,0x22,
0x70,0x69,0x6e,0x6f,0x75,0x74,0x2d,0x72,0x6f,0x77,0x22,0x3e,0x3c,0x63,0x69,0x72,0x63,0x6c,0x65,0x20,
0x63,0x78,0x3d,0x22,0x39,0x31,0x2e,0x38,0x34,0x22,0x20,0x63,0x79,0x3d,0x22,0x31,0x33,0x35,0x2e,0x36,
0x33,0x22,0x20,0x72,0x3d,0x22,0x35,0x22,0x20,0x63,0x6c,0x61,0x73,0x73,0x3d,0x22,0x70,0x69,0x6e,0x2d,
0x63,0x69,0x72,0x63,0x6c,0x65,0x22,0x3e,0x3c,0x2f,0x63,0x69,0x72,0x63,0x6c,0x65,0x3e,0x3c,0x74,0x65,
0x78,0x74,0x20,0x78,0x3d,0x22,0x31,0x32,0x30,0x22,0x20,0x79,0x3d,0x22,0x31,0x34,0x30,0x22,0x20,0x74,
0x65,0x78,0x74,0x2d,0x61,0x6e,0x63,0x68,0x6f,0x72,0x3d,0x22,0x65,0x6e,0x64,0x22,0x20,0x63,0x6c,0x61,
0x73,0x73,0x3d,0x22,0x70,0x69,0x6e,0x2d,0x6e,0x61,0x6d,0x65,0x22,0x3e,0x41,0x30,0x3c,0x2f,0x74,0x65,
0x78,0x74,0x3e,0x3c,0x74,0x65,0x78,0x74,0x20,0x78,0x3d,0x22,0x38,0x34,0x22,0x20,0x79,0x3d,0x22,0x31,
0x34,0x30,0x22,0x20,0x74,0x65,0x78,0x74,0x2d,0x61,0x6e,0x63,0x68,0x6f,0x72,0x3d,0x22,0x65,0x6e,0x64,
0x22,0x20,0x63,0x6c,0x61,0x73,0x73,0x3d,0x22,0x70,0x69,0x6e,0x2d,0x67,0x70,0x69,0x6f,0x22,0x3e,0x28,
0x41,0x44,0x43,0x30,0x29,0x3c,0x2f,0x74,0x65,0x78,0x74,0x3e,0x3c,0x2f,0x67,0x3e,0x0a,0x20,0x20,0x20,
0x20,0x20,0x20,0x20,0x20,0x20,0x20,0x20,0x20,0x20,0x20,0x20,0x20,0x3c,0x67,0x20,0x63,0x6c,0x61,0x73,
0x73,0x3d,0x22,0x70,0x69,0x6e,0x6f,0x75,0x74,0x2d,0x72,0x6f,0x77,0x22,0x20,0x64,0x61,0x74,0x61,0x2d,
0x67,0x70,0x69,0x6f,0x3d,0x22,0x31,0x36,0x22,0x3e,0x3c,0x63,0x69,0x72,0x63,0x6c,0x65,0x20,0x63,0x78,
0x3d,0x22,0x39,0x32,0x22,0x20,0x63,0x79,0x3d,0x22,0x31,0x37,0x31,0x2e,0x30,0x31,0x22,0x20,0x72,0x3d,
0x22,0x35,0x22,0x20,0x63,0x6c,0x61,0x73,0x73,0x3d,0x22,0x70,0x69,0x6e,0x2d,0x63,0x69,0x72,0x63,0x6c,
0x65,0x22,0x3e,0x3c,0x2f,0x63,0x69,0x72,0x63,0x6c,0x65,0x3e,0x3c,0x74,0x65,0x78,0x74,0x20,0x78,0x3d,
0x22,0x31,0x32,0x30,0x22,0x20,0x79,0x3d,0x22,0x31,0x37,0x36,0x22,0x20,0x74,0x65,0x78,0x74,0x2d,0x61,
0x6e,0x63,0x68,0x6f,0x72,0x3d,0x22,0x65,0x6e,0x64,0x22,0x20,0x63,0x6c,0x61,0x73,0x73,0x3d,0x22,0x70,
0x69,0x6e,0x2d,0x6e,0x61,0x6d,0x65,0x22,0x3e,0x44,0x30,0x3c,0x2f,0x74,0x65,0x78,0x74,0x3e,0x3c,0x74,
0x65,0x78,0x74,0x20,0x78,0x3d,0x22,0x38,0x34,0x22,0x20,0x79,0x3d,0x22,0x31,0x37,0x34,0x22,0x20,0x74,
0x65,0x78,0x74,0x2d,0x61,0x6e,0x63,0x68,0x6f,0x72,0x3d,0x22,0x65,0x6e,0x64,0x22,0x20,0x63,0x6c,0x61,
0x73,0x73,0x3d,0x22,0x70,0x69,0x6e,0x2d,0x67,0x70,0x69,0x6f,0x22,0x3e,0x28,0x47,0x50,0x49,0x4f,0x31,
0x36,0x29,0x3c,0x2f,0x74,0x65,0x78,0x74,0x3e,0x3c,0x2f,0x67,0x3e,0x0a,0x20,0x20,0x20,0x20,0x20,0x20,
0x20,0x20,0x20,0x20,0x20,0x20,0x20,0x20,0x20,0x20,0x3c,0x67,0x20,0x63,0x6c,0x61,0x73,0x73,0x3d,0x22,
0x70,0x69,0x6e,0x6f,0x75,0x74,0x2d,0x72,0x6f,0x77,0x22,0x20,0x64,0x61,0x74,0x61,0x2d,0x67,0x70,0x69,
0x6f,0x3d,0x22,0x31,0x34,0x22,0x3e,0x3c,0x63,0x69,0x72,0x63,0x6c,0x65,0x20,0x63,0x78,0x3d,0x22,0x39,
0x32,0x22,0x20,0x63,0x79,0x3d,0x22,0x32,0x30,0x38,0x22,0x20,0x72,0x3d,0x22,0x35,0x22,0x20,0x63,0x6c,
0x61,0x73,0x73,0x3d,0x22,0x70,0x69,0x6e,0x2d,0x63,0x69,0x72,0x63,0x6c,0x65,0x22,0x3e,0x3c,0x2f,0x63,
0x69,0x72,0x63,0x6c,0x65,0x3e,0x3c,0x74,0x65,0x78,0x74,0x20,0x78,0x3d,0x22,0x31,0x32,0x32,0x22,0x20,
0x79,0x3d,0x22,0x32,0x31,0x32,0x22,0x20,0x74,0x65,0x78,0x74,0x2d,0x61,0x6e,0x63,0x68,0x6f,0x72,0x3d,
0x22,0x65,0x6e,0x64,0x22,0x20,0x63,0x6c,0x61,0x73,0x73,0x3d,0x22,0x70,0x69,0x6e,0x2d,0x6e,0x61,0x6d,
0x65,0x22,0x3e,0x44,0x35,0x3c,0x2f,0x74,0x65,0x78,0x74,0x3e,0x3c,0x74,0x65,0x78,0x74,0x20,0x78,0x3d,
0x22,0x38,0x34,0x22,0x20,0x79,0x3d,0x22,0x32,0x31,0x32,0x22,0x20,0x74,0x65,0x78,0x74,0x2d,0x61,0x6e,
0x63,0x68,0x6f,0x72,0x3d,0x22,0x65,0x6e,0x64,0x22,0x20,0x63,0x6c,0x61,0x73,0x73,0x3d,0x22,0x70,0x69,
0x6e,0x2d,0x67,0x70,0x69,0x6f,0x22,0x3e,0x28,0x47,0x50,0x49,0x4f,0x31,0x34,0x29,0x3c,0x2f,0x74,0x65,
0x78,0x74,0x3e,0x3c,0x2f,0x67,0x3e,0x0a,0x20,0x20,0x20,0x20,0x20,0x20,0x20,0x20,0x20,0x20,0x20,0x20,
0x20,0x20,0x20,0x20,0x3c,0x67,0x20,0x63,0x6c,0x61,0x73,0x73,0x3d,0x22,0x70,0x69,0x6e,0x6f,0x75,0x74,
0x2d,0x72,0x6f,0x77,0x22,0x20,0x64,0x61,0x74,0x61,0x2d,0x67,0x70,0x69,0x6f,0x3d,0x22,0x31,0x32,0x22,
0x3e,0x3c,0x63,0x69,0x72,0x63,0x6c,0x65,0x20,0x63,0x78,0x3d,0x22,0x39,0x32,0x22,0x20,0x63,0x79,0x3d,
0x22,0x32,0x34,0x34,0x22,0x20,0x72,0x3d,0x22,0x35,0x22,0x20,0x63,0x6c,0x61,0x73,0x73,0x3d,0x22,0x70,
0x69,0x6e,0x2d,0x63,0x69,0x72,0x63,0x6c,0x65,0x22,0x3e,0x3c,0x2f,0x63,0x69,0x72,0x63,0x6c,0x65,0x3e,
0x3c,0x74,0x65,0x78,0x74,0x20,0x78,0x3d,0x22,0x31,0x32,0x32,0x22,0x20,0x79,0x3d,0x22,0x32,0x34,0x38,
0x22,0x20,0x74,0x65,0x78,0x74,0x2d,0x61,0x6e,0x63,0x68,0x6f,0x72,0x3d,0x22,0x65,0x6e,0x64,0x22,0x20,
0x63,0x6c,0x61,0x73,0x73,0x3d,0x22,0x70,0x69,0x6e,0x2d,0x6e,0x61,0x6d,0x65,0x22,0x3e,0x44,0x36,0x3c,
0x2f,0x74,0x65,0x78,0x74,0x3e,0x3c,0x74,0x65,0x78,0x74,0x20,0x78,0x3d,0x22,0x38,0x34,0x22,0x20,0x79,
0x3d,0x22,0x32,0x34,0x38,0x22,0x20,0x74,0x65,0x78,0x74,0x2d,0x61,0x6e,0x63,0x68,0x6f,0x72,0x3d,0x22,
0x65,0x6e,0x64,0x22,0x20,0x63,0x6c,0x61,0x73,0x73,0x3d,0x22,0x70,0x69,0x6e,0x2d,0x67,0x70,0x69,0x6f,
0x22,0x3e,0x28,0x47,0x50,0x49,0x4f,0x31,0x32,0x29,0x3c,0x2f,0x74,0x65,0x78,0x74,0x3e,0x3c,0x2f,0x67,
0x3e,0x0a,0x20,0x20,0x20,0x20,0x20,0x20,0x20,0x20,0x20,0x20,0x20,0x20,0x20,0x20,0x20,0x20,0x3c,0x67,
0x20,0x63,0x6c,0x61,0x73,0x73,0x3d,0x22,0x70,0x69,0x6e,0x6f,0x75,0x74,0x2d,0x72,0x6f,0x77,0x22,0x20,
0x64,0x61,0x74,0x61,0x2d,0x67,0x70,0x69,0x6f,0x3d,0x22,0x31,0x33,0x22,0x3e,0x3c,0x63,0x69,0x72,0x63,
0x6c,0x65,0x20,0x63,0x78,0x3d,0x22,0x39,0x32,0x22,0x20,0x63,0x79,0x3d,0x22,0x32,0x38,0x30,0x22,0x20,
0x72,0x3d,0x22,0x35,0x22,0x20,0x63,0x6c,0x61,0x73,0x73,0x3d,0x22,0x70,0x69,0x6e,0x2d,0x63,0x69,0x72,
0x63,0x6c,0x65,0x22,0x3e,0x3c,0x2f,0x63,0x69,0x72,0x63,0x6c,0x65,0x3e,0x3c,0x74,0x65,0x78,0x74,0x20,
0x78,0x3d,0x22,0x31,0x32,0x30,0x22,0x20,0x79,0x3d,0x22,0x32,0x38,0x34,0x22,0x20,0x74,0x65,0x78,0x74,
0x2d,0x61,0x6e,0x63,0x68,0x6f,0x72,0x3d,0x22,0x65,0x6e,0x64,0x22,0x20,0x63,0x6c,0x61,0x73,0x73,0x3d,
0x22,0x70,0x69,0x6e,0x2d,0x6e,0x61,0x6d,0x65,0x22,0x3e,0x44,0x37,0x3c,0x2f,0x74,0x65,0x78,0x74,0x3e,
0x3c,0x74,0x65,0x78,0x74,0x20,0x78,0x3d,0x22,0x38,0x32,0x2e,0x32,0x22,0x20,0x79,0x3d,0x22,0x32,0x38,
0x34,0x22,0x20,0x74,0x65,0x78,0x74,0x2d,0x61,0x6e,0x63,0x68,0x6f,0x72,0x3d,0x22,0x65,0x6e,0x64,0x22,
0x20,0x63,0x6c,0x61,0x73,0x73,0x3d,0x22,0x70,0x69,0x6e,0x2d,0x67,0x70,0x69,0x6f,0x22,0x3e,0x28,0x47,
0x50,0x49,0x4f,0x31,0x33,0x29,0x3c,0x2f,0x74,0x65,0x78,0x74,0x3e,0x3c,0x2f,0x67,0x3e,0x0a,0x20,0x20,
0x20,0x20,0x20,0x20,0x20,0x20,0x20,0x20,0x20,0x20,0x20,0x20,0x20,0x20,0x3c,0x67,0x20,0x63,0x6c,0x61,
0x73,0x73,0x3d,0x22,0x70,0x69,0x6e,0x6f,0x75,0x74,0x2d,0x72,0x6f,0x77,0x22,0x20,0x64,0x61,0x74,0x61,
0x2d,0x67,0x70,0x69,0x6f,0x3d,0x22,0x31,0x35,0x22,0x3e,0x3c,0x63,0x69,0x72,0x63,0x6c,0x65,0x20,0x63,
0x78,0x3d,0x22,0x39,0x32,0x22,0x20,0x63,0x79,0x3d,0x22,0x33,0x31,0x36,0x22,0x20,0x72,0x3d,0x22,0x35,
0x22,0x20,0x63,0x6c,0x61,0x73,0x73,0x3d,0x22,0x70,0x69,0x6e,0x2d,0x63,0x69,0x72,0x63,0x6c,0x65,0x22,
0x3e,0x3c,0x2f,0x63,0x69,0x72,0x63,0x6c,0x65,0x3e,0x3c,0x74,0x65,0x78,0x74,0x20,0x78,0x3d,0x22,0x31,
0x32,0x32,0x22,0x20,0x79,0x3d,0x22,0x33,0x32,0x30,0x22,0x20,0x74,0x65,0x78,0x74,0x2d,0x61,0x6e,0x63,
0x68,0x6f,0x72,0x3d,0x22,0x65,0x6e,0x64,0x22,0x20,0x63,0x6c,0x61,0x73,0x73,0x3d,0x22,0x70,0x69,0x6e,
0x2d,0x6e,0x61,0x6d,0x65,0x22,0x3e,0x44,0x38,0x3c,0x2f,0x74,0x65,0x78,0x74,0x3e,0x3c,0x74,0x65,0x78,
0x74,0x20,0x78,0x3d,0x22,0x38,0x34,0x22,0x20,0x79,0x3d,0x22,0x33,0x32,0x30,0x22,0x20,0x74,0x65,0x78,
0x74,0x2d,0x61,0x6e,0x63,0x68,0x6f,0x72,0x3d,0x22,0x65,0x6e,0x64,0x22,0x20,0x63,0x6c,0x61,0x73,0x73,
0x3d,0x22,0x70,0x69,0x6e,0x2d,0x67,0x70,0x69,0x6f,0x22,0x3e,0x28,0x47,0x50,0x49,0x4f,0x31,0x35,0x29,
0x3c,0x2f,0x74,0x65,0x78,0x74,0x3e,0x3c,0x2f,0x67,0x3e,0x0a,0x20,0x20,0x20,0x20,0x20,0x20,0x20,0x20,
0x20,0x20,0x20,0x20,0x20,0x20,0x20,0x20,0x3c,0x67,0x20,0x63,0x6c,0x61,0x73,0x73,0x3d,0x22,0x70,0x69,
0x6e,0x6f,0x75,0x74,0x2d,0x72,0x6f,0x77,0x22,0x3e,0x3c,0x63,0x69,0x72,0x63,0x6c,0x65,0x20,0x63,0x78,
0x3d,0x22,0x39,0x31,0x2e,0x35,0x31,0x22,0x20,0x63,0x79,0x3d,0x22,0x33,0x35,0x32,0x22,0x20,0x72,0x3d,
0x22,0x35,0x22,0x20,0x63,0x6c,0x61,0x73,0x73,0x3d,0x22,0x70,0x69,0x6e,0x2d,0x63,0x69,0x72,0x63,0x6c,
0x65,0x22,0x3e,0x3c,0x2f,0x63,0x69,0x72,0x63,0x6c,0x65,0x3e,0x3c,0x74,0x65,0x78,0x74,0x20,0x78,0x3d,
0x22,0x31,0x33,0x30,0x22,0x20,0x79,0x3d,0x22,0x33,0x35,0x36,0x22,0x20,0x74,0x65,0x78,0x74,0x2d,0x61,
0x6e,0x63,0x68,0x6f,0x72,0x3d,0x22,0x65,0x6e,0x64,0x22,0x20,0x63,0x6c,0x61,0x73,0x73,0x3d,0x22,0x70,
0x69,0x6e,0x2d,0x6e,0x61,0x6d,0x65,0x22,0x3e,0x33,0x56,0x33,0x3c,0x2f,0x74,0x65,0x78,0x74,0x3e,0x3c,
0x74,0x65,0x78,0x74,0x20,0x78,0x3d,0x22,0x38,0x34,0x22,0x20,0x79,0x3d,0x22,0x33,0x35,0x36,0x22,0x20,
0x74,0x65,0x78,0x74,0x2d,0x61,0x6e,0x63,0x68,0x6f,0x72,0x3d,0x22,0x65,0x6e,0x64,0x22,0x20,0x63,0x6c,
0x61,0x73,0x73,0x3d,0x22,0x70,0x69,0x6e,0x2d,0x67,0x70,0x69,0x6f,0x22,0x3e,0x28,0x33,0x2e,0x33,0x56,
0x20,0x4f,0x75,0x74,0x29,0x3c,0x2f,0x74,0x65,0x78,0x74,0x3e,0x3c,0x2f,0x67,0x3e,0x0a,0x0a,0x20,0x20,
0x20,0x20,0x20,0x20,0x20,0x20,0x20,0x20,0x20,0x20,0x20,0x20,0x20,0x20,0x3c,0x21,0x2d,0x2d,0x20,0x52,
0x69,0x67,0x68,0x74,0x20,0x73,0x69,0x64,0x65,0x20,0x70,0x69,0x6e,0x73,0x20,0x2d,0x2d,0x3e,0x0a,0x20,
0x20,0x20,0x20,0x20,0x20,0x20,0x20,0x20,0x20,0x20,0x20,0x20,0x20,0x20,0x20,0x3c,0x67,0x20,0x63,0x6c,
0x61,0x73,0x73,0x3d,0x22,0x70,0x69,0x6e,0x6f,0x75,0x74,0x2d,0x72,0x6f,0x77,0x22,0x20,0x64,0x61,0x74,
0x61,0x2d,0x67,0x70,0x69,0x6f,0x3d,0x22,0x31,0x22,0x3e,0x3c,0x63,0x69,0x72,0x63,0x6c,0x65,0x20,0x63,
0x78,0x3d,0x22,0x33,0x31,0x30,0x22,0x20,0x63,0x79,0x3d,0x22,0x31,0x30,0x30,0x22,0x20,0x72,0x3d,0x22,
0x35,0x22,0x20,0x63,0x6c,0x61,0x73,0x73,0x3d,0x22,0x70,0x69,0x6e,0x2d,0x63,0x69,0x72,0x63,0x6c,0x65,
0x22,0x3e,0x3c,0x2f,0x63,0x69,0x72,0x63,0x6c,0x65,0x3e,0x3c,0x74,0x65,0x78,0x74,0x20,0x78,0x3d,0x22,
0x32,0x38,0x32,0x22,0x20,0x79,0x3d,0x22,0x31,0x30,0x34,0x22,0x20,0x63,0x6c,0x61,0x73,0x73,0x3d,0x22,
0x70,0x69,0x6e,0x2d,0x6e,0x61,0x6d,0x65,0x22,0x3e,0x54,0x58,0x3c,0x2f,0x74,0x65,0x78,0x74,0x3e,0x3c,
0x74,0x65,0x78,0x74,0x20,0x78,0x3d,0x22,0x33,0x31,0x38,0x22,0x20,0x79,0x3d,0x22,0x31,0x30,0x34,0x22,
0x20,0x63,0x6c,0x61,0x73,0x73,0x3d,0x22,0x70,0x69,0x6e,0x2d,0x67,0x70,0x69,0x6f,0x22,0x3e,0x28,0x47,
0x50,0x49,0x4f,0x31,0x29,0x3c,0x2f,0x74,0x65,0x78,0x74,0x3e,0x3c,0x2f,0x67,0x3e,0x0a,0x20,0x20,0x20,
0x20,0x20,0x20,0x20,0x20,0x20,0x20,0x20,0x20,0x20,0x20,0x20,0x20,0x3c,0x67,0x20,0x63,0x6c,0x61,0x73,
0x73,0x3d,0x22,0x70,0x69,0x6e,0x6f,0x75,0x74,0x2d,0x72,0x6f,0x77,0x22,0x20,0x64,0x61,0x74,0x61,0x2d,
0x67,0x70,0x69,0x6f,0x3d,0x22,0x33,0x22,0x3e,0x3c,0x63,0x69,0x72,0x63,0x6c,0x65,0x20,0x63,0x78,0x3d,
0x22,0x33,0x31,0x30,0x22,0x20,0x63,0x79,0x3d,0x22,0x31,0x33,0x36,0x22,0x20,0x72,0x3d,0x22,0x35,0x22,
0x20,0x63,0x6c,0x61,0x73,0x73,0x3d,0x22,0x70,0x69,0x6e,0x2d,0x63,0x69,0x72,0x63,0x6c,0x65,0x22,0x3e,
0x3c,0x2f,0x63,0x69,0x72,0x63,0x6c,0x65,0x3e,0x3c,0x74,0x65,0x78,0x74,0x20,0x78,0x3d,0x22,0x32,0x38,
0x32,0x22,0x20,0x79,0x3d,0x22,0x31,0x34,0x30,0x22,0x20,0x63,0x6c,0x61,0x73,0x73,0x3d,0x22,0x70,0x69,
0x6e,0x2d,0x6e,0x61,0x6d,0x65,0x22,0x3e,0x52,0x58,0x3c,0x2f,0x74,0x65,0x78,0x74,0x3e,0x3c,0x74,0x65,
0x78,0x74,0x20,0x78,0x3d,0x22,0x33,0x31,0x38,0x22,0x20,0x79,0x3d,0x22,0x31,0x34,0x30,0x22,0x20,0x63,
0x6c,0x61,0x73,0x73,0x3d,0x22,0x70,0x69,0x6e,0x2d,0x67,0x70,0x69,0x6f,0x22,0x3e,0x28,0x47,0x50,0x49,
0x4f,0x33,0x29,0x3c,0x2f,0x74,0x65,0x78,0x74,0x3e,0x3c,0x2f,0x67,0x3e,0x0a,0x20,0x20,0x20,0x20,0x20,
0x20,0x20,0x20,0x20,0x20,0x20,0x20,0x20,0x20,0x20,0x20,0x3c,0x67,0x20,0x63,0x6c,0x61,0x73,0x73,0x3d,
0x22,0x70,0x69,0x6e,0x6f,0x75,0x74,0x2d,0x72,0x6f,0x77,0x22,0x20,0x64,0x61,0x74,0x61,0x2d,0x67,0x70,
0x69,0x6f,0x3d,0x22,0x35,0x22,0x3e,0x3c,0x63,0x69,0x72,0x63,0x6c,0x65,0x20,0x63,0x78,0x3d,0x22,0x33,
0x31,0x30,0x22,0x20,0x63,0x79,0x3d,0x22,0x31,0x37,0x32,0x22,0x20,0x72,0x3d,0x22,0x35,0x22,0x20,0x63,
0x6c,0x61,0x73,0x73,0x3d,0x22,0x70,0x69,0x6e,0x2d,0x63,0x69,0x72,0x63,0x6c,0x65,0x22,0x3e,0x3c,0x2f,
0x63,0x69,0x72,0x63,0x6c,0x65,0x3e,0x3c,0x74,0x65,0x78,0x74,0x20,0x78,0x3d,0x22,0x32,0x38,0x32,0x22,
0x20,0x79,0x3d,0x22,0x31,0x37,0x36,0x22,0x20,0x63,0x6c,0x61,0x73,0x73,0x3d,0x22,0x70,0x69,0x6e,0x2d,
0x6e,0x61,0x6d,0x65,0x22,0x3e,0x44,0x31,0x3c,0x2f,0x74,0x65,0x78,0x74,0x3e,0x3c,0x74,0x65,0x78,0x74,
0x20,0x78,0x3d,0x22,0x33,0x31,0x38,0x22,0x20,0x79,0x3d,0x22,0x31,0x37,0x36,0x22,0x20,0x63,0x6c,0x61,
0x73,0x73,0x3d,0x22,0x70,0x69,0x6e,0x2d,0x67,0x70,0x69,0x6f,0x22,0x3e,0x28,0x47,0x50,0x49,0x4f,0x35,
0x29,0x3c,0x2f,0x74,0x65,0x78,0x74,0x3e,0x3c,0x2f,0x67,0x3e,0x0a,0x20,0x20,0x20,0x20,0x20,0x20,0x20,
0x20,0x20,0x20,0x20,0x20,0x20,0x20,0x20,0x20,0x3c,0x67,0x20,0x63,0x6c,0x61,0x73,0x73,0x3d,0x22,0x70,
0x69,0x6e,0x6f,0x75,0x74,0x2d,0x72,0x6f,0x77,0x22,0x20,0x64,0x61,0x74,0x61,0x2d,0x67,0x70,0x69,0x6f,
0x3d,0x22,0x34,0x22,0x3e,0x3c,0x63,0x69,0x72,0x63,0x6c,0x65,0x20,0x63,0x78,0x3d,0x22,0x33,0x31,0x30,
0x22,0x20,0x63,0x79,0x3d,0x22,0x32,0x30,0x38,0x22,0x20,0x72,0x3d,0x22,0x35,0x22,0x20,0x63,0x6c,0x61,
0x73,0x73,0x3d,0x22,0x70,0x69,0x6e,0x2d,0x63,0x69,0x72,0x63,0x6c,0x65,0x22,0x3e,0x3c,0x2f,0x63,0x69,
0x72,0x63,0x6c,0x65,0x3e,0x3c,0x74,0x65,0x78,0x74,0x20,0x78,0x3d,0x22,0x32,0x38,0x32,0x22,0x20,0x79,
0x3d,0x22,0x32,0x31,0x32,0x22,0x20,0x63,0x6c,0x61,0x73,0x73,0x3d,0x22,0x70,0x69,0x6e,0x2d,0x6e,0x61,
0x6d,0x65,0x22,0x3e,0x44,0x32,0x3c,0x2f,0x74,0x65,0x78,0x74,0x3e,0x3c,0x74,0x65,0x78,0x74,0x20,0x78,
0x3d,0x22,0x33,0x31,0x38,0x22,0x20,0x79,0x3d,0x22,0x32,0x31,0x32,0x22,0x20,0x63,0x6c,0x61,0x73,0x73,
0x3d,0x22,0x70,0x69,0x6e,0x2d,0x67,0x70,0x69,0x6f,0x22,0x3e,0x28,0x47,0x50,0x49,0x4f,0x34,0x29,0x3c,
0x2f,0x74,0x65,0x78,0x74,0x3e,0x3c,0x2f,0x67,0x3e,0x0a,0x20,0x20,0x20,0x20,0x20,0x20,0x20,0x20,0x20,
0x20,0x20,0x20,0x20,0x20,0x20,0x20,0x3c,0x67,0x20,0x63,0x6c,0x61,0x73,0x73,0x3d,0x22,0x70,0x69,0x6e,
0x6f,0x75,0x74,0x2d,0x72,0x6f,0x77,0x20,0x70,0x69,0x6e,0x6f,0x75,0x74,0x2d,0x72,0x6f,0x77,0x2d,0x2d,
0x72,0x65,0x73,0x65,0x72,0x76,0x65,0x64,0x22,0x20,0x64,0x61,0x74,0x61,0x2d,0x67,0x70,0x69,0x6f,0x3d,
0x22,0x30,0x22,0x3e,0x3c,0x63,0x69,0x72,0x63,0x6c,0x65,0x20,0x63,0x78,0x3d,0x22,0x33,0x31,0x30,0x22,
0x20,0x63,0x79,0x3d,0x22,0x32,0x34,0x34,0x22,0x20,0x72,0x3d,0x22,0x35,0x22,0x20,0x63,0x6c,0x61,0x73,
0x73,0x3d,0x22,0x70,0x69,0x6e,0x2d,0x63,0x69,0x72,0x63,0x6c,0x65,0x22,0x3e,0x3c,0x2f,0x63,0x69,0x72,
0x63,0x6c,0x65,0x3e,0x3c,0x74,0x65,0x78,0x74,0x20,0x78,0x3d,0x22,0x32,0x38,0x32,0x22,0x20,0x79,0x3d,
0x22,0x32,0x34,0x38,0x22,0x20,0x63,0x6c,0x61,0x73,0x73,0x3d,0x22,0x70,0x69,0x6e,0x2d,0x6e,0x61,0x6d,
0x65,0x22,0x3e,0x44,0x33,0x3c,0x2f,0x74,0x65,0x78,0x74,0x3e,0x3c,0x74,0x65,0x78,0x74,0x20,0x78,0x3d,
0x22,0x33,0x31,0x38,0x22,0x20,0x79,0x3d,0x22,0x32,0x34,0x38,0x22,0x20,0x63,0x6c,0x61,0x73,0x73,0x3d,
0x22,0x70,0x69,0x6e,0x2d,0x67,0x70,0x69,0x6f,0x22,0x3e,0x28,0x47,0x50,0x49,0x4f,0x30,0x29,0x3c,0x2f,
0x74,0x65,0x78,0x74,0x3e,0x3c,0x2f,0x67,0x3e,0x0a,0x20,0x20,0x20,0x20,0x20,0x20,0x20,0x20,0x20,0x20,
0x20,0x20,0x20,0x20,0x20,0x20,0x3c,0x67,0x20,0x63,0x6c,0x61,0x73,0x73,0x3d,0x22,0x70,0x69,0x6e,0x6f,
0x75,0x74,0x2d,0x72,0x6f,0x77,0x22,0x20,0x64,0x61,0x74,0x61,0x2d,0x67,0x70,0x69,0x6f,0x3d,0x22,0x32,
0x22,0x3e,0x3c,0x63,0x69,0x72,0x63,0x6c,0x65,0x20,0x63,0x78,0x3d,0x22,0x33,0x31,0x30,0x22,0x20,0x63,
0x79,0x3d,0x22,0x32,0x38,0x30,0x22,0x20,0x72,0x3d,0x22,0x35,0x22,0x20,0x63,0x6c,0x61,0x73,0x73,0x3d,
0x22,0x70,0x69,0x6e,0x2d,0x63,0x69,0x72,0x63,0x6c,0x65,0x22,0x3e,0x3c,0x2f,0x63,0x69,0x72,0x63,0x6c,
0x65,0x3e,0x3c,0x74,0x65,0x78,0x74,0x20,0x78,0x3d,0x22,0x32,0x38,0x32,0x22,0x20,0x79,0x3d,0x22,0x32,
0x38,0x34,0x22,0x20,0x63,0x6c,0x61,0x73,0x73,0x3d,0x22,0x70,0x69,0x6e,0x2d,0x6e,0x61,0x6d,0x65,0x22,
0x3e,0x44,0x34,0x3c,0x2f,0x74,0x65,0x78,0x74,0x3e,0x3c,0x74,0x65,0x78,0x74,0x20,0x78,0x3d,0x22,0x33,
0x31,0x38,0x22,0x20,0x79,0x3d,0x22,0x32,0x38,0x34,0x22,0x20,0x63,0x6c,0x61,0x73,0x73,0x3d,0x22,0x70,
0x69,0x6e,0x2d,0x67,0x70,0x69,0x6f,0x22,0x3e,0x28,0x47,0x50,0x49,0x4f,0x32,0x29,0x3c,0x2f,0x74,0x65,
0x78,0x74,0x3e,0x3c,0x2f,0x67,0x3e,0x0a,0x20,0x20,0x20,0x20,0x20,0x20,0x20,0x20,0x20,0x20,0x20,0x20,
0x20,0x20,0x20,0x20,0x3c,0x67,0x20,0x63,0x6c,0x61,0x73,0x73,0x3d,0x22,0x70,0x69,0x6e,0x6f,0x75,0x74,
0x2d,0x72,0x6f,0x77,0x22,0x3e,0x3c,0x63,0x69,0x72,0x63,0x6c,0x65,0x20,0x63,0x78,0x3d,0x22,0x33,0x31,
0x30,0x22,0x20,0x63,0x79,0x3d,0x22,0x33,0x31,0x36,0x22,0x20,0x72,0x3d,0x22,0x35,0x22,0x20,0x63,0x6c,
0x61,0x73,0x73,0x3d,0x22,0x70,0x69,0x6e,0x2d,0x63,0x69,0x72,0x63,0x6c,0x65,0x22,0x3e,0x3c,0x2f,0x63,
0x69,0x72,0x63,0x6c,0x65,0x3e,0x3c,0x74,0x65,0x78,0x74,0x20,0x78,0x3d,0x22,0x32,0x39,0x32,0x22,0x20,
0x79,0x3d,0x22,0x33,0x32,0x30,0x22,0x20,0x63,0x6c,0x61,0x73,0x73,0x3d,0x22,0x70,0x69,0x6e,0x2d,0x6e,
0x61,0x6d,0x65,0x22,0x3e,0x47,0x3c,0x2f,0x74,0x65,0x78,0x74,0x3e,0x3c,0x74,0x65,0x78,0x74,0x20,0x78,
0x3d,0x22,0x33,0x31,0x38,0x22,0x20,0x79,0x3d,0x22,0x33,0x32,0x30,0x22,0x20,0x63,0x6c,0x61,0x73,0x73,
0x3d,0x22,0x70,0x69,0x6e,0x2d,0x67,0x70,0x69,0x6f,0x22,0x3e,0x28,0x47,0x4e,0x44,0x29,0x3c,0x2f,0x74,
0x65,0x78,0x74,0x3e,0x3c,0x2f,0x67,0x3e,0x0a,0x20,0x20,0x20,0x20,0x20,0x20,0x20,0x20,0x20,0x20,0x20,
0x20,0x20,0x20,0x20,0x20,0x3c,0x67,0x20,0x63,0x6c,0x61,0x73,0x73,0x3d,0x22,0x70,0x69,0x6e,0x6f,0x75,
0x74,0x2d,0x72,0x6f,0x77,0x22,0x3e,0x3c,0x63,0x69,0x72,0x63,0x6c,0x65,0x20,0x63,0x78,0x3d,0x22,0x33,
0x31,0x30,0x22,0x20,0x63,0x79,0x3d,0x22,0x33,0x35,0x32,0x22,0x20,0x72,0x3d,0x22,0x35,0x22,0x20,0x63,
0x6c,0x61,0x73,0x73,0x3d,0x22,0x70,0x69,0x6e,0x2d,0x63,0x69,0x72,0x63,0x6c,0x65,0x22,0x3e,0x3c,0x2f,
0x63,0x69,0x72,0x63,0x6c,0x65,0x3e,0x3c,0x74,0x65,0x78,0x74,0x20,0x78,0x3d,0x22,0x32,0x38,0x34,0x22,
0x20,0x79,0x3d,0x22,0x33,0x35,0x36,0x22,0x20,0x63,0x6c,0x61,0x73,0x73,0x3d,0x22,0x70,0x69,0x6e,0x2d,
0x6e,0x61,0x6d,0x65,0x22,0x3e,0x35,0x56,0x3c,0x2f,0x74,0x65,0x78,0x74,0x3e,0x3c,0x74,0x65,0x78,0x74,
0x20,0x78,0x3d,0x22,0x33,0x31,0x38,0x22,0x20,0x79,0x3d,0x22,0x33,0x35,0x36,0x22,0x20,0x63,0x6c,0x61,
0x73,0x73,0x3d,0x22,0x70,0x69,0x6e,0x2d,0x67,0x70,0x69,0x6f,0x22,0x3e,0x28,0x35,0x56,0x20,0x49,0x6e,
0x29,0x3c,0x2f,0x74,0x65,0x78,0x74,0x3e,0x3c,0x2f,0x67,0x3e,0x0a,0x0a,0x20,0x20,0x20,0x20,0x20,0x20,
0x20,0x20,0x20,0x20,0x20,0x20,0x20,0x20,0x20,0x20,0x3c,0x74,0x65,0x78,0x74,0x20,0x78,0x3d,0x22,0x32,
0x30,0x30,0x22,0x20,0x79,0x3d,0x22,0x34,0x34,0x30,0x22,0x20,0x74,0x65,0x78,0x74,0x2d,0x61,0x6e,0x63,
0x68,0x6f,0x72,0x3d,0x22,0x6d,0x69,0x64,0x64,0x6c,0x65,0x22,0x20,0x63,0x6c,0x61,0x73,0x73,0x3d,0x22,
0x70,0x69,0x6e,0x6f,0x75,0x74,0x2d,0x72,0x65,0x73,0x65,0x72,0x76,0x65,0x64,0x2d,0x6e,0x6f,0x74,0x65,
0x22,0x20,0x64,0x61,0x74,0x61,0x2d,0x69,0x31,0x38,0x6e,0x3d,0x22,0x70,0x69,0x6e,0x6f,0x75,0x74,0x52,
0x65,0x73,0x65,0x72,0x76,0x65,0x64,0x4e,0x6f,0x74,0x65,0x22,0x3e,0x44,0x33,0x20,0x2f,0x20,0x47,0x50,
0x49,0x4f,0x30,0x20,0x69,0x73,0x20,0x75,0x73,0x65,0x64,0x20,0x66,0x6f,0x72,0x20,0x66,0x6c,0x61,0x73,
0x68,0x69,0x6e,0x67,0x20,0x26,0x6e,0x64,0x61,0x73,0x68,0x3b,0x20,0x61,0x76,0x6f,0x69,0x64,0x20,0x61,
0x73,0x73,0x69,0x67,0x6e,0x69,0x6e,0x67,0x20,0x69,0x74,0x3c,0x2f,0x74,0x65,0x78,0x74,0x3e,0x0a,0x20,
0x20,0x20,0x20,0x20,0x20,0x20,0x20,0x20,0x20,0x20,0x20,0x3c,0x2f,0x73,0x76,0x67,0x3e,0x0a,0x20,0x20,
0x20,0x20,0x20,0x20,0x20,0x20,0x20,0x20,0x20,0x20,0x3c,0x66,0x69,0x67,0x63,0x61,0x70,0x74,0x69,0x6f,
0x6e,0x20,0x64,0x61,0x74,0x61,0x2d,0x69,0x31,0x38,0x6e,0x3d,0x22,0x70,0x69,0x6e,0x6f,0x75,0x74,0x43,
0x61,0x70,0x74,0x69,0x6f,0x6e,0x22,0x3e,0x44,0x2d,0x70,0x69,0x6e,0x20,0x73,0x69,0x6c,0x6b,0x73,0x63,
0x72,0x65,0x65,0x6e,0x20,0x6c,0x61,0x62,0x65,0x6c,0x20,0x26,0x72,0x61,0x72,0x72,0x3b,0x20,0x47,0x50,
0x49,0x4f,0x20,0x6e,0x75,0x6d,0x62,0x65,0x72,0x2e,0x20,0x55,0x73,0x65,0x20,0x74,0x68,0x65,0x20,0x47,
0x50,0x49,0x4f,0x20,0x6e,0x75,0x6d,0x62,0x65,0x72,0x20,0x69,0x6e,0x20,0x74,0x68,0x65,0x20,0x66,0x69,
0x65,0x6c,0x64,0x73,0x20,0x62,0x65,0x6c,0x6f,0x77,0x2e,0x3c,0x2f,0x66,0x69,0x67,0x63,0x61,0x70,0x74,
0x69,0x6f,0x6e,0x3e,0x0a,0x20,0x20,0x20,0x20,0x20,0x20,0x20,0x20,0x3c,0x2f,0x66,0x69,0x67,0x75,0x72,
0x65,0x3e,0x0a,0x0a,0x20,0x20,0x20,0x20,0x20,0x20,0x20,0x20,0x3c,0x6c,0x61,0x62,0x65,0x6c,0x20,0x66,
0x6f,0x72,0x3d,0x22,0x6d,0x6f,0x74,0x6f,0x72,0x45,0x6e,0x22,0x20,0x64,0x61,0x74,0x61,0x2d,0x69,0x31,
0x38,0x6e,0x3d,0x22,0x6d,0x6f,0x74,0x6f,0x72,0x45,0x6e,0x4c,0x61,0x62,0x65,0x6c,0x22,0x3e,0x4d,0x6f,
0x74,0x6f,0x72,0x20,0x45,0x6e,0x61,0x62,0x6c,0x65,0x20,0x50,0x69,0x6e,0x3c,0x2f,0x6c,0x61,0x62,0x65,
0x6c,0x3e,0x0a,0x20,0x20,0x20,0x20,0x20,0x20,0x20,0x20,0x3c,0x69,0x6e,0x70,0x75,0x74,0x20,0x74,0x79,
0x70,0x65,0x3d,0x22,0x6e,0x75,0x6d,0x62,0x65,0x72,0x22,0x20,0x69,0x64,0x3d,0x22,0x6d,0x6f,0x74,0x6f,
0x72,0x45,0x6e,0x22,0x20,0x6e,0x61,0x6d,0x65,0x3d,0x22,0x6d,0x6f,0x74,0x6f,0x72,0x45,0x6e,0x22,0x3e,
0x0a,0x0a,0x20,0x20,0x20,0x20,0x20,0x20,0x20,0x20,0x3c,0x6c,0x61,0x62,0x65,0x6c,0x20,0x66,0x6f,0x72,
0x3d,0x22,0x6d,0x6f,0x74,0x6f,0x72,0x49,0x6e,0x31,0x22,0x20,0x64,0x61,0x74,0x61,0x2d,0x69,0x31,0x38,
0x6e,0x3d,0x22,0x6d,0x6f,0x74,0x6f,0x72,0x49,0x6e,0x31,0x4c,0x61,0x62,0x65,0x6c,0x22,0x3e,0x4d,0x6f,
0x74,0x6f,0x72,0x20,0x49,0x6e,0x31,0x20,0x50,0x69,0x6e,0x3c,0x2f,0x6c,0x61,0x62,0x65,0x6c,0x3e,0x0a,
0x20,0x20,0x20,0x20,0x20,0x20,0x20,0x20,0x3c,0x69,0x6e,0x70,0x75,0x74,0x20,0x74,0x79,0x70,0x65,0x3d,
0x22,0x6e,0x75,0x6d,0x62,0x65,0x72,0x22,0x20,0x69,0x64,0x3d,0x22,0x6d,0x6f,0x74,0x6f,0x72,0x49,0x6e,
0x31,0x22,0x20,0x6e,0x61,0x6d,0x65,0x3d,0x22,0x6d,0x6f,0x74,0x6f,0x72,0x49,0x6e,0x31,0x22,0x3e,0x0a,
0x0a,0x20,0x20,0x20,0x20,0x20,0x20,0x20,0x20,0x3c,0x6c,0x61,0x62,0x65,0x6c,0x20,0x66,0x6f,0x72,0x3d,
0x22,0x6d,0x6f,0x74,0x6f,0x72,0x49,0x6e,0x32,0x22,0x20,0x64,0x61,0x74,0x61,0x2d,0x69,0x31,0x38,0x6e,
0x3d,0x22,0x6d,0x6f,0x74,0x6f,0x72,0x49,0x6e,0x32,0x4c,0x61,0x62,0x65,0x6c,0x22,0x3e,0x4d,0x6f,0x74,
0x6f,0x72,0x20,0x49,0x6e,0x32,0x20,0x50,0x69,0x6e,0x3c,0x2f,0x6c,0x61,0x62,0x65,0x6c,0x3e,0x0a,0x20,
0x20,0x20,0x20,0x20,0x20,0x20,0x20,0x3c,0x69,0x6e,0x70,0x75,0x74,0x20,0x74,0x79,0x70,0x65,0x3d,0x22,
0x6e,0x75,0x6d,0x62,0x65,0x72,0x22,0x20,0x69,0x64,0x3d,0x22,0x6d,0x6f,0x74,0x6f,0x72,0x49,0x6e,0x32,
0x22,0x20,0x6e,0x61,0x6d,0x65,0x3d,0x22,0x6d,0x6f,0x74,0x6f,0x72,0x49,0x6e,0x32,0x22,0x3e,0x0a,0x0a,
0x20,0x20,0x20,0x20,0x20,0x20,0x20,0x20,0x3c,0x6c,0x61,0x62,0x65,0x6c,0x20,0x66,0x6f,0x72,0x3d,0x22,
0x6d,0x6f,0x74,0x6f,0x72,0x49,0x6e,0x33,0x22,0x20,0x64,0x61,0x74,0x61,0x2d,0x69,0x31,0x38,0x6e,0x3d,
0x22,0x6d,0x6f,0x74,0x6f,0x72,0x49,0x6e,0x33,0x4c,0x61,0x62,0x65,0x6c,0x22,0x3e,0x4d,0x6f,0x74,0x6f,
0x72,0x20,0x49,0x6e,0x33,0x20,0x50,0x69,0x6e,0x3c,0x2f,0x6c,0x61,0x62,0x65,0x6c,0x3e,0x0a,0x20,0x20,
0x20,0x20,0x20,0x20,0x20,0x20,0x3c,0x69,0x6e,0x70,0x75,0x74,0x20,0x74,0x79,0x70,0x65,0x3d,0x22,0x6e,
0x75,0x6d,0x62,0x65,0x72,0x22,0x20,0x69,0x64,0x3d,0x22,0x6d,0x6f,0x74,0x6f,0x72,0x49,0x6e,0x33,0x22,
0x20,0x6e,0x61,0x6d,0x65,0x3d,0x22,0x6d,0x6f,0x74,0x6f,0x72,0x49,0x6e,0x33,0x22,0x3e,0x0a,0x0a,0x20,
0x20,0x20,0x20,0x20,0x20,0x20,0x20,0x3c,0x6c,0x61,0x62,0x65,0x6c,0x20,0x66,0x6f,0x72,0x3d,0x22,0x6d,
0x6f,0x74,0x6f,0x72,0x49,0x6e,0x34,0x22,0x20,0x64,0x61,0x74,0x61,0x2d,0x69,0x31,0x38,0x6e,0x3d,0x22,
0x6d,0x6f,0x74,0x6f,0x72,0x49,0x6e,0x34,0x4c,0x61,0x62,0x65,0x6c,0x22,0x3e,0x4d,0x6f,0x74,0x6f,0x72,
0x20,0x49,0x6e,0x34,0x20,0x50,0x69,0x6e,0x3c,0x2f,0x6c,0x61,0x62,0x65,0x6c,0x3e,0x0a,0x20,0x20,0x20,
0x20,0x20,0x20,0x20,0x20,0x3c,0x69,0x6e,0x70,0x75,0x74,0x20,0x74,0x79,0x70,0x65,0x3d,0x22,0x6e,0x75,
0x6d,0x62,0x65,0x72,0x22,0x20,0x69,0x64,0x3d,0x22,0x6d,0x6f,0x74,0x6f,0x72,0x49,0x6e,0x34,0x22,0x20,
0x6e,0x61,0x6d,0x65,0x3d,0x22,0x6d,0x6f,0x74,0x6f,0x72,0x49,0x6e,0x34,0x22,0x3e,0x0a,0x0a,0x20,0x20,
0x20,0x20,0x20,0x20,0x20,0x20,0x3c,0x6c,0x61,0x62,0x65,0x6c,0x20,0x66,0x6f,0x72,0x3d,0x22,0x6c,0x65,
0x64,0x50,0x69,0x6e,0x22,0x20,0x64,0x61,0x74,0x61,0x2d,0x69,0x31,0x38,0x6e,0x3d,0x22,0x6c,0x65,0x64,
0x50,0x69,0x6e,0x4c,0x61,0x62,0x65,0x6c,0x22,0x3e,0x4c,0x45,0x44,0x20,0x50,0x69,0x6e,0x3c,0x2f,0x6c,
0x61,0x62,0x65,0x6c,0x3e,0x0a,0x20,0x20,0x20,0x20,0x20,0x20,0x20,0x20,0x3c,0x69,0x6e,0x70,0x75,0x74,
0x20,0x74,0x79,0x70,0x65,0x3d,0x22,0x6e,0x75,0x6d,0x62,0x65,0x72,0x22,0x20,0x69,0x64,0x3d,0x22,0x6c,
0x65,0x64,0x50,0x69,0x6e,0x22,0x20,0x6e,0x61,0x6d,0x65,0x3d,0x22,0x6c,0x65,0x64,0x50,0x69,0x6e,0x22,
0x3e,0x0a,0x0a,0x20,0x20,0x20,0x20,0x20,0x20,0x20,0x20,0x3c,0x6c,0x61,0x62,0x65,0x6c,0x20,0x66,0x6f,
0x72,0x3d,0x22,0x6c,0x65,0x64,0x43,0x6f,0x75,0x6e,0x74,0x22,0x20,0x64,0x61,0x74,0x61,0x2d,0x69,0x31,
0x38,0x6e,0x3d,0x22,0x6c,0x65,0x64,0x43,0x6f,0x75,0x6e,0x74,0x4c,0x61,0x62,0x65,0x6c,0x22,0x3e,0x4c,
0x45,0x44,0x20,0x43,0x6f,0x75,0x6e,0x74,0x3c,0x2f,0x6c,0x61,0x62,0x65,0x6c,0x3e,0x0a,0x20,0x20,0x20,
0x20,0x20,0x20,0x20,0x20,0x3c,0x69,0x6e,0x70,0x75,0x74,0x20,0x74,0x79,0x70,0x65,0x3d,0x22,0x6e,0x75,
0x6d,0x62,0x65,0x72,0x22,0x20,0x69,0x64,0x3d,0x22,0x6c,0x65,0x64,0x43,0x6f,0x75,0x6e,0x74,0x22,0x20,
0x6e,0x61,0x6d,0x65,0x3d,0x22,0x6c,0x65,0x64,0x43,0x6f,0x75,0x6e,0x74,0x22,0x3e,0x0a,0x0a,0x20,0x20,
0x20,0x20,0x20,0x20,0x20,0x20,0x3c,0x62,0x75,0x74,0x74,0x6f,0x6e,0x20,0x74,0x79,0x70,0x65,0x3d,0x22,
0x62,0x75,0x74,0x74,0x6f,0x6e,0x22,0x20,0x69,0x64,0x3d,0x22,0x72,0x65,0x73,0x65,0x74,0x2d,0x70,0x69,
0x6e,0x73,0x2d,0x62,0x75,0x74,0x74,0x6f,0x6e,0x22,0x20,0x63,0x6c,0x61,0x73,0x73,0x3d,0x22,0x73,0x65,
0x63,0x6f,0x6e,0x64,0x61,0x72,0x79,0x2d,0x62,0x75,0x74,0x74,0x6f,0x6e,0x22,0x20,0x64,0x61,0x74,0x61,
0x2d,0x69,0x31,0x38,0x6e,0x3d,0x22,0x72,0x65,0x73,0x65,0x74,0x50,0x69,0x6e,0x73,0x42,0x75,0x74,0x74,
0x6f,0x6e,0x22,0x3e,0x52,0x65,0x73,0x65,0x74,0x20,0x50,0x69,0x6e,0x73,0x20,0x74,0x6f,0x20,0x44,0x65,
0x66,0x61,0x75,0x6c,0x74,0x73,0x3c,0x2f,0x62,0x75,0x74,0x74,0x6f,0x6e,0x3e,0x0a,0x20,0x20,0x20,0x20,
0x3c,0x2f,0x66,0x6f,0x72,0x6d,0x3e,0x0a,0x0a,0x20,0x20,0x20,0x20,0x3c,0x64,0x69,0x76,0x20,0x63,0x6c,
0x61,0x73,0x73,0x3d,0x22,0x73,0x61,0x76,0x65,0x2d,0x62,0x61,0x72,0x22,0x3e,0x0a,0x20,0x20,0x20,0x20,
0x20,0x20,0x20,0x20,0x3c,0x70,0x20,0x69,0x64,0x3d,0x22,0x73,0x74,0x61,0x74,0x75,0x73,0x2d,0x6d,0x65,
0x73,0x73,0x61,0x67,0x65,0x22,0x3e,0x3c,0x2f,0x70,0x3e,0x0a,0x20,0x20,0x20,0x20,0x20,0x20,0x20,0x20,
0x3c,0x62,0x75,0x74,0x74,0x6f,0x6e,0x20,0x74,0x79,0x70,0x65,0x3d,0x22,0x73,0x75,0x62,0x6d,0x69,0x74,
0x22,0x20,0x66,0x6f,0x72,0x6d,0x3d,0x22,0x73,0x65,0x74,0x74,0x69,0x6e,0x67,0x73,0x2d,0x66,0x6f,0x72,
0x6d,0x22,0x20,0x69,0x64,0x3d,0x22,0x73,0x61,0x76,0x65,0x2d,0x73,0x65,0x74,0x74,0x69,0x6e,0x67,0x73,
0x22,0x20,0x64,0x61,0x74,0x61,0x2d,0x69,0x31,0x38,0x6e,0x3d,0x22,0x73,0x61,0x76,0x65,0x42,0x75,0x74,
0x74,0x6f,0x6e,0x22,0x3e,0x53,0x61,0x76,0x65,0x3c,0x2f,0x62,0x75,0x74,0x74,0x6f,0x6e,0x3e,0x0a,0x20,
0x20,0x20,0x20,0x3c,0x2f,0x64,0x69,0x76,0x3e,0x0a,0x0a,0x3c,0x2f,0x62,0x6f,0x64,0x79,0x3e,0x0a,0x0a,
0x3c,0x2f,0x68,0x74,0x6d,0x6c,0x3e,0x0a };
//File: favicon-BrpTr-E7.ico
const uint16_t favicon_BrpTr_E7_ico_length = 4286;
const char favicon_BrpTr_E7_ico[] PROGMEM = { 
0x00,0x00,0x01,0x00,0x01,0x00,0x20,0x20,0x00,0x00,0x01,0x00,0x20,0x00,0x00,0x10,0x00,0x00,0x16,0x00,
0x00,0x00,0x28,0x00,0x00,0x00,0x20,0x00,0x00,0x00,0x40,0x00,0x00,0x00,0x01,0x00,0x20,0x00,0x00,0x00,
0x00,0x00,0x00,0x00,0x00,0x00,0x00,0x00,0x00,0x00,0x00,0x00,0x00,0x00,0x00,0x00,0x00,0x00,0x00,0x00,
0x00,0x00,0x00,0x00,0x00,0x00,0x00,0x00,0x00,0x00,0x26,0x00,0x00,0x5f,0x18,0x00,0x00,0x00,0x00,0x00,
0x00,0x00,0x00,0x00,0x00,0x00,0x00,0x00,0x00,0x00,0x00,0x00,0x00,0x00,0x00,0x00,0x00,0x00,0x00,0x00,
0x00,0x00,0x00,0x00,0x00,0x00,0x00,0x00,0x00,0x00,0x00,0x00,0x00,0x00,0x00,0x00,0x00,0x00,0x00,0x00,
0x00,0x00,0x00,0x00,0x00,0x00,0x00,0x00,0x00,0x00,0x00,0x00,0x00,0x00,0x00,0x00,0x00,0x00,0x00,0x00,
0x00,0x00,0x00,0x00,0x00,0x00,0x00,0x00,0x00,0x00,0x00,0x00,0x00,0x00,0x00,0x00,0x00,0x00,0x00,0x00,
0x00,0x00,0x00,0x00,0x00,0x00,0x00,0x00,0x00,0x00,0x00,0x00,0x00,0x00,0x10,0x00,0x00,0x00,0x1e,0x00,
0x00,0x78,0x00,0x00,0x00,0x04,0x00,0x00,0x00,0x00,0x00,0x00,0x00,0x00,0x19,0x00,0x00,0x00,0x00,0x00,
0x00,0x00,0x00,0x00,0x00,0x00,0x00,0x00,0x00,0x00,0x00,0x00,0x00,0x00,0x00,0x00,0x00,0x00,0x00,0x00,
0x00,0x00,0x00,0x00,0x00,0x00,0x00,0x00,0x00,0x00,0x00,0x00,0x00,0x00,0x00,0x00,0x00,0x00,0x00,0x00,
0x00,0x00,0x00,0x00,0x00,0x00,0x00,0x00,0x00,0x00,0x00,0x00,0x00,0x00,0x00,0x00,0x00,0x00,0x25,0x00,
0x00,0x00,0x00,0x00,0x00,0x00,0x00,0x00,0x00,0x00,0x00,0x00,0x00,0x00,0x00,0x00,0x00,0x00,0x00,0x00,
0x00,0x00,0x00,0x00,0x00,0x00,0x00,0x00,0x00,0x00,0x00,0x00,0x00,0x00,0x00,0x00,0x00,0x00,0x00,0x00,
0x00,0x00,0x00,0x00,0x00,0x00,0x00,0x00,0x00,0x00,0x1e,0x00,0x00,0x00,0x55,0x00,0x00,0x01,0x2e,0x00,
0x00,0x4d,0x00,0x00,0x00,0x00,0x00,0x00,0x00,0x00,0x00,0x00,0x00,0x00,0x00,0x00,0x00,0x00,0x00,0x00,
0x00,0x00,0x00,0x00,0x00,0x00,0x00,0x00,0x00,0x00,0x00,0x00,0x00,0x00,0x00,0x00,0x00,0x00,0x00,0x00,
0x00,0x00,0x00,0x00,0x00,0x00,0x00,0x00,0x00,0x00,0x00,0x00,0x00,0x00,0x00,0x00,0x00,0x00,0x00,0x00,
0x00,0x00,0x00,0x00,0x00,0x00,0x72,0x00,0x00,0x00,0x00,0x00,0x00,0x00,0x00,0x00,0x00,0x00,0x00,0x00,
0x00,0x00,0x00,0x00,0x00,0x00,0x00,0x00,0x00,0x00,0x00,0x00,0x00,0x00,0x00,0x00,0x00,0x00,0x00,0x00,
0x00,0x00,0x00,0x00,0x00,0x00,0x00,0x00,0x00,0x00,0x00,0x00,0x00,0x00,0x00,0x00,0x00,0x00,0x00,0x00,
0x00,0x00,0x14,0x00,0x00,0x71,0x06,0x00,0x00,0x00,0x00,0x00,0x00,0x00,0x00,0x00,0x00,0x00,0x00,0x00,
0x00,0x00,0x00,0x00,0x00,0x00,0x00,0x00,0x00,0x00,0x00,0x00,0x00,0x00,0x00,0x00,0x00,0x00,0x00,0x00,
0x00,0x00,0x00,0x00,0x00,0x00,0x00,0x00,0x00,0x00,0x00,0x00,0x00,0x00,0x00,0x00,0x00,0x00,0x00,0x00,
0x00,0x00,0x00,0x00,0x00,0x00,0x00,0x00,0x00,0x00,0x00,0x00,0x00,0x00,0x5b,0x00,0x00,0x00,0x00,0x00,
0x00,0x00,0x00,0x00,0x00,0x00,0x00,0x00,0x00,0x00,0x00,0x00,0x00,0x00,0x00,0x00,0x00,0x00,0x00,0x00,
0x00,0x00,0x00,0x00,0x00,0x00,0x00,0x00,0x00,0x00,0x00,0x00,0x00,0x00,0x00,0x00,0x00,0x00,0x00,0x00,
0x00,0x00,0x00,0x00,0x00,0x00,0x00,0x00,0x00,0x00,0x05,0x00,0x00,0x00,0x0b,0x00,0x00,0x00,0x00,0x00,
0x00,0x00,0x00,0x00,0x00,0x00,0x00,0x00,0x00,0x00,0x00,0x00,0x00,0x00,0x00,0x00,0x00,0x00,0x00,0x00,
0x00,0x00,0x00,0x00,0x00,0x00,0x00,0x00,0x00,0x00,0x00,0x00,0x00,0x00,0x00,0x00,0x00,0x00,0x00,0x00,
0x00,0x00,0x00,0x00,0x00,0x00,0x00,0x00,0x00,0x00,0x00,0x00,0x00,0x00,0x00,0x00,0x00,0x00,0x00,0x00,
0x00,0x00,0x09,0x00,0x00,0x00,0x00,0x00,0x00,0x00,0x00,0x00,0x00,0x00,0x00,0x00,0x00,0x00,0x00,0x00,
0x00,0x00,0x00,0x00,0x00,0x00,0x00,0x00,0x00,0x00,0x00,0x00,0x00,0x00,0x00,0x00,0x00,0x00,0x00,0x00,
0x00,0x00,0x00,0x00,0x00,0x00,0x00,0x00,0x00,0x00,0x00,0x00,0x00,0x00,0x00,0x00,0x00,0x00,0x00,0x00,
0x00,0x00,0x00,0x00,0x00,0x00,0x00,0x00,0x00,0x00,0x00,0x00,0x00,0x00,0x00,0x00,0x00,0x00,0x00,0x00,
0x00,0x00,0x00,0x00,0x00,0x00,0x00,0x00,0x00,0x00,0x00,0x00,0x00,0x00,0x00,0x00,0x00,0x00,0x00,0x00,
0x00,0x00,0x00,0x00,0x00,0x00,0x00,0x00,0x00,0x00,0x00,0x00,0x00,0x00,0x00,0x00,0x00,0x00,0x00,0x00,
0x00,0x00,0x00,0x00,0x00,0x00,0x00,0x00,0x00,0x00,0x00,0x00,0x00,0x00,0x00,0x00,0x00,0x00,0x00,0x00,
0x00,0x00,0x00,0x00,0x00,0x00,0x00,0x00,0x00,0x00,0x00,0x00,0x00,0x00,0x00,0x00,0x00,0x00,0x68,0x00,
0x00,0x00,0x00,0x00,0x00,0x00,0x00,0x00,0x00,0x00,0x00,0x00,0x00,0x00,0x00,0x00,0x00,0x00,0x00,0x00,
0x00,0x00,0x00,0x00,0x00,0x00,0x00,0x00,0x00,0x00,0x00,0x00,0x00,0x00,0x00,0x00,0x00,0x00,0x00,0x00,
0x00,0x00,0x00,0x00,0x00,0x00,0x00,0x00,0x00,0x00,0x00,0x00,0x00,0x00,0x00,0x00,0x00,0x00,0x00,0x00,
0x00,0x00,0x79,0x00,0x00,0x00,0x00,0x00,0x00,0x00,0x00,0x00,0x00,0x00,0x00,0x00,0x00,0x00,0x6c,0x00,
0x00,0x00,0x00,0x00,0x00,0x00,0x00,0x00,0x00,0x00,0x00,0x00,0x00,0x00,0x00,0x00,0x00,0x00,0x00,0x00,
0x00,0x00,0x00,0x00,0x00,0x00,0x72,0x00,0x00,0x00,0x00,0x00,0x00,0x00,0x00,0x00,0x00,0x00,0x00,0x00,
0x00,0x00,0x52,0x00,0x00,0x00,0x00,0x00,0x00,0x00,0x00,0x00,0x00,0x00,0x00,0x00,0x00,0x00,0x00,0x00,
0x00,0x00,0x00,0x00,0x00,0x00,0x00,0x00,0x00,0x00,0x00,0x00,0x00,0x00,0x00,0x00,0x00,0x00,0x00,0x00,
0x00,0x00,0x00,0x00,0x00,0x00,0x00,0x00,0x00,0x00,0x00,0x00,0x00,0x00,0x00,0x00,0x00,0x00,0x3a,0x00,
0x00,0x00,0x00,0x00,0x00,0x00,0x00,0x00,0x00,0x00,0x00,0x00,0x00,0x00,0x00,0x00,0x00,0x00,0x60,0x00,
0x00,0x00,0x00,0x00,0x00,0x00,0x00,0x00,0x00,0x00,0x00,0x00,0x00,0x00,0x00,0x00,0x00,0x00,0x00,0x00,
0x00,0x00,0x00,0x00,0x00,0x00,0x00,0x00,0x00,0x00,0x00,0x00,0x00,0x00,0x00,0x00,0x00,0x00,0x00,0x00,
0x00,0x00,0x72,0x00,0x00,0x00,0x00,0x00,0x00,0x00,0x00,0x00,0x00,0x00,0x00,0x00,0x00,0x00,0x00,0x00,
0x00,0x00,0x61,0x00,0x00,0x00,0x00,0x00,0x00,0x00,0x00,0x00,0x00,0x00,0x00,0x00,0x00,0x00,0x00,0x00,
0x00,0x00,0x00,0x00,0x00,0x00,0x00,0x00,0x00,0x00,0x00,0x00,0x00,0x00,0x00,0x00,0x00,0x00,0x00,0x00,
0x00,0x00,0x00,0x00,0x00,0x00,0x00,0x00,0x00,0x00,0x21,0x00,0x00,0x00,0x00,0x00,0x00,0x00,0x00,0x00,
0x00,0x00,0x00,0x00,0x00,0x00,0x00,0x00,0x00,0x00,0x00,0x00,0x00,0x00,0x00,0x00,0x00,0x00,0x00,0x00,
0x00,0x00,0x00,0x00,0x00,0x00,0x00,0x00,0x00,0x00,0x00,0x00,0x00,0x00,0x00,0x00,0x00,0x00,0x00,0x00,
0x00,0x00,0x00,0x00,0x00,0x00,0x00,0x00,0x00,0x00,0x00,0x00,0x00,0x00,0x00,0x00,0x00,0x00,0x00,0x00,
0x00,0x00,0x00,0x00,0x00,0x00,0x3c,0x00,0x00,0x00,0x00,0x00,0x00,0x00,0x00,0x00,0x00,0x00,0x00,0x00,
0x00,0x00,0x00,0x00,0x00,0x00,0x00,0x00,0x00,0x00,0x00,0x00,0x00,0x00,0x00,0x00,0x00,0x00,0x00,0x00,
0x00,0x00,0x00,0x00,0x00,0x00,0x00,0x00,0x00,0x00,0x00,0x00,0x00,0x00,0x00,0x00,0x00,0x00,0x00,0x00,
0x00,0x00,0x00,0x00,0x00,0x00,0x00,0x00,0x00,0x00,0x00,0x00,0x00,0x00,0x00,0x00,0x00,0x00,0x00,0x00,
0x00,0x00,0x62,0x00,0x00,0x00,0x00,0x00,0x00,0x00,0x00,0x00,0x00,0x00,0x00,0x00,0x00,0x00,0x00,0x00,
0x00,0x00,0x01,0x00,0x00,0x00,0x00,0x00,0x00,0x00,0x3a,0x00,0x00,0x00,0x00,0x00,0x00,0x00,0x00,0x00,
0x00,0x00,0x00,0x00,0x00,0x00,0x00,0x00,0x00,0x00,0x00,0x00,0x00,0x00,0x00,0x00,0x00,0x00,0x00,0x00,
0x00,0x00,0x00,0x00,0x00,0x00,0x00,0x00,0x00,0x00,0x00,0x00,0x00,0x00,0x00,0x00,0x00,0x00,0x00,0x00,
0x00,0x00,0x00,0x00,0x00,0x00,0x00,0x00,0x00,0x00,0x00,0x00,0x00,0x00,0x00,0x00,0x00,0x00,0x00,0x00,
0x00,0x00,0x00,0x00,0x00,0x00,0x00,0x00,0x00,0x00,0x3e,0x00,0x00,0x00,0x00,0x00,0x00,0x00,0x00,0x00,
0x00,0x00,0x00,0x00,0x00,0x00,0x00,0x00,0x00,0x00,0x46,0x00,0x00,0x00,0x00,0x00,0x00,0x00,0x00,0x00,
0x00,0x00,0x00,0x00,0x00,0x00,0x00,0x00,0x00,0x00,0x0b,0x00,0x00,0x00,0x00,0x00,0x00,0x00,0x3f,0x00,
0x00,0x00,0x00,0x00,0x00,0x00,0x00,0x00,0x00,0x00,0x00,0x00,0x00,0x00,0x00,0x00,0x00,0x00,0x71,0x00,
0x00,0x00,0x00,0x00,0x00,0x00,0x00,0x00,0x00,0x00,0x00,0x00,0x00,0x00,0x00,0x00,0x00,0x00,0x00,0x00,
0x00,0x00,0x00,0x00,0x00,0x00,0x00,0x00,0x00,0x00,0x00,0x00,0x00,0x00,0x00,0x00,0x00,0x00,0x00,0x00,
0x00,0x00,0x00,0x00,0x00,0x00,0x00,0x00,0x00,0x00,0x00,0x00,0x00,0x00,0x00,0x00,0x00,0x00,0x00,0x00,
0x00,0x00,0x00,0x00,0x00,0x00,0x00,0x00,0x00,0x00,0x64,0x00,0x00,0x00,0x00,0x00,0x00,0x00,0x00,0x00,
0x00,0x00,0x06,0x00,0x00,0x00,0x00,0x00,0x00,0x00,0x00,0x00,0x00,0x00,0x00,0x00,0x00,0x00,0x00,0x00,
0x00,0x00,0x00,0x00,0x00,0x00,0x00,0x00,0x00,0x00,0x00,0x00,0x00,0x00,0x00,0x00,0x00,0x00,0x00,0x00,
0x00,0x00,0x00,0x00,0x00,0x00,0x00,0x00,0x00,0x00,0x00,0x00,0x00,0x00,0x00,0x00,0x00,0x00,0x00,0x00,
0x00,0x00,0x00,0x00,0x00,0x00,0x00,0x00,0x00,0x00,0x00,0x00,0x00,0x00,0x00,0x00,0x00,0x00,0x00,0x00,
0x00,0x00,0x00,0x00,0x00,0x00,0x00,0x00,0x00,0x00,0x00,0x00,0x00,0x00,0x00,0x00,0x00,0x00,0x00,0x00,
0x00,0x00,0x2c,0x00,0x00,0x00,0x00,0x00,0x00,0x00,0x00,0x00,0x00,0x00,0x6e,0x00,0x00,0x00,0x00,0x00,
0x00,0x00,0x00,0x00,0x00,0x00,0x00,0x00,0x00,0x00,0x00,0x00,0x00,0x00,0x00,0x00,0x00,0x00,0x00,0x00,
0x00,0x00,0x00,0x00,0x00,0x00,0x00,0x00,0x00,0x00,0x00,0x00,0x00,0x00,0x00,0x00,0x00,0x00,0x00,0x00,
0x00,0x00,0x05,0x00,0x00,0x00,0x3e,0x00,0x00,0x00,0x00,0x00,0x00,0x00,0x00,0x00,0x00,0x00,0x6e,0x00,
0x00,0x00,0x00,0x00,0x00,0x00,0x00,0x00,0x00,0x00,0x00,0x00,0x00,0x00,0x00,0x00,0x00,0x00,0x00,0x00,
0x00,0x00,0x00,0x00,0x00,0x00,0x00,0x00,0x00,0x00,0x00,0x00,0x00,0x00,0x00,0x00,0x00,0x00,0x00,0x00,
0x00,0x00,0x00,0x00,0x00,0x00,0x00,0x00,0x00,0x00,0x00,0x00,0x00,0x00,0x00,0x00,0x00,0x00,0x00,0x00,
0x00,0x00,0x00,0x00,0x00,0x00,0x00,0x00,0x00,0x00,0x00,0x00,0x00,0x00,0x6f,0x00,0x00,0x00,0x00,0x00,
0x00,0x00,0x00,0x00,0x00,0x00,0x00,0x00,0x00,0x00,0x00,0x00,0x00,0x00,0x00,0x00,0x00,0x00,0x00,0x00,
0x00,0x00,0x00,0x00,0x00,0x00,0x00,0x00,0x00,0x00,0x00,0x00,0x00,0x00,0x00,0x00,0x00,0x00,0x00,0x00,
0x00,0x00,0x00,0x00,0x00,0x00,0x00,0x00,0x00,0x00,0x00,0x00,0x00,0x00,0x00,0x00,0x00,0x00,0x00,0x00,
0x00,0x00,0x00,0x00,0x00,0x00,0x00,0x00,0x00,0x00,0x00,0x00,0x00,0x00,0x00,0x00,0x00,0x00,0x0a,0x00,
0x00,0x00,0x7b,0x00,0x00,0x00,0x75,0x00,0x00,0x00,0x3a,0x00,0x00,0x00,0x00,0x00,0x00,0x00,0x00,0x00,
0x00,0x00,0x00,0x00,0x00,0x00,0x00,0x00,0x00,0x00,0x00,0x00,0x00,0x00,0x4f,0x00,0x00,0x00,0x00,0x00,
0x00,0x00,0x00,0x00,0x00,0x00,0x00,0x00,0x00,0x00,0x00,0x00,0x00,0x00,0x00,0x00,0x00,0x00,0x00,0x00,
0x00,0x00,0x00,0x00,0x00,0x00,0x00,0x00,0x00,0x00,0x00,0x00,0x00,0x00,0x00,0x00,0x00,0x00,0x23,0x00,
0x00,0x00,0x00,0x00,0x00,0x00,0x00,0x00,0x00,0x00,0x00,0x00,0x00,0x00,0x00,0x00,0x00,0x00,0x00,0x00,
0x00,0x00,0x33,0x00,0x00,0x00,0x7a,0x00,0x00,0x00,0x7c,0x00,0x00,0x00,0x38,0x00,0x00,0x00,0x00,0x00,
0x00,0x00,0x00,0x00,0x00,0x00,0x00,0x00,0x00,0x00,0x00,0x00,0x00,0x00,0x00,0x00,0x00,0x00,0x00,0x00,
0x00,0x00,0x00,0x00,0x00,0x00,0x00,0x00,0x00,0x00,0x00,0x00,0x00,0x00,0x00,0x00,0x00,0x00,0x00,0x00,
0x00,0x00,0x00,0x00,0x00,0x00,0x00,0x00,0x00,0x00,0x00,0x00,0x00,0x00,0x00,0x00,0x00,0x00,0x00,0x00,
0x00,0x00,0x00,0x00,0x00,0x00,0x00,0x00,0x00,0x00,0x00,0x00,0x00,0x00,0x00,0x00,0x00,0x00,0x00,0x00,
0x00,0x00,0x00,0x00,0x00,0x00,0x00,0x00,0x00,0x00,0x00,0x00,0x00,0x00,0x00,0x00,0x00,0x00,0x00,0x00,
0x00,0x00,0x00,0x00,0x00,0x00,0x00,0x00,0x00,0x00,0x00,0x00,0x00,0x00,0x00,0x00,0x00,0x00,0x00,0x00,
0x00,0x00,0x00,0x00,0x00,0x00,0x00,0x00,0x00,0x00,0x00,0x00,0x00,0x00,0x00,0x00,0x00,0x00,0x00,0x00,
0x00,0x00,0x00,0x00,0x00,0x00,0x00,0x00,0x00,0x00,0x00,0x00,0x00,0x00,0x00,0x00,0x00,0x00,0x00,0x00,
0x00,0x00,0x00,0x00,0x00,0x00,0x00,0x00,0x00,0x00,0x00,0x00,0x00,0x00,0x00,0x00,0x00,0x00,0x00,0x00,
0x00,0x00,0x00,0x00,0x00,0x00,0x00,0x00,0x00,0x00,0x00,0x00,0x00,0x00,0x00,0x00,0x00,0x00,0x00,0x00,
0x00,0x00,0x00,0x00,0x00,0x00,0x00,0x00,0x00,0x00,0x00,0x00,0x00,0x00,0x00,0x00,0x00,0x00,0x00,0x00,
0x00,0x00,0x00,0x00,0x00,0x00,0x00,0x00,0x00,0x00,0x00,0x00,0x00,0x00,0x00,0x00,0x00,0x00,0x00,0x00,
0x00,0x00,0x00,0x00,0x00,0x00,0x00,0x00,0x00,0x00,0x00,0x00,0x00,0x00,0x00,0x00,0x00,0x00,0x00,0x00,
0x00,0x00,0x00,0x00,0x00,0x00,0x00,0x00,0x00,0x00,0x00,0x00,0x00,0x00,0x00,0x00,0x00,0x00,0x00,0x00,
0x00,0x00,0x00,0x00,0x00,0x00,0x00,0x00,0x00,0x00,0x00,0x00,0x00,0x00,0x00,0x00,0x00,0x00,0x00,0x00,
0x00,0x00,0x00,0x00,0x00,0x00,0x6e,0x00,0x00,0x00,0x00,0x00,0x00,0x00,0x00,0x00,0x00,0x00,0x00,0x00,
0x00,0x00,0x00,0x00,0x00,0x00,0x00,0x00,0x00,0x00,0x00,0x00,0x00,0x00,0x00,0x00,0x00,0x00,0x00,0x00,
0x00,0x00,0x00,0x00,0x00,0x00,0x00,0x00,0x00,0x00,0x00,0x00,0x00,0x00,0x00,0x00,0x00,0x00,0x00,0x00,
0x00,0x00,0x00,0x00,0x00,0x00,0x00,0x00,0x00,0x00,0x00,0x00,0x00,0x00,0x00,0x00,0x00,0x00,0x00,0x00,
0x00,0x00,0x00,0x00,0x00,0x00,0x00,0x00,0x00,0x00,0x00,0x00,0x00,0x00,0x00,0x00,0x00,0x00,0x00,0x00,
0x00,0x00,0x00,0x00,0x00,0x00,0x00,0x00,0x00,0x00,0x00,0x00,0x00,0x00,0x00,0x00,0x00,0x00,0x00,0x00,
0x00,0x00,0x00,0x00,0x00,0x00,0x00,0x00,0x00,0x00,0x18,0x00,0x00,0x00,0x00,0x00,0x00,0x00,0x00,0x00,
0x00,0x00,0x00,0x00,0x00,0x00,0x00,0x00,0x00,0x00,0x00,0x00,0x00,0x00,0x00,0x00,0x00,0x00,0x00,0x00,
0x00,0x00,0x00,0x00,0x00,0x00,0x16,0x00,0x00,0x00,0x00,0x00,0x00,0x00,0x00,0x00,0x00,0x00,0x00,0x00,
0x00,0x00,0x00,0x00,0x00,0x00,0x00,0x00,0x00,0x00,0x00,0x00,0x00,0x00,0x00,0x00,0x00,0x00,0x00,0x00,
0x00,0x00,0x00,0x00,0x00,0x00,0x00,0x00,0x00,0x00,0x00,0x00,0x00,0x00,0x00,0x00,0x00,0x00,0x00,0x00,
0x00,0x00,0x00,0x00,0x00,0x00,0x00,0x00,0x00,0x00,0x00,0x00,0x00,0x00,0x00,0x00,0x00,0x00,0x1b,0x00,
0x00,0x00,0x00,0x00,0x00,0x00,0x00,0x00,0x00,0x00,0x00,0x00,0x00,0x00,0x00,0x00,0x00,0x00,0x00,0x00,
0x00,0x00,0x00,0x00,0x00,0x00,0x00,0x00,0x00,0x00,0x73,0x00,0x00,0x00,0x00,0x00,0x00,0x00,0x00,0x00,
0x00,0x00,0x7c,0x00,0x00,0x00,0x69,0x00,0x00,0x00,0x00,0x00,0x00,0x00,0x00,0x00,0x00,0x00,0x3e,0x00,
0x00,0x00,0x59,0x00,0x00,0x00,0x00,0x00,0x00,0x00,0x00,0x00,0x00,0x00,0x4a,0x00,0x00,0x00,0x00,0x00,
0x00,0x00,0x00,0x00,0x00,0x00,0x00,0x00,0x00,0x00,0x00,0x00,0x00,0x00,0x00,0x00,0x00,0x00,0x00,0x00,
0x00,0x00,0x00,0x00,0x00,0x00,0x00,0x00,0x00,0x00,0x00,0x00,0x00,0x00,0x00,0x00,0x00,0x00,0x00,0x00,
0x00,0x00,0x00,0x00,0x00,0x00,0x00,0x00,0x00,0x00,0x00,0x00,0x00,0x00,0x00,0x00,0x00,0x00,0x00,0x00,
0x00,0x00,0x00,0x00,0x00,0x00,0x00,0x00,0x00,0x00,0x00,0x00,0x00,0x00,0x00,0x00,0x00,0x00,0x00,0x00,
0x00,0x00,0x00,0x00,0x00,0x00,0x00,0x00,0x00,0x00,0x00,0x00,0x00,0x00,0x00,0x00,0x00,0x00,0x00,0x00,
0x00,0x00,0x00,0x00,0x00,0x00,0x00,0x00,0x00,0x00,0x00,0x00,0x00,0x00,0x00,0x00,0x00,0x00,0x00,0x00,
0x00,0x00,0x00,0x00,0x00,0x00,0x00,0x00,0x00,0x00,0x00,0x00,0x00,0x00,0x00,0x00,0x00,0x00,0x00,0x00,
0x00,0x00,0x00,0x00,0x00,0x00,0x00,0x00,0x00,0x00,0x00,0x00,0x00,0x00,0x00,0x00,0x00,0x00,0x00,0x00,
0x00,0x00,0x00,0x00,0x00,0x00,0x00,0x00,0x00,0x00,0x00,0x00,0x00,0x00,0x00,0x00,0x00,0x00,0x22,0x00,
0x00,0x00,0x00,0x00,0x00,0x00,0x00,0x00,0x00,0x00,0x00,0x00,0x00,0x00,0x00,0x00,0x00,0x00,0x00,0x00,
0x00,0x00,0x00,0x00,0x00,0x00,0x00,0x00,0x00,0x00,0x00,0x00,0x00,0x00,0x00,0x00,0x00,0x00,0x01,0x00,
0x00,0x00,0x00,0x00,0x00,0x00,0x00,0x00,0x00,0x00,0x78,0x00,0x00,0x00,0x00,0x00,0x00,0x00,0x00,0x00,
0x00,0x00,0x00,0x00,0x00,0x00,0x3f,0x00,0x00,0x00,0x00,0x00,0x00,0x00,0x00,0x00,0x00,0x00,0x00,0x00,
0x00,0x00,0x00,0x00,0x00,0x00,0x00,0x00,0x00,0x00,0x00,0x00,0x00,0x00,0x00,0x00,0x00,0x00,0x00,0x00,
0x00,0x00,0x00,0x00,0x00,0x00,0x00,0x00,0x00,0x00,0x00,0x00,0x00,0x00,0x00,0x00,0x00,0x00,0x00,0x00,
0x00,0x00,0x00,0x00,0x00,0x00,0x00,0x00,0x00,0x00,0x00,0x00,0x00,0x00,0x00,0x00,0x00,0x00,0x00,0x00,
0x00,0x00,0x00,0x00,0x00,0x00,0x00,0x00,0x00,0x00,0x00,0x00,0x00,0x00,0x00,0x00,0x00,0x00,0x00,0x00,
0x00,0x00,0x00,0x00,0x00,0x00,0x00,0x00,0x00,0x00,0x00,0x00,0x00,0x00,0x00,0x00,0x00,0x00,0x00,0x00,
0x00,0x00,0x00,0x00,0x00,0x00,0x00,0x00,0x00,0x00,0x00,0x00,0x00,0x00,0x00,0x00,0x00,0x00,0x00,0x00,
0x00,0x00,0x00,0x00,0x00,0x00,0x00,0x00,0x00,0x00,0x00,0x00,0x00,0x00,0x00,0x00,0x00,0x00,0x00,0x00,
0x00,0x00,0x00,0x00,0x00,0x00,0x00,0x00,0x00,0x00,0x00,0x00,0x00,0x00,0x00,0x00,0x00,0x00,0x00,0x00,
0x00,0x00,0x00,0x00,0x00,0x00,0x00,0x00,0x00,0x00,0x62,0x00,0x00,0x00,0x00,0x00,0x00,0x00,0x00,0x00,
0x00,0x00,0x00,0x00,0x00,0x00,0x00,0x00,0x00,0x00,0x00,0x00,0x00,0x00,0x00,0x00,0x00,0x00,0x00,0x00,
0x00,0x00,0x00,0x00,0x00,0x00,0x00,0x00,0x00,0x00,0x00,0x00,0x00,0x00,0x00,0x00,0x00,0x00,0x00,0x00,
0x00,0x00,0x00,0x00,0x00,0x00,0x00,0x00,0x00,0x00,0x00,0x00,0x00,0x00,0x00,0x00,0x00,0x00,0x00,0x00,
0x00,0x00,0x00,0x00,0x00,0x00,0x74,0x00,0x00,0x00,0x00,0x00,0x00,0x00,0x00,0x00,0x00,0x00,0x00,0x00,
0x00,0x00,0x00,0x00,0x00,0x00,0x00,0x00,0x00,0x00,0x00,0x00,0x00,0x00,0x00,0x00,0x00,0x00,0x00,0x00,
0x00,0x00,0x00,0x00,0x00,0x00,0x00,0x00,0x00,0x00,0x00,0x00,0x00,0x00,0x72,0x00,0x00,0x00,0x00,0x00,
0x00,0x00,0x00,0x00,0x00,0x00,0x00,0x00,0x00,0x00,0x00,0x00,0x00,0x00,0x04,0x00,0x00,0x00,0x00,0x00,
0x00,0x00,0x00,0x00,0x00,0x00,0x00,0x00,0x00,0x00,0x00,0x00,0x00,0x00,0x00,0x00,0x00,0x00,0x00,0x00,
0x00,0x00,0x00,0x00,0x00,0x00,0x00,0x00,0x00,0x00,0x00,0x00,0x00,0x00,0x00,0x00,0x00,0x00,0x38,0x00,
0x00,0x00,0x00,0x00,0x00,0x00,0x00,0x00,0x00,0x00,0x00,0x00,0x00,0x00,0x00,0x00,0x00,0x00,0x00,0x00,
0x00,0x00,0x00,0x00,0x00,0x00,0x00,0x00,0x00,0x00,0x00,0x00,0x00,0x00,0x00,0x00,0x00,0x00,0x00,0x00,
0x00,0x00,0x00,0x00,0x00,0x00,0x00,0x00,0x00,0x00,0x00,0x00,0x00,0x00,0x00,0x00,0x00,0x00,0x00,0x00,
0x00,0x00,0x00,0x00,0x00,0x00,0x00,0x00,0x00,0x00,0x00,0x00,0x00,0x00,0x3c,0x00,0x00,0x00,0x00,0x00,
0x00,0x00,0x00,0x00,0x00,0x00,0x00,0x00,0x00,0x00,0x00,0x00,0x00,0x00,0x73,0x00,0x00,0x00,0x00,0x00,
0x00,0x00,0x00,0x00,0x00,0x00,0x00,0x00,0x00,0x00,0x00,0x00,0x00,0x00,0x00,0x00,0x00,0x00,0x17,0x00,
0x00,0x00,0x00,0x00,0x00,0x00,0x00,0x00,0x00,0x00,0x00,0x00,0x00,0x00,0x25,0x00,0x00,0x00,0x00,0x00,
0x00,0x00,0x00,0x00,0x00,0x00,0x00,0x00,0x00,0x00,0x00,0x00,0x00,0x00,0x00,0x00,0x00,0x00,0x00,0x00,
0x00,0x00,0x00,0x00,0x00,0x00,0x00,0x00,0x00,0x00,0x00,0x00,0x00,0x00,0x00,0x00,0x00,0x00,0x00,0x00,
0x00,0x00,0x00,0x00,0x00,0x00,0x00,0x00,0x00,0x00,0x6b,0x00,0x00,0x00,0x00,0x00,0x00,0x00,0x61,0x00,
0x00,0x00,0x00,0x00,0x00,0x00,0x00,0x00,0x00,0x00,0x00,0x00,0x00,0x00,0x00,0x00,0x00,0x00,0x00,0x00,
0x00,0x00,0x00,0x00,0x00,0x00,0x00,0x00,0x00,0x00,0x00,0x00,0x00,0x00,0x00,0x00,0x00,0x00,0x00,0x00,
0x00,0x00,0x00,0x00,0x00,0x00,0x00,0x00,0x00,0x00,0x00,0x00,0x00,0x00,0x00,0x00,0x00,0x00,0x00,0x00,
0x00,0x00,0x00,0x00,0x00,0x00,0x3a,0x00,0x00,0x00,0x00,0x00,0x00,0x00,0x00,0x00,0x00,0x00,0x00,0x00,
0x00,0x00,0x00,0x00,0x00,0x00,0x00,0x00,0x00,0x00,0x00,0x00,0x00,0x00,0x00,0x00,0x00,0x00,0x17,0x00,
0x00,0x00,0x00,0x00,0x00,0x00,0x00,0x00,0x00,0x00,0x00,0x00,0x00,0x00,0x00,0x00,0x00,0x00,0x00,0x00,
0x00,0x00,0x00,0x00,0x00,0x00,0x00,0x00,0x00,0x00,0x00,0x00,0x00,0x00,0x00,0x00,0x00,0x00,0x00,0x00,
0x00,0x00,0x00,0x00,0x00,0x00,0x00,0x00,0x00,0x00,0x00,0x00,0x00,0x00,0x00,0x00,0x00,0x00,0x00,0x00,
0x00,0x00,0x00,0x00,0x00,0x00,0x25,0x00,0x00,0x00,0x00,0x00,0x00,0x00,0x00,0x00,0x00,0x00,0x00,0x00,
0x00,0x00,0x00,0x00,0x00,0x00,0x00,0x00,0x00,0x00,0x00,0x00,0x00,0x00,0x00,0x00,0x00,0x00,0x00,0x00,
0x00,0x00,0x00,0x00,0x00,0x00,0x00,0x00,0x00,0x00,0x00,0x00,0x00,0x00,0x00,0x00,0x00,0x00,0x00,0x00,
0x00,0x00,0x00,0x00,0x00,0x00,0x18,0x00,0x00,0x00,0x00,0x00,0x00,0x00,0x00,0x00,0x00,0x00,0x00,0x00,
0x00,0x00,0x00,0x00,0x00,0x00,0x00,0x00,0x00,0x00,0x00,0x00,0x00,0x00,0x00,0x00,0x00,0x00,0x00,0x00,
0x00,0x00,0x00,0x00,0x00,0x00,0x00,0x00,0x00,0x00,0x00,0x00,0x00,0x00,0x00,0x00,0x00,0x00,0x00,0x00,
0x00,0x00,0x00,0x00,0x00,0x00,0x00,0x00,0x00,0x00,0x00,0x00,0x00,0x00,0x6f,0x00,0x00,0x00,0x00,0x00,
0x00,0x00,0x00,0x00,0x00,0x00,0x00,0x00,0x00,0x00,0x00,0x00,0x00,0x00,0x00,0x00,0x00,0x00,0x00,0x00,
0x00,0x00,0x00,0x00,0x00,0x00,0x00,0x00,0x00,0x00,0x00,0x00,0x00,0x00,0x00,0x00,0x00,0x00,0x00,0x00,
0x00,0x00,0x00,0x00,0x00,0x00,0x00,0x00,0x00,0x00,0x16,0x00,0x00,0x00,0x36,0x00,0x00,0x2b,0x05,0x00,
0x00,0x00,0x00,0x00,0x00,0x00,0x00,0x00,0x00,0x00,0x00,0x00,0x00,0x00,0x00,0x00,0x00,0x00,0x00,0x00,
0x00,0x00,0x00,0x00,0x00,0x00,0x00,0x00,0x00,0x00,0x00,0x00,0x00,0x00,0x00,0x00,0x00,0x00,0x00,0x00,
0x00,0x00,0x00,0x00,0x00,0x00,0x00,0x00,0x00,0x00,0x00,0x00,0x00,0x00,0x00,0x00,0x00,0x00,0x00,0x00,
0x00,0x00,0x70,0x00,0x00,0x00,0x00,0x00,0x00,0x00,0x00,0x00,0x00,0x00,0x00,0x00,0x00,0x00,0x00,0x00,
0x00,0x00,0x00,0x00,0x00,0x00,0x00,0x00,0x00,0x00,0x00,0x00,0x00,0x00,0x00,0x00,0x00,0x00,0x00,0x00,
0x00,0x00,0x00,0x00,0x00,0x00,0x00,0x00,0x00,0x00,0x00,0x00,0x00,0x00,0x00,0x00,0x00,0x00,0x24,0x00,
0x00,0x4d,0x00,0x00,0x00,0x00,0x34,0x00,0x00,0x4f,0x00,0x00,0x00,0x00,0x00,0x00,0x00,0x00,0x00,0x00,
0x00,0x00,0x00,0x00,0x00,0x00,0x00,0x00,0x00,0x00,0x00,0x00,0x00,0x00,0x00,0x00,0x00,0x00,0x00,0x00,
0x00,0x00,0x00,0x00,0x00,0x00,0x00,0x00,0x00,0x00,0x00,0x00,0x00,0x00,0x00,0x00,0x00,0x00,0x00,0x00,
0x00,0x00,0x00,0x00,0x00,0x00,0x00,0x00,0x00,0x00,0x00,0x00,0x00,0x00,0x00,0x00,0x00,0x00,0x00,0x00,
0x00,0x00,0x00,0x00,0x00,0x00,0x00,0x00,0x00,0x00,0x00,0x00,0x00,0x00,0x00,0x00,0x00,0x00,0x00,0x00,
0x00,0x00,0x00,0x00,0x00,0x00,0x00,0x00,0x00,0x00,0x00,0x00,0x00,0x00,0x00,0x00,0x00,0x00,0x02,0x00,
0x00,0x00,0x28,0x00,0x00,0x6d,0x00,0x00,0x00,0x00,0x00,0x00,0x00,0x00,0x00,0x00,0x00,0x00,0x2e,0x00,
0x00,0x26,0x0a,0x00,0x00,0x00,0x15,0x00,0x00,0x00,0x05,0x00,0x00,0x00,0x00,0x00,0x00,0x00,0x00,0x00,
0x00,0x00,0x00,0x00,0x00,0x00,0x00,0x00,0x00,0x00,0x00,0x00,0x00,0x00,0x00,0x00,0x00,0x00,0x00,0x00,
0x00,0x00,0x00,0x00,0x00,0x00,0x00,0x00,0x00,0x00,0x00,0x00,0x00,0x00,0x00,0x00,0x00,0x00,0x00,0x00,
0x00,0x00,0x00,0x00,0x00,0x00,0x00,0x00,0x00,0x00,0x00,0x00,0x00,0x00,0x00,0x00,0x00,0x00,0x00,0x00,
0x00,0x00,0x00,0x00,0x00,0x00,0x00,0x00,0x00,0x00,0x00,0x00,0x00,0x00,0x01,0x00,0x00,0x00,0x1c,0x00,
0x00,0x00,0x0e,0x00,0x00,0x00,0x1a,0x00,0x00,0x35,0x00,0x00,0x00,0x00,0x00,0x00,0x00,0x00,0x00,0x00,
0x00,0x01,0x00,0x00,0x00,0x00,0x00,0x00,0x00,0x00,0x00,0x00,0x00,0x00,0x00,0x00,0x00,0x00,0x00,0x00,
0x00,0x00,0x00,0x00,0x00,0x00,0x00,0x00,0x00,0x00,0x00,0x00,0x00,0x00,0x00,0x00,0x00,0x00,0x00,0x00,
0x00,0x00,0x00,0x00,0x00,0x00,0x00,0x00,0x00,0x00,0x00,0x00,0x00,0x00,0x00,0x00,0x00,0x00,0x00,0x00,
0x00,0x00,0x00,0x00,0x00,0x00,0x00,0x00,0x00,0x00,0x00,0x00,0x00,0x00,0x00,0x00,0x00,0x00,0x00,0x00,
0x00,0x00,0x00,0x00,0x00,0x00,0x00,0x00,0x00,0x00,0x00,0x00,0x00,0x00,0x00,0x00,0x00,0x00,0x00,0x00,
0x00,0x00,0x00,0x00,0x00,0x00,0x00,0x00,0x00,0x00,0x00,0x00,0x00,0x00,0x00,0x00,0x00,0x00,0x00,0x00,
0x00,0x01,0x00,0x00,0x00,0x03 };
//File: main-DiTAKUtS.js
const uint16_t main_DiTAKUtS_js_length = 42828;
const char main_DiTAKUtS_js[] PROGMEM = { 
0x69,0x6d,0x70,0x6f,0x72,0x74,0x22,0x2e,0x2f,0x6d,0x6f,0x64,0x75,0x6c,0x65,0x70,0x72,0x65,0x6c,0x6f,
0x61,0x64,0x2d,0x70,0x6f,0x6c,0x79,0x66,0x69,0x6c,0x6c,0x2d,0x42,0x35,0x51,0x74,0x39,0x45,0x4d,0x58,
0x2e,0x6a,0x73,0x22,0x3b,0x63,0x6c,0x61,0x73,0x73,0x20,0x54,0x74,0x7b,0x63,0x6f,0x6e,0x73,0x74,0x72,
0x75,0x63,0x74,0x6f,0x72,0x28,0x65,0x2c,0x6e,0x29,0x7b,0x74,0x68,0x69,0x73,0x2e,0x6e,0x61,0x6d,0x65,
0x3d,0x65,0x2c,0x74,0x68,0x69,0x73,0x2e,0x6f,0x66,0x66,0x73,0x65,0x74,0x3d,0x31,0x30,0x2c,0x74,0x68,
0x69,0x73,0x2e,0x72,0x6f,0x74,0x61,0x74,0x65,0x3d,0x6e,0x2c,0x74,0x68,0x69,0x73,0x2e,0x70,0x65,0x72,
0x63,0x65,0x6e,0x74,0x61,0x67,0x65,0x3d,0x30,0x2c,0x74,0x68,0x69,0x73,0x2e,0x73,0x74,0x69,0x63,0x6b,
0x79,0x3d,0x21,0x31,0x2c,0x74,0x68,0x69,0x73,0x2e,0x69,0x73,0x54,0x6f,0x75,0x63,0x68,0x65,0x64,0x3d,
0x21,0x31,0x2c,0x74,0x68,0x69,0x73,0x2e,0x64,0x65,0x61,0x64,0x62,0x61,0x6e,0x64,0x3d,0x30,0x2c,0x74,
0x68,0x69,0x73,0x2e,0x73,0x69,0x64,0x65,0x6c,0x65,0x6e,0x67,0x68,0x74,0x3d,0x64,0x6f,0x63,0x75,0x6d,
0x65,0x6e,0x74,0x2e,0x67,0x65,0x74,0x45,0x6c,0x65,0x6d,0x65,0x6e,0x74,0x42,0x79,0x49,0x64,0x28,0x74,
0x68,0x69,0x73,0x2e,0x6e,0x61,0x6d,0x65,0x29,0x2e,0x77,0x69,0x64,0x74,0x68,0x2c,0x74,0x68,0x69,0x73,
0x2e,0x73,0x65,0x74,0x75,0x70,0x28,0x29,0x7d,0x73,0x65,0x74,0x75,0x70,0x28,0x29,0x7b,0x74,0x68,0x69,
0x73,0x2e,0x61,0x74,0x74,0x61,0x63,0x68,0x4c,0x69,0x73,0x74,0x65,0x6e,0x65,0x72,0x73,0x28,0x29,0x2c,
0x74,0x68,0x69,0x73,0x2e,0x64,0x72,0x61,0x77,0x42,0x61,0x63,0x6b,0x67,0x72,0x6f,0x75,0x6e,0x64,0x28,
0x29,0x2c,0x74,0x68,0x69,0x73,0x2e,0x72,0x65,0x73,0x65,0x74,0x28,0x29,0x7d,0x67,0x65,0x74,0x50,0x65,
0x72,0x63,0x65,0x6e,0x74,0x61,0x67,0x65,0x28,0x29,0x7b,0x72,0x65,0x74,0x75,0x72,0x6e,0x20,0x74,0x68,
0x69,0x73,0x2e,0x70,0x65,0x72,0x63,0x65,0x6e,0x74,0x61,0x67,0x65,0x7d,0x64,0x72,0x61,0x77,0x42,0x61,
0x63,0x6b,0x67,0x72,0x6f,0x75,0x6e,0x64,0x28,0x29,0x7b,0x76,0x61,0x72,0x20,0x65,0x3d,0x64,0x6f,0x63,
0x75,0x6d,0x65,0x6e,0x74,0x2e,0x67,0x65,0x74,0x45,0x6c,0x65,0x6d,0x65,0x6e,0x74,0x42,0x79,0x49,0x64,
0x28,0x74,0x68,0x69,0x73,0x2e,0x6e,0x61,0x6d,0x65,0x2b,0x22,0x42,0x61,0x73,0x65,0x22,0x29,0x2c,0x6e,
0x3d,0x74,0x68,0x69,0x73,0x2e,0x73,0x69,0x64,0x65,0x6c,0x65,0x6e,0x67,0x68,0x74,0x2a,0x2e,0x32,0x2c,
0x6f,0x3d,0x65,0x2e,0x67,0x65,0x74,0x43,0x6f,0x6e,0x74,0x65,0x78,0x74,0x28,0x22,0x32,0x64,0x22,0x29,
0x3b,0x6f,0x2e,0x63,0x6c,0x65,0x61,0x72,0x52,0x65,0x63,0x74,0x28,0x30,0x2c,0x30,0x2c,0x74,0x68,0x69,
0x73,0x2e,0x73,0x69,0x64,0x65,0x6c,0x65,0x6e,0x67,0x68,0x74,0x2c,0x74,0x68,0x69,0x73,0x2e,0x73,0x69,
0x64,0x65,0x6c,0x65,0x6e,0x67,0x68,0x74,0x29,0x3b,0x66,0x6f,0x72,0x28,0x76,0x61,0x72,0x20,0x69,0x3d,
0x28,0x74,0x68,0x69,0x73,0x2e,0x73,0x69,0x64,0x65,0x6c,0x65,0x6e,0x67,0x68,0x74,0x2d,0x74,0x68,0x69,
0x73,0x2e,0x6f,0x66,0x66,0x73,0x65,0x74,0x2a,0x32,0x29,0x2f,0x32,0x30,0x2c,0x73,0x3d,0x74,0x68,0x69,
0x73,0x2e,0x73,0x69,0x64,0x65,0x6c,0x65,0x6e,0x67,0x68,0x74,0x2a,0x2e,0x34,0x2c,0x72,0x3d,0x30,0x3b,
0x72,0x3c,0x32,0x31,0x3b,0x72,0x2b,0x2b,0x29,0x7b,0x72,0x25,0x35,0x3d,0x3d,0x30,0x3f,0x28,0x6f,0x2e,
0x6c,0x69,0x6e,0x65,0x57,0x69,0x64,0x74,0x68,0x3d,0x32,0x2c,0x73,0x3d,0x74,0x68,0x69,0x73,0x2e,0x73,
0x69,0x64,0x65,0x6c,0x65,0x6e,0x67,0x68,0x74,0x2a,0x2e,0x35,0x29,0x3a,0x28,0x6f,0x2e,0x6c,0x69,0x6e,
0x65,0x57,0x69,0x64,0x74,0x68,0x3d,0x31,0x2c,0x73,0x3d,0x74,0x68,0x69,0x73,0x2e,0x73,0x69,0x64,0x65,
0x6c,0x65,0x6e,0x67,0x68,0x74,0x2a,0x2e,0x34,0x29,0x3b,0x76,0x61,0x72,0x20,0x63,0x3d,0x28,0x74,0x68,
0x69,0x73,0x2e,0x73,0x69,0x64,0x65,0x6c,0x65,0x6e,0x67,0x68,0x74,0x2d,0x73,0x29,0x2f,0x32,0x3b,0x6f,
0x2e,0x62,0x65,0x67,0x69,0x6e,0x50,0x61,0x74,0x68,0x28,0x29,0x2c,0x74,0x68,0x69,0x73,0x2e,0x72,0x6f,
0x74,0x61,0x74,0x65,0x3f,0x28,0x6f,0x2e,0x6d,0x6f,0x76,0x65,0x54,0x6f,0x28,0x72,0x2a,0x69,0x2b,0x74,
0x68,0x69,0x73,0x2e,0x6f,0x66,0x66,0x73,0x65,0x74,0x2c,0x63,0x29,0x2c,0x6f,0x2e,0x6c,0x69,0x6e,0x65,
0x54,0x6f,0x28,0x72,0x2a,0x69,0x2b,0x74,0x68,0x69,0x73,0x2e,0x6f,0x66,0x66,0x73,0x65,0x74,0x2c,0x74,
0x68,0x69,0x73,0x2e,0x73,0x69,0x64,0x65,0x6c,0x65,0x6e,0x67,0x68,0x74,0x2d,0x63,0x29,0x29,0x3a,0x28,
0x6f,0x2e,0x6d,0x6f,0x76,0x65,0x54,0x6f,0x28,0x63,0x2c,0x72,0x2a,0x69,0x2b,0x74,0x68,0x69,0x73,0x2e,
0x6f,0x66,0x66,0x73,0x65,0x74,0x29,0x2c,0x6f,0x2e,0x6c,0x69,0x6e,0x65,0x54,0x6f,0x28,0x74,0x68,0x69,
0x73,0x2e,0x73,0x69,0x64,0x65,0x6c,0x65,0x6e,0x67,0x68,0x74,0x2d,0x63,0x2c,0x72,0x2a,0x69,0x2b,0x74,
0x68,0x69,0x73,0x2e,0x6f,0x66,0x66,0x73,0x65,0x74,0x29,0x29,0x2c,0x6f,0x2e,0x73,0x74,0x72,0x6f,0x6b,
0x65,0x28,0x29,0x7d,0x6f,0x2e,0x66,0x69,0x6c,0x6c,0x53,0x74,0x79,0x6c,0x65,0x3d,0x22,0x72,0x67,0x62,
0x28,0x32,0x30,0x30,0x2c,0x32,0x30,0x30,0x2c,0x32,0x30,0x30,0x29,0x22,0x2c,0x74,0x68,0x69,0x73,0x2e,
0x72,0x6f,0x74,0x61,0x74,0x65,0x3f,0x6f,0x2e,0x66,0x69,0x6c,0x6c,0x52,0x65,0x63,0x74,0x28,0x30,0x2c,
0x74,0x68,0x69,0x73,0x2e,0x73,0x69,0x64,0x65,0x6c,0x65,0x6e,0x67,0x68,0x74,0x2f,0x32,0x2d,0x6e,0x2f,
0x32,0x2c,0x74,0x68,0x69,0x73,0x2e,0x73,0x69,0x64,0x65,0x6c,0x65,0x6e,0x67,0x68,0x74,0x2c,0x6e,0x29,
0x3a,0x6f,0x2e,0x66,0x69,0x6c,0x6c,0x52,0x65,0x63,0x74,0x28,0x74,0x68,0x69,0x73,0x2e,0x73,0x69,0x64,
0x65,0x6c,0x65,0x6e,0x67,0x68,0x74,0x2f,0x32,0x2d,0x6e,0x2f,0x32,0x2c,0x30,0x2c,0x6e,0x2c,0x74,0x68,
0x69,0x73,0x2e,0x73,0x69,0x64,0x65,0x6c,0x65,0x6e,0x67,0x68,0x74,0x29,0x7d,0x64,0x72,0x61,0x77,0x54,
0x68,0x75,0x6d,0x62,0x28,0x65,0x2c,0x6e,0x29,0x7b,0x76,0x61,0x72,0x20,0x6f,0x3d,0x64,0x6f,0x63,0x75,
0x6d,0x65,0x6e,0x74,0x2e,0x67,0x65,0x74,0x45,0x6c,0x65,0x6d,0x65,0x6e,0x74,0x42,0x79,0x49,0x64,0x28,
0x74,0x68,0x69,0x73,0x2e,0x6e,0x61,0x6d,0x65,0x29,0x2c,0x69,0x3d,0x30,0x3b,0x69,0x3d,0x74,0x68,0x69,
0x73,0x2e,0x72,0x6f,0x74,0x61,0x74,0x65,0x3f,0x65,0x3a,0x6e,0x2c,0x69,0x3e,0x74,0x68,0x69,0x73,0x2e,
0x73,0x69,0x64,0x65,0x6c,0x65,0x6e,0x67,0x68,0x74,0x2d,0x74,0x68,0x69,0x73,0x2e,0x6f,0x66,0x66,0x73,
0x65,0x74,0x3f,0x69,0x3d,0x74,0x68,0x69,0x73,0x2e,0x73,0x69,0x64,0x65,0x6c,0x65,0x6e,0x67,0x68,0x74,
0x2d,0x74,0x68,0x69,0x73,0x2e,0x6f,0x66,0x66,0x73,0x65,0x74,0x3a,0x69,0x3c,0x74,0x68,0x69,0x73,0x2e,
0x6f,0x66,0x66,0x73,0x65,0x74,0x26,0x26,0x28,0x69,0x3d,0x74,0x68,0x69,0x73,0x2e,0x6f,0x66,0x66,0x73,
0x65,0x74,0x29,0x3b,0x76,0x61,0x72,0x20,0x73,0x3d,0x6f,0x2e,0x67,0x65,0x74,0x43,0x6f,0x6e,0x74,0x65,
0x78,0x74,0x28,0x22,0x32,0x64,0x22,0x29,0x3b,0x73,0x2e,0x63,0x6c,0x65,0x61,0x72,0x52,0x65,0x63,0x74,
0x28,0x30,0x2c,0x30,0x2c,0x74,0x68,0x69,0x73,0x2e,0x73,0x69,0x64,0x65,0x6c,0x65,0x6e,0x67,0x68,0x74,
0x2c,0x74,0x68,0x69,0x73,0x2e,0x73,0x69,0x64,0x65,0x6c,0x65,0x6e,0x67,0x68,0x74,0x29,0x2c,0x74,0x68,
0x69,0x73,0x2e,0x72,0x6f,0x74,0x61,0x74,0x65,0x3f,0x28,0x73,0x2e,0x66,0x69,0x6c,0x6c,0x53,0x74,0x79,
0x6c,0x65,0x3d,0x22,0x72,0x67,0x62,0x28,0x32,0x35,0x35,0x2c,0x20,0x32,0x30,0x34,0x2c,0x20,0x30,0x29,
0x22,0x2c,0x73,0x2e,0x66,0x69,0x6c,0x6c,0x52,0x65,0x63,0x74,0x28,0x69,0x2d,0x31,0x30,0x2c,0x74,0x68,
0x69,0x73,0x2e,0x73,0x69,0x64,0x65,0x6c,0x65,0x6e,0x67,0x68,0x74,0x2f,0x32,0x2d,0x36,0x30,0x2c,0x32,
0x30,0x2c,0x31,0x32,0x30,0x29,0x2c,0x73,0x2e,0x66,0x69,0x6c,0x6c,0x53,0x74,0x79,0x6c,0x65,0x3d,0x22,
0x72,0x67,0x62,0x28,0x30,0x2c,0x20,0x30,0x2c,0x20,0x30,0x29,0x22,0x2c,0x73,0x2e,0x66,0x69,0x6c,0x6c,
0x52,0x65,0x63,0x74,0x28,0x69,0x2d,0x31,0x30,0x2c,0x74,0x68,0x69,0x73,0x2e,0x73,0x69,0x64,0x65,0x6c,
0x65,0x6e,0x67,0x68,0x74,0x2f,0x32,0x2d,0x35,0x30,0x2c,0x32,0x30,0x2c,0x31,0x30,0x30,0x29,0x29,0x3a,
0x28,0x73,0x2e,0x66,0x69,0x6c,0x6c,0x53,0x74,0x79,0x6c,0x65,0x3d,0x22,0x72,0x67,0x62,0x28,0x32,0x35,
0x35,0x2c,0x20,0x32,0x30,0x34,0x2c,0x20,0x30,0x29,0x22,0x2c,0x73,0x2e,0x66,0x69,0x6c,0x6c,0x52,0x65,
0x63,0x74,0x28,0x74,0x68,0x69,0x73,0x2e,0x73,0x69,0x64,0x65,0x6c,0x65,0x6e,0x67,0x68,0x74,0x2f,0x32,
0x2d,0x36,0x30,0x2c,0x69,0x2d,0x31,0x30,0x2c,0x31,0x32,0x30,0x2c,0x32,0x30,0x29,0x2c,0x73,0x2e,0x66,
0x69,0x6c,0x6c,0x53,0x74,0x79,0x6c,0x65,0x3d,0x22,0x72,0x67,0x62,0x28,0x30,0x2c,0x20,0x30,0x2c,0x20,
0x30,0x29,0x22,0x2c,0x73,0x2e,0x66,0x69,0x6c,0x6c,0x52,0x65,0x63,0x74,0x28,0x74,0x68,0x69,0x73,0x2e,
0x73,0x69,0x64,0x65,0x6c,0x65,0x6e,0x67,0x68,0x74,0x2f,0x32,0x2d,0x35,0x30,0x2c,0x69,0x2d,0x31,0x30,
0x2c,0x31,0x30,0x30,0x2c,0x32,0x30,0x29,0x29,0x7d,0x72,0x65,0x73,0x65,0x74,0x28,0x29,0x7b,0x74,0x68,
0x69,0x73,0x2e,0x64,0x72,0x61,0x77,0x54,0x68,0x75,0x6d,0x62,0x28,0x74,0x68,0x69,0x73,0x2e,0x73,0x69,
0x64,0x65,0x6c,0x65,0x6e,0x67,0x68,0x74,0x2f,0x32,0x2c,0x74,0x68,0x69,0x73,0x2e,0x73,0x69,0x64,0x65,
0x6c,0x65,0x6e,0x67,0x68,0x74,0x2f,0x32,0x29,0x2c,0x74,0x68,0x69,0x73,0x2e,0x70,0x65,0x72,0x63,0x65,
0x6e,0x74,0x61,0x67,0x65,0x3d,0x30,0x7d,0x73,0x65,0x74,0x52,0x6f,0x74,0x61,0x74,0x69,0x6f,0x6e,0x28,
0x65,0x29,0x7b,0x74,0x68,0x69,0x73,0x2e,0x72,0x6f,0x74,0x61,0x74,0x65,0x3d,0x65,0x2c,0x74,0x68,0x69,
0x73,0x2e,0x64,0x72,0x61,0x77,0x42,0x61,0x63,0x6b,0x67,0x72,0x6f,0x75,0x6e,0x64,0x28,0x29,0x2c,0x74,
0x68,0x69,0x73,0x2e,0x72,0x65,0x73,0x65,0x74,0x28,0x29,0x7d,0x73,0x65,0x74,0x53,0x74,0x69,0x63,0x6b,
0x79,0x6e,0x65,0x73,0x73,0x28,0x65,0x29,0x7b,0x74,0x68,0x69,0x73,0x2e,0x73,0x74,0x69,0x63,0x6b,0x79,
0x3d,0x65,0x2c,0x74,0x68,0x69,0x73,0x2e,0x72,0x65,0x73,0x65,0x74,0x28,0x29,0x7d,0x73,0x65,0x74,0x44,
0x65,0x61,0x64,0x62,0x61,0x6e,0x64,0x28,0x65,0x29,0x7b,0x74,0x68,0x69,0x73,0x2e,0x64,0x65,0x61,0x64,
0x62,0x61,0x6e,0x64,0x3d,0x65,0x7d,0x61,0x74,0x74,0x61,0x63,0x68,0x4c,0x69,0x73,0x74,0x65,0x6e,0x65,
0x72,0x73,0x28,0x29,0x7b,0x76,0x61,0x72,0x20,0x65,0x3d,0x64,0x6f,0x63,0x75,0x6d,0x65,0x6e,0x74,0x2e,
0x67,0x65,0x74,0x45,0x6c,0x65,0x6d,0x65,0x6e,0x74,0x42,0x79,0x49,0x64,0x28,0x74,0x68,0x69,0x73,0x2e,
0x6e,0x61,0x6d,0x65,0x29,0x3b,0x65,0x2e,0x61,0x64,0x64,0x45,0x76,0x65,0x6e,0x74,0x4c,0x69,0x73,0x74,
0x65,0x6e,0x65,0x72,0x28,0x22,0x6d,0x6f,0x75,0x73,0x65,0x64,0x6f,0x77,0x6e,0x22,0x2c,0x6e,0x3d,0x3e,
0x74,0x68,0x69,0x73,0x2e,0x6f,0x6e,0x44,0x6f,0x77,0x6e,0x28,0x29,0x29,0x2c,0x65,0x2e,0x61,0x64,0x64,
0x45,0x76,0x65,0x6e,0x74,0x4c,0x69,0x73,0x74,0x65,0x6e,0x65,0x72,0x28,0x22,0x6d,0x6f,0x75,0x73,0x65,
0x75,0x70,0x22,0x2c,0x6e,0x3d,0x3e,0x74,0x68,0x69,0x73,0x2e,0x6f,0x6e,0x55,0x70,0x28,0x29,0x29,0x2c,
0x65,0x2e,0x61,0x64,0x64,0x45,0x76,0x65,0x6e,0x74,0x4c,0x69,0x73,0x74,0x65,0x6e,0x65,0x72,0x28,0x22,
0x6d,0x6f,0x75,0x73,0x65,0x6d,0x6f,0x76,0x65,0x22,0x2c,0x6e,0x3d,0x3e,0x74,0x68,0x69,0x73,0x2e,0x70,
0x72,0x6f,0x63,0x65,0x73,0x73,0x50,0x6f,0x73,0x69,0x74,0x69,0x6f,0x6e,0x28,0x6e,0x29,0x29,0x2c,0x65,
0x2e,0x61,0x64,0x64,0x45,0x76,0x65,0x6e,0x74,0x4c,0x69,0x73,0x74,0x65,0x6e,0x65,0x72,0x28,0x22,0x74,
0x6f,0x75,0x63,0x68,0x73,0x74,0x61,0x72,0x74,0x22,0x2c,0x6e,0x3d,0x3e,0x74,0x68,0x69,0x73,0x2e,0x6f,
0x6e,0x44,0x6f,0x77,0x6e,0x28,0x29,0x29,0x2c,0x65,0x2e,0x61,0x64,0x64,0x45,0x76,0x65,0x6e,0x74,0x4c,
0x69,0x73,0x74,0x65,0x6e,0x65,0x72,0x28,0x22,0x74,0x6f,0x75,0x63,0x68,0x65,0x6e,0x64,0x22,0x2c,0x6e,
0x3d,0x3e,0x74,0x68,0x69,0x73,0x2e,0x6f,0x6e,0x55,0x70,0x28,0x29,0x29,0x2c,0x65,0x2e,0x61,0x64,0x64,
0x45,0x76,0x65,0x6e,0x74,0x4c,0x69,0x73,0x74,0x65,0x6e,0x65,0x72,0x28,0x22,0x74,0x6f,0x75,0x63,0x68,
0x6d,0x6f,0x76,0x65,0x22,0x2c,0x6e,0x3d,0x3e,0x74,0x68,0x69,0x73,0x2e,0x70,0x72,0x6f,0x63,0x65,0x73,
0x73,0x50,0x6f,0x73,0x69,0x74,0x69,0x6f,0x6e,0x28,0x6e,0x29,0x29,0x7d,0x6f,0x6e,0x44,0x6f,0x77,0x6e,
0x28,0x29,0x7b,0x74,0x68,0x69,0x73,0x2e,0x69,0x73,0x54,0x6f,0x75,0x63,0x68,0x65,0x64,0x3d,0x21,0x30,
0x7d,0x6f,0x6e,0x55,0x70,0x28,0x29,0x7b,0x74,0x68,0x69,0x73,0x2e,0x69,0x73,0x54,0x6f,0x75,0x63,0x68,
0x65,0x64,0x3d,0x21,0x31,0x2c,0x74,0x68,0x69,0x73,0x2e,0x73,0x74,0x69,0x63,0x6b,0x79,0x7c,0x7c,0x74,
0x68,0x69,0x73,0x2e,0x72,0x65,0x73,0x65,0x74,0x28,0x29,0x7d,0x70,0x72,0x6f,0x63,0x65,0x73,0x73,0x50,
0x6f,0x73,0x69,0x74,0x69,0x6f,0x6e,0x28,0x65,0x29,0x7b,0x76,0x61,0x72,0x20,0x6e,0x3d,0x30,0x2c,0x6f,
0x3d,0x30,0x3b,0x69,0x66,0x28,0x65,0x2e,0x74,0x79,0x70,0x65,0x3d,0x3d,0x22,0x74,0x6f,0x75,0x63,0x68,
0x6d,0x6f,0x76,0x65,0x22,0x29,0x7b,0x76,0x61,0x72,0x20,0x69,0x3d,0x65,0x2e,0x74,0x61,0x72,0x67,0x65,
0x74,0x2e,0x67,0x65,0x74,0x42,0x6f,0x75,0x6e,0x64,0x69,0x6e,0x67,0x43,0x6c,0x69,0x65,0x6e,0x74,0x52,
0x65,0x63,0x74,0x28,0x29,0x2c,0x73,0x3d,0x65,0x2e,0x74,0x61,0x72,0x67,0x65,0x74,0x54,0x6f,0x75,0x63,
0x68,0x65,0x73,0x5b,0x30,0x5d,0x3b,0x6e,0x3d,0x73,0x2e,0x70,0x61,0x67,0x65,0x58,0x2d,0x69,0x2e,0x6c,
0x65,0x66,0x74,0x2c,0x6f,0x3d,0x73,0x2e,0x70,0x61,0x67,0x65,0x59,0x2d,0x69,0x2e,0x74,0x6f,0x70,0x7d,
0x65,0x6c,0x73,0x65,0x20,0x65,0x2e,0x74,0x79,0x70,0x65,0x3d,0x3d,0x22,0x6d,0x6f,0x75,0x73,0x65,0x6d,
0x6f,0x76,0x65,0x22,0x26,0x26,0x28,0x6e,0x3d,0x65,0x2e,0x6f,0x66,0x66,0x73,0x65,0x74,0x58,0x2c,0x6f,
0x3d,0x65,0x2e,0x6f,0x66,0x66,0x73,0x65,0x74,0x59,0x29,0x3b,0x74,0x68,0x69,0x73,0x2e,0x69,0x73,0x54,
0x6f,0x75,0x63,0x68,0x65,0x64,0x26,0x26,0x28,0x74,0x68,0x69,0x73,0x2e,0x63,0x61,0x6c,0x63,0x75,0x6c,
0x61,0x74,0x65,0x50,0x65,0x72,0x63,0x65,0x6e,0x74,0x61,0x67,0x65,0x28,0x6e,0x2c,0x6f,0x29,0x2c,0x74,
0x68,0x69,0x73,0x2e,0x64,0x72,0x61,0x77,0x54,0x68,0x75,0x6d,0x62,0x28,0x6e,0x2c,0x6f,0x29,0x29,0x7d,
0x63,0x61,0x6c,0x63,0x75,0x6c,0x61,0x74,0x65,0x50,0x65,0x72,0x63,0x65,0x6e,0x74,0x61,0x67,0x65,0x28,
0x65,0x2c,0x6e,0x29,0x7b,0x76,0x61,0x72,0x20,0x6f,0x3d,0x30,0x3b,0x6f,0x3d,0x74,0x68,0x69,0x73,0x2e,
0x72,0x6f,0x74,0x61,0x74,0x65,0x3f,0x65,0x3a,0x6e,0x2c,0x6f,0x3e,0x74,0x68,0x69,0x73,0x2e,0x73,0x69,
0x64,0x65,0x6c,0x65,0x6e,0x67,0x68,0x74,0x2d,0x74,0x68,0x69,0x73,0x2e,0x6f,0x66,0x66,0x73,0x65,0x74,
0x3f,0x6f,0x3d,0x74,0x68,0x69,0x73,0x2e,0x73,0x69,0x64,0x65,0x6c,0x65,0x6e,0x67,0x68,0x74,0x2d,0x74,
0x68,0x69,0x73,0x2e,0x6f,0x66,0x66,0x73,0x65,0x74,0x3a,0x6f,0x3c,0x74,0x68,0x69,0x73,0x2e,0x6f,0x66,
0x66,0x73,0x65,0x74,0x26,0x26,0x28,0x6f,0x3d,0x74,0x68,0x69,0x73,0x2e,0x6f,0x66,0x66,0x73,0x65,0x74,
0x29,0x3b,0x76,0x61,0x72,0x20,0x69,0x3d,0x74,0x68,0x69,0x73,0x2e,0x73,0x69,0x64,0x65,0x6c,0x65,0x6e,
0x67,0x68,0x74,0x2d,0x74,0x68,0x69,0x73,0x2e,0x6f,0x66,0x66,0x73,0x65,0x74,0x2a,0x32,0x2c,0x73,0x3d,
0x74,0x68,0x69,0x73,0x2e,0x73,0x69,0x64,0x65,0x6c,0x65,0x6e,0x67,0x68,0x74,0x2f,0x32,0x2c,0x72,0x3d,
0x73,0x2d,0x6f,0x2c,0x63,0x3d,0x4d,0x61,0x74,0x68,0x2e,0x72,0x6f,0x75,0x6e,0x64,0x28,0x2d,0x72,0x2a,
0x28,0x32,0x30,0x30,0x2f,0x69,0x29,0x29,0x3b,0x63,0x3c,0x2d,0x74,0x68,0x69,0x73,0x2e,0x64,0x65,0x61,
0x64,0x62,0x61,0x6e,0x64,0x7c,0x7c,0x63,0x3e,0x74,0x68,0x69,0x73,0x2e,0x64,0x65,0x61,0x64,0x62,0x61,
0x6e,0x64,0x3f,0x74,0x68,0x69,0x73,0x2e,0x72,0x6f,0x74,0x61,0x74,0x65,0x3f,0x74,0x68,0x69,0x73,0x2e,
0x70,0x65,0x72,0x63,0x65,0x6e,0x74,0x61,0x67,0x65,0x3d,0x2d,0x63,0x3a,0x74,0x68,0x69,0x73,0x2e,0x70,
0x65,0x72,0x63,0x65,0x6e,0x74,0x61,0x67,0x65,0x3d,0x63,0x3a,0x74,0x68,0x69,0x73,0x2e,0x70,0x65,0x72,
0x63,0x65,0x6e,0x74,0x61,0x67,0x65,0x3d,0x30,0x7d,0x7d,0x63,0x6f,0x6e,0x73,0x74,0x20,0x70,0x3d,0x7b,
0x6c,0x65,0x64,0x3a,0x7b,0x72,0x65,0x64,0x3a,0x32,0x35,0x30,0x2c,0x67,0x72,0x65,0x65,0x6e,0x3a,0x32,
0x31,0x30,0x2c,0x62,0x6c,0x75,0x65,0x3a,0x30,0x7d,0x2c,0x6c,0x65,0x66,0x74,0x4a,0x6f,0x79,0x73,0x74,
0x69,0x63,0x6b,0x3a,0x6e,0x75,0x6c,0x6c,0x2c,0x72,0x69,0x67,0x68,0x74,0x4a,0x6f,0x79,0x73,0x74,0x69,
0x63,0x6b,0x3a,0x6e,0x75,0x6c,0x6c,0x2c,0x6d,0x6f,0x64,0x65,0x3a,0x31,0x2c,0x74,0x72,0x69,0x6d,0x56,
0x61,0x6c,0x75,0x65,0x3a,0x30,0x2c,0x62,0x61,0x74,0x74,0x65,0x72,0x79,0x56,0x6f,0x6c,0x74,0x61,0x67,
0x65,0x3a,0x33,0x2e,0x39,0x39,0x7d,0x3b,0x63,0x6c,0x61,0x73,0x73,0x20,0x76,0x65,0x7b,0x63,0x6f,0x6e,
0x73,0x74,0x72,0x75,0x63,0x74,0x6f,0x72,0x28,0x29,0x7b,0x74,0x68,0x69,0x73,0x2e,0x6d,0x65,0x6e,0x75,
0x49,0x74,0x65,0x6d,0x73,0x3d,0x5b,0x7b,0x69,0x64,0x3a,0x30,0x2c,0x6e,0x61,0x6d,0x65,0x3a,0x22,0x4c,
0x69,0x67,0x68,0x74,0x73,0x22,0x2c,0x73,0x63,0x72,0x65,0x65,0x6e,0x3a,0x22,0x4c,0x69,0x67,0x68,0x74,
0x73,0x22,0x7d,0x2c,0x7b,0x69,0x64,0x3a,0x31,0x2c,0x6e,0x61,0x6d,0x65,0x3a,0x22,0x49,0x6e,0x70,0x75,
0x74,0x22,0x2c,0x73,0x63,0x72,0x65,0x65,0x6e,0x3a,0x22,0x49,0x6e,0x70,0x75,0x74,0x22,0x7d,0x5d,0x2c,
0x74,0x68,0x69,0x73,0x2e,0x63,0x75,0x72,0x72,0x65,0x6e,0x74,0x4d,0x65,0x6e,0x75,0x3d,0x74,0x68,0x69,
0x73,0x2e,0x6d,0x65,0x6e,0x75,0x49,0x74,0x65,0x6d,0x73,0x5b,0x30,0x5d,0x2c,0x74,0x68,0x69,0x73,0x2e,
0x61,0x63,0x74,0x69,0x76,0x65,0x3d,0x21,0x31,0x7d,0x69,0x6e,0x69,0x74,0x28,0x65,0x2c,0x6e,0x2c,0x6f,
0x29,0x7b,0x74,0x68,0x69,0x73,0x2e,0x6c,0x65,0x64,0x43,0x61,0x6c,0x6c,0x62,0x61,0x63,0x6b,0x3d,0x65,
0x2c,0x74,0x68,0x69,0x73,0x2e,0x67,0x6c,0x6f,0x62,0x61,0x6c,0x43,0x6f,0x6e,0x74,0x65,0x78,0x74,0x3d,
0x6f,0x2c,0x74,0x68,0x69,0x73,0x2e,0x6d,0x6f,0x64,0x65,0x43,0x61,0x6c,0x6c,0x62,0x61,0x63,0x6b,0x3d,
0x6e,0x2c,0x64,0x6f,0x63,0x75,0x6d,0x65,0x6e,0x74,0x2e,0x67,0x65,0x74,0x45,0x6c,0x65,0x6d,0x65,0x6e,
0x74,0x42,0x79,0x49,0x64,0x28,0x22,0x53,0x65,0x74,0x74,0x69,0x6e,0x67,0x73,0x42,0x75,0x74,0x74,0x6f,
0x6e,0x22,0x29,0x2e,0x6f,0x6e,0x63,0x6c,0x69,0x63,0x6b,0x3d,0x74,0x68,0x69,0x73,0x2e,0x73,0x68,0x6f,
0x77,0x50,0x6f,0x70,0x75,0x70,0x4d,0x65,0x6e,0x75,0x2c,0x64,0x6f,0x63,0x75,0x6d,0x65,0x6e,0x74,0x2e,
0x67,0x65,0x74,0x45,0x6c,0x65,0x6d,0x65,0x6e,0x74,0x42,0x79,0x49,0x64,0x28,0x22,0x53,0x65,0x74,0x74,
0x69,0x6e,0x67,0x73,0x42,0x61,0x63,0x6b,0x42,0x75,0x74,0x74,0x6f,0x6e,0x22,0x29,0x2e,0x6f,0x6e,0x63,
0x6c,0x69,0x63,0x6b,0x3d,0x74,0x68,0x69,0x73,0x2e,0x68,0x69,0x64,0x65,0x50,0x6f,0x70,0x75,0x70,0x4d,
0x65,0x6e,0x75,0x2c,0x74,0x68,0x69,0x73,0x2e,0x73,0x65,0x74,0x75,0x70,0x53,0x65,0x74,0x74,0x69,0x6e,
0x67,0x73,0x4e,0x61,0x76,0x69,0x67,0x61,0x74,0x69,0x6f,0x6e,0x28,0x29,0x7d,0x73,0x65,0x74,0x75,0x70,
0x53,0x65,0x74,0x74,0x69,0x6e,0x67,0x73,0x4e,0x61,0x76,0x69,0x67,0x61,0x74,0x69,0x6f,0x6e,0x28,0x29,
0x7b,0x6c,0x65,0x74,0x20,0x65,0x3d,0x64,0x6f,0x63,0x75,0x6d,0x65,0x6e,0x74,0x2e,0x67,0x65,0x74,0x45,
0x6c,0x65,0x6d,0x65,0x6e,0x74,0x42,0x79,0x49,0x64,0x28,0x22,0x73,0x65,0x74,0x74,0x69,0x6e,0x67,0x73,
0x4e,0x61,0x76,0x69,0x67,0x61,0x74,0x69,0x6f,0x6e,0x22,0x29,0x3b,0x74,0x68,0x69,0x73,0x2e,0x6d,0x65,
0x6e,0x75,0x49,0x74,0x65,0x6d,0x73,0x2e,0x66,0x6f,0x72,0x45,0x61,0x63,0x68,0x28,0x6e,0x3d,0x3e,0x7b,
0x6c,0x65,0x74,0x20,0x6f,0x3d,0x64,0x6f,0x63,0x75,0x6d,0x65,0x6e,0x74,0x2e,0x63,0x72,0x65,0x61,0x74,
0x65,0x45,0x6c,0x65,0x6d,0x65,0x6e,0x74,0x28,0x22,0x62,0x75,0x74,0x74,0x6f,0x6e,0x22,0x29,0x3b,0x6f,
0x2e,0x69,0x64,0x3d,0x22,0x4d,0x65,0x6e,0x75,0x49,0x74,0x65,0x6d,0x22,0x2b,0x6e,0x2e,0x69,0x64,0x2b,
0x22,0x42,0x75,0x74,0x74,0x6f,0x6e,0x22,0x2c,0x6f,0x2e,0x69,0x6e,0x6e,0x65,0x72,0x48,0x54,0x4d,0x4c,
0x3d,0x6e,0x2e,0x6e,0x61,0x6d,0x65,0x2c,0x6f,0x2e,0x6f,0x6e,0x63,0x6c,0x69,0x63,0x6b,0x3d,0x28,0x29,
0x3d,0x3e,0x7b,0x74,0x68,0x69,0x73,0x2e,0x63,0x75,0x72,0x72,0x65,0x6e,0x74,0x4d,0x65,0x6e,0x75,0x3d,
0x6e,0x2c,0x74,0x68,0x69,0x73,0x2e,0x68,0x69,0x67,0x68,0x6c,0x69,0x67,0x68,0x74,0x42,0x75,0x74,0x74,
0x6f,0x6e,0x28,0x22,0x4d,0x65,0x6e,0x75,0x49,0x74,0x65,0x6d,0x22,0x2c,0x6e,0x2e,0x69,0x64,0x2c,0x74,
0x68,0x69,0x73,0x2e,0x6d,0x65,0x6e,0x75,0x49,0x74,0x65,0x6d,0x73,0x2e,0x6c,0x65,0x6e,0x67,0x74,0x68,
0x29,0x2c,0x74,0x68,0x69,0x73,0x2e,0x72,0x65,0x6e,0x64,0x65,0x72,0x53,0x63,0x72,0x65,0x65,0x6e,0x28,
0x29,0x7d,0x2c,0x65,0x2e,0x61,0x70,0x70,0x65,0x6e,0x64,0x43,0x68,0x69,0x6c,0x64,0x28,0x6f,0x29,0x7d,
0x29,0x2c,0x74,0x68,0x69,0x73,0x2e,0x68,0x69,0x67,0x68,0x6c,0x69,0x67,0x68,0x74,0x42,0x75,0x74,0x74,
0x6f,0x6e,0x28,0x22,0x4d,0x65,0x6e,0x75,0x49,0x74,0x65,0x6d,0x22,0x2c,0x74,0x68,0x69,0x73,0x2e,0x6d,
0x65,0x6e,0x75,0x49,0x74,0x65,0x6d,0x73,0x5b,0x30,0x5d,0x2e,0x69,0x64,0x2c,0x74,0x68,0x69,0x73,0x2e,
0x6d,0x65,0x6e,0x75,0x49,0x74,0x65,0x6d,0x73,0x2e,0x6c,0x65,0x6e,0x67,0x74,0x68,0x29,0x2c,0x74,0x68,
0x69,0x73,0x2e,0x72,0x65,0x6e,0x64,0x65,0x72,0x53,0x63,0x72,0x65,0x65,0x6e,0x28,0x29,0x7d,0x72,0x65,
0x6e,0x64,0x65,0x72,0x49,0x6e,0x70,0x75,0x74,0x53,0x63,0x72,0x65,0x65,0x6e,0x28,0x29,0x7b,0x6c,0x65,
0x74,0x20,0x65,0x3d,0x64,0x6f,0x63,0x75,0x6d,0x65,0x6e,0x74,0x2e,0x67,0x65,0x74,0x45,0x6c,0x65,0x6d,
0x65,0x6e,0x74,0x42,0x79,0x49,0x64,0x28,0x22,0x73,0x65,0x74,0x74,0x69,0x6e,0x67,0x73,0x50,0x61,0x67,
0x65,0x22,0x29,0x3b,0x65,0x2e,0x69,0x6e,0x6e,0x65,0x72,0x48,0x54,0x4d,0x4c,0x3d,0x22,0x22,0x3b,0x6c,
0x65,0x74,0x20,0x6e,0x3d,0x64,0x6f,0x63,0x75,0x6d,0x65,0x6e,0x74,0x2e,0x63,0x72,0x65,0x61,0x74,0x65,
0x45,0x6c,0x65,0x6d,0x65,0x6e,0x74,0x28,0x22,0x64,0x69,0x76,0x22,0x29,0x3b,0x6e,0x2e,0x69,0x64,0x3d,
0x22,0x4d,0x6f,0x64,0x65,0x50,0x61,0x6e,0x65,0x6c,0x22,0x3b,0x66,0x6f,0x72,0x28,0x6c,0x65,0x74,0x20,
0x72,0x3d,0x30,0x3b,0x72,0x3c,0x34,0x3b,0x72,0x2b,0x2b,0x29,0x7b,0x6c,0x65,0x74,0x20,0x63,0x3d,0x64,
0x6f,0x63,0x75,0x6d,0x65,0x6e,0x74,0x2e,0x63,0x72,0x65,0x61,0x74,0x65,0x45,0x6c,0x65,0x6d,0x65,0x6e,
0x74,0x28,0x22,0x62,0x75,0x74,0x74,0x6f,0x6e,0x22,0x29,0x3b,0x63,0x2e,0x69,0x64,0x3d,0x22,0x4d,0x6f,
0x64,0x65,0x22,0x2b,0x72,0x2b,0x22,0x42,0x75,0x74,0x74,0x6f,0x6e,0x22,0x2c,0x63,0x2e,0x69,0x6e,0x6e,
0x65,0x72,0x48,0x54,0x4d,0x4c,0x3d,0x22,0x4d,0x6f,0x64,0x65,0x20,0x22,0x2b,0x72,0x2c,0x63,0x2e,0x6f,
0x6e,0x63,0x6c,0x69,0x63,0x6b,0x3d,0x28,0x29,0x3d,0x3e,0x7b,0x74,0x68,0x69,0x73,0x2e,0x68,0x69,0x67,
0x68,0x6c,0x69,0x67,0x68,0x74,0x42,0x75,0x74,0x74,0x6f,0x6e,0x28,0x22,0x4d,0x6f,0x64,0x65,0x22,0x2c,
0x72,0x2c,0x34,0x29,0x2c,0x74,0x68,0x69,0x73,0x2e,0x6d,0x6f,0x64,0x65,0x43,0x61,0x6c,0x6c,0x62,0x61,
0x63,0x6b,0x28,0x72,0x2b,0x31,0x29,0x7d,0x2c,0x6e,0x2e,0x61,0x70,0x70,0x65,0x6e,0x64,0x43,0x68,0x69,
0x6c,0x64,0x28,0x63,0x29,0x7d,0x6c,0x65,0x74,0x20,0x6f,0x3d,0x64,0x6f,0x63,0x75,0x6d,0x65,0x6e,0x74,
0x2e,0x63,0x72,0x65,0x61,0x74,0x65,0x45,0x6c,0x65,0x6d,0x65,0x6e,0x74,0x28,0x22,0x69,0x6e,0x70,0x75,
0x74,0x22,0x29,0x3b,0x6f,0x2e,0x74,0x79,0x70,0x65,0x3d,0x22,0x72,0x61,0x6e,0x67,0x65,0x22,0x2c,0x6f,
0x2e,0x69,0x64,0x3d,0x22,0x54,0x72,0x69,0x6d,0x53,0x6c,0x69,0x64,0x65,0x72,0x22,0x2c,0x6f,0x2e,0x6d,
0x69,0x6e,0x3d,0x22,0x2d,0x31,0x30,0x30,0x22,0x2c,0x6f,0x2e,0x6d,0x61,0x78,0x3d,0x22,0x31,0x30,0x30,
0x22,0x2c,0x6f,0x2e,0x76,0x61,0x6c,0x75,0x65,0x3d,0x22,0x30,0x22,0x2c,0x6f,0x2e,0x6f,0x6e,0x69,0x6e,
0x70,0x75,0x74,0x3d,0x28,0x29,0x3d,0x3e,0x7b,0x6c,0x65,0x74,0x20,0x72,0x3d,0x64,0x6f,0x63,0x75,0x6d,
0x65,0x6e,0x74,0x2e,0x67,0x65,0x74,0x45,0x6c,0x65,0x6d,0x65,0x6e,0x74,0x42,0x79,0x49,0x64,0x28,0x22,
0x54,0x72,0x69,0x6d,0x56,0x61,0x6c,0x75,0x65,0x22,0x29,0x3b,0x72,0x2e,0x69,0x6e,0x6e,0x65,0x72,0x48,
0x54,0x4d,0x4c,0x3d,0x6f,0x2e,0x76,0x61,0x6c,0x75,0x65,0x2c,0x74,0x68,0x69,0x73,0x2e,0x67,0x6c,0x6f,
0x62,0x61,0x6c,0x43,0x6f,0x6e,0x74,0x65,0x78,0x74,0x2e,0x74,0x72,0x69,0x6d,0x56,0x61,0x6c,0x75,0x65,
0x3d,0x6f,0x2e,0x76,0x61,0x6c,0x75,0x65,0x7d,0x3b,0x6c,0x65,0x74,0x20,0x69,0x3d,0x64,0x6f,0x63,0x75,
0x6d,0x65,0x6e,0x74,0x2e,0x63,0x72,0x65,0x61,0x74,0x65,0x45,0x6c,0x65,0x6d,0x65,0x6e,0x74,0x28,0x22,
0x73,0x70,0x61,0x6e,0x22,0x29,0x3b,0x69,0x2e,0x69,0x64,0x3d,0x22,0x54,0x72,0x69,0x6d,0x56,0x61,0x6c,
0x75,0x65,0x22,0x2c,0x69,0x2e,0x69,0x6e,0x6e,0x65,0x72,0x48,0x54,0x4d,0x4c,0x3d,0x6f,0x2e,0x76,0x61,
0x6c,0x75,0x65,0x3b,0x6c,0x65,0x74,0x20,0x73,0x3d,0x64,0x6f,0x63,0x75,0x6d,0x65,0x6e,0x74,0x2e,0x63,
0x72,0x65,0x61,0x74,0x65,0x45,0x6c,0x65,0x6d,0x65,0x6e,0x74,0x28,0x22,0x64,0x69,0x76,0x22,0x29,0x3b,
0x73,0x2e,0x61,0x70,0x70,0x65,0x6e,0x64,0x43,0x68,0x69,0x6c,0x64,0x28,0x6f,0x29,0x2c,0x73,0x2e,0x61,
0x70,0x70,0x65,0x6e,0x64,0x43,0x68,0x69,0x6c,0x64,0x28,0x69,0x29,0x2c,0x65,0x2e,0x61,0x70,0x70,0x65,
0x6e,0x64,0x43,0x68,0x69,0x6c,0x64,0x28,0x73,0x29,0x2c,0x65,0x2e,0x61,0x70,0x70,0x65,0x6e,0x64,0x43,
0x68,0x69,0x6c,0x64,0x28,0x6e,0x29,0x7d,0x72,0x65,0x6e,0x64,0x65,0x72,0x4c,0x69,0x67,0x68,0x74,0x73,
0x53,0x63,0x72,0x65,0x65,0x6e,0x28,0x29,0x7b,0x6c,0x65,0x74,0x20,0x65,0x3d,0x64,0x6f,0x63,0x75,0x6d,
0x65,0x6e,0x74,0x2e,0x67,0x65,0x74,0x45,0x6c,0x65,0x6d,0x65,0x6e,0x74,0x42,0x79,0x49,0x64,0x28,0x22,
0x73,0x65,0x74,0x74,0x69,0x6e,0x67,0x73,0x50,0x61,0x67,0x65,0x22,0x29,0x3b,0x65,0x2e,0x69,0x6e,0x6e,
0x65,0x72,0x48,0x54,0x4d,0x4c,0x3d,0x22,0x22,0x3b,0x6c,0x65,0x74,0x20,0x6e,0x3d,0x64,0x6f,0x63,0x75,
0x6d,0x65,0x6e,0x74,0x2e,0x63,0x72,0x65,0x61,0x74,0x65,0x45,0x6c,0x65,0x6d,0x65,0x6e,0x74,0x28,0x22,
0x73,0x65,0x6c,0x65,0x63,0x74,0x22,0x29,0x3b,0x6e,0x2e,0x69,0x64,0x3d,0x22,0x4c,0x65,0x64,0x4d,0x6f,
0x64,0x65,0x53,0x65,0x6c,0x65,0x63,0x74,0x22,0x2c,0x6e,0x2e,0x69,0x6e,0x6e,0x65,0x72,0x48,0x54,0x4d,
0x4c,0x3d,0x27,0x3c,0x6f,0x70,0x74,0x69,0x6f,0x6e,0x20,0x76,0x61,0x6c,0x75,0x65,0x3d,0x22,0x30,0x22,
0x3e,0x53,0x6f,0x6c,0x69,0x64,0x20,0x43,0x6f,0x6c,0x6f,0x72,0x3c,0x2f,0x6f,0x70,0x74,0x69,0x6f,0x6e,
0x3e,0x3c,0x6f,0x70,0x74,0x69,0x6f,0x6e,0x20,0x76,0x61,0x6c,0x75,0x65,0x3d,0x22,0x31,0x22,0x20,0x73,
0x65,0x6c,0x65,0x63,0x74,0x65,0x64,0x3d,0x22,0x73,0x65,0x6c,0x65,0x63,0x74,0x65,0x64,0x22,0x3e,0x4b,
0x6e,0x69,0x67,0x68,0x74,0x20,0x52,0x69,0x64,0x65,0x72,0x3c,0x2f,0x6f,0x70,0x74,0x69,0x6f,0x6e,0x3e,
0x3c,0x6f,0x70,0x74,0x69,0x6f,0x6e,0x20,0x76,0x61,0x6c,0x75,0x65,0x3d,0x22,0x32,0x22,0x3e,0x42,0x6c,
0x69,0x6e,0x6b,0x69,0x6e,0x67,0x3c,0x2f,0x6f,0x70,0x74,0x69,0x6f,0x6e,0x3e,0x3c,0x6f,0x70,0x74,0x69,
0x6f,0x6e,0x20,0x76,0x61,0x6c,0x75,0x65,0x3d,0x22,0x33,0x22,0x3e,0x42,0x6f,0x61,0x74,0x3c,0x2f,0x6f,
0x70,0x74,0x69,0x6f,0x6e,0x3e,0x27,0x3b,0x6c,0x65,0x74,0x20,0x6f,0x3d,0x64,0x6f,0x63,0x75,0x6d,0x65,
0x6e,0x74,0x2e,0x63,0x72,0x65,0x61,0x74,0x65,0x45,0x6c,0x65,0x6d,0x65,0x6e,0x74,0x28,0x22,0x62,0x75,
0x74,0x74,0x6f,0x6e,0x22,0x29,0x3b,0x6f,0x2e,0x69,0x64,0x3d,0x22,0x4c,0x65,0x64,0x53,0x65,0x6e,0x64,
0x42,0x75,0x74,0x74,0x6f,0x6e,0x22,0x2c,0x6f,0x2e,0x69,0x6e,0x6e,0x65,0x72,0x48,0x54,0x4d,0x4c,0x3d,
0x22,0x55,0x70,0x64,0x61,0x74,0x65,0x20,0x4c,0x45,0x44,0x73,0x22,0x2c,0x6f,0x2e,0x6f,0x6e,0x63,0x6c,
0x69,0x63,0x6b,0x3d,0x74,0x68,0x69,0x73,0x2e,0x6c,0x65,0x64,0x43,0x61,0x6c,0x6c,0x62,0x61,0x63,0x6b,
0x3b,0x6c,0x65,0x74,0x20,0x69,0x3d,0x64,0x6f,0x63,0x75,0x6d,0x65,0x6e,0x74,0x2e,0x63,0x72,0x65,0x61,
0x74,0x65,0x45,0x6c,0x65,0x6d,0x65,0x6e,0x74,0x28,0x22,0x69,0x6e,0x70,0x75,0x74,0x22,0x29,0x3b,0x69,
0x2e,0x74,0x79,0x70,0x65,0x3d,0x22,0x63,0x6f,0x6c,0x6f,0x72,0x22,0x2c,0x69,0x2e,0x69,0x64,0x3d,0x22,
0x4c,0x65,0x64,0x43,0x6f,0x6c,0x6f,0x72,0x50,0x69,0x63,0x6b,0x65,0x72,0x22,0x2c,0x69,0x2e,0x76,0x61,
0x6c,0x75,0x65,0x3d,0x22,0x23,0x66,0x63,0x63,0x61,0x30,0x33,0x22,0x2c,0x65,0x2e,0x61,0x70,0x70,0x65,
0x6e,0x64,0x43,0x68,0x69,0x6c,0x64,0x28,0x6e,0x29,0x2c,0x65,0x2e,0x61,0x70,0x70,0x65,0x6e,0x64,0x43,
0x68,0x69,0x6c,0x64,0x28,0x6f,0x29,0x2c,0x65,0x2e,0x61,0x70,0x70,0x65,0x6e,0x64,0x43,0x68,0x69,0x6c,
0x64,0x28,0x69,0x29,0x7d,0x72,0x65,0x6e,0x64,0x65,0x72,0x53,0x63,0x72,0x65,0x65,0x6e,0x28,0x29,0x7b,
0x73,0x77,0x69,0x74,0x63,0x68,0x28,0x74,0x68,0x69,0x73,0x2e,0x63,0x75,0x72,0x72,0x65,0x6e,0x74,0x4d,
0x65,0x6e,0x75,0x2e,0x73,0x63,0x72,0x65,0x65,0x6e,0x29,0x7b,0x63,0x61,0x73,0x65,0x22,0x4c,0x69,0x67,
0x68,0x74,0x73,0x22,0x3a,0x74,0x68,0x69,0x73,0x2e,0x72,0x65,0x6e,0x64,0x65,0x72,0x4c,0x69,0x67,0x68,
0x74,0x73,0x53,0x63,0x72,0x65,0x65,0x6e,0x28,0x29,0x3b,0x62,0x72,0x65,0x61,0x6b,0x3b,0x63,0x61,0x73,
0x65,0x22,0x49,0x6e,0x70,0x75,0x74,0x22,0x3a,0x74,0x68,0x69,0x73,0x2e,0x72,0x65,0x6e,0x64,0x65,0x72,
0x49,0x6e,0x70,0x75,0x74,0x53,0x63,0x72,0x65,0x65,0x6e,0x28,0x29,0x3b,0x62,0x72,0x65,0x61,0x6b,0x7d,
0x7d,0x73,0x68,0x6f,0x77,0x50,0x6f,0x70,0x75,0x70,0x4d,0x65,0x6e,0x75,0x28,0x29,0x7b,0x64,0x6f,0x63,
0x75,0x6d,0x65,0x6e,0x74,0x2e,0x67,0x65,0x74,0x45,0x6c,0x65,0x6d,0x65,0x6e,0x74,0x42,0x79,0x49,0x64,
0x28,0x22,0x70,0x6f,0x70,0x75,0x70,0x4d,0x65,0x6e,0x75,0x22,0x29,0x2e,0x73,0x74,0x79,0x6c,0x65,0x2e,
0x76,0x69,0x73,0x69,0x62,0x69,0x6c,0x69,0x74,0x79,0x3d,0x22,0x76,0x69,0x73,0x69,0x62,0x6c,0x65,0x22,
0x2c,0x74,0x68,0x69,0x73,0x2e,0x61,0x63,0x74,0x69,0x76,0x65,0x3d,0x21,0x30,0x7d,0x68,0x69,0x64,0x65,
0x50,0x6f,0x70,0x75,0x70,0x4d,0x65,0x6e,0x75,0x28,0x29,0x7b,0x64,0x6f,0x63,0x75,0x6d,0x65,0x6e,0x74,
0x2e,0x67,0x65,0x74,0x45,0x6c,0x65,0x6d,0x65,0x6e,0x74,0x42,0x79,0x49,0x64,0x28,0x22,0x70,0x6f,0x70,
0x75,0x70,0x4d,0x65,0x6e,0x75,0x22,0x29,0x2e,0x73,0x74,0x79,0x6c,0x65,0x2e,0x76,0x69,0x73,0x69,0x62,
0x69,0x6c,0x69,0x74,0x79,0x3d,0x22,0x68,0x69,0x64,0x64,0x65,0x6e,0x22,0x2c,0x74,0x68,0x69,0x73,0x2e,
0x61,0x63,0x74,0x69,0x76,0x65,0x3d,0x21,0x31,0x7d,0x68,0x69,0x67,0x68,0x6c,0x69,0x67,0x68,0x74,0x42,
0x75,0x74,0x74,0x6f,0x6e,0x28,0x65,0x2c,0x6e,0x2c,0x6f,0x29,0x7b,0x63,0x6f,0x6e,0x73,0x6f,0x6c,0x65,
0x2e,0x6c,0x6f,0x67,0x28,0x22,0x48,0x69,0x67,0x68,0x6c,0x69,0x67,0x68,0x74,0x69,0x6e,0x67,0x20,0x62,
0x75,0x74,0x74,0x6f,0x6e,0x22,0x29,0x2c,0x63,0x6f,0x6e,0x73,0x6f,0x6c,0x65,0x2e,0x6c,0x6f,0x67,0x28,
0x65,0x29,0x2c,0x63,0x6f,0x6e,0x73,0x6f,0x6c,0x65,0x2e,0x6c,0x6f,0x67,0x28,0x6e,0x29,0x3b,0x66,0x6f,
0x72,0x28,0x76,0x61,0x72,0x20,0x69,0x3d,0x30,0x3b,0x69,0x3c,0x6f,0x3b,0x69,0x2b,0x2b,0x29,0x7b,0x76,
0x61,0x72,0x20,0x73,0x3d,0x65,0x2b,0x69,0x2b,0x22,0x42,0x75,0x74,0x74,0x6f,0x6e,0x22,0x3b,0x63,0x6f,
0x6e,0x73,0x6f,0x6c,0x65,0x2e,0x6c,0x6f,0x67,0x28,0x73,0x29,0x2c,0x64,0x6f,0x63,0x75,0x6d,0x65,0x6e,
0x74,0x2e,0x67,0x65,0x74,0x45,0x6c,0x65,0x6d,0x65,0x6e,0x74,0x42,0x79,0x49,0x64,0x28,0x73,0x29,0x2e,
0x73,0x74,0x79,0x6c,0x65,0x2e,0x62,0x6f,0x72,0x64,0x65,0x72,0x43,0x6f,0x6c,0x6f,0x72,0x3d,0x69,0x3d,
0x3d,0x6e,0x3f,0x22,0x72,0x67,0x62,0x28,0x32,0x35,0x35,0x2c,0x20,0x32,0x30,0x34,0x2c,0x20,0x30,0x29,
0x22,0x3a,0x22,0x72,0x67,0x62,0x28,0x31,0x37,0x39,0x2c,0x20,0x31,0x37,0x38,0x2c,0x20,0x31,0x37,0x35,
0x29,0x22,0x7d,0x7d,0x7d,0x76,0x61,0x72,0x20,0x43,0x65,0x3d,0x6e,0x65,0x77,0x20,0x76,0x65,0x3b,0x66,
0x75,0x6e,0x63,0x74,0x69,0x6f,0x6e,0x20,0x6b,0x65,0x28,0x74,0x2c,0x65,0x29,0x7b,0x49,0x65,0x28,0x29,
0x2c,0x43,0x65,0x2e,0x69,0x6e,0x69,0x74,0x28,0x74,0x2c,0x41,0x74,0x2c,0x65,0x29,0x2c,0x53,0x65,0x28,
0x29,0x2c,0x41,0x74,0x28,0x31,0x29,0x7d,0x66,0x75,0x6e,0x63,0x74,0x69,0x6f,0x6e,0x20,0x77,0x65,0x28,
0x29,0x7b,0x70,0x2e,0x6c,0x65,0x66,0x74,0x4a,0x6f,0x79,0x73,0x74,0x69,0x63,0x6b,0x2e,0x72,0x65,0x73,
0x65,0x74,0x28,0x29,0x2c,0x70,0x2e,0x72,0x69,0x67,0x68,0x74,0x4a,0x6f,0x79,0x73,0x74,0x69,0x63,0x6b,
0x2e,0x72,0x65,0x73,0x65,0x74,0x28,0x29,0x7d,0x66,0x75,0x6e,0x63,0x74,0x69,0x6f,0x6e,0x20,0x49,0x65,
0x28,0x29,0x7b,0x76,0x61,0x72,0x20,0x74,0x3d,0x77,0x69,0x6e,0x64,0x6f,0x77,0x2e,0x69,0x6e,0x6e,0x65,
0x72,0x57,0x69,0x64,0x74,0x68,0x3e,0x30,0x3f,0x77,0x69,0x6e,0x64,0x6f,0x77,0x2e,0x69,0x6e,0x6e,0x65,
0x72,0x57,0x69,0x64,0x74,0x68,0x3a,0x73,0x63,0x72,0x65,0x65,0x6e,0x2e,0x77,0x69,0x64,0x74,0x68,0x3b,
0x63,0x6f,0x6e,0x73,0x6f,0x6c,0x65,0x2e,0x6c,0x6f,0x67,0x28,0x22,0x57,0x69,0x64,0x74,0x68,0x3a,0x20,
0x22,0x2b,0x74,0x29,0x3b,0x76,0x61,0x72,0x20,0x65,0x3d,0x74,0x2a,0x2e,0x32,0x32,0x3b,0x4d,0x74,0x28,
0x22,0x4c,0x65,0x66,0x74,0x4a,0x6f,0x79,0x73,0x74,0x69,0x63,0x6b,0x22,0x2c,0x65,0x29,0x2c,0x4d,0x74,
0x28,0x22,0x52,0x69,0x67,0x68,0x74,0x4a,0x6f,0x79,0x73,0x74,0x69,0x63,0x6b,0x22,0x2c,0x65,0x29,0x7d,
0x66,0x75,0x6e,0x63,0x74,0x69,0x6f,0x6e,0x20,0x4d,0x74,0x28,0x74,0x2c,0x65,0x29,0x7b,0x64,0x6f,0x63,
0x75,0x6d,0x65,0x6e,0x74,0x2e,0x67,0x65,0x74,0x45,0x6c,0x65,0x6d,0x65,0x6e,0x74,0x42,0x79,0x49,0x64,
0x28,0x74,0x2b,0x22,0x43,0x6f,0x6e,0x74,0x61,0x69,0x6e,0x65,0x72,0x22,0x29,0x2e,0x73,0x74,0x79,0x6c,
0x65,0x2e,0x77,0x69,0x64,0x74,0x68,0x3d,0x65,0x2b,0x32,0x30,0x2c,0x64,0x6f,0x63,0x75,0x6d,0x65,0x6e,
0x74,0x2e,0x67,0x65,0x74,0x45,0x6c,0x65,0x6d,0x65,0x6e,0x74,0x42,0x79,0x49,0x64,0x28,0x74,0x2b,0x22,
0x43,0x6f,0x6e,0x74,0x61,0x69,0x6e,0x65,0x72,0x22,0x29,0x2e,0x73,0x74,0x79,0x6c,0x65,0x2e,0x68,0x65,
0x69,0x67,0x68,0x74,0x3d,0x65,0x2b,0x32,0x30,0x2c,0x64,0x6f,0x63,0x75,0x6d,0x65,0x6e,0x74,0x2e,0x67,
0x65,0x74,0x45,0x6c,0x65,0x6d,0x65,0x6e,0x74,0x42,0x79,0x49,0x64,0x28,0x74,0x2b,0x22,0x42,0x61,0x73,
0x65,0x22,0x29,0x2e,0x77,0x69,0x64,0x74,0x68,0x3d,0x65,0x2c,0x64,0x6f,0x63,0x75,0x6d,0x65,0x6e,0x74,
0x2e,0x67,0x65,0x74,0x45,0x6c,0x65,0x6d,0x65,0x6e,0x74,0x42,0x79,0x49,0x64,0x28,0x74,0x2b,0x22,0x42,
0x61,0x73,0x65,0x22,0x29,0x2e,0x68,0x65,0x69,0x67,0x68,0x74,0x3d,0x65,0x2c,0x64,0x6f,0x63,0x75,0x6d,
0x65,0x6e,0x74,0x2e,0x67,0x65,0x74,0x45,0x6c,0x65,0x6d,0x65,0x6e,0x74,0x42,0x79,0x49,0x64,0x28,0x74,
0x29,0x2e,0x77,0x69,0x64,0x74,0x68,0x3d,0x65,0x2c,0x64,0x6f,0x63,0x75,0x6d,0x65,0x6e,0x74,0x2e,0x67,
0x65,0x74,0x45,0x6c,0x65,0x6d,0x65,0x6e,0x74,0x42,0x79,0x49,0x64,0x28,0x74,0x29,0x2e,0x68,0x65,0x69,
0x67,0x68,0x74,0x3d,0x65,0x7d,0x66,0x75,0x6e,0x63,0x74,0x69,0x6f,0x6e,0x20,0x53,0x65,0x28,0x29,0x7b,
0x70,0x2e,0x6c,0x65,0x66,0x74,0x4a,0x6f,0x79,0x73,0x74,0x69,0x63,0x6b,0x3d,0x6e,0x65,0x77,0x20,0x54,
0x74,0x28,0x22,0x4c,0x65,0x66,0x74,0x4a,0x6f,0x79,0x73,0x74,0x69,0x63,0x6b,0x22,0x2c,0x21,0x31,0x29,
0x2c,0x70,0x2e,0x72,0x69,0x67,0x68,0x74,0x4a,0x6f,0x79,0x73,0x74,0x69,0x63,0x6b,0x3d,0x6e,0x65,0x77,
0x20,0x54,0x74,0x28,0x22,0x52,0x69,0x67,0x68,0x74,0x4a,0x6f,0x79,0x73,0x74,0x69,0x63,0x6b,0x22,0x2c,
0x21,0x31,0x29,0x7d,0x76,0x61,0x72,0x20,0x49,0x3d,0x5b,0x7b,0x6e,0x61,0x6d,0x65,0x3a,0x22,0x42,0x61,
0x74,0x74,0x65,0x72,0x79,0x22,0x2c,0x69,0x6e,0x64,0x65,0x78,0x49,0x64,0x3a,0x22,0x42,0x61,0x74,0x74,
0x65,0x72,0x79,0x53,0x79,0x6d,0x62,0x6f,0x6c,0x22,0x2c,0x69,0x63,0x6f,0x6e,0x73,0x3a,0x5b,0x22,0x62,
0x69,0x3a,0x62,0x61,0x74,0x74,0x65,0x72,0x79,0x22,0x2c,0x22,0x62,0x69,0x3a,0x62,0x61,0x74,0x74,0x65,
0x72,0x79,0x2d,0x68,0x61,0x6c,0x66,0x22,0x2c,0x22,0x62,0x69,0x3a,0x62,0x61,0x74,0x74,0x65,0x72,0x79,
0x2d,0x66,0x75,0x6c,0x6c,0x22,0x5d,0x2c,0x63,0x72,0x69,0x74,0x69,0x63,0x61,0x6c,0x3a,0x21,0x31,0x7d,
0x2c,0x7b,0x6e,0x61,0x6d,0x65,0x3a,0x22,0x4e,0x65,0x74,0x77,0x6f,0x72,0x6b,0x22,0x2c,0x69,0x6e,0x64,
0x65,0x78,0x49,0x64,0x3a,0x22,0x4e,0x65,0x74,0x77,0x6f,0x72,0x6b,0x53,0x79,0x6d,0x62,0x6f,0x6c,0x22,
0x2c,0x69,0x63,0x6f,0x6e,0x73,0x3a,0x5b,0x22,0x62,0x69,0x3a,0x77,0x69,0x66,0x69,0x2d,0x31,0x22,0x2c,
0x22,0x62,0x69,0x3a,0x77,0x69,0x66,0x69,0x2d,0x32,0x22,0x2c,0x22,0x62,0x69,0x3a,0x77,0x69,0x66,0x69,
0x22,0x5d,0x2c,0x63,0x72,0x69,0x74,0x69,0x63,0x61,0x6c,0x3a,0x21,0x31,0x7d,0x5d,0x2c,0x69,0x74,0x3d,
0x5b,0x22,0x72,0x67,0x62,0x28,0x32,0x35,0x35,0x2c,0x20,0x30,0x2c,0x20,0x30,0x29,0x22,0x2c,0x22,0x72,
0x67,0x62,0x28,0x32,0x35,0x35,0x2c,0x20,0x31,0x35,0x33,0x2c,0x20,0x35,0x31,0x29,0x22,0x2c,0x22,0x72,
0x67,0x62,0x28,0x30,0x2c,0x20,0x32,0x30,0x34,0x2c,0x20,0x30,0x29,0x22,0x5d,0x3b,0x66,0x75,0x6e,0x63,
0x74,0x69,0x6f,0x6e,0x20,0x61,0x74,0x28,0x74,0x2c,0x65,0x29,0x7b,0x76,0x61,0x72,0x20,0x6e,0x3d,0x22,
0x22,0x2c,0x6f,0x3d,0x22,0x22,0x2c,0x69,0x3d,0x22,0x22,0x2c,0x73,0x3d,0x49,0x2e,0x66,0x69,0x6e,0x64,
0x49,0x6e,0x64,0x65,0x78,0x28,0x63,0x3d,0x3e,0x63,0x2e,0x6e,0x61,0x6d,0x65,0x3d,0x3d,0x3d,0x65,0x29,
0x2c,0x72,0x3d,0x49,0x5b,0x73,0x5d,0x2e,0x69,0x6e,0x64,0x65,0x78,0x49,0x64,0x3b,0x74,0x3e,0x36,0x30,
0x3f,0x28,0x6e,0x3d,0x49,0x5b,0x73,0x5d,0x2e,0x69,0x63,0x6f,0x6e,0x73,0x5b,0x32,0x5d,0x2c,0x49,0x5b,
0x73,0x5d,0x2e,0x63,0x72,0x69,0x74,0x69,0x63,0x61,0x6c,0x3d,0x21,0x31,0x2c,0x69,0x3d,0x22,0x76,0x69,
0x73,0x69,0x62,0x6c,0x65,0x22,0x2c,0x6f,0x3d,0x69,0x74,0x5b,0x32,0x5d,0x29,0x3a,0x74,0x3e,0x32,0x30,
0x26,0x26,0x74,0x3c,0x3d,0x36,0x30,0x3f,0x28,0x6e,0x3d,0x49,0x5b,0x73,0x5d,0x2e,0x69,0x63,0x6f,0x6e,
0x73,0x5b,0x31,0x5d,0x2c,0x49,0x5b,0x73,0x5d,0x2e,0x63,0x72,0x69,0x74,0x69,0x63,0x61,0x6c,0x3d,0x21,
0x31,0x2c,0x69,0x3d,0x22,0x76,0x69,0x73,0x69,0x62,0x6c,0x65,0x22,0x2c,0x6f,0x3d,0x69,0x74,0x5b,0x31,
0x5d,0x29,0x3a,0x28,0x6e,0x3d,0x49,0x5b,0x73,0x5d,0x2e,0x69,0x63,0x6f,0x6e,0x73,0x5b,0x30,0x5d,0x2c,
0x49,0x5b,0x73,0x5d,0x2e,0x63,0x72,0x69,0x74,0x69,0x63,0x61,0x6c,0x3d,0x21,0x30,0x2c,0x69,0x3d,0x64,
0x6f,0x63,0x75,0x6d,0x65,0x6e,0x74,0x2e,0x67,0x65,0x74,0x45,0x6c,0x65,0x6d,0x65,0x6e,0x74,0x42,0x79,
0x49,0x64,0x28,0x72,0x29,0x2e,0x73,0x74,0x79,0x6c,0x65,0x2e,0x76,0x69,0x73,0x69,0x62,0x69,0x6c,0x69,
0x74,0x79,0x2c,0x6f,0x3d,0x69,0x74,0x5b,0x30,0x5d,0x29,0x2c,0x64,0x6f,0x63,0x75,0x6d,0x65,0x6e,0x74,
0x2e,0x67,0x65,0x74,0x45,0x6c,0x65,0x6d,0x65,0x6e,0x74,0x42,0x79,0x49,0x64,0x28,0x72,0x29,0x2e,0x73,
0x65,0x74,0x41,0x74,0x74,0x72,0x69,0x62,0x75,0x74,0x65,0x28,0x22,0x64,0x61,0x74,0x61,0x2d,0x69,0x63,
0x6f,0x6e,0x22,0x2c,0x6e,0x29,0x2c,0x64,0x6f,0x63,0x75,0x6d,0x65,0x6e,0x74,0x2e,0x67,0x65,0x74,0x45,
0x6c,0x65,0x6d,0x65,0x6e,0x74,0x42,0x79,0x49,0x64,0x28,0x72,0x29,0x2e,0x73,0x74,0x79,0x6c,0x65,0x2e,
0x76,0x69,0x73,0x69,0x62,0x69,0x6c,0x69,0x74,0x79,0x3d,0x69,0x2c,0x64,0x6f,0x63,0x75,0x6d,0x65,0x6e,
0x74,0x2e,0x67,0x65,0x74,0x45,0x6c,0x65,0x6d,0x65,0x6e,0x74,0x42,0x79,0x49,0x64,0x28,0x72,0x29,0x2e,
0x73,0x74,0x79,0x6c,0x65,0x2e,0x63,0x6f,0x6c,0x6f,0x72,0x3d,0x6f,0x7d,0x66,0x75,0x6e,0x63,0x74,0x69,
0x6f,0x6e,0x20,0x45,0x65,0x28,0x29,0x7b,0x64,0x6f,0x63,0x75,0x6d,0x65,0x6e,0x74,0x2e,0x67,0x65,0x74,
0x45,0x6c,0x65,0x6d,0x65,0x6e,0x74,0x42,0x79,0x49,0x64,0x28,0x22,0x70,0x6f,0x70,0x75,0x70,0x45,0x72,
0x72,0x6f,0x72,0x22,0x29,0x2e,0x73,0x74,0x79,0x6c,0x65,0x2e,0x76,0x69,0x73,0x69,0x62,0x69,0x6c,0x69,
0x74,0x79,0x3d,0x22,0x68,0x69,0x64,0x64,0x65,0x6e,0x22,0x7d,0x66,0x75,0x6e,0x63,0x74,0x69,0x6f,0x6e,
0x20,0x41,0x74,0x28,0x74,0x29,0x7b,0x70,0x2e,0x6d,0x6f,0x64,0x65,0x3d,0x74,0x2c,0x74,0x3d,0x3d,0x31,
0x7c,0x7c,0x74,0x3d,0x3d,0x32,0x3f,0x28,0x70,0x2e,0x6c,0x65,0x66,0x74,0x4a,0x6f,0x79,0x73,0x74,0x69,
0x63,0x6b,0x2e,0x73,0x65,0x74,0x44,0x65,0x61,0x64,0x62,0x61,0x6e,0x64,0x28,0x32,0x35,0x29,0x2c,0x70,
0x2e,0x72,0x69,0x67,0x68,0x74,0x4a,0x6f,0x79,0x73,0x74,0x69,0x63,0x6b,0x2e,0x73,0x65,0x74,0x44,0x65,
0x61,0x64,0x62,0x61,0x6e,0x64,0x28,0x30,0x29,0x2c,0x70,0x2e,0x72,0x69,0x67,0x68,0x74,0x4a,0x6f,0x79,
0x73,0x74,0x69,0x63,0x6b,0x2e,0x73,0x65,0x74,0x52,0x6f,0x74,0x61,0x74,0x69,0x6f,0x6e,0x28,0x21,0x30,
0x29,0x2c,0x74,0x3d,0x3d,0x31,0x3f,0x70,0x2e,0x6c,0x65,0x66,0x74,0x4a,0x6f,0x79,0x73,0x74,0x69,0x63,
0x6b,0x2e,0x73,0x65,0x74,0x53,0x74,0x69,0x63,0x6b,0x79,0x6e,0x65,0x73,0x73,0x28,0x21,0x31,0x29,0x3a,
0x70,0x2e,0x6c,0x65,0x66,0x74,0x4a,0x6f,0x79,0x73,0x74,0x69,0x63,0x6b,0x2e,0x73,0x65,0x74,0x53,0x74,
0x69,0x63,0x6b,0x79,0x6e,0x65,0x73,0x73,0x28,0x21,0x30,0x29,0x29,0x3a,0x28,0x74,0x3d,0x3d,0x33,0x7c,
0x7c,0x74,0x3d,0x3d,0x34,0x29,0x26,0x26,0x28,0x70,0x2e,0x6c,0x65,0x66,0x74,0x4a,0x6f,0x79,0x73,0x74,
0x69,0x63,0x6b,0x2e,0x73,0x65,0x74,0x44,0x65,0x61,0x64,0x62,0x61,0x6e,0x64,0x28,0x32,0x35,0x29,0x2c,
0x70,0x2e,0x72,0x69,0x67,0x68,0x74,0x4a,0x6f,0x79,0x73,0x74,0x69,0x63,0x6b,0x2e,0x73,0x65,0x74,0x44,
0x65,0x61,0x64,0x62,0x61,0x6e,0x64,0x28,0x32,0x35,0x29,0x2c,0x70,0x2e,0x72,0x69,0x67,0x68,0x74,0x4a,
0x6f,0x79,0x73,0x74,0x69,0x63,0x6b,0x2e,0x73,0x65,0x74,0x52,0x6f,0x74,0x61,0x74,0x69,0x6f,0x6e,0x28,
0x21,0x31,0x29,0x2c,0x74,0x3d,0x3d,0x33,0x3f,0x28,0x70,0x2e,0x6c,0x65,0x66,0x74,0x4a,0x6f,0x79,0x73,
0x74,0x69,0x63,0x6b,0x2e,0x73,0x65,0x74,0x53,0x74,0x69,0x63,0x6b,0x79,0x6e,0x65,0x73,0x73,0x28,0x21,
0x31,0x29,0x2c,0x70,0x2e,0x72,0x69,0x67,0x68,0x74,0x4a,0x6f,0x79,0x73,0x74,0x69,0x63,0x6b,0x2e,0x73,
0x65,0x74,0x53,0x74,0x69,0x63,0x6b,0x79,0x6e,0x65,0x73,0x73,0x28,0x21,0x31,0x29,0x29,0x3a,0x28,0x70,
0x2e,0x6c,0x65,0x66,0x74,0x4a,0x6f,0x79,0x73,0x74,0x69,0x63,0x6b,0x2e,0x73,0x65,0x74,0x53,0x74,0x69,
0x63,0x6b,0x79,0x6e,0x65,0x73,0x73,0x28,0x21,0x30,0x29,0x2c,0x70,0x2e,0x72,0x69,0x67,0x68,0x74,0x4a,
0x6f,0x79,0x73,0x74,0x69,0x63,0x6b,0x2e,0x73,0x65,0x74,0x53,0x74,0x69,0x63,0x6b,0x79,0x6e,0x65,0x73,
0x73,0x28,0x21,0x30,0x29,0x29,0x29,0x7d,0x63,0x6f,0x6e,0x73,0x74,0x20,0x41,0x3d,0x7b,0x43,0x6f,0x6e,
0x74,0x72,0x6f,0x6c,0x4c,0x52,0x3a,0x31,0x2c,0x43,0x6f,0x6e,0x74,0x72,0x6f,0x6c,0x53,0x44,0x3a,0x32,
0x2c,0x43,0x6f,0x6e,0x74,0x72,0x6f,0x6c,0x4c,0x65,0x64,0x3a,0x33,0x2c,0x48,0x65,0x61,0x72,0x74,0x62,
0x65,0x61,0x74,0x3a,0x34,0x2c,0x53,0x74,0x61,0x74,0x75,0x73,0x3a,0x35,0x7d,0x3b,0x63,0x6c,0x61,0x73,
0x73,0x20,0x78,0x65,0x7b,0x67,0x65,0x6e,0x65,0x72,0x61,0x74,0x65,0x45,0x6d,0x70,0x74,0x79,0x43,0x6f,
0x6d,0x6d,0x61,0x6e,0x64,0x28,0x29,0x7b,0x72,0x65,0x74,0x75,0x72,0x6e,0x7b,0x69,0x64,0x3a,0x30,0x2c,
0x70,0x61,0x72,0x61,0x6d,0x65,0x74,0x65,0x72,0x43,0x6f,0x75,0x6e,0x74,0x3a,0x30,0x2c,0x70,0x61,0x72,
0x61,0x6d,0x65,0x74,0x65,0x72,0x73,0x3a,0x5b,0x5d,0x7d,0x7d,0x64,0x65,0x63,0x6f,0x64,0x65,0x43,0x6f,
0x6d,0x6d,0x61,0x6e,0x64,0x28,0x65,0x29,0x7b,0x76,0x61,0x72,0x20,0x6e,0x3d,0x74,0x68,0x69,0x73,0x2e,
0x67,0x65,0x6e,0x65,0x72,0x61,0x74,0x65,0x45,0x6d,0x70,0x74,0x79,0x43,0x6f,0x6d,0x6d,0x61,0x6e,0x64,
0x28,0x29,0x2c,0x6f,0x3d,0x65,0x2e,0x73,0x70,0x6c,0x69,0x74,0x28,0x22,0x20,0x22,0x29,0x3b,0x6e,0x2e,
0x69,0x64,0x3d,0x70,0x61,0x72,0x73,0x65,0x49,0x6e,0x74,0x28,0x6f,0x5b,0x30,0x5d,0x29,0x2c,0x6f,0x2e,
0x73,0x68,0x69,0x66,0x74,0x28,0x29,0x2c,0x6e,0x2e,0x70,0x61,0x72,0x61,0x6d,0x65,0x74,0x65,0x72,0x43,
0x6f,0x75,0x6e,0x74,0x3d,0x6f,0x2e,0x6c,0x65,0x6e,0x67,0x74,0x68,0x3b,0x66,0x6f,0x72,0x28,0x76,0x61,
0x72,0x20,0x69,0x3d,0x30,0x3b,0x69,0x3c,0x6e,0x2e,0x70,0x61,0x72,0x61,0x6d,0x65,0x74,0x65,0x72,0x43,
0x6f,0x75,0x6e,0x74,0x3b,0x69,0x2b,0x2b,0x29,0x6e,0x2e,0x70,0x61,0x72,0x61,0x6d,0x65,0x74,0x65,0x72,
0x73,0x2e,0x70,0x75,0x73,0x68,0x28,0x6f,0x5b,0x69,0x5d,0x29,0x3b,0x72,0x65,0x74,0x75,0x72,0x6e,0x20,
0x6e,0x7d,0x65,0x6e,0x63,0x6f,0x64,0x65,0x43,0x6f,0x6d,0x6d,0x61,0x6e,0x64,0x28,0x65,0x29,0x7b,0x76,
0x61,0x72,0x20,0x6e,0x3d,0x22,0x22,0x3b,0x6e,0x2b,0x3d,0x53,0x74,0x72,0x69,0x6e,0x67,0x28,0x65,0x2e,
0x69,0x64,0x29,0x3b,0x66,0x6f,0x72,0x28,0x76,0x61,0x72,0x20,0x6f,0x3d,0x30,0x3b,0x6f,0x3c,0x65,0x2e,
0x70,0x61,0x72,0x61,0x6d,0x65,0x74,0x65,0x72,0x43,0x6f,0x75,0x6e,0x74,0x3b,0x6f,0x2b,0x2b,0x29,0x6e,
0x2b,0x3d,0x22,0x20,0x22,0x2c,0x6e,0x2b,0x3d,0x53,0x74,0x72,0x69,0x6e,0x67,0x28,0x65,0x2e,0x70,0x61,
0x72,0x61,0x6d,0x65,0x74,0x65,0x72,0x73,0x5b,0x6f,0x5d,0x29,0x3b,0x72,0x65,0x74,0x75,0x72,0x6e,0x20,
0x6e,0x7d,0x67,0x65,0x74,0x48,0x65,0x61,0x72,0x74,0x62,0x65,0x61,0x74,0x43,0x6f,0x6d,0x6d,0x61,0x6e,
0x64,0x28,0x29,0x7b,0x76,0x61,0x72,0x20,0x65,0x3d,0x74,0x68,0x69,0x73,0x2e,0x67,0x65,0x6e,0x65,0x72,
0x61,0x74,0x65,0x45,0x6d,0x70,0x74,0x79,0x43,0x6f,0x6d,0x6d,0x61,0x6e,0x64,0x28,0x29,0x3b,0x72,0x65,
0x74,0x75,0x72,0x6e,0x20,0x65,0x2e,0x69,0x64,0x3d,0x41,0x2e,0x48,0x65,0x61,0x72,0x74,0x62,0x65,0x61,
0x74,0x2c,0x65,0x2e,0x70,0x61,0x72,0x61,0x6d,0x65,0x74,0x65,0x72,0x43,0x6f,0x75,0x6e,0x74,0x3d,0x30,
0x2c,0x65,0x7d,0x7d,0x63,0x6f,0x6e,0x73,0x74,0x20,0x54,0x65,0x3d,0x35,0x30,0x30,0x2c,0x4d,0x65,0x3d,
0x32,0x65,0x33,0x3b,0x63,0x6c,0x61,0x73,0x73,0x20,0x41,0x65,0x7b,0x63,0x6f,0x6e,0x73,0x74,0x72,0x75,
0x63,0x74,0x6f,0x72,0x28,0x29,0x7b,0x74,0x68,0x69,0x73,0x2e,0x73,0x6f,0x63,0x6b,0x65,0x74,0x3d,0x6e,
0x75,0x6c,0x6c,0x2c,0x74,0x68,0x69,0x73,0x2e,0x6f,0x6e,0x6c,0x69,0x6e,0x65,0x3d,0x21,0x31,0x2c,0x74,
0x68,0x69,0x73,0x2e,0x68,0x65,0x61,0x72,0x74,0x62,0x65,0x61,0x74,0x54,0x69,0x6d,0x65,0x72,0x3d,0x2d,
0x31,0x2c,0x74,0x68,0x69,0x73,0x2e,0x6c,0x61,0x73,0x74,0x52,0x65,0x63,0x65,0x69,0x76,0x65,0x64,0x48,
0x65,0x61,0x72,0x74,0x62,0x65,0x61,0x74,0x3d,0x30,0x2c,0x74,0x68,0x69,0x73,0x2e,0x69,0x6e,0x70,0x75,
0x74,0x55,0x70,0x64,0x61,0x74,0x65,0x54,0x69,0x6d,0x65,0x72,0x3d,0x6e,0x75,0x6c,0x6c,0x2c,0x74,0x68,
0x69,0x73,0x2e,0x6d,0x79,0x53,0x74,0x61,0x74,0x75,0x73,0x43,0x61,0x6c,0x6c,0x62,0x61,0x63,0x6b,0x3d,
0x6e,0x75,0x6c,0x6c,0x2c,0x74,0x68,0x69,0x73,0x2e,0x6f,0x6e,0x4f,0x66,0x66,0x6c,0x69,0x6e,0x65,0x43,
0x61,0x6c,0x6c,0x62,0x61,0x63,0x6b,0x3d,0x6e,0x75,0x6c,0x6c,0x2c,0x74,0x68,0x69,0x73,0x2e,0x6f,0x6e,
0x4f,0x6e,0x6c,0x69,0x6e,0x65,0x43,0x61,0x6c,0x6c,0x62,0x61,0x63,0x6b,0x3d,0x6e,0x75,0x6c,0x6c,0x2c,
0x74,0x68,0x69,0x73,0x2e,0x6c,0x65,0x66,0x74,0x4a,0x6f,0x79,0x73,0x74,0x69,0x63,0x6b,0x3d,0x6e,0x75,
0x6c,0x6c,0x2c,0x74,0x68,0x69,0x73,0x2e,0x72,0x69,0x67,0x68,0x74,0x4a,0x6f,0x79,0x73,0x74,0x69,0x63,
0x6b,0x3d,0x6e,0x75,0x6c,0x6c,0x2c,0x74,0x68,0x69,0x73,0x2e,0x70,0x61,0x72,0x73,0x65,0x72,0x3d,0x6e,
0x65,0x77,0x20,0x78,0x65,0x2c,0x74,0x68,0x69,0x73,0x2e,0x6c,0x61,0x73,0x74,0x43,0x6f,0x6d,0x6d,0x61,
0x6e,0x64,0x3d,0x22,0x22,0x7d,0x69,0x73,0x4f,0x6e,0x6c,0x69,0x6e,0x65,0x28,0x29,0x7b,0x72,0x65,0x74,
0x75,0x72,0x6e,0x20,0x6f,0x6e,0x6c,0x69,0x6e,0x65,0x7d,0x73,0x65,0x74,0x53,0x74,0x61,0x74,0x75,0x73,
0x43,0x61,0x6c,0x6c,0x62,0x61,0x63,0x6b,0x28,0x65,0x29,0x7b,0x74,0x68,0x69,0x73,0x2e,0x6d,0x79,0x53,
0x74,0x61,0x74,0x75,0x73,0x43,0x61,0x6c,0x6c,0x62,0x61,0x63,0x6b,0x3d,0x65,0x7d,0x73,0x65,0x74,0x4f,
0x6e,0x6c,0x69,0x6e,0x65,0x43,0x61,0x6c,0x6c,0x62,0x61,0x63,0x6b,0x28,0x65,0x29,0x7b,0x74,0x68,0x69,
0x73,0x2e,0x6f,0x6e,0x4f,0x6e,0x6c,0x69,0x6e,0x65,0x43,0x61,0x6c,0x6c,0x62,0x61,0x63,0x6b,0x3d,0x65,
0x7d,0x73,0x65,0x74,0x4f,0x66,0x66,0x6c,0x69,0x6e,0x65,0x43,0x61,0x6c,0x6c,0x62,0x61,0x63,0x6b,0x28,
0x65,0x29,0x7b,0x74,0x68,0x69,0x73,0x2e,0x6f,0x6e,0x4f,0x66,0x66,0x6c,0x69,0x6e,0x65,0x43,0x61,0x6c,
0x6c,0x62,0x61,0x63,0x6b,0x3d,0x65,0x7d,0x73,0x65,0x74,0x49,0x6e,0x70,0x75,0x74,0x4a,0x6f,0x79,0x73,
0x74,0x69,0x63,0x6b,0x73,0x28,0x65,0x2c,0x6e,0x29,0x7b,0x74,0x68,0x69,0x73,0x2e,0x6c,0x65,0x66,0x74,
0x4a,0x6f,0x79,0x73,0x74,0x69,0x63,0x6b,0x3d,0x65,0x2c,0x74,0x68,0x69,0x73,0x2e,0x72,0x69,0x67,0x68,
0x74,0x4a,0x6f,0x79,0x73,0x74,0x69,0x63,0x6b,0x3d,0x6e,0x7d,0x61,0x63,0x74,0x69,0x76,0x61,0x74,0x65,
0x41,0x75,0x74,0x6f,0x55,0x70,0x64,0x61,0x74,0x65,0x73,0x28,0x29,0x7b,0x74,0x68,0x69,0x73,0x2e,0x69,
0x6e,0x70,0x75,0x74,0x55,0x70,0x64,0x61,0x74,0x65,0x54,0x69,0x6d,0x65,0x72,0x3d,0x77,0x69,0x6e,0x64,
0x6f,0x77,0x2e,0x73,0x65,0x74,0x49,0x6e,0x74,0x65,0x72,0x76,0x61,0x6c,0x28,0x66,0x75,0x6e,0x63,0x74,
0x69,0x6f,0x6e,0x28,0x29,0x7b,0x74,0x68,0x69,0x73,0x2e,0x75,0x70,0x64,0x61,0x74,0x65,0x43,0x6f,0x6e,
0x74,0x72,0x6f,0x6c,0x73,0x28,0x29,0x7d,0x2c,0x31,0x30,0x30,0x29,0x7d,0x75,0x70,0x64,0x61,0x74,0x65,
0x43,0x6f,0x6e,0x74,0x72,0x6f,0x6c,0x73,0x28,0x29,0x7b,0x69,0x66,0x28,0x74,0x68,0x69,0x73,0x2e,0x6c,
0x65,0x66,0x74,0x4a,0x6f,0x79,0x73,0x74,0x69,0x63,0x6b,0x21,0x3d,0x6e,0x75,0x6c,0x6c,0x26,0x26,0x74,
0x68,0x69,0x73,0x2e,0x72,0x69,0x67,0x68,0x74,0x4a,0x6f,0x79,0x73,0x74,0x69,0x63,0x6b,0x21,0x3d,0x6e,
0x75,0x6c,0x6c,0x29,0x7b,0x76,0x61,0x72,0x20,0x65,0x3d,0x74,0x68,0x69,0x73,0x2e,0x70,0x61,0x72,0x73,
0x65,0x72,0x2e,0x67,0x65,0x6e,0x65,0x72,0x61,0x74,0x65,0x45,0x6d,0x70,0x74,0x79,0x43,0x6f,0x6d,0x6d,
0x61,0x6e,0x64,0x28,0x29,0x2c,0x6e,0x3d,0x70,0x2e,0x6d,0x6f,0x64,0x65,0x3b,0x69,0x66,0x28,0x6e,0x3d,
0x3d,0x31,0x7c,0x7c,0x6e,0x3d,0x3d,0x32,0x3f,0x65,0x2e,0x69,0x64,0x3d,0x41,0x2e,0x43,0x6f,0x6e,0x74,
0x72,0x6f,0x6c,0x53,0x44,0x3a,0x28,0x6e,0x3d,0x3d,0x33,0x7c,0x7c,0x6e,0x3d,0x3d,0x34,0x29,0x26,0x26,
0x28,0x65,0x2e,0x69,0x64,0x3d,0x41,0x2e,0x43,0x6f,0x6e,0x74,0x72,0x6f,0x6c,0x4c,0x52,0x29,0x2c,0x65,
0x2e,0x70,0x61,0x72,0x61,0x6d,0x65,0x74,0x65,0x72,0x43,0x6f,0x75,0x6e,0x74,0x3d,0x32,0x2c,0x65,0x2e,
0x70,0x61,0x72,0x61,0x6d,0x65,0x74,0x65,0x72,0x73,0x2e,0x70,0x75,0x73,0x68,0x28,0x74,0x68,0x69,0x73,
0x2e,0x6c,0x65,0x66,0x74,0x4a,0x6f,0x79,0x73,0x74,0x69,0x63,0x6b,0x2e,0x67,0x65,0x74,0x50,0x65,0x72,
0x63,0x65,0x6e,0x74,0x61,0x67,0x65,0x28,0x29,0x29,0x2c,0x6e,0x3d,0x3d,0x31,0x7c,0x7c,0x6e,0x3d,0x3d,
0x32,0x29,0x7b,0x76,0x61,0x72,0x20,0x6f,0x3d,0x74,0x68,0x69,0x73,0x2e,0x72,0x69,0x67,0x68,0x74,0x4a,
0x6f,0x79,0x73,0x74,0x69,0x63,0x6b,0x2e,0x67,0x65,0x74,0x50,0x65,0x72,0x63,0x65,0x6e,0x74,0x61,0x67,
0x65,0x28,0x29,0x3b,0x6f,0x3d,0x74,0x68,0x69,0x73,0x2e,0x61,0x64,0x64,0x54,0x72,0x69,0x6d,0x54,0x6f,
0x53,0x74,0x65,0x65,0x72,0x69,0x6e,0x67,0x28,0x6f,0x29,0x2c,0x65,0x2e,0x70,0x61,0x72,0x61,0x6d,0x65,
0x74,0x65,0x72,0x73,0x2e,0x70,0x75,0x73,0x68,0x28,0x6f,0x29,0x7d,0x65,0x6c,0x73,0x65,0x20,0x65,0x2e,
0x70,0x61,0x72,0x61,0x6d,0x65,0x74,0x65,0x72,0x73,0x2e,0x70,0x75,0x73,0x68,0x28,0x74,0x68,0x69,0x73,
0x2e,0x72,0x69,0x67,0x68,0x74,0x4a,0x6f,0x79,0x73,0x74,0x69,0x63,0x6b,0x2e,0x67,0x65,0x74,0x50,0x65,
0x72,0x63,0x65,0x6e,0x74,0x61,0x67,0x65,0x28,0x29,0x29,0x3b,0x74,0x68,0x69,0x73,0x2e,0x73,0x65,0x6e,
0x64,0x43,0x6f,0x6d,0x6d,0x61,0x6e,0x64,0x28,0x65,0x29,0x7d,0x7d,0x61,0x64,0x64,0x54,0x72,0x69,0x6d,
0x54,0x6f,0x53,0x74,0x65,0x65,0x72,0x69,0x6e,0x67,0x28,0x65,0x29,0x7b,0x76,0x61,0x72,0x20,0x6e,0x3d,
0x70,0x2e,0x74,0x72,0x69,0x6d,0x56,0x61,0x6c,0x75,0x65,0x3b,0x72,0x65,0x74,0x75,0x72,0x6e,0x20,0x65,
0x3d,0x65,0x2d,0x6e,0x2c,0x65,0x3e,0x31,0x30,0x30,0x3f,0x65,0x3d,0x31,0x30,0x30,0x3a,0x65,0x3c,0x2d,
0x31,0x30,0x30,0x26,0x26,0x28,0x65,0x3d,0x2d,0x31,0x30,0x30,0x29,0x2c,0x65,0x7d,0x73,0x74,0x61,0x72,
0x74,0x48,0x65,0x61,0x72,0x74,0x62,0x65,0x61,0x74,0x43,0x68,0x65,0x63,0x6b,0x28,0x29,0x7b,0x74,0x68,
0x69,0x73,0x2e,0x68,0x65,0x61,0x72,0x74,0x62,0x65,0x61,0x74,0x54,0x69,0x6d,0x65,0x72,0x3d,0x73,0x65,
0x74,0x49,0x6e,0x74,0x65,0x72,0x76,0x61,0x6c,0x28,0x28,0x29,0x3d,0x3e,0x7b,0x74,0x68,0x69,0x73,0x2e,
0x73,0x65,0x6e,0x64,0x48,0x65,0x61,0x72,0x74,0x62,0x65,0x61,0x74,0x28,0x29,0x2c,0x74,0x68,0x69,0x73,
0x2e,0x63,0x68,0x65,0x63,0x6b,0x48,0x65,0x61,0x72,0x74,0x62,0x65,0x61,0x74,0x28,0x29,0x7d,0x2c,0x54,
0x65,0x29,0x7d,0x73,0x65,0x6e,0x64,0x48,0x65,0x61,0x72,0x74,0x62,0x65,0x61,0x74,0x28,0x29,0x7b,0x76,
0x61,0x72,0x20,0x65,0x3d,0x74,0x68,0x69,0x73,0x2e,0x70,0x61,0x72,0x73,0x65,0x72,0x2e,0x67,0x65,0x74,
0x48,0x65,0x61,0x72,0x74,0x62,0x65,0x61,0x74,0x43,0x6f,0x6d,0x6d,0x61,0x6e,0x64,0x28,0x29,0x3b,0x74,
0x68,0x69,0x73,0x2e,0x73,0x65,0x6e,0x64,0x43,0x6f,0x6d,0x6d,0x61,0x6e,0x64,0x28,0x65,0x29,0x7d,0x63,
0x68,0x65,0x63,0x6b,0x48,0x65,0x61,0x72,0x74,0x62,0x65,0x61,0x74,0x28,0x29,0x7b,0x44,0x61,0x74,0x65,
0x2e,0x6e,0x6f,0x77,0x28,0x29,0x2d,0x74,0x68,0x69,0x73,0x2e,0x6c,0x61,0x73,0x74,0x52,0x65,0x63,0x65,
0x69,0x76,0x65,0x64,0x48,0x65,0x61,0x72,0x74,0x62,0x65,0x61,0x74,0x3e,0x4d,0x65,0x26,0x26,0x28,0x74,
0x68,0x69,0x73,0x2e,0x64,0x69,0x73,0x63,0x6f,0x6e,0x6e,0x65,0x63,0x74,0x28,0x29,0x2c,0x63,0x6f,0x6e,
0x73,0x6f,0x6c,0x65,0x2e,0x6c,0x6f,0x67,0x28,0x22,0x43,0x6f,0x6d,0x6d,0x75,0x6e,0x69,0x63,0x61,0x74,
0x69,0x6f,0x6e,0x20,0x74,0x69,0x6d,0x65,0x64,0x20,0x6f,0x75,0x74,0x22,0x29,0x29,0x7d,0x6f,0x70,0x65,
0x6e,0x53,0x6f,0x63,0x6b,0x65,0x74,0x28,0x29,0x7b,0x74,0x72,0x79,0x7b,0x74,0x68,0x69,0x73,0x2e,0x73,
0x6f,0x63,0x6b,0x65,0x74,0x3d,0x6e,0x65,0x77,0x20,0x57,0x65,0x62,0x53,0x6f,0x63,0x6b,0x65,0x74,0x28,
0x22,0x77,0x73,0x3a,0x2f,0x2f,0x22,0x2b,0x6c,0x6f,0x63,0x61,0x74,0x69,0x6f,0x6e,0x2e,0x68,0x6f,0x73,
0x74,0x6e,0x61,0x6d,0x65,0x2b,0x22,0x3a,0x38,0x31,0x2f,0x22,0x29,0x2c,0x74,0x68,0x69,0x73,0x2e,0x73,
0x6f,0x63,0x6b,0x65,0x74,0x2e,0x6f,0x6e,0x6f,0x70,0x65,0x6e,0x3d,0x66,0x75,0x6e,0x63,0x74,0x69,0x6f,
0x6e,0x28,0x29,0x7b,0x63,0x6f,0x6e,0x73,0x6f,0x6c,0x65,0x2e,0x6c,0x6f,0x67,0x28,0x22,0x4f,0x70,0x65,
0x6e,0x65,0x64,0x20,0x73,0x6f,0x63,0x6b,0x65,0x74,0x22,0x29,0x7d,0x2c,0x74,0x68,0x69,0x73,0x2e,0x73,
0x6f,0x63,0x6b,0x65,0x74,0x2e,0x6f,0x6e,0x65,0x72,0x72,0x6f,0x72,0x3d,0x66,0x75,0x6e,0x63,0x74,0x69,
0x6f,0x6e,0x28,0x65,0x29,0x7b,0x7d,0x2c,0x74,0x68,0x69,0x73,0x2e,0x73,0x6f,0x63,0x6b,0x65,0x74,0x2e,
0x6f,0x6e,0x6d,0x65,0x73,0x73,0x61,0x67,0x65,0x3d,0x28,0x66,0x75,0x6e,0x63,0x74,0x69,0x6f,0x6e,0x28,
0x65,0x29,0x7b,0x63,0x6f,0x6e,0x73,0x6f,0x6c,0x65,0x2e,0x6c,0x6f,0x67,0x28,0x22,0x53,0x65,0x72,0x76,
0x65,0x72,0x3a,0x20,0x22,0x2c,0x65,0x2e,0x64,0x61,0x74,0x61,0x29,0x2c,0x74,0x68,0x69,0x73,0x2e,0x63,
0x68,0x65,0x63,0x6b,0x52,0x65,0x73,0x70,0x6f,0x6e,0x73,0x65,0x28,0x65,0x2e,0x64,0x61,0x74,0x61,0x29,
0x2c,0x74,0x68,0x69,0x73,0x2e,0x70,0x72,0x6f,0x63,0x65,0x73,0x73,0x4d,0x65,0x73,0x73,0x61,0x67,0x65,
0x28,0x65,0x2e,0x64,0x61,0x74,0x61,0x29,0x7d,0x29,0x2e,0x62,0x69,0x6e,0x64,0x28,0x74,0x68,0x69,0x73,
0x29,0x2c,0x74,0x68,0x69,0x73,0x2e,0x73,0x6f,0x63,0x6b,0x65,0x74,0x2e,0x6f,0x6e,0x63,0x6c,0x6f,0x73,
0x65,0x3d,0x66,0x75,0x6e,0x63,0x74,0x69,0x6f,0x6e,0x28,0x29,0x7b,0x63,0x6f,0x6e,0x73,0x6f,0x6c,0x65,
0x2e,0x6c,0x6f,0x67,0x28,0x22,0x57,0x65,0x62,0x53,0x6f,0x63,0x6b,0x65,0x74,0x20,0x63,0x6f,0x6e,0x6e,
0x65,0x63,0x74,0x69,0x6f,0x6e,0x20,0x63,0x6c,0x6f,0x73,0x65,0x64,0x22,0x29,0x7d,0x7d,0x63,0x61,0x74,
0x63,0x68,0x7b,0x7d,0x7d,0x63,0x6f,0x6e,0x6e,0x65,0x63,0x74,0x28,0x29,0x7b,0x74,0x68,0x69,0x73,0x2e,
0x6f,0x70,0x65,0x6e,0x53,0x6f,0x63,0x6b,0x65,0x74,0x28,0x29,0x7d,0x72,0x65,0x63,0x6f,0x6e,0x6e,0x65,
0x63,0x74,0x28,0x29,0x7b,0x74,0x68,0x69,0x73,0x2e,0x64,0x69,0x73,0x63,0x6f,0x6e,0x6e,0x65,0x63,0x74,
0x28,0x29,0x2c,0x74,0x68,0x69,0x73,0x2e,0x63,0x6f,0x6e,0x6e,0x65,0x63,0x74,0x28,0x29,0x7d,0x64,0x69,
0x73,0x63,0x6f,0x6e,0x6e,0x65,0x63,0x74,0x28,0x29,0x7b,0x74,0x68,0x69,0x73,0x2e,0x6f,0x6e,0x6c,0x69,
0x6e,0x65,0x3d,0x21,0x31,0x2c,0x74,0x68,0x69,0x73,0x2e,0x6f,0x6e,0x4f,0x66,0x66,0x6c,0x69,0x6e,0x65,
0x43,0x61,0x6c,0x6c,0x62,0x61,0x63,0x6b,0x21,0x3d,0x6e,0x75,0x6c,0x6c,0x26,0x26,0x74,0x68,0x69,0x73,
0x2e,0x6f,0x6e,0x4f,0x66,0x66,0x6c,0x69,0x6e,0x65,0x43,0x61,0x6c,0x6c,0x62,0x61,0x63,0x6b,0x28,0x29,
0x2c,0x74,0x68,0x69,0x73,0x2e,0x73,0x6f,0x63,0x6b,0x65,0x74,0x21,0x3d,0x6e,0x75,0x6c,0x6c,0x26,0x26,
0x74,0x68,0x69,0x73,0x2e,0x73,0x6f,0x63,0x6b,0x65,0x74,0x2e,0x63,0x6c,0x6f,0x73,0x65,0x28,0x29,0x2c,
0x74,0x68,0x69,0x73,0x2e,0x68,0x65,0x61,0x72,0x74,0x62,0x65,0x61,0x74,0x54,0x69,0x6d,0x65,0x72,0x21,
0x3d,0x2d,0x31,0x26,0x26,0x28,0x63,0x6c,0x65,0x61,0x72,0x49,0x6e,0x74,0x65,0x72,0x76,0x61,0x6c,0x28,
0x74,0x68,0x69,0x73,0x2e,0x68,0x65,0x61,0x72,0x74,0x62,0x65,0x61,0x74,0x54,0x69,0x6d,0x65,0x72,0x29,
0x2c,0x74,0x68,0x69,0x73,0x2e,0x68,0x65,0x61,0x72,0x74,0x62,0x65,0x61,0x74,0x54,0x69,0x6d,0x65,0x72,
0x3d,0x2d,0x31,0x29,0x7d,0x73,0x65,0x6e,0x64,0x43,0x6f,0x6d,0x6d,0x61,0x6e,0x64,0x28,0x65,0x29,0x7b,
0x63,0x6f,0x6e,0x73,0x6f,0x6c,0x65,0x2e,0x6c,0x6f,0x67,0x28,0x74,0x68,0x69,0x73,0x2e,0x70,0x61,0x72,
0x73,0x65,0x72,0x2e,0x65,0x6e,0x63,0x6f,0x64,0x65,0x43,0x6f,0x6d,0x6d,0x61,0x6e,0x64,0x28,0x65,0x29,
0x29,0x2c,0x74,0x68,0x69,0x73,0x2e,0x6c,0x61,0x73,0x74,0x43,0x6f,0x6d,0x6d,0x61,0x6e,0x64,0x3d,0x65,
0x2c,0x74,0x68,0x69,0x73,0x2e,0x73,0x6f,0x63,0x6b,0x65,0x74,0x21,0x3d,0x6e,0x75,0x6c,0x6c,0x26,0x26,
0x74,0x68,0x69,0x73,0x2e,0x73,0x6f,0x63,0x6b,0x65,0x74,0x2e,0x72,0x65,0x61,0x64,0x79,0x53,0x74,0x61,
0x74,0x65,0x3d,0x3d,0x3d,0x74,0x68,0x69,0x73,0x2e,0x73,0x6f,0x63,0x6b,0x65,0x74,0x2e,0x4f,0x50,0x45,
0x4e,0x26,0x26,0x74,0x68,0x69,0x73,0x2e,0x73,0x6f,0x63,0x6b,0x65,0x74,0x2e,0x73,0x65,0x6e,0x64,0x28,
0x74,0x68,0x69,0x73,0x2e,0x70,0x61,0x72,0x73,0x65,0x72,0x2e,0x65,0x6e,0x63,0x6f,0x64,0x65,0x43,0x6f,
0x6d,0x6d,0x61,0x6e,0x64,0x28,0x65,0x29,0x29,0x7d,0x63,0x68,0x65,0x63,0x6b,0x52,0x65,0x73,0x70,0x6f,
0x6e,0x73,0x65,0x28,0x65,0x29,0x7b,0x69,0x66,0x28,0x65,0x2e,0x69,0x6e,0x63,0x6c,0x75,0x64,0x65,0x73,
0x28,0x22,0x56,0x22,0x29,0x29,0x7b,0x76,0x61,0x72,0x20,0x6e,0x3d,0x65,0x2e,0x73,0x75,0x62,0x73,0x74,
0x72,0x69,0x6e,0x67,0x28,0x32,0x29,0x3b,0x62,0x61,0x74,0x74,0x65,0x72,0x79,0x56,0x6f,0x6c,0x74,0x61,
0x67,0x65,0x3d,0x70,0x61,0x72,0x73,0x65,0x46,0x6c,0x6f,0x61,0x74,0x28,0x6e,0x29,0x7d,0x7d,0x70,0x72,
0x6f,0x63,0x65,0x73,0x73,0x4d,0x65,0x73,0x73,0x61,0x67,0x65,0x28,0x65,0x29,0x7b,0x63,0x6f,0x6e,0x73,
0x6f,0x6c,0x65,0x2e,0x6c,0x6f,0x67,0x28,0x65,0x2b,0x22,0x20,0x3c,0x2d,0x53,0x65,0x72,0x76,0x65,0x72,
0x20,0x22,0x29,0x3b,0x76,0x61,0x72,0x20,0x6e,0x3d,0x74,0x68,0x69,0x73,0x2e,0x70,0x61,0x72,0x73,0x65,
0x72,0x2e,0x64,0x65,0x63,0x6f,0x64,0x65,0x43,0x6f,0x6d,0x6d,0x61,0x6e,0x64,0x28,0x65,0x29,0x3b,0x73,
0x77,0x69,0x74,0x63,0x68,0x28,0x6e,0x2e,0x69,0x64,0x29,0x7b,0x63,0x61,0x73,0x65,0x20,0x41,0x2e,0x53,
0x74,0x61,0x74,0x75,0x73,0x3a,0x74,0x68,0x69,0x73,0x2e,0x6d,0x79,0x53,0x74,0x61,0x74,0x75,0x73,0x43,
0x61,0x6c,0x6c,0x62,0x61,0x63,0x6b,0x21,0x3d,0x6e,0x75,0x6c,0x6c,0x26,0x26,0x74,0x68,0x69,0x73,0x2e,
0x6d,0x79,0x53,0x74,0x61,0x74,0x75,0x73,0x43,0x61,0x6c,0x6c,0x62,0x61,0x63,0x6b,0x28,0x6e,0x29,0x3b,
0x62,0x72,0x65,0x61,0x6b,0x3b,0x63,0x61,0x73,0x65,0x20,0x41,0x2e,0x48,0x65,0x61,0x72,0x74,0x62,0x65,
0x61,0x74,0x3a,0x74,0x68,0x69,0x73,0x2e,0x6f,0x6e,0x6c,0x69,0x6e,0x65,0x7c,0x7c,0x74,0x68,0x69,0x73,
0x2e,0x6f,0x6e,0x4f,0x6e,0x6c,0x69,0x6e,0x65,0x43,0x61,0x6c,0x6c,0x62,0x61,0x63,0x6b,0x28,0x29,0x2c,
0x74,0x68,0x69,0x73,0x2e,0x6f,0x6e,0x6c,0x69,0x6e,0x65,0x3d,0x21,0x30,0x2c,0x74,0x68,0x69,0x73,0x2e,
0x6c,0x61,0x73,0x74,0x52,0x65,0x63,0x65,0x69,0x76,0x65,0x64,0x48,0x65,0x61,0x72,0x74,0x62,0x65,0x61,
0x74,0x3d,0x44,0x61,0x74,0x65,0x2e,0x6e,0x6f,0x77,0x28,0x29,0x3b,0x62,0x72,0x65,0x61,0x6b,0x7d,0x7d,
0x7d,0x2f,0x2a,0x2a,0x0a,0x2a,0x20,0x28,0x63,0x29,0x20,0x49,0x63,0x6f,0x6e,0x69,0x66,0x79,0x0a,0x2a,
0x0a,0x2a,0x20,0x46,0x6f,0x72,0x20,0x74,0x68,0x65,0x20,0x66,0x75,0x6c,0x6c,0x20,0x63,0x6f,0x70,0x79,
0x72,0x69,0x67,0x68,0x74,0x20,0x61,0x6e,0x64,0x20,0x6c,0x69,0x63,0x65,0x6e,0x73,0x65,0x20,0x69,0x6e,
0x66,0x6f,0x72,0x6d,0x61,0x74,0x69,0x6f,0x6e,0x2c,0x20,0x70,0x6c,0x65,0x61,0x73,0x65,0x20,0x76,0x69,
0x65,0x77,0x20,0x74,0x68,0x65,0x20,0x6c,0x69,0x63,0x65,0x6e,0x73,0x65,0x2e,0x74,0x78,0x74,0x20,0x6f,
0x72,0x20,0x6c,0x69,0x63,0x65,0x6e,0x73,0x65,0x2e,0x67,0x70,0x6c,0x2e,0x74,0x78,0x74,0x0a,0x2a,0x20,
0x66,0x69,0x6c,0x65,0x73,0x20,0x61,0x74,0x20,0x68,0x74,0x74,0x70,0x73,0x3a,0x2f,0x2f,0x67,0x69,0x74,
0x68,0x75,0x62,0x2e,0x63,0x6f,0x6d,0x2f,0x69,0x63,0x6f,0x6e,0x69,0x66,0x79,0x2f,0x69,0x63,0x6f,0x6e,
0x69,0x66,0x79,0x0a,0x2a,0x0a,0x2a,0x20,0x4c,0x69,0x63,0x65,0x6e,0x73,0x65,0x64,0x20,0x75,0x6e,0x64,
0x65,0x72,0x20,0x4d,0x49,0x54,0x2e,0x0a,0x2a,0x0a,0x2a,0x20,0x40,0x6c,0x69,0x63,0x65,0x6e,0x73,0x65,
0x20,0x4d,0x49,0x54,0x0a,0x2a,0x20,0x40,0x76,0x65,0x72,0x73,0x69,0x6f,0x6e,0x20,0x33,0x2e,0x31,0x2e,
0x31,0x0a,0x2a,0x2f,0x63,0x6f,0x6e,0x73,0x74,0x20,0x46,0x74,0x3d,0x4f,0x62,0x6a,0x65,0x63,0x74,0x2e,
0x66,0x72,0x65,0x65,0x7a,0x65,0x28,0x7b,0x6c,0x65,0x66,0x74,0x3a,0x30,0x2c,0x74,0x6f,0x70,0x3a,0x30,
0x2c,0x77,0x69,0x64,0x74,0x68,0x3a,0x31,0x36,0x2c,0x68,0x65,0x69,0x67,0x68,0x74,0x3a,0x31,0x36,0x7d,
0x29,0x2c,0x24,0x3d,0x4f,0x62,0x6a,0x65,0x63,0x74,0x2e,0x66,0x72,0x65,0x65,0x7a,0x65,0x28,0x7b,0x72,
0x6f,0x74,0x61,0x74,0x65,0x3a,0x30,0x2c,0x76,0x46,0x6c,0x69,0x70,0x3a,0x21,0x31,0x2c,0x68,0x46,0x6c,
0x69,0x70,0x3a,0x21,0x31,0x7d,0x29,0x2c,0x44,0x3d,0x4f,0x62,0x6a,0x65,0x63,0x74,0x2e,0x66,0x72,0x65,
0x65,0x7a,0x65,0x28,0x7b,0x2e,0x2e,0x2e,0x46,0x74,0x2c,0x2e,0x2e,0x2e,0x24,0x7d,0x29,0x2c,0x6c,0x74,
0x3d,0x4f,0x62,0x6a,0x65,0x63,0x74,0x2e,0x66,0x72,0x65,0x65,0x7a,0x65,0x28,0x7b,0x2e,0x2e,0x2e,0x44,
0x2c,0x62,0x6f,0x64,0x79,0x3a,0x22,0x22,0x2c,0x68,0x69,0x64,0x64,0x65,0x6e,0x3a,0x21,0x31,0x7d,0x29,
0x3b,0x66,0x75,0x6e,0x63,0x74,0x69,0x6f,0x6e,0x20,0x4c,0x65,0x28,0x74,0x2c,0x65,0x29,0x7b,0x63,0x6f,
0x6e,0x73,0x74,0x20,0x6e,0x3d,0x7b,0x7d,0x3b,0x21,0x74,0x2e,0x68,0x46,0x6c,0x69,0x70,0x21,0x3d,0x21,
0x65,0x2e,0x68,0x46,0x6c,0x69,0x70,0x26,0x26,0x28,0x6e,0x2e,0x68,0x46,0x6c,0x69,0x70,0x3d,0x21,0x30,
0x29,0x2c,0x21,0x74,0x2e,0x76,0x46,0x6c,0x69,0x70,0x21,0x3d,0x21,0x65,0x2e,0x76,0x46,0x6c,0x69,0x70,
0x26,0x26,0x28,0x6e,0x2e,0x76,0x46,0x6c,0x69,0x70,0x3d,0x21,0x30,0x29,0x3b,0x63,0x6f,0x6e,0x73,0x74,
0x20,0x6f,0x3d,0x28,0x28,0x74,0x2e,0x72,0x6f,0x74,0x61,0x74,0x65,0x7c,0x7c,0x30,0x29,0x2b,0x28,0x65,
0x2e,0x72,0x6f,0x74,0x61,0x74,0x65,0x7c,0x7c,0x30,0x29,0x29,0x25,0x34,0x3b,0x72,0x65,0x74,0x75,0x72,
0x6e,0x20,0x6f,0x26,0x26,0x28,0x6e,0x2e,0x72,0x6f,0x74,0x61,0x74,0x65,0x3d,0x6f,0x29,0x2c,0x6e,0x7d,
0x66,0x75,0x6e,0x63,0x74,0x69,0x6f,0x6e,0x20,0x4c,0x74,0x28,0x74,0x2c,0x65,0x29,0x7b,0x63,0x6f,0x6e,
0x73,0x74,0x20,0x6e,0x3d,0x4c,0x65,0x28,0x74,0x2c,0x65,0x29,0x3b,0x66,0x6f,0x72,0x28,0x63,0x6f,0x6e,
0x73,0x74,0x20,0x6f,0x20,0x69,0x6e,0x20,0x6c,0x74,0x29,0x6f,0x20,0x69,0x6e,0x20,0x24,0x3f,0x6f,0x20,
0x69,0x6e,0x20,0x74,0x26,0x26,0x21,0x28,0x6f,0x20,0x69,0x6e,0x20,0x6e,0x29,0x26,0x26,0x28,0x6e,0x5b,
0x6f,0x5d,0x3d,0x24,0x5b,0x6f,0x5d,0x29,0x3a,0x6f,0x20,0x69,0x6e,0x20,0x65,0x3f,0x6e,0x5b,0x6f,0x5d,
0x3d,0x65,0x5b,0x6f,0x5d,0x3a,0x6f,0x20,0x69,0x6e,0x20,0x74,0x26,0x26,0x28,0x6e,0x5b,0x6f,0x5d,0x3d,
0x74,0x5b,0x6f,0x5d,0x29,0x3b,0x72,0x65,0x74,0x75,0x72,0x6e,0x20,0x6e,0x7d,0x66,0x75,0x6e,0x63,0x74,
0x69,0x6f,0x6e,0x20,0x50,0x65,0x28,0x74,0x2c,0x65,0x29,0x7b,0x63,0x6f,0x6e,0x73,0x74,0x20,0x6e,0x3d,
0x74,0x2e,0x69,0x63,0x6f,0x6e,0x73,0x2c,0x6f,0x3d,0x74,0x2e,0x61,0x6c,0x69,0x61,0x73,0x65,0x73,0x7c,
0x7c,0x4f,0x62,0x6a,0x65,0x63,0x74,0x2e,0x63,0x72,0x65,0x61,0x74,0x65,0x28,0x6e,0x75,0x6c,0x6c,0x29,
0x2c,0x69,0x3d,0x4f,0x62,0x6a,0x65,0x63,0x74,0x2e,0x63,0x72,0x65,0x61,0x74,0x65,0x28,0x6e,0x75,0x6c,
0x6c,0x29,0x3b,0x66,0x75,0x6e,0x63,0x74,0x69,0x6f,0x6e,0x20,0x73,0x28,0x72,0x29,0x7b,0x69,0x66,0x28,
0x6e,0x5b,0x72,0x5d,0x29,0x72,0x65,0x74,0x75,0x72,0x6e,0x20,0x69,0x5b,0x72,0x5d,0x3d,0x5b,0x5d,0x3b,
0x69,0x66,0x28,0x21,0x28,0x72,0x20,0x69,0x6e,0x20,0x69,0x29,0x29,0x7b,0x69,0x5b,0x72,0x5d,0x3d,0x6e,
0x75,0x6c,0x6c,0x3b,0x63,0x6f,0x6e,0x73,0x74,0x20,0x63,0x3d,0x6f,0x5b,0x72,0x5d,0x26,0x26,0x6f,0x5b,
0x72,0x5d,0x2e,0x70,0x61,0x72,0x65,0x6e,0x74,0x2c,0x61,0x3d,0x63,0x26,0x26,0x73,0x28,0x63,0x29,0x3b,
0x61,0x26,0x26,0x28,0x69,0x5b,0x72,0x5d,0x3d,0x5b,0x63,0x5d,0x2e,0x63,0x6f,0x6e,0x63,0x61,0x74,0x28,
0x61,0x29,0x29,0x7d,0x72,0x65,0x74,0x75,0x72,0x6e,0x20,0x69,0x5b,0x72,0x5d,0x7d,0x72,0x65,0x74,0x75,
0x72,0x6e,0x20,0x4f,0x62,0x6a,0x65,0x63,0x74,0x2e,0x6b,0x65,0x79,0x73,0x28,0x6e,0x29,0x2e,0x63,0x6f,
0x6e,0x63,0x61,0x74,0x28,0x4f,0x62,0x6a,0x65,0x63,0x74,0x2e,0x6b,0x65,0x79,0x73,0x28,0x6f,0x29,0x29,
0x2e,0x66,0x6f,0x72,0x45,0x61,0x63,0x68,0x28,0x73,0x29,0x2c,0x69,0x7d,0x66,0x75,0x6e,0x63,0x74,0x69,
0x6f,0x6e,0x20,0x42,0x65,0x28,0x74,0x2c,0x65,0x2c,0x6e,0x29,0x7b,0x63,0x6f,0x6e,0x73,0x74,0x20,0x6f,
0x3d,0x74,0x2e,0x69,0x63,0x6f,0x6e,0x73,0x2c,0x69,0x3d,0x74,0x2e,0x61,0x6c,0x69,0x61,0x73,0x65,0x73,
0x7c,0x7c,0x4f,0x62,0x6a,0x65,0x63,0x74,0x2e,0x63,0x72,0x65,0x61,0x74,0x65,0x28,0x6e,0x75,0x6c,0x6c,
0x29,0x3b,0x6c,0x65,0x74,0x20,0x73,0x3d,0x7b,0x7d,0x3b,0x66,0x75,0x6e,0x63,0x74,0x69,0x6f,0x6e,0x20,
0x72,0x28,0x63,0x29,0x7b,0x73,0x3d,0x4c,0x74,0x28,0x6f,0x5b,0x63,0x5d,0x7c,0x7c,0x69,0x5b,0x63,0x5d,
0x2c,0x73,0x29,0x7d,0x72,0x65,0x74,0x75,0x72,0x6e,0x20,0x72,0x28,0x65,0x29,0x2c,0x6e,0x2e,0x66,0x6f,
0x72,0x45,0x61,0x63,0x68,0x28,0x72,0x29,0x2c,0x4c,0x74,0x28,0x74,0x2c,0x73,0x29,0x7d,0x66,0x75,0x6e,
0x63,0x74,0x69,0x6f,0x6e,0x20,0x4f,0x65,0x28,0x74,0x2c,0x65,0x29,0x7b,0x63,0x6f,0x6e,0x73,0x74,0x20,
0x6e,0x3d,0x5b,0x5d,0x3b,0x69,0x66,0x28,0x74,0x79,0x70,0x65,0x6f,0x66,0x20,0x74,0x21,0x3d,0x22,0x6f,
0x62,0x6a,0x65,0x63,0x74,0x22,0x7c,0x7c,0x74,0x79,0x70,0x65,0x6f,0x66,0x20,0x74,0x2e,0x69,0x63,0x6f,
0x6e,0x73,0x21,0x3d,0x22,0x6f,0x62,0x6a,0x65,0x63,0x74,0x22,0x29,0x72,0x65,0x74,0x75,0x72,0x6e,0x20,
0x6e,0x3b,0x74,0x2e,0x6e,0x6f,0x74,0x5f,0x66,0x6f,0x75,0x6e,0x64,0x20,0x69,0x6e,0x73,0x74,0x61,0x6e,
0x63,0x65,0x6f,0x66,0x20,0x41,0x72,0x72,0x61,0x79,0x26,0x26,0x74,0x2e,0x6e,0x6f,0x74,0x5f,0x66,0x6f,
0x75,0x6e,0x64,0x2e,0x66,0x6f,0x72,0x45,0x61,0x63,0x68,0x28,0x69,0x3d,0x3e,0x7b,0x65,0x28,0x69,0x2c,
0x6e,0x75,0x6c,0x6c,0x29,0x2c,0x6e,0x2e,0x70,0x75,0x73,0x68,0x28,0x69,0x29,0x7d,0x29,0x3b,0x63,0x6f,
0x6e,0x73,0x74,0x20,0x6f,0x3d,0x50,0x65,0x28,0x74,0x29,0x3b,0x66,0x6f,0x72,0x28,0x63,0x6f,0x6e,0x73,
0x74,0x20,0x69,0x20,0x69,0x6e,0x20,0x6f,0x29,0x7b,0x63,0x6f,0x6e,0x73,0x74,0x20,0x73,0x3d,0x6f,0x5b,
0x69,0x5d,0x3b,0x73,0x26,0x26,0x28,0x65,0x28,0x69,0x2c,0x42,0x65,0x28,0x74,0x2c,0x69,0x2c,0x73,0x29,
0x29,0x2c,0x6e,0x2e,0x70,0x75,0x73,0x68,0x28,0x69,0x29,0x29,0x7d,0x72,0x65,0x74,0x75,0x72,0x6e,0x20,
0x6e,0x7d,0x63,0x6f,0x6e,0x73,0x74,0x20,0x52,0x3d,0x2f,0x5e,0x5b,0x61,0x2d,0x7a,0x30,0x2d,0x39,0x5d,
0x2b,0x28,0x2d,0x5b,0x61,0x2d,0x7a,0x30,0x2d,0x39,0x5d,0x2b,0x29,0x2a,0x24,0x2f,0x2c,0x50,0x3d,0x28,
0x74,0x2c,0x65,0x2c,0x6e,0x2c,0x6f,0x3d,0x22,0x22,0x29,0x3d,0x3e,0x7b,0x63,0x6f,0x6e,0x73,0x74,0x20,
0x69,0x3d,0x74,0x2e,0x73,0x70,0x6c,0x69,0x74,0x28,0x22,0x3a,0x22,0x29,0x3b,0x69,0x66,0x28,0x74,0x2e,
0x73,0x6c,0x69,0x63,0x65,0x28,0x30,0x2c,0x31,0x29,0x3d,0x3d,0x3d,0x22,0x40,0x22,0x29,0x7b,0x69,0x66,
0x28,0x69,0x2e,0x6c,0x65,0x6e,0x67,0x74,0x68,0x3c,0x32,0x7c,0x7c,0x69,0x2e,0x6c,0x65,0x6e,0x67,0x74,
0x68,0x3e,0x33,0x29,0x72,0x65,0x74,0x75,0x72,0x6e,0x20,0x6e,0x75,0x6c,0x6c,0x3b,0x6f,0x3d,0x69,0x2e,
0x73,0x68,0x69,0x66,0x74,0x28,0x29,0x2e,0x73,0x6c,0x69,0x63,0x65,0x28,0x31,0x29,0x7d,0x69,0x66,0x28,
0x69,0x2e,0x6c,0x65,0x6e,0x67,0x74,0x68,0x3e,0x33,0x7c,0x7c,0x21,0x69,0x2e,0x6c,0x65,0x6e,0x67,0x74,
0x68,0x29,0x72,0x65,0x74,0x75,0x72,0x6e,0x20,0x6e,0x75,0x6c,0x6c,0x3b,0x69,0x66,0x28,0x69,0x2e,0x6c,
0x65,0x6e,0x67,0x74,0x68,0x3e,0x31,0x29,0x7b,0x63,0x6f,0x6e,0x73,0x74,0x20,0x63,0x3d,0x69,0x2e,0x70,
0x6f,0x70,0x28,0x29,0x2c,0x61,0x3d,0x69,0x2e,0x70,0x6f,0x70,0x28,0x29,0x2c,0x6c,0x3d,0x7b,0x70,0x72,
0x6f,0x76,0x69,0x64,0x65,0x72,0x3a,0x69,0x2e,0x6c,0x65,0x6e,0x67,0x74,0x68,0x3e,0x30,0x3f,0x69,0x5b,
0x30,0x5d,0x3a,0x6f,0x2c,0x70,0x72,0x65,0x66,0x69,0x78,0x3a,0x61,0x2c,0x6e,0x61,0x6d,0x65,0x3a,0x63,
0x7d,0x3b,0x72,0x65,0x74,0x75,0x72,0x6e,0x20,0x65,0x26,0x26,0x21,0x5f,0x28,0x6c,0x29,0x3f,0x6e,0x75,
0x6c,0x6c,0x3a,0x6c,0x7d,0x63,0x6f,0x6e,0x73,0x74,0x20,0x73,0x3d,0x69,0x5b,0x30,0x5d,0x2c,0x72,0x3d,
0x73,0x2e,0x73,0x70,0x6c,0x69,0x74,0x28,0x22,0x2d,0x22,0x29,0x3b,0x69,0x66,0x28,0x72,0x2e,0x6c,0x65,
0x6e,0x67,0x74,0x68,0x3e,0x31,0x29,0x7b,0x63,0x6f,0x6e,0x73,0x74,0x20,0x63,0x3d,0x7b,0x70,0x72,0x6f,
0x76,0x69,0x64,0x65,0x72,0x3a,0x6f,0x2c,0x70,0x72,0x65,0x66,0x69,0x78,0x3a,0x72,0x2e,0x73,0x68,0x69,
0x66,0x74,0x28,0x29,0x2c,0x6e,0x61,0x6d,0x65,0x3a,0x72,0x2e,0x6a,0x6f,0x69,0x6e,0x28,0x22,0x2d,0x22,
0x29,0x7d,0x3b,0x72,0x65,0x74,0x75,0x72,0x6e,0x20,0x65,0x26,0x26,0x21,0x5f,0x28,0x63,0x29,0x3f,0x6e,
0x75,0x6c,0x6c,0x3a,0x63,0x7d,0x69,0x66,0x28,0x6e,0x26,0x26,0x6f,0x3d,0x3d,0x3d,0x22,0x22,0x29,0x7b,
0x63,0x6f,0x6e,0x73,0x74,0x20,0x63,0x3d,0x7b,0x70,0x72,0x6f,0x76,0x69,0x64,0x65,0x72,0x3a,0x6f,0x2c,
0x70,0x72,0x65,0x66,0x69,0x78,0x3a,0x22,0x22,0x2c,0x6e,0x61,0x6d,0x65,0x3a,0x73,0x7d,0x3b,0x72,0x65,
0x74,0x75,0x72,0x6e,0x20,0x65,0x26,0x26,0x21,0x5f,0x28,0x63,0x2c,0x6e,0x29,0x3f,0x6e,0x75,0x6c,0x6c,
0x3a,0x63,0x7d,0x72,0x65,0x74,0x75,0x72,0x6e,0x20,0x6e,0x75,0x6c,0x6c,0x7d,0x2c,0x5f,0x3d,0x28,0x74,
0x2c,0x65,0x29,0x3d,0x3e,0x74,0x3f,0x21,0x21,0x28,0x28,0x74,0x2e,0x70,0x72,0x6f,0x76,0x69,0x64,0x65,
0x72,0x3d,0x3d,0x3d,0x22,0x22,0x7c,0x7c,0x74,0x2e,0x70,0x72,0x6f,0x76,0x69,0x64,0x65,0x72,0x2e,0x6d,
0x61,0x74,0x63,0x68,0x28,0x52,0x29,0x29,0x26,0x26,0x28,0x65,0x26,0x26,0x74,0x2e,0x70,0x72,0x65,0x66,
0x69,0x78,0x3d,0x3d,0x3d,0x22,0x22,0x7c,0x7c,0x74,0x2e,0x70,0x72,0x65,0x66,0x69,0x78,0x2e,0x6d,0x61,
0x74,0x63,0x68,0x28,0x52,0x29,0x29,0x26,0x26,0x74,0x2e,0x6e,0x61,0x6d,0x65,0x2e,0x6d,0x61,0x74,0x63,
0x68,0x28,0x52,0x29,0x29,0x3a,0x21,0x31,0x2c,0x52,0x65,0x3d,0x7b,0x70,0x72,0x6f,0x76,0x69,0x64,0x65,
0x72,0x3a,0x22,0x22,0x2c,0x61,0x6c,0x69,0x61,0x73,0x65,0x73,0x3a,0x7b,0x7d,0x2c,0x6e,0x6f,0x74,0x5f,
0x66,0x6f,0x75,0x6e,0x64,0x3a,0x7b,0x7d,0x2c,0x2e,0x2e,0x2e,0x46,0x74,0x7d,0x3b,0x66,0x75,0x6e,0x63,
0x74,0x69,0x6f,0x6e,0x20,0x73,0x74,0x28,0x74,0x2c,0x65,0x29,0x7b,0x66,0x6f,0x72,0x28,0x63,0x6f,0x6e,
0x73,0x74,0x20,0x6e,0x20,0x69,0x6e,0x20,0x65,0x29,0x69,0x66,0x28,0x6e,0x20,0x69,0x6e,0x20,0x74,0x26,
0x26,0x74,0x79,0x70,0x65,0x6f,0x66,0x20,0x74,0x5b,0x6e,0x5d,0x21,0x3d,0x74,0x79,0x70,0x65,0x6f,0x66,
0x20,0x65,0x5b,0x6e,0x5d,0x29,0x72,0x65,0x74,0x75,0x72,0x6e,0x21,0x31,0x3b,0x72,0x65,0x74,0x75,0x72,
0x6e,0x21,0x30,0x7d,0x66,0x75,0x6e,0x63,0x74,0x69,0x6f,0x6e,0x20,0x6a,0x65,0x28,0x74,0x29,0x7b,0x69,
0x66,0x28,0x74,0x79,0x70,0x65,0x6f,0x66,0x20,0x74,0x21,0x3d,0x22,0x6f,0x62,0x6a,0x65,0x63,0x74,0x22,
0x7c,0x7c,0x74,0x3d,0x3d,0x3d,0x6e,0x75,0x6c,0x6c,0x29,0x72,0x65,0x74,0x75,0x72,0x6e,0x20,0x6e,0x75,
0x6c,0x6c,0x3b,0x63,0x6f,0x6e,0x73,0x74,0x20,0x65,0x3d,0x74,0x3b,0x69,0x66,0x28,0x74,0x79,0x70,0x65,
0x6f,0x66,0x20,0x65,0x2e,0x70,0x72,0x65,0x66,0x69,0x78,0x21,0x3d,0x22,0x73,0x74,0x72,0x69,0x6e,0x67,
0x22,0x7c,0x7c,0x21,0x74,0x2e,0x69,0x63,0x6f,0x6e,0x73,0x7c,0x7c,0x74,0x79,0x70,0x65,0x6f,0x66,0x20,
0x74,0x2e,0x69,0x63,0x6f,0x6e,0x73,0x21,0x3d,0x22,0x6f,0x62,0x6a,0x65,0x63,0x74,0x22,0x7c,0x7c,0x21,
0x73,0x74,0x28,0x74,0x2c,0x52,0x65,0x29,0x29,0x72,0x65,0x74,0x75,0x72,0x6e,0x20,0x6e,0x75,0x6c,0x6c,
0x3b,0x63,0x6f,0x6e,0x73,0x74,0x20,0x6e,0x3d,0x65,0x2e,0x69,0x63,0x6f,0x6e,0x73,0x3b,0x66,0x6f,0x72,
0x28,0x63,0x6f,0x6e,0x73,0x74,0x20,0x69,0x20,0x69,0x6e,0x20,0x6e,0x29,0x7b,0x63,0x6f,0x6e,0x73,0x74,
0x20,0x73,0x3d,0x6e,0x5b,0x69,0x5d,0x3b,0x69,0x66,0x28,0x21,0x69,0x2e,0x6d,0x61,0x74,0x63,0x68,0x28,
0x52,0x29,0x7c,0x7c,0x74,0x79,0x70,0x65,0x6f,0x66,0x20,0x73,0x2e,0x62,0x6f,0x64,0x79,0x21,0x3d,0x22,
0x73,0x74,0x72,0x69,0x6e,0x67,0x22,0x7c,0x7c,0x21,0x73,0x74,0x28,0x73,0x2c,0x6c,0x74,0x29,0x29,0x72,
0x65,0x74,0x75,0x72,0x6e,0x20,0x6e,0x75,0x6c,0x6c,0x7d,0x63,0x6f,0x6e,0x73,0x74,0x20,0x6f,0x3d,0x65,
0x2e,0x61,0x6c,0x69,0x61,0x73,0x65,0x73,0x7c,0x7c,0x4f,0x62,0x6a,0x65,0x63,0x74,0x2e,0x63,0x72,0x65,
0x61,0x74,0x65,0x28,0x6e,0x75,0x6c,0x6c,0x29,0x3b,0x66,0x6f,0x72,0x28,0x63,0x6f,0x6e,0x73,0x74,0x20,
0x69,0x20,0x69,0x6e,0x20,0x6f,0x29,0x7b,0x63,0x6f,0x6e,0x73,0x74,0x20,0x73,0x3d,0x6f,0x5b,0x69,0x5d,
0x2c,0x72,0x3d,0x73,0x2e,0x70,0x61,0x72,0x65,0x6e,0x74,0x3b,0x69,0x66,0x28,0x21,0x69,0x2e,0x6d,0x61,
0x74,0x63,0x68,0x28,0x52,0x29,0x7c,0x7c,0x74,0x79,0x70,0x65,0x6f,0x66,0x20,0x72,0x21,0x3d,0x22,0x73,
0x74,0x72,0x69,0x6e,0x67,0x22,0x7c,0x7c,0x21,0x6e,0x5b,0x72,0x5d,0x26,0x26,0x21,0x6f,0x5b,0x72,0x5d,
0x7c,0x7c,0x21,0x73,0x74,0x28,0x73,0x2c,0x6c,0x74,0x29,0x29,0x72,0x65,0x74,0x75,0x72,0x6e,0x20,0x6e,
0x75,0x6c,0x6c,0x7d,0x72,0x65,0x74,0x75,0x72,0x6e,0x20,0x65,0x7d,0x63,0x6f,0x6e,0x73,0x74,0x20,0x47,
0x3d,0x4f,0x62,0x6a,0x65,0x63,0x74,0x2e,0x63,0x72,0x65,0x61,0x74,0x65,0x28,0x6e,0x75,0x6c,0x6c,0x29,
0x3b,0x66,0x75,0x6e,0x63,0x74,0x69,0x6f,0x6e,0x20,0x48,0x65,0x28,0x74,0x2c,0x65,0x29,0x7b,0x72,0x65,
0x74,0x75,0x72,0x6e,0x7b,0x70,0x72,0x6f,0x76,0x69,0x64,0x65,0x72,0x3a,0x74,0x2c,0x70,0x72,0x65,0x66,
0x69,0x78,0x3a,0x65,0x2c,0x69,0x63,0x6f,0x6e,0x73,0x3a,0x4f,0x62,0x6a,0x65,0x63,0x74,0x2e,0x63,0x72,
0x65,0x61,0x74,0x65,0x28,0x6e,0x75,0x6c,0x6c,0x29,0x2c,0x6d,0x69,0x73,0x73,0x69,0x6e,0x67,0x3a,0x6e,
0x65,0x77,0x20,0x53,0x65,0x74,0x7d,0x7d,0x66,0x75,0x6e,0x63,0x74,0x69,0x6f,0x6e,0x20,0x77,0x28,0x74,
0x2c,0x65,0x29,0x7b,0x63,0x6f,0x6e,0x73,0x74,0x20,0x6e,0x3d,0x47,0x5b,0x74,0x5d,0x7c,0x7c,0x28,0x47,
0x5b,0x74,0x5d,0x3d,0x4f,0x62,0x6a,0x65,0x63,0x74,0x2e,0x63,0x72,0x65,0x61,0x74,0x65,0x28,0x6e,0x75,
0x6c,0x6c,0x29,0x29,0x3b,0x72,0x65,0x74,0x75,0x72,0x6e,0x20,0x6e,0x5b,0x65,0x5d,0x7c,0x7c,0x28,0x6e,
0x5b,0x65,0x5d,0x3d,0x48,0x65,0x28,0x74,0x2c,0x65,0x29,0x29,0x7d,0x66,0x75,0x6e,0x63,0x74,0x69,0x6f,
0x6e,0x20,0x6b,0x74,0x28,0x74,0x2c,0x65,0x29,0x7b,0x72,0x65,0x74,0x75,0x72,0x6e,0x20,0x6a,0x65,0x28,
0x65,0x29,0x3f,0x4f,0x65,0x28,0x65,0x2c,0x28,0x6e,0x2c,0x6f,0x29,0x3d,0x3e,0x7b,0x6f,0x3f,0x74,0x2e,
0x69,0x63,0x6f,0x6e,0x73,0x5b,0x6e,0x5d,0x3d,0x6f,0x3a,0x74,0x2e,0x6d,0x69,0x73,0x73,0x69,0x6e,0x67,
0x2e,0x61,0x64,0x64,0x28,0x6e,0x29,0x7d,0x29,0x3a,0x5b,0x5d,0x7d,0x66,0x75,0x6e,0x63,0x74,0x69,0x6f,
0x6e,0x20,0x4a,0x65,0x28,0x74,0x2c,0x65,0x2c,0x6e,0x29,0x7b,0x74,0x72,0x79,0x7b,0x69,0x66,0x28,0x74,
0x79,0x70,0x65,0x6f,0x66,0x20,0x6e,0x2e,0x62,0x6f,0x64,0x79,0x3d,0x3d,0x22,0x73,0x74,0x72,0x69,0x6e,
0x67,0x22,0x29,0x72,0x65,0x74,0x75,0x72,0x6e,0x20,0x74,0x2e,0x69,0x63,0x6f,0x6e,0x73,0x5b,0x65,0x5d,
0x3d,0x7b,0x2e,0x2e,0x2e,0x6e,0x7d,0x2c,0x21,0x30,0x7d,0x63,0x61,0x74,0x63,0x68,0x7b,0x7d,0x72,0x65,
0x74,0x75,0x72,0x6e,0x21,0x31,0x7d,0x66,0x75,0x6e,0x63,0x74,0x69,0x6f,0x6e,0x20,0x44,0x65,0x28,0x74,
0x2c,0x65,0x29,0x7b,0x6c,0x65,0x74,0x20,0x6e,0x3d,0x5b,0x5d,0x3b,0x72,0x65,0x74,0x75,0x72,0x6e,0x28,
0x74,0x79,0x70,0x65,0x6f,0x66,0x20,0x74,0x3d,0x3d,0x22,0x73,0x74,0x72,0x69,0x6e,0x67,0x22,0x3f,0x5b,
0x74,0x5d,0x3a,0x4f,0x62,0x6a,0x65,0x63,0x74,0x2e,0x6b,0x65,0x79,0x73,0x28,0x47,0x29,0x29,0x2e,0x66,
0x6f,0x72,0x45,0x61,0x63,0x68,0x28,0x69,0x3d,0x3e,0x7b,0x28,0x74,0x79,0x70,0x65,0x6f,0x66,0x20,0x69,
0x3d,0x3d,0x22,0x73,0x74,0x72,0x69,0x6e,0x67,0x22,0x26,0x26,0x74,0x79,0x70,0x65,0x6f,0x66,0x20,0x65,
0x3d,0x3d,0x22,0x73,0x74,0x72,0x69,0x6e,0x67,0x22,0x3f,0x5b,0x65,0x5d,0x3a,0x4f,0x62,0x6a,0x65,0x63,
0x74,0x2e,0x6b,0x65,0x79,0x73,0x28,0x47,0x5b,0x69,0x5d,0x7c,0x7c,0x7b,0x7d,0x29,0x29,0x2e,0x66,0x6f,
0x72,0x45,0x61,0x63,0x68,0x28,0x72,0x3d,0x3e,0x7b,0x63,0x6f,0x6e,0x73,0x74,0x20,0x63,0x3d,0x77,0x28,
0x69,0x2c,0x72,0x29,0x3b,0x6e,0x3d,0x6e,0x2e,0x63,0x6f,0x6e,0x63,0x61,0x74,0x28,0x4f,0x62,0x6a,0x65,
0x63,0x74,0x2e,0x6b,0x65,0x79,0x73,0x28,0x63,0x2e,0x69,0x63,0x6f,0x6e,0x73,0x29,0x2e,0x6d,0x61,0x70,
0x28,0x61,0x3d,0x3e,0x28,0x69,0x21,0x3d,0x3d,0x22,0x22,0x3f,0x22,0x40,0x22,0x2b,0x69,0x2b,0x22,0x3a,
0x22,0x3a,0x22,0x22,0x29,0x2b,0x72,0x2b,0x22,0x3a,0x22,0x2b,0x61,0x29,0x29,0x7d,0x29,0x7d,0x29,0x2c,
0x6e,0x7d,0x6c,0x65,0x74,0x20,0x77,0x74,0x3d,0x21,0x31,0x3b,0x66,0x75,0x6e,0x63,0x74,0x69,0x6f,0x6e,
0x20,0x4e,0x65,0x28,0x74,0x29,0x7b,0x72,0x65,0x74,0x75,0x72,0x6e,0x20,0x77,0x74,0x7d,0x66,0x75,0x6e,
0x63,0x74,0x69,0x6f,0x6e,0x20,0x4e,0x28,0x74,0x29,0x7b,0x63,0x6f,0x6e,0x73,0x74,0x20,0x65,0x3d,0x74,
0x79,0x70,0x65,0x6f,0x66,0x20,0x74,0x3d,0x3d,0x22,0x73,0x74,0x72,0x69,0x6e,0x67,0x22,0x3f,0x50,0x28,
0x74,0x2c,0x21,0x30,0x2c,0x77,0x74,0x29,0x3a,0x74,0x3b,0x69,0x66,0x28,0x65,0x29,0x7b,0x63,0x6f,0x6e,
0x73,0x74,0x20,0x6e,0x3d,0x77,0x28,0x65,0x2e,0x70,0x72,0x6f,0x76,0x69,0x64,0x65,0x72,0x2c,0x65,0x2e,
0x70,0x72,0x65,0x66,0x69,0x78,0x29,0x2c,0x6f,0x3d,0x65,0x2e,0x6e,0x61,0x6d,0x65,0x3b,0x72,0x65,0x74,
0x75,0x72,0x6e,0x20,0x6e,0x2e,0x69,0x63,0x6f,0x6e,0x73,0x5b,0x6f,0x5d,0x7c,0x7c,0x28,0x6e,0x2e,0x6d,
0x69,0x73,0x73,0x69,0x6e,0x67,0x2e,0x68,0x61,0x73,0x28,0x6f,0x29,0x3f,0x6e,0x75,0x6c,0x6c,0x3a,0x76,
0x6f,0x69,0x64,0x20,0x30,0x29,0x7d,0x7d,0x66,0x75,0x6e,0x63,0x74,0x69,0x6f,0x6e,0x20,0x46,0x65,0x28,
0x74,0x2c,0x65,0x29,0x7b,0x63,0x6f,0x6e,0x73,0x74,0x20,0x6e,0x3d,0x50,0x28,0x74,0x2c,0x21,0x30,0x2c,
0x77,0x74,0x29,0x3b,0x69,0x66,0x28,0x21,0x6e,0x29,0x72,0x65,0x74,0x75,0x72,0x6e,0x21,0x31,0x3b,0x63,
0x6f,0x6e,0x73,0x74,0x20,0x6f,0x3d,0x77,0x28,0x6e,0x2e,0x70,0x72,0x6f,0x76,0x69,0x64,0x65,0x72,0x2c,
0x6e,0x2e,0x70,0x72,0x65,0x66,0x69,0x78,0x29,0x3b,0x72,0x65,0x74,0x75,0x72,0x6e,0x20,0x4a,0x65,0x28,
0x6f,0x2c,0x6e,0x2e,0x6e,0x61,0x6d,0x65,0x2c,0x65,0x29,0x7d,0x66,0x75,0x6e,0x63,0x74,0x69,0x6f,0x6e,
0x20,0x7a,0x74,0x28,0x74,0x2c,0x65,0x29,0x7b,0x69,0x66,0x28,0x74,0x79,0x70,0x65,0x6f,0x66,0x20,0x74,
0x21,0x3d,0x22,0x6f,0x62,0x6a,0x65,0x63,0x74,0x22,0x29,0x72,0x65,0x74,0x75,0x72,0x6e,0x21,0x31,0x3b,
0x74,0x79,0x70,0x65,0x6f,0x66,0x20,0x65,0x21,0x3d,0x22,0x73,0x74,0x72,0x69,0x6e,0x67,0x22,0x26,0x26,
0x28,0x65,0x3d,0x74,0x2e,0x70,0x72,0x6f,0x76,0x69,0x64,0x65,0x72,0x7c,0x7c,0x22,0x22,0x29,0x3b,0x63,
0x6f,0x6e,0x73,0x74,0x20,0x6e,0x3d,0x74,0x2e,0x70,0x72,0x65,0x66,0x69,0x78,0x3b,0x69,0x66,0x28,0x21,
0x5f,0x28,0x7b,0x70,0x72,0x6f,0x76,0x69,0x64,0x65,0x72,0x3a,0x65,0x2c,0x70,0x72,0x65,0x66,0x69,0x78,
0x3a,0x6e,0x2c,0x6e,0x61,0x6d,0x65,0x3a,0x22,0x61,0x22,0x7d,0x29,0x29,0x72,0x65,0x74,0x75,0x72,0x6e,
0x21,0x31,0x3b,0x63,0x6f,0x6e,0x73,0x74,0x20,0x6f,0x3d,0x77,0x28,0x65,0x2c,0x6e,0x29,0x3b,0x72,0x65,
0x74,0x75,0x72,0x6e,0x21,0x21,0x6b,0x74,0x28,0x6f,0x2c,0x74,0x29,0x7d,0x66,0x75,0x6e,0x63,0x74,0x69,
0x6f,0x6e,0x20,0x7a,0x65,0x28,0x74,0x29,0x7b,0x72,0x65,0x74,0x75,0x72,0x6e,0x21,0x21,0x4e,0x28,0x74,
0x29,0x7d,0x66,0x75,0x6e,0x63,0x74,0x69,0x6f,0x6e,0x20,0x56,0x65,0x28,0x74,0x29,0x7b,0x63,0x6f,0x6e,
0x73,0x74,0x20,0x65,0x3d,0x4e,0x28,0x74,0x29,0x3b,0x72,0x65,0x74,0x75,0x72,0x6e,0x20,0x65,0x3f,0x7b,
0x2e,0x2e,0x2e,0x44,0x2c,0x2e,0x2e,0x2e,0x65,0x7d,0x3a,0x6e,0x75,0x6c,0x6c,0x7d,0x63,0x6f,0x6e,0x73,
0x74,0x20,0x56,0x74,0x3d,0x4f,0x62,0x6a,0x65,0x63,0x74,0x2e,0x66,0x72,0x65,0x65,0x7a,0x65,0x28,0x7b,
0x77,0x69,0x64,0x74,0x68,0x3a,0x6e,0x75,0x6c,0x6c,0x2c,0x68,0x65,0x69,0x67,0x68,0x74,0x3a,0x6e,0x75,
0x6c,0x6c,0x7d,0x29,0x2c,0x55,0x74,0x3d,0x4f,0x62,0x6a,0x65,0x63,0x74,0x2e,0x66,0x72,0x65,0x65,0x7a,
0x65,0x28,0x7b,0x2e,0x2e,0x2e,0x56,0x74,0x2c,0x2e,0x2e,0x2e,0x24,0x7d,0x29,0x2c,0x55,0x65,0x3d,0x2f,
0x28,0x2d,0x3f,0x5b,0x30,0x2d,0x39,0x2e,0x5d,0x2a,0x5b,0x30,0x2d,0x39,0x5d,0x2b,0x5b,0x30,0x2d,0x39,
0x2e,0x5d,0x2a,0x29,0x2f,0x67,0x2c,0x71,0x65,0x3d,0x2f,0x5e,0x2d,0x3f,0x5b,0x30,0x2d,0x39,0x2e,0x5d,
0x2a,0x5b,0x30,0x2d,0x39,0x5d,0x2b,0x5b,0x30,0x2d,0x39,0x2e,0x5d,0x2a,0x24,0x2f,0x67,0x3b,0x66,0x75,
0x6e,0x63,0x74,0x69,0x6f,0x6e,0x20,0x75,0x74,0x28,0x74,0x2c,0x65,0x2c,0x6e,0x29,0x7b,0x69,0x66,0x28,
0x65,0x3d,0x3d,0x3d,0x31,0x29,0x72,0x65,0x74,0x75,0x72,0x6e,0x20,0x74,0x3b,0x69,0x66,0x28,0x6e,0x3d,
0x6e,0x7c,0x7c,0x31,0x30,0x30,0x2c,0x74,0x79,0x70,0x65,0x6f,0x66,0x20,0x74,0x3d,0x3d,0x22,0x6e,0x75,
0x6d,0x62,0x65,0x72,0x22,0x29,0x72,0x65,0x74,0x75,0x72,0x6e,0x20,0x4d,0x61,0x74,0x68,0x2e,0x63,0x65,
0x69,0x6c,0x28,0x74,0x2a,0x65,0x2a,0x6e,0x29,0x2f,0x6e,0x3b,0x69,0x66,0x28,0x74,0x79,0x70,0x65,0x6f,
0x66,0x20,0x74,0x21,0x3d,0x22,0x73,0x74,0x72,0x69,0x6e,0x67,0x22,0x29,0x72,0x65,0x74,0x75,0x72,0x6e,
0x20,0x74,0x3b,0x63,0x6f,0x6e,0x73,0x74,0x20,0x6f,0x3d,0x74,0x2e,0x73,0x70,0x6c,0x69,0x74,0x28,0x55,
0x65,0x29,0x3b,0x69,0x66,0x28,0x6f,0x3d,0x3d,0x3d,0x6e,0x75,0x6c,0x6c,0x7c,0x7c,0x21,0x6f,0x2e,0x6c,
0x65,0x6e,0x67,0x74,0x68,0x29,0x72,0x65,0x74,0x75,0x72,0x6e,0x20,0x74,0x3b,0x63,0x6f,0x6e,0x73,0x74,
0x20,0x69,0x3d,0x5b,0x5d,0x3b,0x6c,0x65,0x74,0x20,0x73,0x3d,0x6f,0x2e,0x73,0x68,0x69,0x66,0x74,0x28,
0x29,0x2c,0x72,0x3d,0x71,0x65,0x2e,0x74,0x65,0x73,0x74,0x28,0x73,0x29,0x3b,0x66,0x6f,0x72,0x28,0x3b,
0x3b,0x29,0x7b,0x69,0x66,0x28,0x72,0x29,0x7b,0x63,0x6f,0x6e,0x73,0x74,0x20,0x63,0x3d,0x70,0x61,0x72,
0x73,0x65,0x46,0x6c,0x6f,0x61,0x74,0x28,0x73,0x29,0x3b,0x69,0x73,0x4e,0x61,0x4e,0x28,0x63,0x29,0x3f,
0x69,0x2e,0x70,0x75,0x73,0x68,0x28,0x73,0x29,0x3a,0x69,0x2e,0x70,0x75,0x73,0x68,0x28,0x4d,0x61,0x74,
0x68,0x2e,0x63,0x65,0x69,0x6c,0x28,0x63,0x2a,0x65,0x2a,0x6e,0x29,0x2f,0x6e,0x29,0x7d,0x65,0x6c,0x73,
0x65,0x20,0x69,0x2e,0x70,0x75,0x73,0x68,0x28,0x73,0x29,0x3b,0x69,0x66,0x28,0x73,0x3d,0x6f,0x2e,0x73,
0x68,0x69,0x66,0x74,0x28,0x29,0x2c,0x73,0x3d,0x3d,0x3d,0x76,0x6f,0x69,0x64,0x20,0x30,0x29,0x72,0x65,
0x74,0x75,0x72,0x6e,0x20,0x69,0x2e,0x6a,0x6f,0x69,0x6e,0x28,0x22,0x22,0x29,0x3b,0x72,0x3d,0x21,0x72,
0x7d,0x7d,0x63,0x6f,0x6e,0x73,0x74,0x20,0x57,0x65,0x3d,0x74,0x3d,0x3e,0x74,0x3d,0x3d,0x3d,0x22,0x75,
0x6e,0x73,0x65,0x74,0x22,0x7c,0x7c,0x74,0x3d,0x3d,0x3d,0x22,0x75,0x6e,0x64,0x65,0x66,0x69,0x6e,0x65,
0x64,0x22,0x7c,0x7c,0x74,0x3d,0x3d,0x3d,0x22,0x6e,0x6f,0x6e,0x65,0x22,0x3b,0x66,0x75,0x6e,0x63,0x74,
0x69,0x6f,0x6e,0x20,0x5a,0x28,0x74,0x2c,0x65,0x29,0x7b,0x63,0x6f,0x6e,0x73,0x74,0x20,0x6e,0x3d,0x7b,
0x2e,0x2e,0x2e,0x44,0x2c,0x2e,0x2e,0x2e,0x74,0x7d,0x2c,0x6f,0x3d,0x7b,0x2e,0x2e,0x2e,0x55,0x74,0x2c,
0x2e,0x2e,0x2e,0x65,0x7d,0x2c,0x69,0x3d,0x7b,0x6c,0x65,0x66,0x74,0x3a,0x6e,0x2e,0x6c,0x65,0x66,0x74,
0x2c,0x74,0x6f,0x70,0x3a,0x6e,0x2e,0x74,0x6f,0x70,0x2c,0x77,0x69,0x64,0x74,0x68,0x3a,0x6e,0x2e,0x77,
0x69,0x64,0x74,0x68,0x2c,0x68,0x65,0x69,0x67,0x68,0x74,0x3a,0x6e,0x2e,0x68,0x65,0x69,0x67,0x68,0x74,
0x7d,0x3b,0x6c,0x65,0x74,0x20,0x73,0x3d,0x6e,0x2e,0x62,0x6f,0x64,0x79,0x3b,0x5b,0x6e,0x2c,0x6f,0x5d,
0x2e,0x66,0x6f,0x72,0x45,0x61,0x63,0x68,0x28,0x6d,0x3d,0x3e,0x7b,0x63,0x6f,0x6e,0x73,0x74,0x20,0x79,
0x3d,0x5b,0x5d,0x2c,0x45,0x3d,0x6d,0x2e,0x68,0x46,0x6c,0x69,0x70,0x2c,0x56,0x3d,0x6d,0x2e,0x76,0x46,
0x6c,0x69,0x70,0x3b,0x6c,0x65,0x74,0x20,0x62,0x3d,0x6d,0x2e,0x72,0x6f,0x74,0x61,0x74,0x65,0x3b,0x45,
0x3f,0x56,0x3f,0x62,0x2b,0x3d,0x32,0x3a,0x28,0x79,0x2e,0x70,0x75,0x73,0x68,0x28,0x22,0x74,0x72,0x61,
0x6e,0x73,0x6c,0x61,0x74,0x65,0x28,0x22,0x2b,0x28,0x69,0x2e,0x77,0x69,0x64,0x74,0x68,0x2b,0x69,0x2e,
0x6c,0x65,0x66,0x74,0x29,0x2e,0x74,0x6f,0x53,0x74,0x72,0x69,0x6e,0x67,0x28,0x29,0x2b,0x22,0x20,0x22,
0x2b,0x28,0x30,0x2d,0x69,0x2e,0x74,0x6f,0x70,0x29,0x2e,0x74,0x6f,0x53,0x74,0x72,0x69,0x6e,0x67,0x28,
0x29,0x2b,0x22,0x29,0x22,0x29,0x2c,0x79,0x2e,0x70,0x75,0x73,0x68,0x28,0x22,0x73,0x63,0x61,0x6c,0x65,
0x28,0x2d,0x31,0x20,0x31,0x29,0x22,0x29,0x2c,0x69,0x2e,0x74,0x6f,0x70,0x3d,0x69,0x2e,0x6c,0x65,0x66,
0x74,0x3d,0x30,0x29,0x3a,0x56,0x26,0x26,0x28,0x79,0x2e,0x70,0x75,0x73,0x68,0x28,0x22,0x74,0x72,0x61,
0x6e,0x73,0x6c,0x61,0x74,0x65,0x28,0x22,0x2b,0x28,0x30,0x2d,0x69,0x2e,0x6c,0x65,0x66,0x74,0x29,0x2e,
0x74,0x6f,0x53,0x74,0x72,0x69,0x6e,0x67,0x28,0x29,0x2b,0x22,0x20,0x22,0x2b,0x28,0x69,0x2e,0x68,0x65,
0x69,0x67,0x68,0x74,0x2b,0x69,0x2e,0x74,0x6f,0x70,0x29,0x2e,0x74,0x6f,0x53,0x74,0x72,0x69,0x6e,0x67,
0x28,0x29,0x2b,0x22,0x29,0x22,0x29,0x2c,0x79,0x2e,0x70,0x75,0x73,0x68,0x28,0x22,0x73,0x63,0x61,0x6c,
0x65,0x28,0x31,0x20,0x2d,0x31,0x29,0x22,0x29,0x2c,0x69,0x2e,0x74,0x6f,0x70,0x3d,0x69,0x2e,0x6c,0x65,
0x66,0x74,0x3d,0x30,0x29,0x3b,0x6c,0x65,0x74,0x20,0x76,0x3b,0x73,0x77,0x69,0x74,0x63,0x68,0x28,0x62,
0x3c,0x30,0x26,0x26,0x28,0x62,0x2d,0x3d,0x4d,0x61,0x74,0x68,0x2e,0x66,0x6c,0x6f,0x6f,0x72,0x28,0x62,
0x2f,0x34,0x29,0x2a,0x34,0x29,0x2c,0x62,0x3d,0x62,0x25,0x34,0x2c,0x62,0x29,0x7b,0x63,0x61,0x73,0x65,
0x20,0x31,0x3a,0x76,0x3d,0x69,0x2e,0x68,0x65,0x69,0x67,0x68,0x74,0x2f,0x32,0x2b,0x69,0x2e,0x74,0x6f,
0x70,0x2c,0x79,0x2e,0x75,0x6e,0x73,0x68,0x69,0x66,0x74,0x28,0x22,0x72,0x6f,0x74,0x61,0x74,0x65,0x28,
0x39,0x30,0x20,0x22,0x2b,0x76,0x2e,0x74,0x6f,0x53,0x74,0x72,0x69,0x6e,0x67,0x28,0x29,0x2b,0x22,0x20,
0x22,0x2b,0x76,0x2e,0x74,0x6f,0x53,0x74,0x72,0x69,0x6e,0x67,0x28,0x29,0x2b,0x22,0x29,0x22,0x29,0x3b,
0x62,0x72,0x65,0x61,0x6b,0x3b,0x63,0x61,0x73,0x65,0x20,0x32,0x3a,0x79,0x2e,0x75,0x6e,0x73,0x68,0x69,
0x66,0x74,0x28,0x22,0x72,0x6f,0x74,0x61,0x74,0x65,0x28,0x31,0x38,0x30,0x20,0x22,0x2b,0x28,0x69,0x2e,
0x77,0x69,0x64,0x74,0x68,0x2f,0x32,0x2b,0x69,0x2e,0x6c,0x65,0x66,0x74,0x29,0x2e,0x74,0x6f,0x53,0x74,
0x72,0x69,0x6e,0x67,0x28,0x29,0x2b,0x22,0x20,0x22,0x2b,0x28,0x69,0x2e,0x68,0x65,0x69,0x67,0x68,0x74,
0x2f,0x32,0x2b,0x69,0x2e,0x74,0x6f,0x70,0x29,0x2e,0x74,0x6f,0x53,0x74,0x72,0x69,0x6e,0x67,0x28,0x29,
0x2b,0x22,0x29,0x22,0x29,0x3b,0x62,0x72,0x65,0x61,0x6b,0x3b,0x63,0x61,0x73,0x65,0x20,0x33,0x3a,0x76,
0x3d,0x69,0x2e,0x77,0x69,0x64,0x74,0x68,0x2f,0x32,0x2b,0x69,0x2e,0x6c,0x65,0x66,0x74,0x2c,0x79,0x2e,
0x75,0x6e,0x73,0x68,0x69,0x66,0x74,0x28,0x22,0x72,0x6f,0x74,0x61,0x74,0x65,0x28,0x2d,0x39,0x30,0x20,
0x22,0x2b,0x76,0x2e,0x74,0x6f,0x53,0x74,0x72,0x69,0x6e,0x67,0x28,0x29,0x2b,0x22,0x20,0x22,0x2b,0x76,
0x2e,0x74,0x6f,0x53,0x74,0x72,0x69,0x6e,0x67,0x28,0x29,0x2b,0x22,0x29,0x22,0x29,0x3b,0x62,0x72,0x65,
0x61,0x6b,0x7d,0x62,0x25,0x32,0x3d,0x3d,0x3d,0x31,0x26,0x26,0x28,0x69,0x2e,0x6c,0x65,0x66,0x74,0x21,
0x3d,0x3d,0x69,0x2e,0x74,0x6f,0x70,0x26,0x26,0x28,0x76,0x3d,0x69,0x2e,0x6c,0x65,0x66,0x74,0x2c,0x69,
0x2e,0x6c,0x65,0x66,0x74,0x3d,0x69,0x2e,0x74,0x6f,0x70,0x2c,0x69,0x2e,0x74,0x6f,0x70,0x3d,0x76,0x29,
0x2c,0x69,0x2e,0x77,0x69,0x64,0x74,0x68,0x21,0x3d,0x3d,0x69,0x2e,0x68,0x65,0x69,0x67,0x68,0x74,0x26,
0x26,0x28,0x76,0x3d,0x69,0x2e,0x77,0x69,0x64,0x74,0x68,0x2c,0x69,0x2e,0x77,0x69,0x64,0x74,0x68,0x3d,
0x69,0x2e,0x68,0x65,0x69,0x67,0x68,0x74,0x2c,0x69,0x2e,0x68,0x65,0x69,0x67,0x68,0x74,0x3d,0x76,0x29,
0x29,0x2c,0x79,0x2e,0x6c,0x65,0x6e,0x67,0x74,0x68,0x26,0x26,0x28,0x73,0x3d,0x27,0x3c,0x67,0x20,0x74,
0x72,0x61,0x6e,0x73,0x66,0x6f,0x72,0x6d,0x3d,0x22,0x27,0x2b,0x79,0x2e,0x6a,0x6f,0x69,0x6e,0x28,0x22,
0x20,0x22,0x29,0x2b,0x27,0x22,0x3e,0x27,0x2b,0x73,0x2b,0x22,0x3c,0x2f,0x67,0x3e,0x22,0x29,0x7d,0x29,
0x3b,0x63,0x6f,0x6e,0x73,0x74,0x20,0x72,0x3d,0x6f,0x2e,0x77,0x69,0x64,0x74,0x68,0x2c,0x63,0x3d,0x6f,
0x2e,0x68,0x65,0x69,0x67,0x68,0x74,0x2c,0x61,0x3d,0x69,0x2e,0x77,0x69,0x64,0x74,0x68,0x2c,0x6c,0x3d,
0x69,0x2e,0x68,0x65,0x69,0x67,0x68,0x74,0x3b,0x6c,0x65,0x74,0x20,0x75,0x2c,0x66,0x3b,0x72,0x3d,0x3d,
0x3d,0x6e,0x75,0x6c,0x6c,0x3f,0x28,0x66,0x3d,0x63,0x3d,0x3d,0x3d,0x6e,0x75,0x6c,0x6c,0x3f,0x22,0x31,
0x65,0x6d,0x22,0x3a,0x63,0x3d,0x3d,0x3d,0x22,0x61,0x75,0x74,0x6f,0x22,0x3f,0x6c,0x3a,0x63,0x2c,0x75,
0x3d,0x75,0x74,0x28,0x66,0x2c,0x61,0x2f,0x6c,0x29,0x29,0x3a,0x28,0x75,0x3d,0x72,0x3d,0x3d,0x3d,0x22,
0x61,0x75,0x74,0x6f,0x22,0x3f,0x61,0x3a,0x72,0x2c,0x66,0x3d,0x63,0x3d,0x3d,0x3d,0x6e,0x75,0x6c,0x6c,
0x3f,0x75,0x74,0x28,0x75,0x2c,0x6c,0x2f,0x61,0x29,0x3a,0x63,0x3d,0x3d,0x3d,0x22,0x61,0x75,0x74,0x6f,
0x22,0x3f,0x6c,0x3a,0x63,0x29,0x3b,0x63,0x6f,0x6e,0x73,0x74,0x20,0x64,0x3d,0x7b,0x7d,0x2c,0x67,0x3d,
0x28,0x6d,0x2c,0x79,0x29,0x3d,0x3e,0x7b,0x57,0x65,0x28,0x79,0x29,0x7c,0x7c,0x28,0x64,0x5b,0x6d,0x5d,
0x3d,0x79,0x2e,0x74,0x6f,0x53,0x74,0x72,0x69,0x6e,0x67,0x28,0x29,0x29,0x7d,0x3b,0x72,0x65,0x74,0x75,
0x72,0x6e,0x20,0x67,0x28,0x22,0x77,0x69,0x64,0x74,0x68,0x22,0x2c,0x75,0x29,0x2c,0x67,0x28,0x22,0x68,
0x65,0x69,0x67,0x68,0x74,0x22,0x2c,0x66,0x29,0x2c,0x64,0x2e,0x76,0x69,0x65,0x77,0x42,0x6f,0x78,0x3d,
0x69,0x2e,0x6c,0x65,0x66,0x74,0x2e,0x74,0x6f,0x53,0x74,0x72,0x69,0x6e,0x67,0x28,0x29,0x2b,0x22,0x20,
0x22,0x2b,0x69,0x2e,0x74,0x6f,0x70,0x2e,0x74,0x6f,0x53,0x74,0x72,0x69,0x6e,0x67,0x28,0x29,0x2b,0x22,
0x20,0x22,0x2b,0x61,0x2e,0x74,0x6f,0x53,0x74,0x72,0x69,0x6e,0x67,0x28,0x29,0x2b,0x22,0x20,0x22,0x2b,
0x6c,0x2e,0x74,0x6f,0x53,0x74,0x72,0x69,0x6e,0x67,0x28,0x29,0x2c,0x7b,0x61,0x74,0x74,0x72,0x69,0x62,
0x75,0x74,0x65,0x73,0x3a,0x64,0x2c,0x62,0x6f,0x64,0x79,0x3a,0x73,0x7d,0x7d,0x63,0x6f,0x6e,0x73,0x74,
0x20,0x5f,0x65,0x3d,0x2f,0x5c,0x73,0x69,0x64,0x3d,0x22,0x28,0x5c,0x53,0x2b,0x29,0x22,0x2f,0x67,0x2c,
0x51,0x65,0x3d,0x22,0x49,0x63,0x6f,0x6e,0x69,0x66,0x79,0x49,0x64,0x22,0x2b,0x44,0x61,0x74,0x65,0x2e,
0x6e,0x6f,0x77,0x28,0x29,0x2e,0x74,0x6f,0x53,0x74,0x72,0x69,0x6e,0x67,0x28,0x31,0x36,0x29,0x2b,0x28,
0x4d,0x61,0x74,0x68,0x2e,0x72,0x61,0x6e,0x64,0x6f,0x6d,0x28,0x29,0x2a,0x31,0x36,0x37,0x37,0x37,0x32,
0x31,0x36,0x7c,0x30,0x29,0x2e,0x74,0x6f,0x53,0x74,0x72,0x69,0x6e,0x67,0x28,0x31,0x36,0x29,0x3b,0x6c,
0x65,0x74,0x20,0x24,0x65,0x3d,0x30,0x3b,0x66,0x75,0x6e,0x63,0x74,0x69,0x6f,0x6e,0x20,0x71,0x74,0x28,
0x74,0x2c,0x65,0x3d,0x51,0x65,0x29,0x7b,0x63,0x6f,0x6e,0x73,0x74,0x20,0x6e,0x3d,0x5b,0x5d,0x3b,0x6c,
0x65,0x74,0x20,0x6f,0x3b,0x66,0x6f,0x72,0x28,0x3b,0x6f,0x3d,0x5f,0x65,0x2e,0x65,0x78,0x65,0x63,0x28,
0x74,0x29,0x3b,0x29,0x6e,0x2e,0x70,0x75,0x73,0x68,0x28,0x6f,0x5b,0x31,0x5d,0x29,0x3b,0x69,0x66,0x28,
0x21,0x6e,0x2e,0x6c,0x65,0x6e,0x67,0x74,0x68,0x29,0x72,0x65,0x74,0x75,0x72,0x6e,0x20,0x74,0x3b,0x63,
0x6f,0x6e,0x73,0x74,0x20,0x69,0x3d,0x22,0x73,0x75,0x66,0x66,0x69,0x78,0x22,0x2b,0x28,0x4d,0x61,0x74,
0x68,0x2e,0x72,0x61,0x6e,0x64,0x6f,0x6d,0x28,0x29,0x2a,0x31,0x36,0x37,0x37,0x37,0x32,0x31,0x36,0x7c,
0x44,0x61,0x74,0x65,0x2e,0x6e,0x6f,0x77,0x28,0x29,0x29,0x2e,0x74,0x6f,0x53,0x74,0x72,0x69,0x6e,0x67,
0x28,0x31,0x36,0x29,0x3b,0x72,0x65,0x74,0x75,0x72,0x6e,0x20,0x6e,0x2e,0x66,0x6f,0x72,0x45,0x61,0x63,
0x68,0x28,0x73,0x3d,0x3e,0x7b,0x63,0x6f,0x6e,0x73,0x74,0x20,0x72,0x3d,0x74,0x79,0x70,0x65,0x6f,0x66,
0x20,0x65,0x3d,0x3d,0x22,0x66,0x75,0x6e,0x63,0x74,0x69,0x6f,0x6e,0x22,0x3f,0x65,0x28,0x73,0x29,0x3a,
0x65,0x2b,0x28,0x24,0x65,0x2b,0x2b,0x29,0x2e,0x74,0x6f,0x53,0x74,0x72,0x69,0x6e,0x67,0x28,0x29,0x2c,
0x63,0x3d,0x73,0x2e,0x72,0x65,0x70,0x6c,0x61,0x63,0x65,0x28,0x2f,0x5b,0x2e,0x2a,0x2b,0x3f,0x5e,0x24,
0x7b,0x7d,0x28,0x29,0x7c,0x5b,0x5c,0x5d,0x5c,0x5c,0x5d,0x2f,0x67,0x2c,0x22,0x5c,0x5c,0x24,0x26,0x22,
0x29,0x3b,0x74,0x3d,0x74,0x2e,0x72,0x65,0x70,0x6c,0x61,0x63,0x65,0x28,0x6e,0x65,0x77,0x20,0x52,0x65,
0x67,0x45,0x78,0x70,0x28,0x27,0x28,0x5b,0x23,0x3b,0x22,0x5d,0x29,0x28,0x27,0x2b,0x63,0x2b,0x27,0x29,
0x28,0x5b,0x22,0x29,0x5d,0x7c,0x5c,0x5c,0x2e,0x5b,0x61,0x2d,0x7a,0x5d,0x29,0x27,0x2c,0x22,0x67,0x22,
0x29,0x2c,0x22,0x24,0x31,0x22,0x2b,0x72,0x2b,0x69,0x2b,0x22,0x24,0x33,0x22,0x29,0x7d,0x29,0x2c,0x74,
0x3d,0x74,0x2e,0x72,0x65,0x70,0x6c,0x61,0x63,0x65,0x28,0x6e,0x65,0x77,0x20,0x52,0x65,0x67,0x45,0x78,
0x70,0x28,0x69,0x2c,0x22,0x67,0x22,0x29,0x2c,0x22,0x22,0x29,0x2c,0x74,0x7d,0x63,0x6f,0x6e,0x73,0x74,
0x20,0x54,0x3d,0x7b,0x6c,0x6f,0x63,0x61,0x6c,0x3a,0x21,0x30,0x2c,0x73,0x65,0x73,0x73,0x69,0x6f,0x6e,
0x3a,0x21,0x30,0x7d,0x2c,0x57,0x74,0x3d,0x7b,0x6c,0x6f,0x63,0x61,0x6c,0x3a,0x6e,0x65,0x77,0x20,0x53,
0x65,0x74,0x2c,0x73,0x65,0x73,0x73,0x69,0x6f,0x6e,0x3a,0x6e,0x65,0x77,0x20,0x53,0x65,0x74,0x7d,0x3b,
0x6c,0x65,0x74,0x20,0x49,0x74,0x3d,0x21,0x31,0x3b,0x66,0x75,0x6e,0x63,0x74,0x69,0x6f,0x6e,0x20,0x47,
0x65,0x28,0x74,0x29,0x7b,0x49,0x74,0x3d,0x74,0x7d,0x63,0x6f,0x6e,0x73,0x74,0x20,0x50,0x74,0x3d,0x22,
0x69,0x63,0x6f,0x6e,0x69,0x66,0x79,0x32,0x22,0x2c,0x4a,0x3d,0x22,0x69,0x63,0x6f,0x6e,0x69,0x66,0x79,
0x22,0x2c,0x5f,0x74,0x3d,0x4a,0x2b,0x22,0x2d,0x63,0x6f,0x75,0x6e,0x74,0x22,0x2c,0x42,0x74,0x3d,0x4a,
0x2b,0x22,0x2d,0x76,0x65,0x72,0x73,0x69,0x6f,0x6e,0x22,0x2c,0x51,0x74,0x3d,0x33,0x36,0x65,0x35,0x2c,
0x4b,0x65,0x3d,0x31,0x36,0x38,0x3b,0x66,0x75,0x6e,0x63,0x74,0x69,0x6f,0x6e,0x20,0x66,0x74,0x28,0x74,
0x2c,0x65,0x29,0x7b,0x74,0x72,0x79,0x7b,0x72,0x65,0x74,0x75,0x72,0x6e,0x20,0x74,0x2e,0x67,0x65,0x74,
0x49,0x74,0x65,0x6d,0x28,0x65,0x29,0x7d,0x63,0x61,0x74,0x63,0x68,0x7b,0x7d,0x7d,0x66,0x75,0x6e,0x63,
0x74,0x69,0x6f,0x6e,0x20,0x53,0x74,0x28,0x74,0x2c,0x65,0x2c,0x6e,0x29,0x7b,0x74,0x72,0x79,0x7b,0x72,
0x65,0x74,0x75,0x72,0x6e,0x20,0x74,0x2e,0x73,0x65,0x74,0x49,0x74,0x65,0x6d,0x28,0x65,0x2c,0x6e,0x29,
0x2c,0x21,0x30,0x7d,0x63,0x61,0x74,0x63,0x68,0x7b,0x7d,0x7d,0x66,0x75,0x6e,0x63,0x74,0x69,0x6f,0x6e,
0x20,0x4f,0x74,0x28,0x74,0x2c,0x65,0x29,0x7b,0x74,0x72,0x79,0x7b,0x74,0x2e,0x72,0x65,0x6d,0x6f,0x76,
0x65,0x49,0x74,0x65,0x6d,0x28,0x65,0x29,0x7d,0x63,0x61,0x74,0x63,0x68,0x7b,0x7d,0x7d,0x66,0x75,0x6e,
0x63,0x74,0x69,0x6f,0x6e,0x20,0x64,0x74,0x28,0x74,0x2c,0x65,0x29,0x7b,0x72,0x65,0x74,0x75,0x72,0x6e,
0x20,0x53,0x74,0x28,0x74,0x2c,0x5f,0x74,0x2c,0x65,0x2e,0x74,0x6f,0x53,0x74,0x72,0x69,0x6e,0x67,0x28,
0x29,0x29,0x7d,0x66,0x75,0x6e,0x63,0x74,0x69,0x6f,0x6e,0x20,0x68,0x74,0x28,0x74,0x29,0x7b,0x72,0x65,
0x74,0x75,0x72,0x6e,0x20,0x70,0x61,0x72,0x73,0x65,0x49,0x6e,0x74,0x28,0x66,0x74,0x28,0x74,0x2c,0x5f,
0x74,0x29,0x29,0x7c,0x7c,0x30,0x7d,0x6c,0x65,0x74,0x20,0x71,0x3d,0x74,0x79,0x70,0x65,0x6f,0x66,0x20,
0x77,0x69,0x6e,0x64,0x6f,0x77,0x3e,0x22,0x75,0x22,0x3f,0x7b,0x7d,0x3a,0x77,0x69,0x6e,0x64,0x6f,0x77,
0x3b,0x66,0x75,0x6e,0x63,0x74,0x69,0x6f,0x6e,0x20,0x24,0x74,0x28,0x74,0x29,0x7b,0x63,0x6f,0x6e,0x73,
0x74,0x20,0x65,0x3d,0x74,0x2b,0x22,0x53,0x74,0x6f,0x72,0x61,0x67,0x65,0x22,0x3b,0x74,0x72,0x79,0x7b,
0x69,0x66,0x28,0x71,0x26,0x26,0x71,0x5b,0x65,0x5d,0x26,0x26,0x74,0x79,0x70,0x65,0x6f,0x66,0x20,0x71,
0x5b,0x65,0x5d,0x2e,0x6c,0x65,0x6e,0x67,0x74,0x68,0x3d,0x3d,0x22,0x6e,0x75,0x6d,0x62,0x65,0x72,0x22,
0x29,0x72,0x65,0x74,0x75,0x72,0x6e,0x20,0x71,0x5b,0x65,0x5d,0x7d,0x63,0x61,0x74,0x63,0x68,0x7b,0x7d,
0x54,0x5b,0x74,0x5d,0x3d,0x21,0x31,0x7d,0x66,0x75,0x6e,0x63,0x74,0x69,0x6f,0x6e,0x20,0x47,0x74,0x28,
0x74,0x2c,0x65,0x29,0x7b,0x63,0x6f,0x6e,0x73,0x74,0x20,0x6e,0x3d,0x24,0x74,0x28,0x74,0x29,0x3b,0x69,
0x66,0x28,0x21,0x6e,0x29,0x72,0x65,0x74,0x75,0x72,0x6e,0x3b,0x63,0x6f,0x6e,0x73,0x74,0x20,0x6f,0x3d,
0x66,0x74,0x28,0x6e,0x2c,0x42,0x74,0x29,0x3b,0x69,0x66,0x28,0x6f,0x21,0x3d,0x3d,0x50,0x74,0x29,0x7b,
0x69,0x66,0x28,0x6f,0x29,0x7b,0x63,0x6f,0x6e,0x73,0x74,0x20,0x63,0x3d,0x68,0x74,0x28,0x6e,0x29,0x3b,
0x66,0x6f,0x72,0x28,0x6c,0x65,0x74,0x20,0x61,0x3d,0x30,0x3b,0x61,0x3c,0x63,0x3b,0x61,0x2b,0x2b,0x29,
0x4f,0x74,0x28,0x6e,0x2c,0x4a,0x2b,0x61,0x2e,0x74,0x6f,0x53,0x74,0x72,0x69,0x6e,0x67,0x28,0x29,0x29,
0x7d,0x53,0x74,0x28,0x6e,0x2c,0x42,0x74,0x2c,0x50,0x74,0x29,0x2c,0x64,0x74,0x28,0x6e,0x2c,0x30,0x29,
0x3b,0x72,0x65,0x74,0x75,0x72,0x6e,0x7d,0x63,0x6f,0x6e,0x73,0x74,0x20,0x69,0x3d,0x4d,0x61,0x74,0x68,
0x2e,0x66,0x6c,0x6f,0x6f,0x72,0x28,0x44,0x61,0x74,0x65,0x2e,0x6e,0x6f,0x77,0x28,0x29,0x2f,0x51,0x74,
0x29,0x2d,0x4b,0x65,0x2c,0x73,0x3d,0x63,0x3d,0x3e,0x7b,0x63,0x6f,0x6e,0x73,0x74,0x20,0x61,0x3d,0x4a,
0x2b,0x63,0x2e,0x74,0x6f,0x53,0x74,0x72,0x69,0x6e,0x67,0x28,0x29,0x2c,0x6c,0x3d,0x66,0x74,0x28,0x6e,
0x2c,0x61,0x29,0x3b,0x69,0x66,0x28,0x74,0x79,0x70,0x65,0x6f,0x66,0x20,0x6c,0x3d,0x3d,0x22,0x73,0x74,
0x72,0x69,0x6e,0x67,0x22,0x29,0x7b,0x74,0x72,0x79,0x7b,0x63,0x6f,0x6e,0x73,0x74,0x20,0x75,0x3d,0x4a,
0x53,0x4f,0x4e,0x2e,0x70,0x61,0x72,0x73,0x65,0x28,0x6c,0x29,0x3b,0x69,0x66,0x28,0x74,0x79,0x70,0x65,
0x6f,0x66,0x20,0x75,0x3d,0x3d,0x22,0x6f,0x62,0x6a,0x65,0x63,0x74,0x22,0x26,0x26,0x74,0x79,0x70,0x65,
0x6f,0x66,0x20,0x75,0x2e,0x63,0x61,0x63,0x68,0x65,0x64,0x3d,0x3d,0x22,0x6e,0x75,0x6d,0x62,0x65,0x72,
0x22,0x26,0x26,0x75,0x2e,0x63,0x61,0x63,0x68,0x65,0x64,0x3e,0x69,0x26,0x26,0x74,0x79,0x70,0x65,0x6f,
0x66,0x20,0x75,0x2e,0x70,0x72,0x6f,0x76,0x69,0x64,0x65,0x72,0x3d,0x3d,0x22,0x73,0x74,0x72,0x69,0x6e,
0x67,0x22,0x26,0x26,0x74,0x79,0x70,0x65,0x6f,0x66,0x20,0x75,0x2e,0x64,0x61,0x74,0x61,0x3d,0x3d,0x22,
0x6f,0x62,0x6a,0x65,0x63,0x74,0x22,0x26,0x26,0x74,0x79,0x70,0x65,0x6f,0x66,0x20,0x75,0x2e,0x64,0x61,
0x74,0x61,0x2e,0x70,0x72,0x65,0x66,0x69,0x78,0x3d,0x3d,0x22,0x73,0x74,0x72,0x69,0x6e,0x67,0x22,0x26,
0x26,0x65,0x28,0x75,0x2c,0x63,0x29,0x29,0x72,0x65,0x74,0x75,0x72,0x6e,0x21,0x30,0x7d,0x63,0x61,0x74,
0x63,0x68,0x7b,0x7d,0x4f,0x74,0x28,0x6e,0x2c,0x61,0x29,0x7d,0x7d,0x3b,0x6c,0x65,0x74,0x20,0x72,0x3d,
0x68,0x74,0x28,0x6e,0x29,0x3b,0x66,0x6f,0x72,0x28,0x6c,0x65,0x74,0x20,0x63,0x3d,0x72,0x2d,0x31,0x3b,
0x63,0x3e,0x3d,0x30,0x3b,0x63,0x2d,0x2d,0x29,0x73,0x28,0x63,0x29,0x7c,0x7c,0x28,0x63,0x3d,0x3d,0x3d,
0x72,0x2d,0x31,0x3f,0x28,0x72,0x2d,0x2d,0x2c,0x64,0x74,0x28,0x6e,0x2c,0x72,0x29,0x29,0x3a,0x57,0x74,
0x5b,0x74,0x5d,0x2e,0x61,0x64,0x64,0x28,0x63,0x29,0x29,0x7d,0x66,0x75,0x6e,0x63,0x74,0x69,0x6f,0x6e,
0x20,0x4b,0x74,0x28,0x29,0x7b,0x69,0x66,0x28,0x21,0x49,0x74,0x29,0x7b,0x47,0x65,0x28,0x21,0x30,0x29,
0x3b,0x66,0x6f,0x72,0x28,0x63,0x6f,0x6e,0x73,0x74,0x20,0x74,0x20,0x69,0x6e,0x20,0x54,0x29,0x47,0x74,
0x28,0x74,0x2c,0x65,0x3d,0x3e,0x7b,0x63,0x6f,0x6e,0x73,0x74,0x20,0x6e,0x3d,0x65,0x2e,0x64,0x61,0x74,
0x61,0x2c,0x6f,0x3d,0x65,0x2e,0x70,0x72,0x6f,0x76,0x69,0x64,0x65,0x72,0x2c,0x69,0x3d,0x6e,0x2e,0x70,
0x72,0x65,0x66,0x69,0x78,0x2c,0x73,0x3d,0x77,0x28,0x6f,0x2c,0x69,0x29,0x3b,0x69,0x66,0x28,0x21,0x6b,
0x74,0x28,0x73,0x2c,0x6e,0x29,0x2e,0x6c,0x65,0x6e,0x67,0x74,0x68,0x29,0x72,0x65,0x74,0x75,0x72,0x6e,
0x21,0x31,0x3b,0x63,0x6f,0x6e,0x73,0x74,0x20,0x72,0x3d,0x6e,0x2e,0x6c,0x61,0x73,0x74,0x4d,0x6f,0x64,
0x69,0x66,0x69,0x65,0x64,0x7c,0x7c,0x2d,0x31,0x3b,0x72,0x65,0x74,0x75,0x72,0x6e,0x20,0x73,0x2e,0x6c,
0x61,0x73,0x74,0x4d,0x6f,0x64,0x69,0x66,0x69,0x65,0x64,0x43,0x61,0x63,0x68,0x65,0x64,0x3d,0x73,0x2e,
0x6c,0x61,0x73,0x74,0x4d,0x6f,0x64,0x69,0x66,0x69,0x65,0x64,0x43,0x61,0x63,0x68,0x65,0x64,0x3f,0x4d,
0x61,0x74,0x68,0x2e,0x6d,0x69,0x6e,0x28,0x73,0x2e,0x6c,0x61,0x73,0x74,0x4d,0x6f,0x64,0x69,0x66,0x69,
0x65,0x64,0x43,0x61,0x63,0x68,0x65,0x64,0x2c,0x72,0x29,0x3a,0x72,0x2c,0x21,0x30,0x7d,0x29,0x7d,0x7d,
0x66,0x75,0x6e,0x63,0x74,0x69,0x6f,0x6e,0x20,0x58,0x74,0x28,0x74,0x2c,0x65,0x29,0x7b,0x73,0x77,0x69,
0x74,0x63,0x68,0x28,0x74,0x29,0x7b,0x63,0x61,0x73,0x65,0x22,0x6c,0x6f,0x63,0x61,0x6c,0x22,0x3a,0x63,
0x61,0x73,0x65,0x22,0x73,0x65,0x73,0x73,0x69,0x6f,0x6e,0x22,0x3a,0x54,0x5b,0x74,0x5d,0x3d,0x65,0x3b,
0x62,0x72,0x65,0x61,0x6b,0x3b,0x63,0x61,0x73,0x65,0x22,0x61,0x6c,0x6c,0x22,0x3a,0x66,0x6f,0x72,0x28,
0x63,0x6f,0x6e,0x73,0x74,0x20,0x6e,0x20,0x69,0x6e,0x20,0x54,0x29,0x54,0x5b,0x6e,0x5d,0x3d,0x65,0x3b,
0x62,0x72,0x65,0x61,0x6b,0x7d,0x7d,0x63,0x6f,0x6e,0x73,0x74,0x20,0x70,0x74,0x3d,0x4f,0x62,0x6a,0x65,
0x63,0x74,0x2e,0x63,0x72,0x65,0x61,0x74,0x65,0x28,0x6e,0x75,0x6c,0x6c,0x29,0x3b,0x66,0x75,0x6e,0x63,
0x74,0x69,0x6f,0x6e,0x20,0x59,0x74,0x28,0x74,0x2c,0x65,0x29,0x7b,0x70,0x74,0x5b,0x74,0x5d,0x3d,0x65,
0x7d,0x66,0x75,0x6e,0x63,0x74,0x69,0x6f,0x6e,0x20,0x67,0x74,0x28,0x74,0x29,0x7b,0x72,0x65,0x74,0x75,
0x72,0x6e,0x20,0x70,0x74,0x5b,0x74,0x5d,0x7c,0x7c,0x70,0x74,0x5b,0x22,0x22,0x5d,0x7d,0x66,0x75,0x6e,
0x63,0x74,0x69,0x6f,0x6e,0x20,0x45,0x74,0x28,0x74,0x29,0x7b,0x6c,0x65,0x74,0x20,0x65,0x3b,0x69,0x66,
0x28,0x74,0x79,0x70,0x65,0x6f,0x66,0x20,0x74,0x2e,0x72,0x65,0x73,0x6f,0x75,0x72,0x63,0x65,0x73,0x3d,
0x3d,0x22,0x73,0x74,0x72,0x69,0x6e,0x67,0x22,0x29,0x65,0x3d,0x5b,0x74,0x2e,0x72,0x65,0x73,0x6f,0x75,
0x72,0x63,0x65,0x73,0x5d,0x3b,0x65,0x6c,0x73,0x65,0x20,0x69,0x66,0x28,0x65,0x3d,0x74,0x2e,0x72,0x65,
0x73,0x6f,0x75,0x72,0x63,0x65,0x73,0x2c,0x21,0x28,0x65,0x20,0x69,0x6e,0x73,0x74,0x61,0x6e,0x63,0x65,
0x6f,0x66,0x20,0x41,0x72,0x72,0x61,0x79,0x29,0x7c,0x7c,0x21,0x65,0x2e,0x6c,0x65,0x6e,0x67,0x74,0x68,
0x29,0x72,0x65,0x74,0x75,0x72,0x6e,0x20,0x6e,0x75,0x6c,0x6c,0x3b,0x72,0x65,0x74,0x75,0x72,0x6e,0x7b,
0x72,0x65,0x73,0x6f,0x75,0x72,0x63,0x65,0x73,0x3a,0x65,0x2c,0x70,0x61,0x74,0x68,0x3a,0x74,0x2e,0x70,
0x61,0x74,0x68,0x7c,0x7c,0x22,0x2f,0x22,0x2c,0x6d,0x61,0x78,0x55,0x52,0x4c,0x3a,0x74,0x2e,0x6d,0x61,
0x78,0x55,0x52,0x4c,0x7c,0x7c,0x35,0x30,0x30,0x2c,0x72,0x6f,0x74,0x61,0x74,0x65,0x3a,0x74,0x2e,0x72,
0x6f,0x74,0x61,0x74,0x65,0x7c,0x7c,0x37,0x35,0x30,0x2c,0x74,0x69,0x6d,0x65,0x6f,0x75,0x74,0x3a,0x74,
0x2e,0x74,0x69,0x6d,0x65,0x6f,0x75,0x74,0x7c,0x7c,0x35,0x65,0x33,0x2c,0x72,0x61,0x6e,0x64,0x6f,0x6d,
0x3a,0x74,0x2e,0x72,0x61,0x6e,0x64,0x6f,0x6d,0x3d,0x3d,0x3d,0x21,0x30,0x2c,0x69,0x6e,0x64,0x65,0x78,
0x3a,0x74,0x2e,0x69,0x6e,0x64,0x65,0x78,0x7c,0x7c,0x30,0x2c,0x64,0x61,0x74,0x61,0x41,0x66,0x74,0x65,
0x72,0x54,0x69,0x6d,0x65,0x6f,0x75,0x74,0x3a,0x74,0x2e,0x64,0x61,0x74,0x61,0x41,0x66,0x74,0x65,0x72,
0x54,0x69,0x6d,0x65,0x6f,0x75,0x74,0x21,0x3d,0x3d,0x21,0x31,0x7d,0x7d,0x63,0x6f,0x6e,0x73,0x74,0x20,
0x74,0x74,0x3d,0x4f,0x62,0x6a,0x65,0x63,0x74,0x2e,0x63,0x72,0x65,0x61,0x74,0x65,0x28,0x6e,0x75,0x6c,
0x6c,0x29,0x2c,0x4f,0x3d,0x5b,0x22,0x68,0x74,0x74,0x70,0x73,0x3a,0x2f,0x2f,0x61,0x70,0x69,0x2e,0x73,
0x69,0x6d,0x70,0x6c,0x65,0x73,0x76,0x67,0x2e,0x63,0x6f,0x6d,0x22,0x2c,0x22,0x68,0x74,0x74,0x70,0x73,
0x3a,0x2f,0x2f,0x61,0x70,0x69,0x2e,0x75,0x6e,0x69,0x73,0x76,0x67,0x2e,0x63,0x6f,0x6d,0x22,0x5d,0x2c,
0x51,0x3d,0x5b,0x5d,0x3b,0x66,0x6f,0x72,0x28,0x3b,0x4f,0x2e,0x6c,0x65,0x6e,0x67,0x74,0x68,0x3e,0x30,
0x3b,0x29,0x4f,0x2e,0x6c,0x65,0x6e,0x67,0x74,0x68,0x3d,0x3d,0x3d,0x31,0x7c,0x7c,0x4d,0x61,0x74,0x68,
0x2e,0x72,0x61,0x6e,0x64,0x6f,0x6d,0x28,0x29,0x3e,0x2e,0x35,0x3f,0x51,0x2e,0x70,0x75,0x73,0x68,0x28,
0x4f,0x2e,0x73,0x68,0x69,0x66,0x74,0x28,0x29,0x29,0x3a,0x51,0x2e,0x70,0x75,0x73,0x68,0x28,0x4f,0x2e,
0x70,0x6f,0x70,0x28,0x29,0x29,0x3b,0x74,0x74,0x5b,0x22,0x22,0x5d,0x3d,0x45,0x74,0x28,0x7b,0x72,0x65,
0x73,0x6f,0x75,0x72,0x63,0x65,0x73,0x3a,0x5b,0x22,0x68,0x74,0x74,0x70,0x73,0x3a,0x2f,0x2f,0x61,0x70,
0x69,0x2e,0x69,0x63,0x6f,0x6e,0x69,0x66,0x79,0x2e,0x64,0x65,0x73,0x69,0x67,0x6e,0x22,0x5d,0x2e,0x63,
0x6f,0x6e,0x63,0x61,0x74,0x28,0x51,0x29,0x7d,0x29,0x3b,0x66,0x75,0x6e,0x63,0x74,0x69,0x6f,0x6e,0x20,
0x5a,0x74,0x28,0x74,0x2c,0x65,0x29,0x7b,0x63,0x6f,0x6e,0x73,0x74,0x20,0x6e,0x3d,0x45,0x74,0x28,0x65,
0x29,0x3b,0x72,0x65,0x74,0x75,0x72,0x6e,0x20,0x6e,0x3d,0x3d,0x3d,0x6e,0x75,0x6c,0x6c,0x3f,0x21,0x31,
0x3a,0x28,0x74,0x74,0x5b,0x74,0x5d,0x3d,0x6e,0x2c,0x21,0x30,0x29,0x7d,0x66,0x75,0x6e,0x63,0x74,0x69,
0x6f,0x6e,0x20,0x65,0x74,0x28,0x74,0x29,0x7b,0x72,0x65,0x74,0x75,0x72,0x6e,0x20,0x74,0x74,0x5b,0x74,
0x5d,0x7d,0x66,0x75,0x6e,0x63,0x74,0x69,0x6f,0x6e,0x20,0x58,0x65,0x28,0x29,0x7b,0x72,0x65,0x74,0x75,
0x72,0x6e,0x20,0x4f,0x62,0x6a,0x65,0x63,0x74,0x2e,0x6b,0x65,0x79,0x73,0x28,0x74,0x74,0x29,0x7d,0x63,
0x6f,0x6e,0x73,0x74,0x20,0x59,0x65,0x3d,0x28,0x29,0x3d,0x3e,0x7b,0x6c,0x65,0x74,0x20,0x74,0x3b,0x74,
0x72,0x79,0x7b,0x69,0x66,0x28,0x74,0x3d,0x66,0x65,0x74,0x63,0x68,0x2c,0x74,0x79,0x70,0x65,0x6f,0x66,
0x20,0x74,0x3d,0x3d,0x22,0x66,0x75,0x6e,0x63,0x74,0x69,0x6f,0x6e,0x22,0x29,0x72,0x65,0x74,0x75,0x72,
0x6e,0x20,0x74,0x7d,0x63,0x61,0x74,0x63,0x68,0x7b,0x7d,0x7d,0x3b,0x6c,0x65,0x74,0x20,0x4b,0x3d,0x59,
0x65,0x28,0x29,0x3b,0x66,0x75,0x6e,0x63,0x74,0x69,0x6f,0x6e,0x20,0x5a,0x65,0x28,0x74,0x29,0x7b,0x4b,
0x3d,0x74,0x7d,0x66,0x75,0x6e,0x63,0x74,0x69,0x6f,0x6e,0x20,0x74,0x6e,0x28,0x29,0x7b,0x72,0x65,0x74,
0x75,0x72,0x6e,0x20,0x4b,0x7d,0x66,0x75,0x6e,0x63,0x74,0x69,0x6f,0x6e,0x20,0x65,0x6e,0x28,0x74,0x2c,
0x65,0x29,0x7b,0x63,0x6f,0x6e,0x73,0x74,0x20,0x6e,0x3d,0x65,0x74,0x28,0x74,0x29,0x3b,0x69,0x66,0x28,
0x21,0x6e,0x29,0x72,0x65,0x74,0x75,0x72,0x6e,0x20,0x30,0x3b,0x6c,0x65,0x74,0x20,0x6f,0x3b,0x69,0x66,
0x28,0x21,0x6e,0x2e,0x6d,0x61,0x78,0x55,0x52,0x4c,0x29,0x6f,0x3d,0x30,0x3b,0x65,0x6c,0x73,0x65,0x7b,
0x6c,0x65,0x74,0x20,0x69,0x3d,0x30,0x3b,0x6e,0x2e,0x72,0x65,0x73,0x6f,0x75,0x72,0x63,0x65,0x73,0x2e,
0x66,0x6f,0x72,0x45,0x61,0x63,0x68,0x28,0x72,0x3d,0x3e,0x7b,0x69,0x3d,0x4d,0x61,0x74,0x68,0x2e,0x6d,
0x61,0x78,0x28,0x69,0x2c,0x72,0x2e,0x6c,0x65,0x6e,0x67,0x74,0x68,0x29,0x7d,0x29,0x3b,0x63,0x6f,0x6e,
0x73,0x74,0x20,0x73,0x3d,0x65,0x2b,0x22,0x2e,0x6a,0x73,0x6f,0x6e,0x3f,0x69,0x63,0x6f,0x6e,0x73,0x3d,
0x22,0x3b,0x6f,0x3d,0x6e,0x2e,0x6d,0x61,0x78,0x55,0x52,0x4c,0x2d,0x69,0x2d,0x6e,0x2e,0x70,0x61,0x74,
0x68,0x2e,0x6c,0x65,0x6e,0x67,0x74,0x68,0x2d,0x73,0x2e,0x6c,0x65,0x6e,0x67,0x74,0x68,0x7d,0x72,0x65,
0x74,0x75,0x72,0x6e,0x20,0x6f,0x7d,0x66,0x75,0x6e,0x63,0x74,0x69,0x6f,0x6e,0x20,0x6e,0x6e,0x28,0x74,
0x29,0x7b,0x72,0x65,0x74,0x75,0x72,0x6e,0x20,0x74,0x3d,0x3d,0x3d,0x34,0x30,0x34,0x7d,0x63,0x6f,0x6e,
0x73,0x74,0x20,0x6f,0x6e,0x3d,0x28,0x74,0x2c,0x65,0x2c,0x6e,0x29,0x3d,0x3e,0x7b,0x63,0x6f,0x6e,0x73,
0x74,0x20,0x6f,0x3d,0x5b,0x5d,0x2c,0x69,0x3d,0x65,0x6e,0x28,0x74,0x2c,0x65,0x29,0x2c,0x73,0x3d,0x22,
0x69,0x63,0x6f,0x6e,0x73,0x22,0x3b,0x6c,0x65,0x74,0x20,0x72,0x3d,0x7b,0x74,0x79,0x70,0x65,0x3a,0x73,
0x2c,0x70,0x72,0x6f,0x76,0x69,0x64,0x65,0x72,0x3a,0x74,0x2c,0x70,0x72,0x65,0x66,0x69,0x78,0x3a,0x65,
0x2c,0x69,0x63,0x6f,0x6e,0x73,0x3a,0x5b,0x5d,0x7d,0x2c,0x63,0x3d,0x30,0x3b,0x72,0x65,0x74,0x75,0x72,
0x6e,0x20,0x6e,0x2e,0x66,0x6f,0x72,0x45,0x61,0x63,0x68,0x28,0x28,0x61,0x2c,0x6c,0x29,0x3d,0x3e,0x7b,
0x63,0x2b,0x3d,0x61,0x2e,0x6c,0x65,0x6e,0x67,0x74,0x68,0x2b,0x31,0x2c,0x63,0x3e,0x3d,0x69,0x26,0x26,
0x6c,0x3e,0x30,0x26,0x26,0x28,0x6f,0x2e,0x70,0x75,0x73,0x68,0x28,0x72,0x29,0x2c,0x72,0x3d,0x7b,0x74,
0x79,0x70,0x65,0x3a,0x73,0x2c,0x70,0x72,0x6f,0x76,0x69,0x64,0x65,0x72,0x3a,0x74,0x2c,0x70,0x72,0x65,
0x66,0x69,0x78,0x3a,0x65,0x2c,0x69,0x63,0x6f,0x6e,0x73,0x3a,0x5b,0x5d,0x7d,0x2c,0x63,0x3d,0x61,0x2e,
0x6c,0x65,0x6e,0x67,0x74,0x68,0x29,0x2c,0x72,0x2e,0x69,0x63,0x6f,0x6e,0x73,0x2e,0x70,0x75,0x73,0x68,
0x28,0x61,0x29,0x7d,0x29,0x2c,0x6f,0x2e,0x70,0x75,0x73,0x68,0x28,0x72,0x29,0x2c,0x6f,0x7d,0x3b,0x66,
0x75,0x6e,0x63,0x74,0x69,0x6f,0x6e,0x20,0x73,0x6e,0x28,0x74,0x29,0x7b,0x69,0x66,0x28,0x74,0x79,0x70,
0x65,0x6f,0x66,0x20,0x74,0x3d,0x3d,0x22,0x73,0x74,0x72,0x69,0x6e,0x67,0x22,0x29,0x7b,0x63,0x6f,0x6e,
0x73,0x74,0x20,0x65,0x3d,0x65,0x74,0x28,0x74,0x29,0x3b,0x69,0x66,0x28,0x65,0x29,0x72,0x65,0x74,0x75,
0x72,0x6e,0x20,0x65,0x2e,0x70,0x61,0x74,0x68,0x7d,0x72,0x65,0x74,0x75,0x72,0x6e,0x22,0x2f,0x22,0x7d,
0x63,0x6f,0x6e,0x73,0x74,0x20,0x72,0x6e,0x3d,0x28,0x74,0x2c,0x65,0x2c,0x6e,0x29,0x3d,0x3e,0x7b,0x69,
0x66,0x28,0x21,0x4b,0x29,0x7b,0x6e,0x28,0x22,0x61,0x62,0x6f,0x72,0x74,0x22,0x2c,0x34,0x32,0x34,0x29,
0x3b,0x72,0x65,0x74,0x75,0x72,0x6e,0x7d,0x6c,0x65,0x74,0x20,0x6f,0x3d,0x73,0x6e,0x28,0x65,0x2e,0x70,
0x72,0x6f,0x76,0x69,0x64,0x65,0x72,0x29,0x3b,0x73,0x77,0x69,0x74,0x63,0x68,0x28,0x65,0x2e,0x74,0x79,
0x70,0x65,0x29,0x7b,0x63,0x61,0x73,0x65,0x22,0x69,0x63,0x6f,0x6e,0x73,0x22,0x3a,0x7b,0x63,0x6f,0x6e,
0x73,0x74,0x20,0x73,0x3d,0x65,0x2e,0x70,0x72,0x65,0x66,0x69,0x78,0x2c,0x63,0x3d,0x65,0x2e,0x69,0x63,
0x6f,0x6e,0x73,0x2e,0x6a,0x6f,0x69,0x6e,0x28,0x22,0x2c,0x22,0x29,0x2c,0x61,0x3d,0x6e,0x65,0x77,0x20,
0x55,0x52,0x4c,0x53,0x65,0x61,0x72,0x63,0x68,0x50,0x61,0x72,0x61,0x6d,0x73,0x28,0x7b,0x69,0x63,0x6f,
0x6e,0x73,0x3a,0x63,0x7d,0x29,0x3b,0x6f,0x2b,0x3d,0x73,0x2b,0x22,0x2e,0x6a,0x73,0x6f,0x6e,0x3f,0x22,
0x2b,0x61,0x2e,0x74,0x6f,0x53,0x74,0x72,0x69,0x6e,0x67,0x28,0x29,0x3b,0x62,0x72,0x65,0x61,0x6b,0x7d,
0x63,0x61,0x73,0x65,0x22,0x63,0x75,0x73,0x74,0x6f,0x6d,0x22,0x3a,0x7b,0x63,0x6f,0x6e,0x73,0x74,0x20,
0x73,0x3d,0x65,0x2e,0x75,0x72,0x69,0x3b,0x6f,0x2b,0x3d,0x73,0x2e,0x73,0x6c,0x69,0x63,0x65,0x28,0x30,
0x2c,0x31,0x29,0x3d,0x3d,0x3d,0x22,0x2f,0x22,0x3f,0x73,0x2e,0x73,0x6c,0x69,0x63,0x65,0x28,0x31,0x29,
0x3a,0x73,0x3b,0x62,0x72,0x65,0x61,0x6b,0x7d,0x64,0x65,0x66,0x61,0x75,0x6c,0x74,0x3a,0x6e,0x28,0x22,
0x61,0x62,0x6f,0x72,0x74,0x22,0x2c,0x34,0x30,0x30,0x29,0x3b,0x72,0x65,0x74,0x75,0x72,0x6e,0x7d,0x6c,
0x65,0x74,0x20,0x69,0x3d,0x35,0x30,0x33,0x3b,0x4b,0x28,0x74,0x2b,0x6f,0x29,0x2e,0x74,0x68,0x65,0x6e,
0x28,0x73,0x3d,0x3e,0x7b,0x63,0x6f,0x6e,0x73,0x74,0x20,0x72,0x3d,0x73,0x2e,0x73,0x74,0x61,0x74,0x75,
0x73,0x3b,0x69,0x66,0x28,0x72,0x21,0x3d,0x3d,0x32,0x30,0x30,0x29,0x7b,0x73,0x65,0x74,0x54,0x69,0x6d,
0x65,0x6f,0x75,0x74,0x28,0x28,0x29,0x3d,0x3e,0x7b,0x6e,0x28,0x6e,0x6e,0x28,0x72,0x29,0x3f,0x22,0x61,
0x62,0x6f,0x72,0x74,0x22,0x3a,0x22,0x6e,0x65,0x78,0x74,0x22,0x2c,0x72,0x29,0x7d,0x29,0x3b,0x72,0x65,
0x74,0x75,0x72,0x6e,0x7d,0x72,0x65,0x74,0x75,0x72,0x6e,0x20,0x69,0x3d,0x35,0x30,0x31,0x2c,0x73,0x2e,
0x6a,0x73,0x6f,0x6e,0x28,0x29,0x7d,0x29,0x2e,0x74,0x68,0x65,0x6e,0x28,0x73,0x3d,0x3e,0x7b,0x69,0x66,
0x28,0x74,0x79,0x70,0x65,0x6f,0x66,0x20,0x73,0x21,0x3d,0x22,0x6f,0x62,0x6a,0x65,0x63,0x74,0x22,0x7c,
0x7c,0x73,0x3d,0x3d,0x3d,0x6e,0x75,0x6c,0x6c,0x29,0x7b,0x73,0x65,0x74,0x54,0x69,0x6d,0x65,0x6f,0x75,
0x74,0x28,0x28,0x29,0x3d,0x3e,0x7b,0x73,0x3d,0x3d,0x3d,0x34,0x30,0x34,0x3f,0x6e,0x28,0x22,0x61,0x62,
0x6f,0x72,0x74,0x22,0x2c,0x73,0x29,0x3a,0x6e,0x28,0x22,0x6e,0x65,0x78,0x74,0x22,0x2c,0x69,0x29,0x7d,
0x29,0x3b,0x72,0x65,0x74,0x75,0x72,0x6e,0x7d,0x73,0x65,0x74,0x54,0x69,0x6d,0x65,0x6f,0x75,0x74,0x28,
0x28,0x29,0x3d,0x3e,0x7b,0x6e,0x28,0x22,0x73,0x75,0x63,0x63,0x65,0x73,0x73,0x22,0x2c,0x73,0x29,0x7d,
0x29,0x7d,0x29,0x2e,0x63,0x61,0x74,0x63,0x68,0x28,0x28,0x29,0x3d,0x3e,0x7b,0x6e,0x28,0x22,0x6e,0x65,
0x78,0x74,0x22,0x2c,0x69,0x29,0x7d,0x29,0x7d,0x2c,0x63,0x6e,0x3d,0x7b,0x70,0x72,0x65,0x70,0x61,0x72,
0x65,0x3a,0x6f,0x6e,0x2c,0x73,0x65,0x6e,0x64,0x3a,0x72,0x6e,0x7d,0x3b,0x66,0x75,0x6e,0x63,0x74,0x69,
0x6f,0x6e,0x20,0x61,0x6e,0x28,0x74,0x29,0x7b,0x63,0x6f,0x6e,0x73,0x74,0x20,0x65,0x3d,0x7b,0x6c,0x6f,
0x61,0x64,0x65,0x64,0x3a,0x5b,0x5d,0x2c,0x6d,0x69,0x73,0x73,0x69,0x6e,0x67,0x3a,0x5b,0x5d,0x2c,0x70,
0x65,0x6e,0x64,0x69,0x6e,0x67,0x3a,0x5b,0x5d,0x7d,0x2c,0x6e,0x3d,0x4f,0x62,0x6a,0x65,0x63,0x74,0x2e,
0x63,0x72,0x65,0x61,0x74,0x65,0x28,0x6e,0x75,0x6c,0x6c,0x29,0x3b,0x74,0x2e,0x73,0x6f,0x72,0x74,0x28,
0x28,0x69,0x2c,0x73,0x29,0x3d,0x3e,0x69,0x2e,0x70,0x72,0x6f,0x76,0x69,0x64,0x65,0x72,0x21,0x3d,0x3d,
0x73,0x2e,0x70,0x72,0x6f,0x76,0x69,0x64,0x65,0x72,0x3f,0x69,0x2e,0x70,0x72,0x6f,0x76,0x69,0x64,0x65,
0x72,0x2e,0x6c,0x6f,0x63,0x61,0x6c,0x65,0x43,0x6f,0x6d,0x70,0x61,0x72,0x65,0x28,0x73,0x2e,0x70,0x72,
0x6f,0x76,0x69,0x64,0x65,0x72,0x29,0x3a,0x69,0x2e,0x70,0x72,0x65,0x66,0x69,0x78,0x21,0x3d,0x3d,0x73,
0x2e,0x70,0x72,0x65,0x66,0x69,0x78,0x3f,0x69,0x2e,0x70,0x72,0x65,0x66,0x69,0x78,0x2e,0x6c,0x6f,0x63,
0x61,0x6c,0x65,0x43,0x6f,0x6d,0x70,0x61,0x72,0x65,0x28,0x73,0x2e,0x70,0x72,0x65,0x66,0x69,0x78,0x29,
0x3a,0x69,0x2e,0x6e,0x61,0x6d,0x65,0x2e,0x6c,0x6f,0x63,0x61,0x6c,0x65,0x43,0x6f,0x6d,0x70,0x61,0x72,
0x65,0x28,0x73,0x2e,0x6e,0x61,0x6d,0x65,0x29,0x29,0x3b,0x6c,0x65,0x74,0x20,0x6f,0x3d,0x7b,0x70,0x72,
0x6f,0x76,0x69,0x64,0x65,0x72,0x3a,0x22,0x22,0x2c,0x70,0x72,0x65,0x66,0x69,0x78,0x3a,0x22,0x22,0x2c,
0x6e,0x61,0x6d,0x65,0x3a,0x22,0x22,0x7d,0x3b,0x72,0x65,0x74,0x75,0x72,0x6e,0x20,0x74,0x2e,0x66,0x6f,
0x72,0x45,0x61,0x63,0x68,0x28,0x69,0x3d,0x3e,0x7b,0x69,0x66,0x28,0x6f,0x2e,0x6e,0x61,0x6d,0x65,0x3d,
0x3d,0x3d,0x69,0x2e,0x6e,0x61,0x6d,0x65,0x26,0x26,0x6f,0x2e,0x70,0x72,0x65,0x66,0x69,0x78,0x3d,0x3d,
0x3d,0x69,0x2e,0x70,0x72,0x65,0x66,0x69,0x78,0x26,0x26,0x6f,0x2e,0x70,0x72,0x6f,0x76,0x69,0x64,0x65,
0x72,0x3d,0x3d,0x3d,0x69,0x2e,0x70,0x72,0x6f,0x76,0x69,0x64,0x65,0x72,0x29,0x72,0x65,0x74,0x75,0x72,
0x6e,0x3b,0x6f,0x3d,0x69,0x3b,0x63,0x6f,0x6e,0x73,0x74,0x20,0x73,0x3d,0x69,0x2e,0x70,0x72,0x6f,0x76,
0x69,0x64,0x65,0x72,0x2c,0x72,0x3d,0x69,0x2e,0x70,0x72,0x65,0x66,0x69,0x78,0x2c,0x63,0x3d,0x69,0x2e,
0x6e,0x61,0x6d,0x65,0x2c,0x61,0x3d,0x6e,0x5b,0x73,0x5d,0x7c,0x7c,0x28,0x6e,0x5b,0x73,0x5d,0x3d,0x4f,
0x62,0x6a,0x65,0x63,0x74,0x2e,0x63,0x72,0x65,0x61,0x74,0x65,0x28,0x6e,0x75,0x6c,0x6c,0x29,0x29,0x2c,
0x6c,0x3d,0x61,0x5b,0x72,0x5d,0x7c,0x7c,0x28,0x61,0x5b,0x72,0x5d,0x3d,0x77,0x28,0x73,0x2c,0x72,0x29,
0x29,0x3b,0x6c,0x65,0x74,0x20,0x75,0x3b,0x63,0x20,0x69,0x6e,0x20,0x6c,0x2e,0x69,0x63,0x6f,0x6e,0x73,
0x3f,0x75,0x3d,0x65,0x2e,0x6c,0x6f,0x61,0x64,0x65,0x64,0x3a,0x72,0x3d,0x3d,0x3d,0x22,0x22,0x7c,0x7c,
0x6c,0x2e,0x6d,0x69,0x73,0x73,0x69,0x6e,0x67,0x2e,0x68,0x61,0x73,0x28,0x63,0x29,0x3f,0x75,0x3d,0x65,
0x2e,0x6d,0x69,0x73,0x73,0x69,0x6e,0x67,0x3a,0x75,0x3d,0x65,0x2e,0x70,0x65,0x6e,0x64,0x69,0x6e,0x67,
0x3b,0x63,0x6f,0x6e,0x73,0x74,0x20,0x66,0x3d,0x7b,0x70,0x72,0x6f,0x76,0x69,0x64,0x65,0x72,0x3a,0x73,
0x2c,0x70,0x72,0x65,0x66,0x69,0x78,0x3a,0x72,0x2c,0x6e,0x61,0x6d,0x65,0x3a,0x63,0x7d,0x3b,0x75,0x2e,
0x70,0x75,0x73,0x68,0x28,0x66,0x29,0x7d,0x29,0x2c,0x65,0x7d,0x66,0x75,0x6e,0x63,0x74,0x69,0x6f,0x6e,
0x20,0x74,0x65,0x28,0x74,0x2c,0x65,0x29,0x7b,0x74,0x2e,0x66,0x6f,0x72,0x45,0x61,0x63,0x68,0x28,0x6e,
0x3d,0x3e,0x7b,0x63,0x6f,0x6e,0x73,0x74,0x20,0x6f,0x3d,0x6e,0x2e,0x6c,0x6f,0x61,0x64,0x65,0x72,0x43,
0x61,0x6c,0x6c,0x62,0x61,0x63,0x6b,0x73,0x3b,0x6f,0x26,0x26,0x28,0x6e,0x2e,0x6c,0x6f,0x61,0x64,0x65,
0x72,0x43,0x61,0x6c,0x6c,0x62,0x61,0x63,0x6b,0x73,0x3d,0x6f,0x2e,0x66,0x69,0x6c,0x74,0x65,0x72,0x28,
0x69,0x3d,0x3e,0x69,0x2e,0x69,0x64,0x21,0x3d,0x3d,0x65,0x29,0x29,0x7d,0x29,0x7d,0x66,0x75,0x6e,0x63,
0x74,0x69,0x6f,0x6e,0x20,0x6c,0x6e,0x28,0x74,0x29,0x7b,0x74,0x2e,0x70,0x65,0x6e,0x64,0x69,0x6e,0x67,
0x43,0x61,0x6c,0x6c,0x62,0x61,0x63,0x6b,0x73,0x46,0x6c,0x61,0x67,0x7c,0x7c,0x28,0x74,0x2e,0x70,0x65,
0x6e,0x64,0x69,0x6e,0x67,0x43,0x61,0x6c,0x6c,0x62,0x61,0x63,0x6b,0x73,0x46,0x6c,0x61,0x67,0x3d,0x21,
0x30,0x2c,0x73,0x65,0x74,0x54,0x69,0x6d,0x65,0x6f,0x75,0x74,0x28,0x28,0x29,0x3d,0x3e,0x7b,0x74,0x2e,
0x70,0x65,0x6e,0x64,0x69,0x6e,0x67,0x43,0x61,0x6c,0x6c,0x62,0x61,0x63,0x6b,0x73,0x46,0x6c,0x61,0x67,
0x3d,0x21,0x31,0x3b,0x63,0x6f,0x6e,0x73,0x74,0x20,0x65,0x3d,0x74,0x2e,0x6c,0x6f,0x61,0x64,0x65,0x72,
0x43,0x61,0x6c,0x6c,0x62,0x61,0x63,0x6b,0x73,0x3f,0x74,0x2e,0x6c,0x6f,0x61,0x64,0x65,0x72,0x43,0x61,
0x6c,0x6c,0x62,0x61,0x63,0x6b,0x73,0x2e,0x73,0x6c,0x69,0x63,0x65,0x28,0x30,0x29,0x3a,0x5b,0x5d,0x3b,
0x69,0x66,0x28,0x21,0x65,0x2e,0x6c,0x65,0x6e,0x67,0x74,0x68,0x29,0x72,0x65,0x74,0x75,0x72,0x6e,0x3b,
0x6c,0x65,0x74,0x20,0x6e,0x3d,0x21,0x31,0x3b,0x63,0x6f,0x6e,0x73,0x74,0x20,0x6f,0x3d,0x74,0x2e,0x70,
0x72,0x6f,0x76,0x69,0x64,0x65,0x72,0x2c,0x69,0x3d,0x74,0x2e,0x70,0x72,0x65,0x66,0x69,0x78,0x3b,0x65,
0x2e,0x66,0x6f,0x72,0x45,0x61,0x63,0x68,0x28,0x73,0x3d,0x3e,0x7b,0x63,0x6f,0x6e,0x73,0x74,0x20,0x72,
0x3d,0x73,0x2e,0x69,0x63,0x6f,0x6e,0x73,0x2c,0x63,0x3d,0x72,0x2e,0x70,0x65,0x6e,0x64,0x69,0x6e,0x67,
0x2e,0x6c,0x65,0x6e,0x67,0x74,0x68,0x3b,0x72,0x2e,0x70,0x65,0x6e,0x64,0x69,0x6e,0x67,0x3d,0x72,0x2e,
0x70,0x65,0x6e,0x64,0x69,0x6e,0x67,0x2e,0x66,0x69,0x6c,0x74,0x65,0x72,0x28,0x61,0x3d,0x3e,0x7b,0x69,
0x66,0x28,0x61,0x2e,0x70,0x72,0x65,0x66,0x69,0x78,0x21,0x3d,0x3d,0x69,0x29,0x72,0x65,0x74,0x75,0x72,
0x6e,0x21,0x30,0x3b,0x63,0x6f,0x6e,0x73,0x74,0x20,0x6c,0x3d,0x61,0x2e,0x6e,0x61,0x6d,0x65,0x3b,0x69,
0x66,0x28,0x74,0x2e,0x69,0x63,0x6f,0x6e,0x73,0x5b,0x6c,0x5d,0x29,0x72,0x2e,0x6c,0x6f,0x61,0x64,0x65,
0x64,0x2e,0x70,0x75,0x73,0x68,0x28,0x7b,0x70,0x72,0x6f,0x76,0x69,0x64,0x65,0x72,0x3a,0x6f,0x2c,0x70,
0x72,0x65,0x66,0x69,0x78,0x3a,0x69,0x2c,0x6e,0x61,0x6d,0x65,0x3a,0x6c,0x7d,0x29,0x3b,0x65,0x6c,0x73,
0x65,0x20,0x69,0x66,0x28,0x74,0x2e,0x6d,0x69,0x73,0x73,0x69,0x6e,0x67,0x2e,0x68,0x61,0x73,0x28,0x6c,
0x29,0x29,0x72,0x2e,0x6d,0x69,0x73,0x73,0x69,0x6e,0x67,0x2e,0x70,0x75,0x73,0x68,0x28,0x7b,0x70,0x72,
0x6f,0x76,0x69,0x64,0x65,0x72,0x3a,0x6f,0x2c,0x70,0x72,0x65,0x66,0x69,0x78,0x3a,0x69,0x2c,0x6e,0x61,
0x6d,0x65,0x3a,0x6c,0x7d,0x29,0x3b,0x65,0x6c,0x73,0x65,0x20,0x72,0x65,0x74,0x75,0x72,0x6e,0x20,0x6e,
0x3d,0x21,0x30,0x2c,0x21,0x30,0x3b,0x72,0x65,0x74,0x75,0x72,0x6e,0x21,0x31,0x7d,0x29,0x2c,0x72,0x2e,
0x70,0x65,0x6e,0x64,0x69,0x6e,0x67,0x2e,0x6c,0x65,0x6e,0x67,0x74,0x68,0x21,0x3d,0x3d,0x63,0x26,0x26,
0x28,0x6e,0x7c,0x7c,0x74,0x65,0x28,0x5b,0x74,0x5d,0x2c,0x73,0x2e,0x69,0x64,0x29,0x2c,0x73,0x2e,0x63,
0x61,0x6c,0x6c,0x62,0x61,0x63,0x6b,0x28,0x72,0x2e,0x6c,0x6f,0x61,0x64,0x65,0x64,0x2e,0x73,0x6c,0x69,
0x63,0x65,0x28,0x30,0x29,0x2c,0x72,0x2e,0x6d,0x69,0x73,0x73,0x69,0x6e,0x67,0x2e,0x73,0x6c,0x69,0x63,
0x65,0x28,0x30,0x29,0x2c,0x72,0x2e,0x70,0x65,0x6e,0x64,0x69,0x6e,0x67,0x2e,0x73,0x6c,0x69,0x63,0x65,
0x28,0x30,0x29,0x2c,0x73,0x2e,0x61,0x62,0x6f,0x72,0x74,0x29,0x29,0x7d,0x29,0x7d,0x29,0x29,0x7d,0x6c,
0x65,0x74,0x20,0x75,0x6e,0x3d,0x30,0x3b,0x66,0x75,0x6e,0x63,0x74,0x69,0x6f,0x6e,0x20,0x66,0x6e,0x28,
0x74,0x2c,0x65,0x2c,0x6e,0x29,0x7b,0x63,0x6f,0x6e,0x73,0x74,0x20,0x6f,0x3d,0x75,0x6e,0x2b,0x2b,0x2c,
0x69,0x3d,0x74,0x65,0x2e,0x62,0x69,0x6e,0x64,0x28,0x6e,0x75,0x6c,0x6c,0x2c,0x6e,0x2c,0x6f,0x29,0x3b,
0x69,0x66,0x28,0x21,0x65,0x2e,0x70,0x65,0x6e,0x64,0x69,0x6e,0x67,0x2e,0x6c,0x65,0x6e,0x67,0x74,0x68,
0x29,0x72,0x65,0x74,0x75,0x72,0x6e,0x20,0x69,0x3b,0x63,0x6f,0x6e,0x73,0x74,0x20,0x73,0x3d,0x7b,0x69,
0x64,0x3a,0x6f,0x2c,0x69,0x63,0x6f,0x6e,0x73,0x3a,0x65,0x2c,0x63,0x61,0x6c,0x6c,0x62,0x61,0x63,0x6b,
0x3a,0x74,0x2c,0x61,0x62,0x6f,0x72,0x74,0x3a,0x69,0x7d,0x3b,0x72,0x65,0x74,0x75,0x72,0x6e,0x20,0x6e,
0x2e,0x66,0x6f,0x72,0x45,0x61,0x63,0x68,0x28,0x72,0x3d,0x3e,0x7b,0x28,0x72,0x2e,0x6c,0x6f,0x61,0x64,
0x65,0x72,0x43,0x61,0x6c,0x6c,0x62,0x61,0x63,0x6b,0x73,0x7c,0x7c,0x28,0x72,0x2e,0x6c,0x6f,0x61,0x64,
0x65,0x72,0x43,0x61,0x6c,0x6c,0x62,0x61,0x63,0x6b,0x73,0x3d,0x5b,0x5d,0x29,0x29,0x2e,0x70,0x75,0x73,
0x68,0x28,0x73,0x29,0x7d,0x29,0x2c,0x69,0x7d,0x66,0x75,0x6e,0x63,0x74,0x69,0x6f,0x6e,0x20,0x64,0x6e,
0x28,0x74,0x2c,0x65,0x3d,0x21,0x30,0x2c,0x6e,0x3d,0x21,0x31,0x29,0x7b,0x63,0x6f,0x6e,0x73,0x74,0x20,
0x6f,0x3d,0x5b,0x5d,0x3b,0x72,0x65,0x74,0x75,0x72,0x6e,0x20,0x74,0x2e,0x66,0x6f,0x72,0x45,0x61,0x63,
0x68,0x28,0x69,0x3d,0x3e,0x7b,0x63,0x6f,0x6e,0x73,0x74,0x20,0x73,0x3d,0x74,0x79,0x70,0x65,0x6f,0x66,
0x20,0x69,0x3d,0x3d,0x22,0x73,0x74,0x72,0x69,0x6e,0x67,0x22,0x3f,0x50,0x28,0x69,0x2c,0x65,0x2c,0x6e,
0x29,0x3a,0x69,0x3b,0x73,0x26,0x26,0x6f,0x2e,0x70,0x75,0x73,0x68,0x28,0x73,0x29,0x7d,0x29,0x2c,0x6f,
0x7d,0x76,0x61,0x72,0x20,0x68,0x6e,0x3d,0x7b,0x72,0x65,0x73,0x6f,0x75,0x72,0x63,0x65,0x73,0x3a,0x5b,
0x5d,0x2c,0x69,0x6e,0x64,0x65,0x78,0x3a,0x30,0x2c,0x74,0x69,0x6d,0x65,0x6f,0x75,0x74,0x3a,0x32,0x65,
0x33,0x2c,0x72,0x6f,0x74,0x61,0x74,0x65,0x3a,0x37,0x35,0x30,0x2c,0x72,0x61,0x6e,0x64,0x6f,0x6d,0x3a,
0x21,0x31,0x2c,0x64,0x61,0x74,0x61,0x41,0x66,0x74,0x65,0x72,0x54,0x69,0x6d,0x65,0x6f,0x75,0x74,0x3a,
0x21,0x31,0x7d,0x3b,0x66,0x75,0x6e,0x63,0x74,0x69,0x6f,0x6e,0x20,0x70,0x6e,0x28,0x74,0x2c,0x65,0x2c,
0x6e,0x2c,0x6f,0x29,0x7b,0x63,0x6f,0x6e,0x73,0x74,0x20,0x69,0x3d,0x74,0x2e,0x72,0x65,0x73,0x6f,0x75,
0x72,0x63,0x65,0x73,0x2e,0x6c,0x65,0x6e,0x67,0x74,0x68,0x2c,0x73,0x3d,0x74,0x2e,0x72,0x61,0x6e,0x64,
0x6f,0x6d,0x3f,0x4d,0x61,0x74,0x68,0x2e,0x66,0x6c,0x6f,0x6f,0x72,0x28,0x4d,0x61,0x74,0x68,0x2e,0x72,
0x61,0x6e,0x64,0x6f,0x6d,0x28,0x29,0x2a,0x69,0x29,0x3a,0x74,0x2e,0x69,0x6e,0x64,0x65,0x78,0x3b,0x6c,
0x65,0x74,0x20,0x72,0x3b,0x69,0x66,0x28,0x74,0x2e,0x72,0x61,0x6e,0x64,0x6f,0x6d,0x29,0x7b,0x6c,0x65,
0x74,0x20,0x68,0x3d,0x74,0x2e,0x72,0x65,0x73,0x6f,0x75,0x72,0x63,0x65,0x73,0x2e,0x73,0x6c,0x69,0x63,
0x65,0x28,0x30,0x29,0x3b,0x66,0x6f,0x72,0x28,0x72,0x3d,0x5b,0x5d,0x3b,0x68,0x2e,0x6c,0x65,0x6e,0x67,
0x74,0x68,0x3e,0x31,0x3b,0x29,0x7b,0x63,0x6f,0x6e,0x73,0x74,0x20,0x43,0x3d,0x4d,0x61,0x74,0x68,0x2e,
0x66,0x6c,0x6f,0x6f,0x72,0x28,0x4d,0x61,0x74,0x68,0x2e,0x72,0x61,0x6e,0x64,0x6f,0x6d,0x28,0x29,0x2a,
0x68,0x2e,0x6c,0x65,0x6e,0x67,0x74,0x68,0x29,0x3b,0x72,0x2e,0x70,0x75,0x73,0x68,0x28,0x68,0x5b,0x43,
0x5d,0x29,0x2c,0x68,0x3d,0x68,0x2e,0x73,0x6c,0x69,0x63,0x65,0x28,0x30,0x2c,0x43,0x29,0x2e,0x63,0x6f,
0x6e,0x63,0x61,0x74,0x28,0x68,0x2e,0x73,0x6c,0x69,0x63,0x65,0x28,0x43,0x2b,0x31,0x29,0x29,0x7d,0x72,
0x3d,0x72,0x2e,0x63,0x6f,0x6e,0x63,0x61,0x74,0x28,0x68,0x29,0x7d,0x65,0x6c,0x73,0x65,0x20,0x72,0x3d,
0x74,0x2e,0x72,0x65,0x73,0x6f,0x75,0x72,0x63,0x65,0x73,0x2e,0x73,0x6c,0x69,0x63,0x65,0x28,0x73,0x29,
0x2e,0x63,0x6f,0x6e,0x63,0x61,0x74,0x28,0x74,0x2e,0x72,0x65,0x73,0x6f,0x75,0x72,0x63,0x65,0x73,0x2e,
0x73,0x6c,0x69,0x63,0x65,0x28,0x30,0x2c,0x73,0x29,0x29,0x3b,0x63,0x6f,0x6e,0x73,0x74,0x20,0x63,0x3d,
0x44,0x61,0x74,0x65,0x2e,0x6e,0x6f,0x77,0x28,0x29,0x3b,0x6c,0x65,0x74,0x20,0x61,0x3d,0x22,0x70,0x65,
0x6e,0x64,0x69,0x6e,0x67,0x22,0x2c,0x6c,0x3d,0x30,0x2c,0x75,0x2c,0x66,0x3d,0x6e,0x75,0x6c,0x6c,0x2c,
0x64,0x3d,0x5b,0x5d,0x2c,0x67,0x3d,0x5b,0x5d,0x3b,0x74,0x79,0x70,0x65,0x6f,0x66,0x20,0x6f,0x3d,0x3d,
0x22,0x66,0x75,0x6e,0x63,0x74,0x69,0x6f,0x6e,0x22,0x26,0x26,0x67,0x2e,0x70,0x75,0x73,0x68,0x28,0x6f,
0x29,0x3b,0x66,0x75,0x6e,0x63,0x74,0x69,0x6f,0x6e,0x20,0x6d,0x28,0x29,0x7b,0x66,0x26,0x26,0x28,0x63,
0x6c,0x65,0x61,0x72,0x54,0x69,0x6d,0x65,0x6f,0x75,0x74,0x28,0x66,0x29,0x2c,0x66,0x3d,0x6e,0x75,0x6c,
0x6c,0x29,0x7d,0x66,0x75,0x6e,0x63,0x74,0x69,0x6f,0x6e,0x20,0x79,0x28,0x29,0x7b,0x61,0x3d,0x3d,0x3d,
0x22,0x70,0x65,0x6e,0x64,0x69,0x6e,0x67,0x22,0x26,0x26,0x28,0x61,0x3d,0x22,0x61,0x62,0x6f,0x72,0x74,
0x65,0x64,0x22,0x29,0x2c,0x6d,0x28,0x29,0x2c,0x64,0x2e,0x66,0x6f,0x72,0x45,0x61,0x63,0x68,0x28,0x68,
0x3d,0x3e,0x7b,0x68,0x2e,0x73,0x74,0x61,0x74,0x75,0x73,0x3d,0x3d,0x3d,0x22,0x70,0x65,0x6e,0x64,0x69,
0x6e,0x67,0x22,0x26,0x26,0x28,0x68,0x2e,0x73,0x74,0x61,0x74,0x75,0x73,0x3d,0x22,0x61,0x62,0x6f,0x72,
0x74,0x65,0x64,0x22,0x29,0x7d,0x29,0x2c,0x64,0x3d,0x5b,0x5d,0x7d,0x66,0x75,0x6e,0x63,0x74,0x69,0x6f,
0x6e,0x20,0x45,0x28,0x68,0x2c,0x43,0x29,0x7b,0x43,0x26,0x26,0x28,0x67,0x3d,0x5b,0x5d,0x29,0x2c,0x74,
0x79,0x70,0x65,0x6f,0x66,0x20,0x68,0x3d,0x3d,0x22,0x66,0x75,0x6e,0x63,0x74,0x69,0x6f,0x6e,0x22,0x26,
0x26,0x67,0x2e,0x70,0x75,0x73,0x68,0x28,0x68,0x29,0x7d,0x66,0x75,0x6e,0x63,0x74,0x69,0x6f,0x6e,0x20,
0x56,0x28,0x29,0x7b,0x72,0x65,0x74,0x75,0x72,0x6e,0x7b,0x73,0x74,0x61,0x72,0x74,0x54,0x69,0x6d,0x65,
0x3a,0x63,0x2c,0x70,0x61,0x79,0x6c,0x6f,0x61,0x64,0x3a,0x65,0x2c,0x73,0x74,0x61,0x74,0x75,0x73,0x3a,
0x61,0x2c,0x71,0x75,0x65,0x72,0x69,0x65,0x73,0x53,0x65,0x6e,0x74,0x3a,0x6c,0x2c,0x71,0x75,0x65,0x72,
0x69,0x65,0x73,0x50,0x65,0x6e,0x64,0x69,0x6e,0x67,0x3a,0x64,0x2e,0x6c,0x65,0x6e,0x67,0x74,0x68,0x2c,
0x73,0x75,0x62,0x73,0x63,0x72,0x69,0x62,0x65,0x3a,0x45,0x2c,0x61,0x62,0x6f,0x72,0x74,0x3a,0x79,0x7d,
0x7d,0x66,0x75,0x6e,0x63,0x74,0x69,0x6f,0x6e,0x20,0x62,0x28,0x29,0x7b,0x61,0x3d,0x22,0x66,0x61,0x69,
0x6c,0x65,0x64,0x22,0x2c,0x67,0x2e,0x66,0x6f,0x72,0x45,0x61,0x63,0x68,0x28,0x68,0x3d,0x3e,0x7b,0x68,
0x28,0x76,0x6f,0x69,0x64,0x20,0x30,0x2c,0x75,0x29,0x7d,0x29,0x7d,0x66,0x75,0x6e,0x63,0x74,0x69,0x6f,
0x6e,0x20,0x76,0x28,0x29,0x7b,0x64,0x2e,0x66,0x6f,0x72,0x45,0x61,0x63,0x68,0x28,0x68,0x3d,0x3e,0x7b,
0x68,0x2e,0x73,0x74,0x61,0x74,0x75,0x73,0x3d,0x3d,0x3d,0x22,0x70,0x65,0x6e,0x64,0x69,0x6e,0x67,0x22,
0x26,0x26,0x28,0x68,0x2e,0x73,0x74,0x61,0x74,0x75,0x73,0x3d,0x22,0x61,0x62,0x6f,0x72,0x74,0x65,0x64,
0x22,0x29,0x7d,0x29,0x2c,0x64,0x3d,0x5b,0x5d,0x7d,0x66,0x75,0x6e,0x63,0x74,0x69,0x6f,0x6e,0x20,0x62,
0x65,0x28,0x68,0x2c,0x43,0x2c,0x42,0x29,0x7b,0x63,0x6f,0x6e,0x73,0x74,0x20,0x55,0x3d,0x43,0x21,0x3d,
0x3d,0x22,0x73,0x75,0x63,0x63,0x65,0x73,0x73,0x22,0x3b,0x73,0x77,0x69,0x74,0x63,0x68,0x28,0x64,0x3d,
0x64,0x2e,0x66,0x69,0x6c,0x74,0x65,0x72,0x28,0x78,0x3d,0x3e,0x78,0x21,0x3d,0x3d,0x68,0x29,0x2c,0x61,
0x29,0x7b,0x63,0x61,0x73,0x65,0x22,0x70,0x65,0x6e,0x64,0x69,0x6e,0x67,0x22,0x3a,0x62,0x72,0x65,0x61,
0x6b,0x3b,0x63,0x61,0x73,0x65,0x22,0x66,0x61,0x69,0x6c,0x65,0x64,0x22,0x3a,0x69,0x66,0x28,0x55,0x7c,
0x7c,0x21,0x74,0x2e,0x64,0x61,0x74,0x61,0x41,0x66,0x74,0x65,0x72,0x54,0x69,0x6d,0x65,0x6f,0x75,0x74,
0x29,0x72,0x65,0x74,0x75,0x72,0x6e,0x3b,0x62,0x72,0x65,0x61,0x6b,0x3b,0x64,0x65,0x66,0x61,0x75,0x6c,
0x74,0x3a,0x72,0x65,0x74,0x75,0x72,0x6e,0x7d,0x69,0x66,0x28,0x43,0x3d,0x3d,0x3d,0x22,0x61,0x62,0x6f,
0x72,0x74,0x22,0x29,0x7b,0x75,0x3d,0x42,0x2c,0x62,0x28,0x29,0x3b,0x72,0x65,0x74,0x75,0x72,0x6e,0x7d,
0x69,0x66,0x28,0x55,0x29,0x7b,0x75,0x3d,0x42,0x2c,0x64,0x2e,0x6c,0x65,0x6e,0x67,0x74,0x68,0x7c,0x7c,
0x28,0x72,0x2e,0x6c,0x65,0x6e,0x67,0x74,0x68,0x3f,0x6f,0x74,0x28,0x29,0x3a,0x62,0x28,0x29,0x29,0x3b,
0x72,0x65,0x74,0x75,0x72,0x6e,0x7d,0x69,0x66,0x28,0x6d,0x28,0x29,0x2c,0x76,0x28,0x29,0x2c,0x21,0x74,
0x2e,0x72,0x61,0x6e,0x64,0x6f,0x6d,0x29,0x7b,0x63,0x6f,0x6e,0x73,0x74,0x20,0x78,0x3d,0x74,0x2e,0x72,
0x65,0x73,0x6f,0x75,0x72,0x63,0x65,0x73,0x2e,0x69,0x6e,0x64,0x65,0x78,0x4f,0x66,0x28,0x68,0x2e,0x72,
0x65,0x73,0x6f,0x75,0x72,0x63,0x65,0x29,0x3b,0x78,0x21,0x3d,0x3d,0x2d,0x31,0x26,0x26,0x78,0x21,0x3d,
0x3d,0x74,0x2e,0x69,0x6e,0x64,0x65,0x78,0x26,0x26,0x28,0x74,0x2e,0x69,0x6e,0x64,0x65,0x78,0x3d,0x78,
0x29,0x7d,0x61,0x3d,0x22,0x63,0x6f,0x6d,0x70,0x6c,0x65,0x74,0x65,0x64,0x22,0x2c,0x67,0x2e,0x66,0x6f,
0x72,0x45,0x61,0x63,0x68,0x28,0x78,0x3d,0x3e,0x7b,0x78,0x28,0x42,0x29,0x7d,0x29,0x7d,0x66,0x75,0x6e,
0x63,0x74,0x69,0x6f,0x6e,0x20,0x6f,0x74,0x28,0x29,0x7b,0x69,0x66,0x28,0x61,0x21,0x3d,0x3d,0x22,0x70,
0x65,0x6e,0x64,0x69,0x6e,0x67,0x22,0x29,0x72,0x65,0x74,0x75,0x72,0x6e,0x3b,0x6d,0x28,0x29,0x3b,0x63,
0x6f,0x6e,0x73,0x74,0x20,0x68,0x3d,0x72,0x2e,0x73,0x68,0x69,0x66,0x74,0x28,0x29,0x3b,0x69,0x66,0x28,
0x68,0x3d,0x3d,0x3d,0x76,0x6f,0x69,0x64,0x20,0x30,0x29,0x7b,0x69,0x66,0x28,0x64,0x2e,0x6c,0x65,0x6e,
0x67,0x74,0x68,0x29,0x7b,0x66,0x3d,0x73,0x65,0x74,0x54,0x69,0x6d,0x65,0x6f,0x75,0x74,0x28,0x28,0x29,
0x3d,0x3e,0x7b,0x6d,0x28,0x29,0x2c,0x61,0x3d,0x3d,0x3d,0x22,0x70,0x65,0x6e,0x64,0x69,0x6e,0x67,0x22,
0x26,0x26,0x28,0x76,0x28,0x29,0x2c,0x62,0x28,0x29,0x29,0x7d,0x2c,0x74,0x2e,0x74,0x69,0x6d,0x65,0x6f,
0x75,0x74,0x29,0x3b,0x72,0x65,0x74,0x75,0x72,0x6e,0x7d,0x62,0x28,0x29,0x3b,0x72,0x65,0x74,0x75,0x72,
0x6e,0x7d,0x63,0x6f,0x6e,0x73,0x74,0x20,0x43,0x3d,0x7b,0x73,0x74,0x61,0x74,0x75,0x73,0x3a,0x22,0x70,
0x65,0x6e,0x64,0x69,0x6e,0x67,0x22,0x2c,0x72,0x65,0x73,0x6f,0x75,0x72,0x63,0x65,0x3a,0x68,0x2c,0x63,
0x61,0x6c,0x6c,0x62,0x61,0x63,0x6b,0x3a,0x28,0x42,0x2c,0x55,0x29,0x3d,0x3e,0x7b,0x62,0x65,0x28,0x43,
0x2c,0x42,0x2c,0x55,0x29,0x7d,0x7d,0x3b,0x64,0x2e,0x70,0x75,0x73,0x68,0x28,0x43,0x29,0x2c,0x6c,0x2b,
0x2b,0x2c,0x66,0x3d,0x73,0x65,0x74,0x54,0x69,0x6d,0x65,0x6f,0x75,0x74,0x28,0x6f,0x74,0x2c,0x74,0x2e,
0x72,0x6f,0x74,0x61,0x74,0x65,0x29,0x2c,0x6e,0x28,0x68,0x2c,0x65,0x2c,0x43,0x2e,0x63,0x61,0x6c,0x6c,
0x62,0x61,0x63,0x6b,0x29,0x7d,0x72,0x65,0x74,0x75,0x72,0x6e,0x20,0x73,0x65,0x74,0x54,0x69,0x6d,0x65,
0x6f,0x75,0x74,0x28,0x6f,0x74,0x29,0x2c,0x56,0x7d,0x66,0x75,0x6e,0x63,0x74,0x69,0x6f,0x6e,0x20,0x65,
0x65,0x28,0x74,0x29,0x7b,0x63,0x6f,0x6e,0x73,0x74,0x20,0x65,0x3d,0x7b,0x2e,0x2e,0x2e,0x68,0x6e,0x2c,
0x2e,0x2e,0x2e,0x74,0x7d,0x3b,0x6c,0x65,0x74,0x20,0x6e,0x3d,0x5b,0x5d,0x3b,0x66,0x75,0x6e,0x63,0x74,
0x69,0x6f,0x6e,0x20,0x6f,0x28,0x29,0x7b,0x6e,0x3d,0x6e,0x2e,0x66,0x69,0x6c,0x74,0x65,0x72,0x28,0x63,
0x3d,0x3e,0x63,0x28,0x29,0x2e,0x73,0x74,0x61,0x74,0x75,0x73,0x3d,0x3d,0x3d,0x22,0x70,0x65,0x6e,0x64,
0x69,0x6e,0x67,0x22,0x29,0x7d,0x66,0x75,0x6e,0x63,0x74,0x69,0x6f,0x6e,0x20,0x69,0x28,0x63,0x2c,0x61,
0x2c,0x6c,0x29,0x7b,0x63,0x6f,0x6e,0x73,0x74,0x20,0x75,0x3d,0x70,0x6e,0x28,0x65,0x2c,0x63,0x2c,0x61,
0x2c,0x28,0x66,0x2c,0x64,0x29,0x3d,0x3e,0x7b,0x6f,0x28,0x29,0x2c,0x6c,0x26,0x26,0x6c,0x28,0x66,0x2c,
0x64,0x29,0x7d,0x29,0x3b,0x72,0x65,0x74,0x75,0x72,0x6e,0x20,0x6e,0x2e,0x70,0x75,0x73,0x68,0x28,0x75,
0x29,0x2c,0x75,0x7d,0x66,0x75,0x6e,0x63,0x74,0x69,0x6f,0x6e,0x20,0x73,0x28,0x63,0x29,0x7b,0x72,0x65,
0x74,0x75,0x72,0x6e,0x20,0x6e,0x2e,0x66,0x69,0x6e,0x64,0x28,0x61,0x3d,0x3e,0x63,0x28,0x61,0x29,0x29,
0x7c,0x7c,0x6e,0x75,0x6c,0x6c,0x7d,0x72,0x65,0x74,0x75,0x72,0x6e,0x7b,0x71,0x75,0x65,0x72,0x79,0x3a,
0x69,0x2c,0x66,0x69,0x6e,0x64,0x3a,0x73,0x2c,0x73,0x65,0x74,0x49,0x6e,0x64,0x65,0x78,0x3a,0x63,0x3d,
0x3e,0x7b,0x65,0x2e,0x69,0x6e,0x64,0x65,0x78,0x3d,0x63,0x7d,0x2c,0x67,0x65,0x74,0x49,0x6e,0x64,0x65,
0x78,0x3a,0x28,0x29,0x3d,0x3e,0x65,0x2e,0x69,0x6e,0x64,0x65,0x78,0x2c,0x63,0x6c,0x65,0x61,0x6e,0x75,
0x70,0x3a,0x6f,0x7d,0x7d,0x66,0x75,0x6e,0x63,0x74,0x69,0x6f,0x6e,0x20,0x52,0x74,0x28,0x29,0x7b,0x7d,
0x63,0x6f,0x6e,0x73,0x74,0x20,0x72,0x74,0x3d,0x4f,0x62,0x6a,0x65,0x63,0x74,0x2e,0x63,0x72,0x65,0x61,
0x74,0x65,0x28,0x6e,0x75,0x6c,0x6c,0x29,0x3b,0x66,0x75,0x6e,0x63,0x74,0x69,0x6f,0x6e,0x20,0x67,0x6e,
0x28,0x74,0x29,0x7b,0x69,0x66,0x28,0x21,0x72,0x74,0x5b,0x74,0x5d,0x29,0x7b,0x63,0x6f,0x6e,0x73,0x74,
0x20,0x65,0x3d,0x65,0x74,0x28,0x74,0x29,0x3b,0x69,0x66,0x28,0x21,0x65,0x29,0x72,0x65,0x74,0x75,0x72,
0x6e,0x3b,0x63,0x6f,0x6e,0x73,0x74,0x20,0x6e,0x3d,0x65,0x65,0x28,0x65,0x29,0x2c,0x6f,0x3d,0x7b,0x63,
0x6f,0x6e,0x66,0x69,0x67,0x3a,0x65,0x2c,0x72,0x65,0x64,0x75,0x6e,0x64,0x61,0x6e,0x63,0x79,0x3a,0x6e,
0x7d,0x3b,0x72,0x74,0x5b,0x74,0x5d,0x3d,0x6f,0x7d,0x72,0x65,0x74,0x75,0x72,0x6e,0x20,0x72,0x74,0x5b,
0x74,0x5d,0x7d,0x66,0x75,0x6e,0x63,0x74,0x69,0x6f,0x6e,0x20,0x6e,0x65,0x28,0x74,0x2c,0x65,0x2c,0x6e,
0x29,0x7b,0x6c,0x65,0x74,0x20,0x6f,0x2c,0x69,0x3b,0x69,0x66,0x28,0x74,0x79,0x70,0x65,0x6f,0x66,0x20,
0x74,0x3d,0x3d,0x22,0x73,0x74,0x72,0x69,0x6e,0x67,0x22,0x29,0x7b,0x63,0x6f,0x6e,0x73,0x74,0x20,0x73,
0x3d,0x67,0x74,0x28,0x74,0x29,0x3b,0x69,0x66,0x28,0x21,0x73,0x29,0x72,0x65,0x74,0x75,0x72,0x6e,0x20,
0x6e,0x28,0x76,0x6f,0x69,0x64,0x20,0x30,0x2c,0x34,0x32,0x34,0x29,0x2c,0x52,0x74,0x3b,0x69,0x3d,0x73,
0x2e,0x73,0x65,0x6e,0x64,0x3b,0x63,0x6f,0x6e,0x73,0x74,0x20,0x72,0x3d,0x67,0x6e,0x28,0x74,0x29,0x3b,
0x72,0x26,0x26,0x28,0x6f,0x3d,0x72,0x2e,0x72,0x65,0x64,0x75,0x6e,0x64,0x61,0x6e,0x63,0x79,0x29,0x7d,
0x65,0x6c,0x73,0x65,0x7b,0x63,0x6f,0x6e,0x73,0x74,0x20,0x73,0x3d,0x45,0x74,0x28,0x74,0x29,0x3b,0x69,
0x66,0x28,0x73,0x29,0x7b,0x6f,0x3d,0x65,0x65,0x28,0x73,0x29,0x3b,0x63,0x6f,0x6e,0x73,0x74,0x20,0x72,
0x3d,0x74,0x2e,0x72,0x65,0x73,0x6f,0x75,0x72,0x63,0x65,0x73,0x3f,0x74,0x2e,0x72,0x65,0x73,0x6f,0x75,
0x72,0x63,0x65,0x73,0x5b,0x30,0x5d,0x3a,0x22,0x22,0x2c,0x63,0x3d,0x67,0x74,0x28,0x72,0x29,0x3b,0x63,
0x26,0x26,0x28,0x69,0x3d,0x63,0x2e,0x73,0x65,0x6e,0x64,0x29,0x7d,0x7d,0x72,0x65,0x74,0x75,0x72,0x6e,
0x21,0x6f,0x7c,0x7c,0x21,0x69,0x3f,0x28,0x6e,0x28,0x76,0x6f,0x69,0x64,0x20,0x30,0x2c,0x34,0x32,0x34,
0x29,0x2c,0x52,0x74,0x29,0x3a,0x6f,0x2e,0x71,0x75,0x65,0x72,0x79,0x28,0x65,0x2c,0x69,0x2c,0x6e,0x29,
0x28,0x29,0x2e,0x61,0x62,0x6f,0x72,0x74,0x7d,0x66,0x75,0x6e,0x63,0x74,0x69,0x6f,0x6e,0x20,0x6d,0x6e,
0x28,0x74,0x2c,0x65,0x29,0x7b,0x63,0x6f,0x6e,0x73,0x74,0x20,0x6e,0x3d,0x74,0x2e,0x6c,0x61,0x73,0x74,
0x4d,0x6f,0x64,0x69,0x66,0x69,0x65,0x64,0x43,0x61,0x63,0x68,0x65,0x64,0x3b,0x69,0x66,0x28,0x6e,0x26,
0x26,0x6e,0x3e,0x3d,0x65,0x29,0x72,0x65,0x74,0x75,0x72,0x6e,0x20,0x6e,0x3d,0x3d,0x3d,0x65,0x3b,0x69,
0x66,0x28,0x74,0x2e,0x6c,0x61,0x73,0x74,0x4d,0x6f,0x64,0x69,0x66,0x69,0x65,0x64,0x43,0x61,0x63,0x68,
0x65,0x64,0x3d,0x65,0x2c,0x6e,0x29,0x66,0x6f,0x72,0x28,0x63,0x6f,0x6e,0x73,0x74,0x20,0x6f,0x20,0x69,
0x6e,0x20,0x54,0x29,0x47,0x74,0x28,0x6f,0x2c,0x69,0x3d,0x3e,0x7b,0x63,0x6f,0x6e,0x73,0x74,0x20,0x73,
0x3d,0x69,0x2e,0x64,0x61,0x74,0x61,0x3b,0x72,0x65,0x74,0x75,0x72,0x6e,0x20,0x69,0x2e,0x70,0x72,0x6f,
0x76,0x69,0x64,0x65,0x72,0x21,0x3d,0x3d,0x74,0x2e,0x70,0x72,0x6f,0x76,0x69,0x64,0x65,0x72,0x7c,0x7c,
0x73,0x2e,0x70,0x72,0x65,0x66,0x69,0x78,0x21,0x3d,0x3d,0x74,0x2e,0x70,0x72,0x65,0x66,0x69,0x78,0x7c,
0x7c,0x73,0x2e,0x6c,0x61,0x73,0x74,0x4d,0x6f,0x64,0x69,0x66,0x69,0x65,0x64,0x3d,0x3d,0x3d,0x65,0x7d,
0x29,0x3b,0x72,0x65,0x74,0x75,0x72,0x6e,0x21,0x30,0x7d,0x66,0x75,0x6e,0x63,0x74,0x69,0x6f,0x6e,0x20,
0x79,0x6e,0x28,0x74,0x2c,0x65,0x29,0x7b,0x49,0x74,0x7c,0x7c,0x4b,0x74,0x28,0x29,0x3b,0x66,0x75,0x6e,
0x63,0x74,0x69,0x6f,0x6e,0x20,0x6e,0x28,0x6f,0x29,0x7b,0x6c,0x65,0x74,0x20,0x69,0x3b,0x69,0x66,0x28,
0x21,0x54,0x5b,0x6f,0x5d,0x7c,0x7c,0x21,0x28,0x69,0x3d,0x24,0x74,0x28,0x6f,0x29,0x29,0x29,0x72,0x65,
0x74,0x75,0x72,0x6e,0x3b,0x63,0x6f,0x6e,0x73,0x74,0x20,0x73,0x3d,0x57,0x74,0x5b,0x6f,0x5d,0x3b,0x6c,
0x65,0x74,0x20,0x72,0x3b,0x69,0x66,0x28,0x73,0x2e,0x73,0x69,0x7a,0x65,0x29,0x73,0x2e,0x64,0x65,0x6c,
0x65,0x74,0x65,0x28,0x72,0x3d,0x41,0x72,0x72,0x61,0x79,0x2e,0x66,0x72,0x6f,0x6d,0x28,0x73,0x29,0x2e,
0x73,0x68,0x69,0x66,0x74,0x28,0x29,0x29,0x3b,0x65,0x6c,0x73,0x65,0x20,0x69,0x66,0x28,0x72,0x3d,0x68,
0x74,0x28,0x69,0x29,0x2c,0x21,0x64,0x74,0x28,0x69,0x2c,0x72,0x2b,0x31,0x29,0x29,0x72,0x65,0x74,0x75,
0x72,0x6e,0x3b,0x63,0x6f,0x6e,0x73,0x74,0x20,0x63,0x3d,0x7b,0x63,0x61,0x63,0x68,0x65,0x64,0x3a,0x4d,
0x61,0x74,0x68,0x2e,0x66,0x6c,0x6f,0x6f,0x72,0x28,0x44,0x61,0x74,0x65,0x2e,0x6e,0x6f,0x77,0x28,0x29,
0x2f,0x51,0x74,0x29,0x2c,0x70,0x72,0x6f,0x76,0x69,0x64,0x65,0x72,0x3a,0x74,0x2e,0x70,0x72,0x6f,0x76,
0x69,0x64,0x65,0x72,0x2c,0x64,0x61,0x74,0x61,0x3a,0x65,0x7d,0x3b,0x72,0x65,0x74,0x75,0x72,0x6e,0x20,
0x53,0x74,0x28,0x69,0x2c,0x4a,0x2b,0x72,0x2e,0x74,0x6f,0x53,0x74,0x72,0x69,0x6e,0x67,0x28,0x29,0x2c,
0x4a,0x53,0x4f,0x4e,0x2e,0x73,0x74,0x72,0x69,0x6e,0x67,0x69,0x66,0x79,0x28,0x63,0x29,0x29,0x7d,0x65,
0x2e,0x6c,0x61,0x73,0x74,0x4d,0x6f,0x64,0x69,0x66,0x69,0x65,0x64,0x26,0x26,0x21,0x6d,0x6e,0x28,0x74,
0x2c,0x65,0x2e,0x6c,0x61,0x73,0x74,0x4d,0x6f,0x64,0x69,0x66,0x69,0x65,0x64,0x29,0x7c,0x7c,0x4f,0x62,
0x6a,0x65,0x63,0x74,0x2e,0x6b,0x65,0x79,0x73,0x28,0x65,0x2e,0x69,0x63,0x6f,0x6e,0x73,0x29,0x2e,0x6c,
0x65,0x6e,0x67,0x74,0x68,0x26,0x26,0x28,0x65,0x2e,0x6e,0x6f,0x74,0x5f,0x66,0x6f,0x75,0x6e,0x64,0x26,
0x26,0x28,0x65,0x3d,0x4f,0x62,0x6a,0x65,0x63,0x74,0x2e,0x61,0x73,0x73,0x69,0x67,0x6e,0x28,0x7b,0x7d,
0x2c,0x65,0x29,0x2c,0x64,0x65,0x6c,0x65,0x74,0x65,0x20,0x65,0x2e,0x6e,0x6f,0x74,0x5f,0x66,0x6f,0x75,
0x6e,0x64,0x29,0x2c,0x6e,0x28,0x22,0x6c,0x6f,0x63,0x61,0x6c,0x22,0x29,0x7c,0x7c,0x6e,0x28,0x22,0x73,
0x65,0x73,0x73,0x69,0x6f,0x6e,0x22,0x29,0x29,0x7d,0x66,0x75,0x6e,0x63,0x74,0x69,0x6f,0x6e,0x20,0x6a,
0x74,0x28,0x29,0x7b,0x7d,0x66,0x75,0x6e,0x63,0x74,0x69,0x6f,0x6e,0x20,0x62,0x6e,0x28,0x74,0x29,0x7b,
0x74,0x2e,0x69,0x63,0x6f,0x6e,0x73,0x4c,0x6f,0x61,0x64,0x65,0x72,0x46,0x6c,0x61,0x67,0x7c,0x7c,0x28,
0x74,0x2e,0x69,0x63,0x6f,0x6e,0x73,0x4c,0x6f,0x61,0x64,0x65,0x72,0x46,0x6c,0x61,0x67,0x3d,0x21,0x30,
0x2c,0x73,0x65,0x74,0x54,0x69,0x6d,0x65,0x6f,0x75,0x74,0x28,0x28,0x29,0x3d,0x3e,0x7b,0x74,0x2e,0x69,
0x63,0x6f,0x6e,0x73,0x4c,0x6f,0x61,0x64,0x65,0x72,0x46,0x6c,0x61,0x67,0x3d,0x21,0x31,0x2c,0x6c,0x6e,
0x28,0x74,0x29,0x7d,0x29,0x29,0x7d,0x66,0x75,0x6e,0x63,0x74,0x69,0x6f,0x6e,0x20,0x76,0x6e,0x28,0x74,
0x2c,0x65,0x29,0x7b,0x74,0x2e,0x69,0x63,0x6f,0x6e,0x73,0x54,0x6f,0x4c,0x6f,0x61,0x64,0x3f,0x74,0x2e,
0x69,0x63,0x6f,0x6e,0x73,0x54,0x6f,0x4c,0x6f,0x61,0x64,0x3d,0x74,0x2e,0x69,0x63,0x6f,0x6e,0x73,0x54,
0x6f,0x4c,0x6f,0x61,0x64,0x2e,0x63,0x6f,0x6e,0x63,0x61,0x74,0x28,0x65,0x29,0x2e,0x73,0x6f,0x72,0x74,
0x28,0x29,0x3a,0x74,0x2e,0x69,0x63,0x6f,0x6e,0x73,0x54,0x6f,0x4c,0x6f,0x61,0x64,0x3d,0x65,0x2c,0x74,
0x2e,0x69,0x63,0x6f,0x6e,0x73,0x51,0x75,0x65,0x75,0x65,0x46,0x6c,0x61,0x67,0x7c,0x7c,0x28,0x74,0x2e,
0x69,0x63,0x6f,0x6e,0x73,0x51,0x75,0x65,0x75,0x65,0x46,0x6c,0x61,0x67,0x3d,0x21,0x30,0x2c,0x73,0x65,
0x74,0x54,0x69,0x6d,0x65,0x6f,0x75,0x74,0x28,0x28,0x29,0x3d,0x3e,0x7b,0x74,0x2e,0x69,0x63,0x6f,0x6e,
0x73,0x51,0x75,0x65,0x75,0x65,0x46,0x6c,0x61,0x67,0x3d,0x21,0x31,0x3b,0x63,0x6f,0x6e,0x73,0x74,0x7b,
0x70,0x72,0x6f,0x76,0x69,0x64,0x65,0x72,0x3a,0x6e,0x2c,0x70,0x72,0x65,0x66,0x69,0x78,0x3a,0x6f,0x7d,
0x3d,0x74,0x2c,0x69,0x3d,0x74,0x2e,0x69,0x63,0x6f,0x6e,0x73,0x54,0x6f,0x4c,0x6f,0x61,0x64,0x3b,0x64,
0x65,0x6c,0x65,0x74,0x65,0x20,0x74,0x2e,0x69,0x63,0x6f,0x6e,0x73,0x54,0x6f,0x4c,0x6f,0x61,0x64,0x3b,
0x6c,0x65,0x74,0x20,0x73,0x3b,0x69,0x66,0x28,0x21,0x69,0x7c,0x7c,0x21,0x28,0x73,0x3d,0x67,0x74,0x28,
0x6e,0x29,0x29,0x29,0x72,0x65,0x74,0x75,0x72,0x6e,0x3b,0x73,0x2e,0x70,0x72,0x65,0x70,0x61,0x72,0x65,
0x28,0x6e,0x2c,0x6f,0x2c,0x69,0x29,0x2e,0x66,0x6f,0x72,0x45,0x61,0x63,0x68,0x28,0x63,0x3d,0x3e,0x7b,
0x6e,0x65,0x28,0x6e,0x2c,0x63,0x2c,0x61,0x3d,0x3e,0x7b,0x69,0x66,0x28,0x74,0x79,0x70,0x65,0x6f,0x66,
0x20,0x61,0x21,0x3d,0x22,0x6f,0x62,0x6a,0x65,0x63,0x74,0x22,0x29,0x63,0x2e,0x69,0x63,0x6f,0x6e,0x73,
0x2e,0x66,0x6f,0x72,0x45,0x61,0x63,0x68,0x28,0x6c,0x3d,0x3e,0x7b,0x74,0x2e,0x6d,0x69,0x73,0x73,0x69,
0x6e,0x67,0x2e,0x61,0x64,0x64,0x28,0x6c,0x29,0x7d,0x29,0x3b,0x65,0x6c,0x73,0x65,0x20,0x74,0x72,0x79,
0x7b,0x63,0x6f,0x6e,0x73,0x74,0x20,0x6c,0x3d,0x6b,0x74,0x28,0x74,0x2c,0x61,0x29,0x3b,0x69,0x66,0x28,
0x21,0x6c,0x2e,0x6c,0x65,0x6e,0x67,0x74,0x68,0x29,0x72,0x65,0x74,0x75,0x72,0x6e,0x3b,0x63,0x6f,0x6e,
0x73,0x74,0x20,0x75,0x3d,0x74,0x2e,0x70,0x65,0x6e,0x64,0x69,0x6e,0x67,0x49,0x63,0x6f,0x6e,0x73,0x3b,
0x75,0x26,0x26,0x6c,0x2e,0x66,0x6f,0x72,0x45,0x61,0x63,0x68,0x28,0x66,0x3d,0x3e,0x7b,0x75,0x2e,0x64,
0x65,0x6c,0x65,0x74,0x65,0x28,0x66,0x29,0x7d,0x29,0x2c,0x79,0x6e,0x28,0x74,0x2c,0x61,0x29,0x7d,0x63,
0x61,0x74,0x63,0x68,0x28,0x6c,0x29,0x7b,0x63,0x6f,0x6e,0x73,0x6f,0x6c,0x65,0x2e,0x65,0x72,0x72,0x6f,
0x72,0x28,0x6c,0x29,0x7d,0x62,0x6e,0x28,0x74,0x29,0x7d,0x29,0x7d,0x29,0x7d,0x29,0x29,0x7d,0x63,0x6f,
0x6e,0x73,0x74,0x20,0x43,0x6e,0x3d,0x74,0x3d,0x3e,0x7b,0x63,0x6f,0x6e,0x73,0x74,0x20,0x6e,0x3d,0x77,
0x28,0x74,0x2e,0x70,0x72,0x6f,0x76,0x69,0x64,0x65,0x72,0x2c,0x74,0x2e,0x70,0x72,0x65,0x66,0x69,0x78,
0x29,0x2e,0x70,0x65,0x6e,0x64,0x69,0x6e,0x67,0x49,0x63,0x6f,0x6e,0x73,0x3b,0x72,0x65,0x74,0x75,0x72,
0x6e,0x21,0x21,0x28,0x6e,0x26,0x26,0x6e,0x2e,0x68,0x61,0x73,0x28,0x74,0x2e,0x6e,0x61,0x6d,0x65,0x29,
0x29,0x7d,0x2c,0x78,0x74,0x3d,0x28,0x74,0x2c,0x65,0x29,0x3d,0x3e,0x7b,0x63,0x6f,0x6e,0x73,0x74,0x20,
0x6e,0x3d,0x64,0x6e,0x28,0x74,0x2c,0x21,0x30,0x2c,0x4e,0x65,0x28,0x29,0x29,0x2c,0x6f,0x3d,0x61,0x6e,
0x28,0x6e,0x29,0x3b,0x69,0x66,0x28,0x21,0x6f,0x2e,0x70,0x65,0x6e,0x64,0x69,0x6e,0x67,0x2e,0x6c,0x65,
0x6e,0x67,0x74,0x68,0x29,0x7b,0x6c,0x65,0x74,0x20,0x61,0x3d,0x21,0x30,0x3b,0x72,0x65,0x74,0x75,0x72,
0x6e,0x20,0x65,0x26,0x26,0x73,0x65,0x74,0x54,0x69,0x6d,0x65,0x6f,0x75,0x74,0x28,0x28,0x29,0x3d,0x3e,
0x7b,0x61,0x26,0x26,0x65,0x28,0x6f,0x2e,0x6c,0x6f,0x61,0x64,0x65,0x64,0x2c,0x6f,0x2e,0x6d,0x69,0x73,
0x73,0x69,0x6e,0x67,0x2c,0x6f,0x2e,0x70,0x65,0x6e,0x64,0x69,0x6e,0x67,0x2c,0x6a,0x74,0x29,0x7d,0x29,
0x2c,0x28,0x29,0x3d,0x3e,0x7b,0x61,0x3d,0x21,0x31,0x7d,0x7d,0x63,0x6f,0x6e,0x73,0x74,0x20,0x69,0x3d,
0x4f,0x62,0x6a,0x65,0x63,0x74,0x2e,0x63,0x72,0x65,0x61,0x74,0x65,0x28,0x6e,0x75,0x6c,0x6c,0x29,0x2c,
0x73,0x3d,0x5b,0x5d,0x3b,0x6c,0x65,0x74,0x20,0x72,0x2c,0x63,0x3b,0x72,0x65,0x74,0x75,0x72,0x6e,0x20,
0x6f,0x2e,0x70,0x65,0x6e,0x64,0x69,0x6e,0x67,0x2e,0x66,0x6f,0x72,0x45,0x61,0x63,0x68,0x28,0x61,0x3d,
0x3e,0x7b,0x63,0x6f,0x6e,0x73,0x74,0x7b,0x70,0x72,0x6f,0x76,0x69,0x64,0x65,0x72,0x3a,0x6c,0x2c,0x70,
0x72,0x65,0x66,0x69,0x78,0x3a,0x75,0x7d,0x3d,0x61,0x3b,0x69,0x66,0x28,0x75,0x3d,0x3d,0x3d,0x63,0x26,
0x26,0x6c,0x3d,0x3d,0x3d,0x72,0x29,0x72,0x65,0x74,0x75,0x72,0x6e,0x3b,0x72,0x3d,0x6c,0x2c,0x63,0x3d,
0x75,0x2c,0x73,0x2e,0x70,0x75,0x73,0x68,0x28,0x77,0x28,0x6c,0x2c,0x75,0x29,0x29,0x3b,0x63,0x6f,0x6e,
0x73,0x74,0x20,0x66,0x3d,0x69,0x5b,0x6c,0x5d,0x7c,0x7c,0x28,0x69,0x5b,0x6c,0x5d,0x3d,0x4f,0x62,0x6a,
0x65,0x63,0x74,0x2e,0x63,0x72,0x65,0x61,0x74,0x65,0x28,0x6e,0x75,0x6c,0x6c,0x29,0x29,0x3b,0x66,0x5b,
0x75,0x5d,0x7c,0x7c,0x28,0x66,0x5b,0x75,0x5d,0x3d,0x5b,0x5d,0x29,0x7d,0x29,0x2c,0x6f,0x2e,0x70,0x65,
0x6e,0x64,0x69,0x6e,0x67,0x2e,0x66,0x6f,0x72,0x45,0x61,0x63,0x68,0x28,0x61,0x3d,0x3e,0x7b,0x63,0x6f,
0x6e,0x73,0x74,0x7b,0x70,0x72,0x6f,0x76,0x69,0x64,0x65,0x72,0x3a,0x6c,0x2c,0x70,0x72,0x65,0x66,0x69,
0x78,0x3a,0x75,0x2c,0x6e,0x61,0x6d,0x65,0x3a,0x66,0x7d,0x3d,0x61,0x2c,0x64,0x3d,0x77,0x28,0x6c,0x2c,
0x75,0x29,0x2c,0x67,0x3d,0x64,0x2e,0x70,0x65,0x6e,0x64,0x69,0x6e,0x67,0x49,0x63,0x6f,0x6e,0x73,0x7c,
0x7c,0x28,0x64,0x2e,0x70,0x65,0x6e,0x64,0x69,0x6e,0x67,0x49,0x63,0x6f,0x6e,0x73,0x3d,0x6e,0x65,0x77,
0x20,0x53,0x65,0x74,0x29,0x3b,0x67,0x2e,0x68,0x61,0x73,0x28,0x66,0x29,0x7c,0x7c,0x28,0x67,0x2e,0x61,
0x64,0x64,0x28,0x66,0x29,0x2c,0x69,0x5b,0x6c,0x5d,0x5b,0x75,0x5d,0x2e,0x70,0x75,0x73,0x68,0x28,0x66,
0x29,0x29,0x7d,0x29,0x2c,0x73,0x2e,0x66,0x6f,0x72,0x45,0x61,0x63,0x68,0x28,0x61,0x3d,0x3e,0x7b,0x63,
0x6f,0x6e,0x73,0x74,0x7b,0x70,0x72,0x6f,0x76,0x69,0x64,0x65,0x72,0x3a,0x6c,0x2c,0x70,0x72,0x65,0x66,
0x69,0x78,0x3a,0x75,0x7d,0x3d,0x61,0x3b,0x69,0x5b,0x6c,0x5d,0x5b,0x75,0x5d,0x2e,0x6c,0x65,0x6e,0x67,
0x74,0x68,0x26,0x26,0x76,0x6e,0x28,0x61,0x2c,0x69,0x5b,0x6c,0x5d,0x5b,0x75,0x5d,0x29,0x7d,0x29,0x2c,
0x65,0x3f,0x66,0x6e,0x28,0x65,0x2c,0x6f,0x2c,0x73,0x29,0x3a,0x6a,0x74,0x7d,0x2c,0x6b,0x6e,0x3d,0x74,
0x3d,0x3e,0x6e,0x65,0x77,0x20,0x50,0x72,0x6f,0x6d,0x69,0x73,0x65,0x28,0x28,0x65,0x2c,0x6e,0x29,0x3d,
0x3e,0x7b,0x63,0x6f,0x6e,0x73,0x74,0x20,0x6f,0x3d,0x74,0x79,0x70,0x65,0x6f,0x66,0x20,0x74,0x3d,0x3d,
0x22,0x73,0x74,0x72,0x69,0x6e,0x67,0x22,0x3f,0x50,0x28,0x74,0x2c,0x21,0x30,0x29,0x3a,0x74,0x3b,0x69,
0x66,0x28,0x21,0x6f,0x29,0x7b,0x6e,0x28,0x74,0x29,0x3b,0x72,0x65,0x74,0x75,0x72,0x6e,0x7d,0x78,0x74,
0x28,0x5b,0x6f,0x7c,0x7c,0x74,0x5d,0x2c,0x69,0x3d,0x3e,0x7b,0x69,0x66,0x28,0x69,0x2e,0x6c,0x65,0x6e,
0x67,0x74,0x68,0x26,0x26,0x6f,0x29,0x7b,0x63,0x6f,0x6e,0x73,0x74,0x20,0x73,0x3d,0x4e,0x28,0x6f,0x29,
0x3b,0x69,0x66,0x28,0x73,0x29,0x7b,0x65,0x28,0x7b,0x2e,0x2e,0x2e,0x44,0x2c,0x2e,0x2e,0x2e,0x73,0x7d,
0x29,0x3b,0x72,0x65,0x74,0x75,0x72,0x6e,0x7d,0x7d,0x6e,0x28,0x74,0x29,0x7d,0x29,0x7d,0x29,0x3b,0x66,
0x75,0x6e,0x63,0x74,0x69,0x6f,0x6e,0x20,0x6f,0x65,0x28,0x74,0x2c,0x65,0x29,0x7b,0x63,0x6f,0x6e,0x73,
0x74,0x20,0x6e,0x3d,0x7b,0x2e,0x2e,0x2e,0x74,0x7d,0x3b,0x66,0x6f,0x72,0x28,0x63,0x6f,0x6e,0x73,0x74,
0x20,0x6f,0x20,0x69,0x6e,0x20,0x65,0x29,0x7b,0x63,0x6f,0x6e,0x73,0x74,0x20,0x69,0x3d,0x65,0x5b,0x6f,
0x5d,0x2c,0x73,0x3d,0x74,0x79,0x70,0x65,0x6f,0x66,0x20,0x69,0x3b,0x6f,0x20,0x69,0x6e,0x20,0x56,0x74,
0x3f,0x28,0x69,0x3d,0x3d,0x3d,0x6e,0x75,0x6c,0x6c,0x7c,0x7c,0x69,0x26,0x26,0x28,0x73,0x3d,0x3d,0x3d,
0x22,0x73,0x74,0x72,0x69,0x6e,0x67,0x22,0x7c,0x7c,0x73,0x3d,0x3d,0x3d,0x22,0x6e,0x75,0x6d,0x62,0x65,
0x72,0x22,0x29,0x29,0x26,0x26,0x28,0x6e,0x5b,0x6f,0x5d,0x3d,0x69,0x29,0x3a,0x73,0x3d,0x3d,0x3d,0x74,
0x79,0x70,0x65,0x6f,0x66,0x20,0x6e,0x5b,0x6f,0x5d,0x26,0x26,0x28,0x6e,0x5b,0x6f,0x5d,0x3d,0x6f,0x3d,
0x3d,0x3d,0x22,0x72,0x6f,0x74,0x61,0x74,0x65,0x22,0x3f,0x69,0x25,0x34,0x3a,0x69,0x29,0x7d,0x72,0x65,
0x74,0x75,0x72,0x6e,0x20,0x6e,0x7d,0x63,0x6f,0x6e,0x73,0x74,0x20,0x6e,0x74,0x3d,0x7b,0x2e,0x2e,0x2e,
0x55,0x74,0x2c,0x69,0x6e,0x6c,0x69,0x6e,0x65,0x3a,0x21,0x31,0x7d,0x2c,0x63,0x74,0x3d,0x22,0x69,0x63,
0x6f,0x6e,0x69,0x66,0x79,0x22,0x2c,0x6d,0x74,0x3d,0x22,0x69,0x63,0x6f,0x6e,0x69,0x66,0x79,0x2d,0x69,
0x6e,0x6c,0x69,0x6e,0x65,0x22,0x2c,0x53,0x3d,0x22,0x69,0x63,0x6f,0x6e,0x69,0x66,0x79,0x44,0x61,0x74,
0x61,0x22,0x2b,0x44,0x61,0x74,0x65,0x2e,0x6e,0x6f,0x77,0x28,0x29,0x3b,0x6c,0x65,0x74,0x20,0x4d,0x3d,
0x5b,0x5d,0x3b,0x66,0x75,0x6e,0x63,0x74,0x69,0x6f,0x6e,0x20,0x46,0x28,0x74,0x29,0x7b,0x66,0x6f,0x72,
0x28,0x6c,0x65,0x74,0x20,0x65,0x3d,0x30,0x3b,0x65,0x3c,0x4d,0x2e,0x6c,0x65,0x6e,0x67,0x74,0x68,0x3b,
0x65,0x2b,0x2b,0x29,0x7b,0x63,0x6f,0x6e,0x73,0x74,0x20,0x6e,0x3d,0x4d,0x5b,0x65,0x5d,0x3b,0x69,0x66,
0x28,0x28,0x74,0x79,0x70,0x65,0x6f,0x66,0x20,0x6e,0x2e,0x6e,0x6f,0x64,0x65,0x3d,0x3d,0x22,0x66,0x75,
0x6e,0x63,0x74,0x69,0x6f,0x6e,0x22,0x3f,0x6e,0x2e,0x6e,0x6f,0x64,0x65,0x28,0x29,0x3a,0x6e,0x2e,0x6e,
0x6f,0x64,0x65,0x29,0x3d,0x3d,0x3d,0x74,0x29,0x72,0x65,0x74,0x75,0x72,0x6e,0x20,0x6e,0x7d,0x7d,0x66,
0x75,0x6e,0x63,0x74,0x69,0x6f,0x6e,0x20,0x69,0x65,0x28,0x74,0x2c,0x65,0x3d,0x21,0x31,0x29,0x7b,0x6c,
0x65,0x74,0x20,0x6e,0x3d,0x46,0x28,0x74,0x29,0x3b,0x72,0x65,0x74,0x75,0x72,0x6e,0x20,0x6e,0x3f,0x28,
0x6e,0x2e,0x74,0x65,0x6d,0x70,0x6f,0x72,0x61,0x72,0x79,0x26,0x26,0x28,0x6e,0x2e,0x74,0x65,0x6d,0x70,
0x6f,0x72,0x61,0x72,0x79,0x3d,0x65,0x29,0x2c,0x6e,0x29,0x3a,0x28,0x6e,0x3d,0x7b,0x6e,0x6f,0x64,0x65,
0x3a,0x74,0x2c,0x74,0x65,0x6d,0x70,0x6f,0x72,0x61,0x72,0x79,0x3a,0x65,0x7d,0x2c,0x4d,0x2e,0x70,0x75,
0x73,0x68,0x28,0x6e,0x29,0x2c,0x6e,0x29,0x7d,0x66,0x75,0x6e,0x63,0x74,0x69,0x6f,0x6e,0x20,0x77,0x6e,
0x28,0x29,0x7b,0x69,0x66,0x28,0x64,0x6f,0x63,0x75,0x6d,0x65,0x6e,0x74,0x2e,0x64,0x6f,0x63,0x75,0x6d,
0x65,0x6e,0x74,0x45,0x6c,0x65,0x6d,0x65,0x6e,0x74,0x29,0x72,0x65,0x74,0x75,0x72,0x6e,0x20,0x69,0x65,
0x28,0x64,0x6f,0x63,0x75,0x6d,0x65,0x6e,0x74,0x2e,0x64,0x6f,0x63,0x75,0x6d,0x65,0x6e,0x74,0x45,0x6c,
0x65,0x6d,0x65,0x6e,0x74,0x29,0x3b,0x4d,0x2e,0x70,0x75,0x73,0x68,0x28,0x7b,0x6e,0x6f,0x64,0x65,0x3a,
0x28,0x29,0x3d,0x3e,0x64,0x6f,0x63,0x75,0x6d,0x65,0x6e,0x74,0x2e,0x64,0x6f,0x63,0x75,0x6d,0x65,0x6e,
0x74,0x45,0x6c,0x65,0x6d,0x65,0x6e,0x74,0x7d,0x29,0x7d,0x66,0x75,0x6e,0x63,0x74,0x69,0x6f,0x6e,0x20,
0x49,0x6e,0x28,0x74,0x29,0x7b,0x4d,0x3d,0x4d,0x2e,0x66,0x69,0x6c,0x74,0x65,0x72,0x28,0x65,0x3d,0x3e,
0x74,0x21,0x3d,0x3d,0x65,0x26,0x26,0x74,0x21,0x3d,0x3d,0x28,0x74,0x79,0x70,0x65,0x6f,0x66,0x20,0x65,
0x2e,0x6e,0x6f,0x64,0x65,0x3d,0x3d,0x22,0x66,0x75,0x6e,0x63,0x74,0x69,0x6f,0x6e,0x22,0x3f,0x65,0x2e,
0x6e,0x6f,0x64,0x65,0x28,0x29,0x3a,0x65,0x2e,0x6e,0x6f,0x64,0x65,0x29,0x29,0x7d,0x66,0x75,0x6e,0x63,
0x74,0x69,0x6f,0x6e,0x20,0x7a,0x28,0x29,0x7b,0x72,0x65,0x74,0x75,0x72,0x6e,0x20,0x4d,0x7d,0x66,0x75,
0x6e,0x63,0x74,0x69,0x6f,0x6e,0x20,0x53,0x6e,0x28,0x74,0x29,0x7b,0x63,0x6f,0x6e,0x73,0x74,0x20,0x65,
0x3d,0x64,0x6f,0x63,0x75,0x6d,0x65,0x6e,0x74,0x3b,0x65,0x2e,0x72,0x65,0x61,0x64,0x79,0x53,0x74,0x61,
0x74,0x65,0x26,0x26,0x65,0x2e,0x72,0x65,0x61,0x64,0x79,0x53,0x74,0x61,0x74,0x65,0x21,0x3d,0x3d,0x22,
0x6c,0x6f,0x61,0x64,0x69,0x6e,0x67,0x22,0x3f,0x74,0x28,0x29,0x3a,0x65,0x2e,0x61,0x64,0x64,0x45,0x76,
0x65,0x6e,0x74,0x4c,0x69,0x73,0x74,0x65,0x6e,0x65,0x72,0x28,0x22,0x44,0x4f,0x4d,0x43,0x6f,0x6e,0x74,
0x65,0x6e,0x74,0x4c,0x6f,0x61,0x64,0x65,0x64,0x22,0x2c,0x74,0x29,0x7d,0x6c,0x65,0x74,0x20,0x6a,0x3d,
0x6e,0x75,0x6c,0x6c,0x3b,0x63,0x6f,0x6e,0x73,0x74,0x20,0x45,0x6e,0x3d,0x7b,0x63,0x68,0x69,0x6c,0x64,
0x4c,0x69,0x73,0x74,0x3a,0x21,0x30,0x2c,0x73,0x75,0x62,0x74,0x72,0x65,0x65,0x3a,0x21,0x30,0x2c,0x61,
0x74,0x74,0x72,0x69,0x62,0x75,0x74,0x65,0x73,0x3a,0x21,0x30,0x7d,0x3b,0x66,0x75,0x6e,0x63,0x74,0x69,
0x6f,0x6e,0x20,0x73,0x65,0x28,0x74,0x29,0x7b,0x69,0x66,0x28,0x21,0x74,0x2e,0x6f,0x62,0x73,0x65,0x72,
0x76,0x65,0x72,0x29,0x72,0x65,0x74,0x75,0x72,0x6e,0x3b,0x63,0x6f,0x6e,0x73,0x74,0x20,0x65,0x3d,0x74,
0x2e,0x6f,0x62,0x73,0x65,0x72,0x76,0x65,0x72,0x3b,0x65,0x2e,0x70,0x65,0x6e,0x64,0x69,0x6e,0x67,0x53,
0x63,0x61,0x6e,0x7c,0x7c,0x28,0x65,0x2e,0x70,0x65,0x6e,0x64,0x69,0x6e,0x67,0x53,0x63,0x61,0x6e,0x3d,
0x73,0x65,0x74,0x54,0x69,0x6d,0x65,0x6f,0x75,0x74,0x28,0x28,0x29,0x3d,0x3e,0x7b,0x64,0x65,0x6c,0x65,
0x74,0x65,0x20,0x65,0x2e,0x70,0x65,0x6e,0x64,0x69,0x6e,0x67,0x53,0x63,0x61,0x6e,0x2c,0x6a,0x26,0x26,
0x6a,0x28,0x74,0x29,0x7d,0x29,0x29,0x7d,0x66,0x75,0x6e,0x63,0x74,0x69,0x6f,0x6e,0x20,0x78,0x6e,0x28,
0x74,0x2c,0x65,0x29,0x7b,0x69,0x66,0x28,0x21,0x74,0x2e,0x6f,0x62,0x73,0x65,0x72,0x76,0x65,0x72,0x29,
0x72,0x65,0x74,0x75,0x72,0x6e,0x3b,0x63,0x6f,0x6e,0x73,0x74,0x20,0x6e,0x3d,0x74,0x2e,0x6f,0x62,0x73,
0x65,0x72,0x76,0x65,0x72,0x3b,0x69,0x66,0x28,0x21,0x6e,0x2e,0x70,0x65,0x6e,0x64,0x69,0x6e,0x67,0x53,
0x63,0x61,0x6e,0x29,0x66,0x6f,0x72,0x28,0x6c,0x65,0x74,0x20,0x6f,0x3d,0x30,0x3b,0x6f,0x3c,0x65,0x2e,
0x6c,0x65,0x6e,0x67,0x74,0x68,0x3b,0x6f,0x2b,0x2b,0x29,0x7b,0x63,0x6f,0x6e,0x73,0x74,0x20,0x69,0x3d,
0x65,0x5b,0x6f,0x5d,0x3b,0x69,0x66,0x28,0x69,0x2e,0x61,0x64,0x64,0x65,0x64,0x4e,0x6f,0x64,0x65,0x73,
0x26,0x26,0x69,0x2e,0x61,0x64,0x64,0x65,0x64,0x4e,0x6f,0x64,0x65,0x73,0x2e,0x6c,0x65,0x6e,0x67,0x74,
0x68,0x3e,0x30,0x7c,0x7c,0x69,0x2e,0x74,0x79,0x70,0x65,0x3d,0x3d,0x3d,0x22,0x61,0x74,0x74,0x72,0x69,
0x62,0x75,0x74,0x65,0x73,0x22,0x26,0x26,0x69,0x2e,0x74,0x61,0x72,0x67,0x65,0x74,0x5b,0x53,0x5d,0x21,
0x3d,0x3d,0x76,0x6f,0x69,0x64,0x20,0x30,0x29,0x7b,0x6e,0x2e,0x70,0x61,0x75,0x73,0x65,0x64,0x7c,0x7c,
0x73,0x65,0x28,0x74,0x29,0x3b,0x72,0x65,0x74,0x75,0x72,0x6e,0x7d,0x7d,0x7d,0x66,0x75,0x6e,0x63,0x74,
0x69,0x6f,0x6e,0x20,0x72,0x65,0x28,0x74,0x2c,0x65,0x29,0x7b,0x74,0x2e,0x6f,0x62,0x73,0x65,0x72,0x76,
0x65,0x72,0x2e,0x69,0x6e,0x73,0x74,0x61,0x6e,0x63,0x65,0x2e,0x6f,0x62,0x73,0x65,0x72,0x76,0x65,0x28,
0x65,0x2c,0x45,0x6e,0x29,0x7d,0x66,0x75,0x6e,0x63,0x74,0x69,0x6f,0x6e,0x20,0x58,0x28,0x74,0x29,0x7b,
0x6c,0x65,0x74,0x20,0x65,0x3d,0x74,0x2e,0x6f,0x62,0x73,0x65,0x72,0x76,0x65,0x72,0x3b,0x69,0x66,0x28,
0x65,0x26,0x26,0x65,0x2e,0x69,0x6e,0x73,0x74,0x61,0x6e,0x63,0x65,0x29,0x72,0x65,0x74,0x75,0x72,0x6e,
0x3b,0x63,0x6f,0x6e,0x73,0x74,0x20,0x6e,0x3d,0x74,0x79,0x70,0x65,0x6f,0x66,0x20,0x74,0x2e,0x6e,0x6f,
0x64,0x65,0x3d,0x3d,0x22,0x66,0x75,0x6e,0x63,0x74,0x69,0x6f,0x6e,0x22,0x3f,0x74,0x2e,0x6e,0x6f,0x64,
0x65,0x28,0x29,0x3a,0x74,0x2e,0x6e,0x6f,0x64,0x65,0x3b,0x21,0x6e,0x7c,0x7c,0x21,0x77,0x69,0x6e,0x64,
0x6f,0x77,0x7c,0x7c,0x28,0x65,0x7c,0x7c,0x28,0x65,0x3d,0x7b,0x70,0x61,0x75,0x73,0x65,0x64,0x3a,0x30,
0x7d,0x2c,0x74,0x2e,0x6f,0x62,0x73,0x65,0x72,0x76,0x65,0x72,0x3d,0x65,0x29,0x2c,0x65,0x2e,0x69,0x6e,
0x73,0x74,0x61,0x6e,0x63,0x65,0x3d,0x6e,0x65,0x77,0x20,0x77,0x69,0x6e,0x64,0x6f,0x77,0x2e,0x4d,0x75,
0x74,0x61,0x74,0x69,0x6f,0x6e,0x4f,0x62,0x73,0x65,0x72,0x76,0x65,0x72,0x28,0x78,0x6e,0x2e,0x62,0x69,
0x6e,0x64,0x28,0x6e,0x75,0x6c,0x6c,0x2c,0x74,0x29,0x29,0x2c,0x72,0x65,0x28,0x74,0x2c,0x6e,0x29,0x2c,
0x65,0x2e,0x70,0x61,0x75,0x73,0x65,0x64,0x7c,0x7c,0x73,0x65,0x28,0x74,0x29,0x29,0x7d,0x66,0x75,0x6e,
0x63,0x74,0x69,0x6f,0x6e,0x20,0x48,0x74,0x28,0x29,0x7b,0x7a,0x28,0x29,0x2e,0x66,0x6f,0x72,0x45,0x61,
0x63,0x68,0x28,0x58,0x29,0x7d,0x66,0x75,0x6e,0x63,0x74,0x69,0x6f,0x6e,0x20,0x63,0x65,0x28,0x74,0x29,
0x7b,0x69,0x66,0x28,0x21,0x74,0x2e,0x6f,0x62,0x73,0x65,0x72,0x76,0x65,0x72,0x29,0x72,0x65,0x74,0x75,
0x72,0x6e,0x3b,0x63,0x6f,0x6e,0x73,0x74,0x20,0x65,0x3d,0x74,0x2e,0x6f,0x62,0x73,0x65,0x72,0x76,0x65,
0x72,0x3b,0x65,0x2e,0x70,0x65,0x6e,0x64,0x69,0x6e,0x67,0x53,0x63,0x61,0x6e,0x26,0x26,0x28,0x63,0x6c,
0x65,0x61,0x72,0x54,0x69,0x6d,0x65,0x6f,0x75,0x74,0x28,0x65,0x2e,0x70,0x65,0x6e,0x64,0x69,0x6e,0x67,
0x53,0x63,0x61,0x6e,0x29,0x2c,0x64,0x65,0x6c,0x65,0x74,0x65,0x20,0x65,0x2e,0x70,0x65,0x6e,0x64,0x69,
0x6e,0x67,0x53,0x63,0x61,0x6e,0x29,0x2c,0x65,0x2e,0x69,0x6e,0x73,0x74,0x61,0x6e,0x63,0x65,0x26,0x26,
0x28,0x65,0x2e,0x69,0x6e,0x73,0x74,0x61,0x6e,0x63,0x65,0x2e,0x64,0x69,0x73,0x63,0x6f,0x6e,0x6e,0x65,
0x63,0x74,0x28,0x29,0x2c,0x64,0x65,0x6c,0x65,0x74,0x65,0x20,0x65,0x2e,0x69,0x6e,0x73,0x74,0x61,0x6e,
0x63,0x65,0x29,0x7d,0x66,0x75,0x6e,0x63,0x74,0x69,0x6f,0x6e,0x20,0x54,0x6e,0x28,0x74,0x29,0x7b,0x63,
0x6f,0x6e,0x73,0x74,0x20,0x65,0x3d,0x6a,0x21,0x3d,0x3d,0x6e,0x75,0x6c,0x6c,0x3b,0x69,0x66,0x28,0x6a,
0x21,0x3d,0x3d,0x74,0x26,0x26,0x28,0x6a,0x3d,0x74,0x2c,0x65,0x26,0x26,0x7a,0x28,0x29,0x2e,0x66,0x6f,
0x72,0x45,0x61,0x63,0x68,0x28,0x63,0x65,0x29,0x29,0x2c,0x65,0x29,0x7b,0x48,0x74,0x28,0x29,0x3b,0x72,
0x65,0x74,0x75,0x72,0x6e,0x7d,0x53,0x6e,0x28,0x48,0x74,0x29,0x7d,0x66,0x75,0x6e,0x63,0x74,0x69,0x6f,
0x6e,0x20,0x79,0x74,0x28,0x74,0x29,0x7b,0x28,0x74,0x3f,0x5b,0x74,0x5d,0x3a,0x7a,0x28,0x29,0x29,0x2e,
0x66,0x6f,0x72,0x45,0x61,0x63,0x68,0x28,0x65,0x3d,0x3e,0x7b,0x69,0x66,0x28,0x21,0x65,0x2e,0x6f,0x62,
0x73,0x65,0x72,0x76,0x65,0x72,0x29,0x7b,0x65,0x2e,0x6f,0x62,0x73,0x65,0x72,0x76,0x65,0x72,0x3d,0x7b,
0x70,0x61,0x75,0x73,0x65,0x64,0x3a,0x31,0x7d,0x3b,0x72,0x65,0x74,0x75,0x72,0x6e,0x7d,0x63,0x6f,0x6e,
0x73,0x74,0x20,0x6e,0x3d,0x65,0x2e,0x6f,0x62,0x73,0x65,0x72,0x76,0x65,0x72,0x3b,0x69,0x66,0x28,0x6e,
0x2e,0x70,0x61,0x75,0x73,0x65,0x64,0x2b,0x2b,0x2c,0x6e,0x2e,0x70,0x61,0x75,0x73,0x65,0x64,0x3e,0x31,
0x7c,0x7c,0x21,0x6e,0x2e,0x69,0x6e,0x73,0x74,0x61,0x6e,0x63,0x65,0x29,0x72,0x65,0x74,0x75,0x72,0x6e,
0x3b,0x6e,0x2e,0x69,0x6e,0x73,0x74,0x61,0x6e,0x63,0x65,0x2e,0x64,0x69,0x73,0x63,0x6f,0x6e,0x6e,0x65,
0x63,0x74,0x28,0x29,0x7d,0x29,0x7d,0x66,0x75,0x6e,0x63,0x74,0x69,0x6f,0x6e,0x20,0x4d,0x6e,0x28,0x74,
0x29,0x7b,0x69,0x66,0x28,0x74,0x29,0x7b,0x63,0x6f,0x6e,0x73,0x74,0x20,0x65,0x3d,0x46,0x28,0x74,0x29,
0x3b,0x65,0x26,0x26,0x79,0x74,0x28,0x65,0x29,0x7d,0x65,0x6c,0x73,0x65,0x20,0x79,0x74,0x28,0x29,0x7d,
0x66,0x75,0x6e,0x63,0x74,0x69,0x6f,0x6e,0x20,0x62,0x74,0x28,0x74,0x29,0x7b,0x28,0x74,0x3f,0x5b,0x74,
0x5d,0x3a,0x7a,0x28,0x29,0x29,0x2e,0x66,0x6f,0x72,0x45,0x61,0x63,0x68,0x28,0x65,0x3d,0x3e,0x7b,0x69,
0x66,0x28,0x21,0x65,0x2e,0x6f,0x62,0x73,0x65,0x72,0x76,0x65,0x72,0x29,0x7b,0x58,0x28,0x65,0x29,0x3b,
0x72,0x65,0x74,0x75,0x72,0x6e,0x7d,0x63,0x6f,0x6e,0x73,0x74,0x20,0x6e,0x3d,0x65,0x2e,0x6f,0x62,0x73,
0x65,0x72,0x76,0x65,0x72,0x3b,0x69,0x66,0x28,0x6e,0x2e,0x70,0x61,0x75,0x73,0x65,0x64,0x26,0x26,0x28,
0x6e,0x2e,0x70,0x61,0x75,0x73,0x65,0x64,0x2d,0x2d,0x2c,0x21,0x6e,0x2e,0x70,0x61,0x75,0x73,0x65,0x64,
0x29,0x29,0x7b,0x63,0x6f,0x6e,0x73,0x74,0x20,0x6f,0x3d,0x74,0x79,0x70,0x65,0x6f,0x66,0x20,0x65,0x2e,
0x6e,0x6f,0x64,0x65,0x3d,0x3d,0x22,0x66,0x75,0x6e,0x63,0x74,0x69,0x6f,0x6e,0x22,0x3f,0x65,0x2e,0x6e,
0x6f,0x64,0x65,0x28,0x29,0x3a,0x65,0x2e,0x6e,0x6f,0x64,0x65,0x3b,0x69,0x66,0x28,0x6f,0x29,0x6e,0x2e,
0x69,0x6e,0x73,0x74,0x61,0x6e,0x63,0x65,0x3f,0x72,0x65,0x28,0x65,0x2c,0x6f,0x29,0x3a,0x58,0x28,0x65,
0x29,0x3b,0x65,0x6c,0x73,0x65,0x20,0x72,0x65,0x74,0x75,0x72,0x6e,0x7d,0x7d,0x29,0x7d,0x66,0x75,0x6e,
0x63,0x74,0x69,0x6f,0x6e,0x20,0x41,0x6e,0x28,0x74,0x29,0x7b,0x69,0x66,0x28,0x74,0x29,0x7b,0x63,0x6f,
0x6e,0x73,0x74,0x20,0x65,0x3d,0x46,0x28,0x74,0x29,0x3b,0x65,0x26,0x26,0x62,0x74,0x28,0x65,0x29,0x7d,
0x65,0x6c,0x73,0x65,0x20,0x62,0x74,0x28,0x29,0x7d,0x66,0x75,0x6e,0x63,0x74,0x69,0x6f,0x6e,0x20,0x61,
0x65,0x28,0x74,0x2c,0x65,0x3d,0x21,0x31,0x29,0x7b,0x63,0x6f,0x6e,0x73,0x74,0x20,0x6e,0x3d,0x69,0x65,
0x28,0x74,0x2c,0x65,0x29,0x3b,0x72,0x65,0x74,0x75,0x72,0x6e,0x20,0x58,0x28,0x6e,0x29,0x2c,0x6e,0x7d,
0x66,0x75,0x6e,0x63,0x74,0x69,0x6f,0x6e,0x20,0x6c,0x65,0x28,0x74,0x29,0x7b,0x63,0x6f,0x6e,0x73,0x74,
0x20,0x65,0x3d,0x46,0x28,0x74,0x29,0x3b,0x65,0x26,0x26,0x28,0x63,0x65,0x28,0x65,0x29,0x2c,0x49,0x6e,
0x28,0x74,0x29,0x29,0x7d,0x66,0x75,0x6e,0x63,0x74,0x69,0x6f,0x6e,0x20,0x4c,0x6e,0x28,0x74,0x2c,0x65,
0x29,0x7b,0x69,0x66,0x28,0x74,0x2e,0x6e,0x61,0x6d,0x65,0x21,0x3d,0x3d,0x65,0x2e,0x6e,0x61,0x6d,0x65,
0x7c,0x7c,0x74,0x2e,0x6d,0x6f,0x64,0x65,0x21,0x3d,0x3d,0x65,0x2e,0x6d,0x6f,0x64,0x65,0x29,0x72,0x65,
0x74,0x75,0x72,0x6e,0x21,0x30,0x3b,0x63,0x6f,0x6e,0x73,0x74,0x20,0x6e,0x3d,0x74,0x2e,0x63,0x75,0x73,
0x74,0x6f,0x6d,0x69,0x73,0x61,0x74,0x69,0x6f,0x6e,0x73,0x2c,0x6f,0x3d,0x65,0x2e,0x63,0x75,0x73,0x74,
0x6f,0x6d,0x69,0x73,0x61,0x74,0x69,0x6f,0x6e,0x73,0x3b,0x66,0x6f,0x72,0x28,0x63,0x6f,0x6e,0x73,0x74,
0x20,0x69,0x20,0x69,0x6e,0x20,0x6e,0x74,0x29,0x69,0x66,0x28,0x6e,0x5b,0x69,0x5d,0x21,0x3d,0x3d,0x6f,
0x5b,0x69,0x5d,0x29,0x72,0x65,0x74,0x75,0x72,0x6e,0x21,0x30,0x3b,0x72,0x65,0x74,0x75,0x72,0x6e,0x21,
0x31,0x7d,0x66,0x75,0x6e,0x63,0x74,0x69,0x6f,0x6e,0x20,0x50,0x6e,0x28,0x74,0x2c,0x65,0x3d,0x30,0x29,
0x7b,0x63,0x6f,0x6e,0x73,0x74,0x20,0x6e,0x3d,0x74,0x2e,0x72,0x65,0x70,0x6c,0x61,0x63,0x65,0x28,0x2f,
0x5e,0x2d,0x3f,0x5b,0x30,0x2d,0x39,0x2e,0x5d,0x2a,0x2f,0x2c,0x22,0x22,0x29,0x3b,0x66,0x75,0x6e,0x63,
0x74,0x69,0x6f,0x6e,0x20,0x6f,0x28,0x69,0x29,0x7b,0x66,0x6f,0x72,0x28,0x3b,0x69,0x3c,0x30,0x3b,0x29,
0x69,0x2b,0x3d,0x34,0x3b,0x72,0x65,0x74,0x75,0x72,0x6e,0x20,0x69,0x25,0x34,0x7d,0x69,0x66,0x28,0x6e,
0x3d,0x3d,0x3d,0x22,0x22,0x29,0x7b,0x63,0x6f,0x6e,0x73,0x74,0x20,0x69,0x3d,0x70,0x61,0x72,0x73,0x65,
0x49,0x6e,0x74,0x28,0x74,0x29,0x3b,0x72,0x65,0x74,0x75,0x72,0x6e,0x20,0x69,0x73,0x4e,0x61,0x4e,0x28,
0x69,0x29,0x3f,0x30,0x3a,0x6f,0x28,0x69,0x29,0x7d,0x65,0x6c,0x73,0x65,0x20,0x69,0x66,0x28,0x6e,0x21,
0x3d,0x3d,0x74,0x29,0x7b,0x6c,0x65,0x74,0x20,0x69,0x3d,0x30,0x3b,0x73,0x77,0x69,0x74,0x63,0x68,0x28,
0x6e,0x29,0x7b,0x63,0x61,0x73,0x65,0x22,0x25,0x22,0x3a,0x69,0x3d,0x32,0x35,0x3b,0x62,0x72,0x65,0x61,
0x6b,0x3b,0x63,0x61,0x73,0x65,0x22,0x64,0x65,0x67,0x22,0x3a,0x69,0x3d,0x39,0x30,0x7d,0x69,0x66,0x28,
0x69,0x29,0x7b,0x6c,0x65,0x74,0x20,0x73,0x3d,0x70,0x61,0x72,0x73,0x65,0x46,0x6c,0x6f,0x61,0x74,0x28,
0x74,0x2e,0x73,0x6c,0x69,0x63,0x65,0x28,0x30,0x2c,0x74,0x2e,0x6c,0x65,0x6e,0x67,0x74,0x68,0x2d,0x6e,
0x2e,0x6c,0x65,0x6e,0x67,0x74,0x68,0x29,0x29,0x3b,0x72,0x65,0x74,0x75,0x72,0x6e,0x20,0x69,0x73,0x4e,
0x61,0x4e,0x28,0x73,0x29,0x3f,0x30,0x3a,0x28,0x73,0x3d,0x73,0x2f,0x69,0x2c,0x73,0x25,0x31,0x3d,0x3d,
0x3d,0x30,0x3f,0x6f,0x28,0x73,0x29,0x3a,0x30,0x29,0x7d,0x7d,0x72,0x65,0x74,0x75,0x72,0x6e,0x20,0x65,
0x7d,0x63,0x6f,0x6e,0x73,0x74,0x20,0x42,0x6e,0x3d,0x2f,0x5b,0x5c,0x73,0x2c,0x5d,0x2b,0x2f,0x3b,0x66,
0x75,0x6e,0x63,0x74,0x69,0x6f,0x6e,0x20,0x4f,0x6e,0x28,0x74,0x2c,0x65,0x29,0x7b,0x65,0x2e,0x73,0x70,
0x6c,0x69,0x74,0x28,0x42,0x6e,0x29,0x2e,0x66,0x6f,0x72,0x45,0x61,0x63,0x68,0x28,0x6e,0x3d,0x3e,0x7b,
0x73,0x77,0x69,0x74,0x63,0x68,0x28,0x6e,0x2e,0x74,0x72,0x69,0x6d,0x28,0x29,0x29,0x7b,0x63,0x61,0x73,
0x65,0x22,0x68,0x6f,0x72,0x69,0x7a,0x6f,0x6e,0x74,0x61,0x6c,0x22,0x3a,0x74,0x2e,0x68,0x46,0x6c,0x69,
0x70,0x3d,0x21,0x30,0x3b,0x62,0x72,0x65,0x61,0x6b,0x3b,0x63,0x61,0x73,0x65,0x22,0x76,0x65,0x72,0x74,
0x69,0x63,0x61,0x6c,0x22,0x3a,0x74,0x2e,0x76,0x46,0x6c,0x69,0x70,0x3d,0x21,0x30,0x3b,0x62,0x72,0x65,
0x61,0x6b,0x7d,0x7d,0x29,0x7d,0x63,0x6f,0x6e,0x73,0x74,0x20,0x52,0x6e,0x3d,0x5b,0x22,0x77,0x69,0x64,
0x74,0x68,0x22,0x2c,0x22,0x68,0x65,0x69,0x67,0x68,0x74,0x22,0x5d,0x2c,0x6a,0x6e,0x3d,0x5b,0x22,0x69,
0x6e,0x6c,0x69,0x6e,0x65,0x22,0x2c,0x22,0x68,0x46,0x6c,0x69,0x70,0x22,0x2c,0x22,0x76,0x46,0x6c,0x69,
0x70,0x22,0x5d,0x3b,0x66,0x75,0x6e,0x63,0x74,0x69,0x6f,0x6e,0x20,0x48,0x6e,0x28,0x74,0x2c,0x65,0x29,
0x7b,0x72,0x65,0x74,0x75,0x72,0x6e,0x20,0x74,0x3d,0x3d,0x3d,0x65,0x7c,0x7c,0x74,0x3d,0x3d,0x3d,0x22,
0x74,0x72,0x75,0x65,0x22,0x3f,0x21,0x30,0x3a,0x74,0x3d,0x3d,0x3d,0x22,0x22,0x7c,0x7c,0x74,0x3d,0x3d,
0x3d,0x22,0x66,0x61,0x6c,0x73,0x65,0x22,0x3f,0x21,0x31,0x3a,0x6e,0x75,0x6c,0x6c,0x7d,0x66,0x75,0x6e,
0x63,0x74,0x69,0x6f,0x6e,0x20,0x4a,0x6e,0x28,0x74,0x29,0x7b,0x63,0x6f,0x6e,0x73,0x74,0x20,0x65,0x3d,
0x74,0x2e,0x67,0x65,0x74,0x41,0x74,0x74,0x72,0x69,0x62,0x75,0x74,0x65,0x28,0x22,0x64,0x61,0x74,0x61,
0x2d,0x69,0x63,0x6f,0x6e,0x22,0x29,0x2c,0x6e,0x3d,0x74,0x79,0x70,0x65,0x6f,0x66,0x20,0x65,0x3d,0x3d,
0x22,0x73,0x74,0x72,0x69,0x6e,0x67,0x22,0x26,0x26,0x50,0x28,0x65,0x2c,0x21,0x30,0x29,0x3b,0x69,0x66,
0x28,0x21,0x6e,0x29,0x72,0x65,0x74,0x75,0x72,0x6e,0x20,0x6e,0x75,0x6c,0x6c,0x3b,0x63,0x6f,0x6e,0x73,
0x74,0x20,0x6f,0x3d,0x7b,0x2e,0x2e,0x2e,0x6e,0x74,0x2c,0x69,0x6e,0x6c,0x69,0x6e,0x65,0x3a,0x74,0x2e,
0x63,0x6c,0x61,0x73,0x73,0x4c,0x69,0x73,0x74,0x26,0x26,0x74,0x2e,0x63,0x6c,0x61,0x73,0x73,0x4c,0x69,
0x73,0x74,0x2e,0x63,0x6f,0x6e,0x74,0x61,0x69,0x6e,0x73,0x28,0x6d,0x74,0x29,0x7d,0x3b,0x52,0x6e,0x2e,
0x66,0x6f,0x72,0x45,0x61,0x63,0x68,0x28,0x63,0x3d,0x3e,0x7b,0x63,0x6f,0x6e,0x73,0x74,0x20,0x61,0x3d,
0x74,0x2e,0x67,0x65,0x74,0x41,0x74,0x74,0x72,0x69,0x62,0x75,0x74,0x65,0x28,0x22,0x64,0x61,0x74,0x61,
0x2d,0x22,0x2b,0x63,0x29,0x3b,0x61,0x26,0x26,0x28,0x6f,0x5b,0x63,0x5d,0x3d,0x61,0x29,0x7d,0x29,0x3b,
0x63,0x6f,0x6e,0x73,0x74,0x20,0x69,0x3d,0x74,0x2e,0x67,0x65,0x74,0x41,0x74,0x74,0x72,0x69,0x62,0x75,
0x74,0x65,0x28,0x22,0x64,0x61,0x74,0x61,0x2d,0x72,0x6f,0x74,0x61,0x74,0x65,0x22,0x29,0x3b,0x74,0x79,
0x70,0x65,0x6f,0x66,0x20,0x69,0x3d,0x3d,0x22,0x73,0x74,0x72,0x69,0x6e,0x67,0x22,0x26,0x26,0x28,0x6f,
0x2e,0x72,0x6f,0x74,0x61,0x74,0x65,0x3d,0x50,0x6e,0x28,0x69,0x29,0x29,0x3b,0x63,0x6f,0x6e,0x73,0x74,
0x20,0x73,0x3d,0x74,0x2e,0x67,0x65,0x74,0x41,0x74,0x74,0x72,0x69,0x62,0x75,0x74,0x65,0x28,0x22,0x64,
0x61,0x74,0x61,0x2d,0x66,0x6c,0x69,0x70,0x22,0x29,0x3b,0x74,0x79,0x70,0x65,0x6f,0x66,0x20,0x73,0x3d,
0x3d,0x22,0x73,0x74,0x72,0x69,0x6e,0x67,0x22,0x26,0x26,0x4f,0x6e,0x28,0x6f,0x2c,0x73,0x29,0x2c,0x6a,
0x6e,0x2e,0x66,0x6f,0x72,0x45,0x61,0x63,0x68,0x28,0x63,0x3d,0x3e,0x7b,0x63,0x6f,0x6e,0x73,0x74,0x20,
0x61,0x3d,0x22,0x64,0x61,0x74,0x61,0x2d,0x22,0x2b,0x63,0x2c,0x6c,0x3d,0x48,0x6e,0x28,0x74,0x2e,0x67,
0x65,0x74,0x41,0x74,0x74,0x72,0x69,0x62,0x75,0x74,0x65,0x28,0x61,0x29,0x2c,0x61,0x29,0x3b,0x74,0x79,
0x70,0x65,0x6f,0x66,0x20,0x6c,0x3d,0x3d,0x22,0x62,0x6f,0x6f,0x6c,0x65,0x61,0x6e,0x22,0x26,0x26,0x28,
0x6f,0x5b,0x63,0x5d,0x3d,0x6c,0x29,0x7d,0x29,0x3b,0x63,0x6f,0x6e,0x73,0x74,0x20,0x72,0x3d,0x74,0x2e,
0x67,0x65,0x74,0x41,0x74,0x74,0x72,0x69,0x62,0x75,0x74,0x65,0x28,0x22,0x64,0x61,0x74,0x61,0x2d,0x6d,
0x6f,0x64,0x65,0x22,0x29,0x3b,0x72,0x65,0x74,0x75,0x72,0x6e,0x7b,0x6e,0x61,0x6d,0x65,0x3a,0x65,0x2c,
0x69,0x63,0x6f,0x6e,0x3a,0x6e,0x2c,0x63,0x75,0x73,0x74,0x6f,0x6d,0x69,0x73,0x61,0x74,0x69,0x6f,0x6e,
0x73,0x3a,0x6f,0x2c,0x6d,0x6f,0x64,0x65,0x3a,0x72,0x7d,0x7d,0x63,0x6f,0x6e,0x73,0x74,0x20,0x44,0x6e,
0x3d,0x22,0x73,0x76,0x67,0x2e,0x22,0x2b,0x63,0x74,0x2b,0x22,0x2c,0x20,0x69,0x2e,0x22,0x2b,0x63,0x74,
0x2b,0x22,0x2c,0x20,0x73,0x70,0x61,0x6e,0x2e,0x22,0x2b,0x63,0x74,0x2b,0x22,0x2c,0x20,0x69,0x2e,0x22,
0x2b,0x6d,0x74,0x2b,0x22,0x2c,0x20,0x73,0x70,0x61,0x6e,0x2e,0x22,0x2b,0x6d,0x74,0x3b,0x66,0x75,0x6e,
0x63,0x74,0x69,0x6f,0x6e,0x20,0x4e,0x6e,0x28,0x74,0x29,0x7b,0x63,0x6f,0x6e,0x73,0x74,0x20,0x65,0x3d,
0x5b,0x5d,0x3b,0x72,0x65,0x74,0x75,0x72,0x6e,0x20,0x74,0x2e,0x71,0x75,0x65,0x72,0x79,0x53,0x65,0x6c,
0x65,0x63,0x74,0x6f,0x72,0x41,0x6c,0x6c,0x28,0x44,0x6e,0x29,0x2e,0x66,0x6f,0x72,0x45,0x61,0x63,0x68,
0x28,0x6e,0x3d,0x3e,0x7b,0x63,0x6f,0x6e,0x73,0x74,0x20,0x6f,0x3d,0x6e,0x5b,0x53,0x5d,0x7c,0x7c,0x6e,
0x2e,0x74,0x61,0x67,0x4e,0x61,0x6d,0x65,0x2e,0x74,0x6f,0x4c,0x6f,0x77,0x65,0x72,0x43,0x61,0x73,0x65,
0x28,0x29,0x21,0x3d,0x3d,0x22,0x73,0x76,0x67,0x22,0x3f,0x4a,0x6e,0x28,0x6e,0x29,0x3a,0x6e,0x75,0x6c,
0x6c,0x3b,0x6f,0x26,0x26,0x65,0x2e,0x70,0x75,0x73,0x68,0x28,0x7b,0x6e,0x6f,0x64,0x65,0x3a,0x6e,0x2c,
0x70,0x72,0x6f,0x70,0x73,0x3a,0x6f,0x7d,0x29,0x7d,0x29,0x2c,0x65,0x7d,0x66,0x75,0x6e,0x63,0x74,0x69,
0x6f,0x6e,0x20,0x75,0x65,0x28,0x74,0x2c,0x65,0x29,0x7b,0x6c,0x65,0x74,0x20,0x6e,0x3d,0x74,0x2e,0x69,
0x6e,0x64,0x65,0x78,0x4f,0x66,0x28,0x22,0x78,0x6c,0x69,0x6e,0x6b,0x3a,0x22,0x29,0x3d,0x3d,0x3d,0x2d,
0x31,0x3f,0x22,0x22,0x3a,0x27,0x20,0x78,0x6d,0x6c,0x6e,0x73,0x3a,0x78,0x6c,0x69,0x6e,0x6b,0x3d,0x22,
0x68,0x74,0x74,0x70,0x3a,0x2f,0x2f,0x77,0x77,0x77,0x2e,0x77,0x33,0x2e,0x6f,0x72,0x67,0x2f,0x31,0x39,
0x39,0x39,0x2f,0x78,0x6c,0x69,0x6e,0x6b,0x22,0x27,0x3b,0x66,0x6f,0x72,0x28,0x63,0x6f,0x6e,0x73,0x74,
0x20,0x6f,0x20,0x69,0x6e,0x20,0x65,0x29,0x6e,0x2b,0x3d,0x22,0x20,0x22,0x2b,0x6f,0x2b,0x27,0x3d,0x22,
0x27,0x2b,0x65,0x5b,0x6f,0x5d,0x2b,0x27,0x22,0x27,0x3b,0x72,0x65,0x74,0x75,0x72,0x6e,0x27,0x3c,0x73,
0x76,0x67,0x20,0x78,0x6d,0x6c,0x6e,0x73,0x3d,0x22,0x68,0x74,0x74,0x70,0x3a,0x2f,0x2f,0x77,0x77,0x77,
0x2e,0x77,0x33,0x2e,0x6f,0x72,0x67,0x2f,0x32,0x30,0x30,0x30,0x2f,0x73,0x76,0x67,0x22,0x27,0x2b,0x6e,
0x2b,0x22,0x3e,0x22,0x2b,0x74,0x2b,0x22,0x3c,0x2f,0x73,0x76,0x67,0x3e,0x22,0x7d,0x6c,0x65,0x74,0x20,
0x48,0x3b,0x66,0x75,0x6e,0x63,0x74,0x69,0x6f,0x6e,0x20,0x46,0x6e,0x28,0x29,0x7b,0x74,0x72,0x79,0x7b,
0x48,0x3d,0x77,0x69,0x6e,0x64,0x6f,0x77,0x2e,0x74,0x72,0x75,0x73,0x74,0x65,0x64,0x54,0x79,0x70,0x65,
0x73,0x2e,0x63,0x72,0x65,0x61,0x74,0x65,0x50,0x6f,0x6c,0x69,0x63,0x79,0x28,0x22,0x69,0x63,0x6f,0x6e,
0x69,0x66,0x79,0x22,0x2c,0x7b,0x63,0x72,0x65,0x61,0x74,0x65,0x48,0x54,0x4d,0x4c,0x3a,0x74,0x3d,0x3e,
0x74,0x7d,0x29,0x7d,0x63,0x61,0x74,0x63,0x68,0x7b,0x48,0x3d,0x6e,0x75,0x6c,0x6c,0x7d,0x7d,0x66,0x75,
0x6e,0x63,0x74,0x69,0x6f,0x6e,0x20,0x7a,0x6e,0x28,0x74,0x29,0x7b,0x72,0x65,0x74,0x75,0x72,0x6e,0x20,
0x48,0x3d,0x3d,0x3d,0x76,0x6f,0x69,0x64,0x20,0x30,0x26,0x26,0x46,0x6e,0x28,0x29,0x2c,0x48,0x3f,0x48,
0x2e,0x63,0x72,0x65,0x61,0x74,0x65,0x48,0x54,0x4d,0x4c,0x28,0x74,0x29,0x3a,0x74,0x7d,0x66,0x75,0x6e,
0x63,0x74,0x69,0x6f,0x6e,0x20,0x66,0x65,0x28,0x74,0x29,0x7b,0x63,0x6f,0x6e,0x73,0x74,0x20,0x65,0x3d,
0x6e,0x65,0x77,0x20,0x53,0x65,0x74,0x28,0x5b,0x22,0x69,0x63,0x6f,0x6e,0x69,0x66,0x79,0x22,0x5d,0x29,
0x3b,0x72,0x65,0x74,0x75,0x72,0x6e,0x5b,0x22,0x70,0x72,0x6f,0x76,0x69,0x64,0x65,0x72,0x22,0x2c,0x22,
0x70,0x72,0x65,0x66,0x69,0x78,0x22,0x5d,0x2e,0x66,0x6f,0x72,0x45,0x61,0x63,0x68,0x28,0x6e,0x3d,0x3e,
0x7b,0x74,0x5b,0x6e,0x5d,0x26,0x26,0x65,0x2e,0x61,0x64,0x64,0x28,0x22,0x69,0x63,0x6f,0x6e,0x69,0x66,
0x79,0x2d,0x2d,0x22,0x2b,0x74,0x5b,0x6e,0x5d,0x29,0x7d,0x29,0x2c,0x65,0x7d,0x66,0x75,0x6e,0x63,0x74,
0x69,0x6f,0x6e,0x20,0x64,0x65,0x28,0x74,0x2c,0x65,0x2c,0x6e,0x2c,0x6f,0x29,0x7b,0x63,0x6f,0x6e,0x73,
0x74,0x20,0x69,0x3d,0x74,0x2e,0x63,0x6c,0x61,0x73,0x73,0x4c,0x69,0x73,0x74,0x3b,0x69,0x66,0x28,0x6f,
0x29,0x7b,0x63,0x6f,0x6e,0x73,0x74,0x20,0x72,0x3d,0x6f,0x2e,0x63,0x6c,0x61,0x73,0x73,0x4c,0x69,0x73,
0x74,0x3b,0x41,0x72,0x72,0x61,0x79,0x2e,0x66,0x72,0x6f,0x6d,0x28,0x72,0x29,0x2e,0x66,0x6f,0x72,0x45,
0x61,0x63,0x68,0x28,0x63,0x3d,0x3e,0x7b,0x69,0x2e,0x61,0x64,0x64,0x28,0x63,0x29,0x7d,0x29,0x7d,0x63,
0x6f,0x6e,0x73,0x74,0x20,0x73,0x3d,0x5b,0x5d,0x3b,0x72,0x65,0x74,0x75,0x72,0x6e,0x20,0x65,0x2e,0x66,
0x6f,0x72,0x45,0x61,0x63,0x68,0x28,0x72,0x3d,0x3e,0x7b,0x69,0x2e,0x63,0x6f,0x6e,0x74,0x61,0x69,0x6e,
0x73,0x28,0x72,0x29,0x3f,0x6e,0x2e,0x68,0x61,0x73,0x28,0x72,0x29,0x26,0x26,0x73,0x2e,0x70,0x75,0x73,
0x68,0x28,0x72,0x29,0x3a,0x28,0x69,0x2e,0x61,0x64,0x64,0x28,0x72,0x29,0x2c,0x73,0x2e,0x70,0x75,0x73,
0x68,0x28,0x72,0x29,0x29,0x7d,0x29,0x2c,0x6e,0x2e,0x66,0x6f,0x72,0x45,0x61,0x63,0x68,0x28,0x72,0x3d,
0x3e,0x7b,0x65,0x2e,0x68,0x61,0x73,0x28,0x72,0x29,0x7c,0x7c,0x69,0x2e,0x72,0x65,0x6d,0x6f,0x76,0x65,
0x28,0x72,0x29,0x7d,0x29,0x2c,0x73,0x7d,0x66,0x75,0x6e,0x63,0x74,0x69,0x6f,0x6e,0x20,0x68,0x65,0x28,
0x74,0x2c,0x65,0x2c,0x6e,0x29,0x7b,0x63,0x6f,0x6e,0x73,0x74,0x20,0x6f,0x3d,0x74,0x2e,0x73,0x74,0x79,
0x6c,0x65,0x3b,0x28,0x6e,0x7c,0x7c,0x5b,0x5d,0x29,0x2e,0x66,0x6f,0x72,0x45,0x61,0x63,0x68,0x28,0x73,
0x3d,0x3e,0x7b,0x6f,0x2e,0x72,0x65,0x6d,0x6f,0x76,0x65,0x50,0x72,0x6f,0x70,0x65,0x72,0x74,0x79,0x28,
0x73,0x29,0x7d,0x29,0x3b,0x63,0x6f,0x6e,0x73,0x74,0x20,0x69,0x3d,0x5b,0x5d,0x3b,0x66,0x6f,0x72,0x28,
0x63,0x6f,0x6e,0x73,0x74,0x20,0x73,0x20,0x69,0x6e,0x20,0x65,0x29,0x6f,0x2e,0x67,0x65,0x74,0x50,0x72,
0x6f,0x70,0x65,0x72,0x74,0x79,0x56,0x61,0x6c,0x75,0x65,0x28,0x73,0x29,0x7c,0x7c,0x28,0x69,0x2e,0x70,
0x75,0x73,0x68,0x28,0x73,0x29,0x2c,0x6f,0x2e,0x73,0x65,0x74,0x50,0x72,0x6f,0x70,0x65,0x72,0x74,0x79,
0x28,0x73,0x2c,0x65,0x5b,0x73,0x5d,0x29,0x29,0x3b,0x72,0x65,0x74,0x75,0x72,0x6e,0x20,0x69,0x7d,0x66,
0x75,0x6e,0x63,0x74,0x69,0x6f,0x6e,0x20,0x70,0x65,0x28,0x74,0x2c,0x65,0x2c,0x6e,0x29,0x7b,0x6c,0x65,
0x74,0x20,0x6f,0x3b,0x74,0x72,0x79,0x7b,0x6f,0x3d,0x64,0x6f,0x63,0x75,0x6d,0x65,0x6e,0x74,0x2e,0x63,
0x72,0x65,0x61,0x74,0x65,0x45,0x6c,0x65,0x6d,0x65,0x6e,0x74,0x28,0x22,0x73,0x70,0x61,0x6e,0x22,0x29,
0x7d,0x63,0x61,0x74,0x63,0x68,0x7b,0x72,0x65,0x74,0x75,0x72,0x6e,0x20,0x74,0x7d,0x63,0x6f,0x6e,0x73,
0x74,0x20,0x69,0x3d,0x65,0x2e,0x63,0x75,0x73,0x74,0x6f,0x6d,0x69,0x73,0x61,0x74,0x69,0x6f,0x6e,0x73,
0x2c,0x73,0x3d,0x5a,0x28,0x6e,0x2c,0x69,0x29,0x2c,0x72,0x3d,0x74,0x5b,0x53,0x5d,0x2c,0x63,0x3d,0x75,
0x65,0x28,0x71,0x74,0x28,0x73,0x2e,0x62,0x6f,0x64,0x79,0x29,0x2c,0x7b,0x22,0x61,0x72,0x69,0x61,0x2d,
0x68,0x69,0x64,0x64,0x65,0x6e,0x22,0x3a,0x22,0x74,0x72,0x75,0x65,0x22,0x2c,0x72,0x6f,0x6c,0x65,0x3a,
0x22,0x69,0x6d,0x67,0x22,0x2c,0x2e,0x2e,0x2e,0x73,0x2e,0x61,0x74,0x74,0x72,0x69,0x62,0x75,0x74,0x65,
0x73,0x7d,0x29,0x3b,0x6f,0x2e,0x69,0x6e,0x6e,0x65,0x72,0x48,0x54,0x4d,0x4c,0x3d,0x7a,0x6e,0x28,0x63,
0x29,0x3b,0x63,0x6f,0x6e,0x73,0x74,0x20,0x61,0x3d,0x6f,0x2e,0x63,0x68,0x69,0x6c,0x64,0x4e,0x6f,0x64,
0x65,0x73,0x5b,0x30,0x5d,0x2c,0x6c,0x3d,0x74,0x2e,0x61,0x74,0x74,0x72,0x69,0x62,0x75,0x74,0x65,0x73,
0x3b,0x66,0x6f,0x72,0x28,0x6c,0x65,0x74,0x20,0x6d,0x3d,0x30,0x3b,0x6d,0x3c,0x6c,0x2e,0x6c,0x65,0x6e,
0x67,0x74,0x68,0x3b,0x6d,0x2b,0x2b,0x29,0x7b,0x63,0x6f,0x6e,0x73,0x74,0x20,0x79,0x3d,0x6c,0x2e,0x69,
0x74,0x65,0x6d,0x28,0x6d,0x29,0x2c,0x45,0x3d,0x79,0x2e,0x6e,0x61,0x6d,0x65,0x3b,0x45,0x21,0x3d,0x3d,
0x22,0x63,0x6c,0x61,0x73,0x73,0x22,0x26,0x26,0x21,0x61,0x2e,0x68,0x61,0x73,0x41,0x74,0x74,0x72,0x69,
0x62,0x75,0x74,0x65,0x28,0x45,0x29,0x26,0x26,0x61,0x2e,0x73,0x65,0x74,0x41,0x74,0x74,0x72,0x69,0x62,
0x75,0x74,0x65,0x28,0x45,0x2c,0x79,0x2e,0x76,0x61,0x6c,0x75,0x65,0x29,0x7d,0x63,0x6f,0x6e,0x73,0x74,
0x20,0x75,0x3d,0x66,0x65,0x28,0x65,0x2e,0x69,0x63,0x6f,0x6e,0x29,0x2c,0x66,0x3d,0x64,0x65,0x28,0x61,
0x2c,0x75,0x2c,0x6e,0x65,0x77,0x20,0x53,0x65,0x74,0x28,0x72,0x26,0x26,0x72,0x2e,0x61,0x64,0x64,0x65,
0x64,0x43,0x6c,0x61,0x73,0x73,0x65,0x73,0x29,0x2c,0x74,0x29,0x2c,0x64,0x3d,0x68,0x65,0x28,0x61,0x2c,
0x69,0x2e,0x69,0x6e,0x6c,0x69,0x6e,0x65,0x3f,0x7b,0x22,0x76,0x65,0x72,0x74,0x69,0x63,0x61,0x6c,0x2d,
0x61,0x6c,0x69,0x67,0x6e,0x22,0x3a,0x22,0x2d,0x30,0x2e,0x31,0x32,0x35,0x65,0x6d,0x22,0x7d,0x3a,0x7b,
0x7d,0x2c,0x72,0x26,0x26,0x72,0x2e,0x61,0x64,0x64,0x65,0x64,0x53,0x74,0x79,0x6c,0x65,0x73,0x29,0x2c,
0x67,0x3d,0x7b,0x2e,0x2e,0x2e,0x65,0x2c,0x73,0x74,0x61,0x74,0x75,0x73,0x3a,0x22,0x6c,0x6f,0x61,0x64,
0x65,0x64,0x22,0x2c,0x61,0x64,0x64,0x65,0x64,0x43,0x6c,0x61,0x73,0x73,0x65,0x73,0x3a,0x66,0x2c,0x61,
0x64,0x64,0x65,0x64,0x53,0x74,0x79,0x6c,0x65,0x73,0x3a,0x64,0x7d,0x3b,0x72,0x65,0x74,0x75,0x72,0x6e,
0x20,0x61,0x5b,0x53,0x5d,0x3d,0x67,0x2c,0x74,0x2e,0x70,0x61,0x72,0x65,0x6e,0x74,0x4e,0x6f,0x64,0x65,
0x26,0x26,0x74,0x2e,0x70,0x61,0x72,0x65,0x6e,0x74,0x4e,0x6f,0x64,0x65,0x2e,0x72,0x65,0x70,0x6c,0x61,
0x63,0x65,0x43,0x68,0x69,0x6c,0x64,0x28,0x61,0x2c,0x74,0x29,0x2c,0x61,0x7d,0x66,0x75,0x6e,0x63,0x74,
0x69,0x6f,0x6e,0x20,0x56,0x6e,0x28,0x74,0x29,0x7b,0x72,0x65,0x74,0x75,0x72,0x6e,0x20,0x74,0x2e,0x72,
0x65,0x70,0x6c,0x61,0x63,0x65,0x28,0x2f,0x22,0x2f,0x67,0x2c,0x22,0x27,0x22,0x29,0x2e,0x72,0x65,0x70,
0x6c,0x61,0x63,0x65,0x28,0x2f,0x25,0x2f,0x67,0x2c,0x22,0x25,0x32,0x35,0x22,0x29,0x2e,0x72,0x65,0x70,
0x6c,0x61,0x63,0x65,0x28,0x2f,0x23,0x2f,0x67,0x2c,0x22,0x25,0x32,0x33,0x22,0x29,0x2e,0x72,0x65,0x70,
0x6c,0x61,0x63,0x65,0x28,0x2f,0x3c,0x2f,0x67,0x2c,0x22,0x25,0x33,0x43,0x22,0x29,0x2e,0x72,0x65,0x70,
0x6c,0x61,0x63,0x65,0x28,0x2f,0x3e,0x2f,0x67,0x2c,0x22,0x25,0x33,0x45,0x22,0x29,0x2e,0x72,0x65,0x70,
0x6c,0x61,0x63,0x65,0x28,0x2f,0x5c,0x73,0x2b,0x2f,0x67,0x2c,0x22,0x20,0x22,0x29,0x7d,0x66,0x75,0x6e,
0x63,0x74,0x69,0x6f,0x6e,0x20,0x55,0x6e,0x28,0x74,0x29,0x7b,0x72,0x65,0x74,0x75,0x72,0x6e,0x22,0x64,
0x61,0x74,0x61,0x3a,0x69,0x6d,0x61,0x67,0x65,0x2f,0x73,0x76,0x67,0x2b,0x78,0x6d,0x6c,0x2c,0x22,0x2b,
0x56,0x6e,0x28,0x74,0x29,0x7d,0x66,0x75,0x6e,0x63,0x74,0x69,0x6f,0x6e,0x20,0x71,0x6e,0x28,0x74,0x29,
0x7b,0x72,0x65,0x74,0x75,0x72,0x6e,0x27,0x75,0x72,0x6c,0x28,0x22,0x27,0x2b,0x55,0x6e,0x28,0x74,0x29,
0x2b,0x27,0x22,0x29,0x27,0x7d,0x63,0x6f,0x6e,0x73,0x74,0x20,0x57,0x6e,0x3d,0x7b,0x64,0x69,0x73,0x70,
0x6c,0x61,0x79,0x3a,0x22,0x69,0x6e,0x6c,0x69,0x6e,0x65,0x2d,0x62,0x6c,0x6f,0x63,0x6b,0x22,0x7d,0x2c,
0x76,0x74,0x3d,0x7b,0x22,0x62,0x61,0x63,0x6b,0x67,0x72,0x6f,0x75,0x6e,0x64,0x2d,0x63,0x6f,0x6c,0x6f,
0x72,0x22,0x3a,0x22,0x63,0x75,0x72,0x72,0x65,0x6e,0x74,0x43,0x6f,0x6c,0x6f,0x72,0x22,0x7d,0x2c,0x67,
0x65,0x3d,0x7b,0x22,0x62,0x61,0x63,0x6b,0x67,0x72,0x6f,0x75,0x6e,0x64,0x2d,0x63,0x6f,0x6c,0x6f,0x72,
0x22,0x3a,0x22,0x74,0x72,0x61,0x6e,0x73,0x70,0x61,0x72,0x65,0x6e,0x74,0x22,0x7d,0x2c,0x4a,0x74,0x3d,
0x7b,0x69,0x6d,0x61,0x67,0x65,0x3a,0x22,0x76,0x61,0x72,0x28,0x2d,0x2d,0x73,0x76,0x67,0x29,0x22,0x2c,
0x72,0x65,0x70,0x65,0x61,0x74,0x3a,0x22,0x6e,0x6f,0x2d,0x72,0x65,0x70,0x65,0x61,0x74,0x22,0x2c,0x73,
0x69,0x7a,0x65,0x3a,0x22,0x31,0x30,0x30,0x25,0x20,0x31,0x30,0x30,0x25,0x22,0x7d,0x2c,0x44,0x74,0x3d,
0x7b,0x22,0x2d,0x77,0x65,0x62,0x6b,0x69,0x74,0x2d,0x6d,0x61,0x73,0x6b,0x22,0x3a,0x76,0x74,0x2c,0x6d,
0x61,0x73,0x6b,0x3a,0x76,0x74,0x2c,0x62,0x61,0x63,0x6b,0x67,0x72,0x6f,0x75,0x6e,0x64,0x3a,0x67,0x65,
0x7d,0x3b,0x66,0x6f,0x72,0x28,0x63,0x6f,0x6e,0x73,0x74,0x20,0x74,0x20,0x69,0x6e,0x20,0x44,0x74,0x29,
0x7b,0x63,0x6f,0x6e,0x73,0x74,0x20,0x65,0x3d,0x44,0x74,0x5b,0x74,0x5d,0x3b,0x66,0x6f,0x72,0x28,0x63,
0x6f,0x6e,0x73,0x74,0x20,0x6e,0x20,0x69,0x6e,0x20,0x4a,0x74,0x29,0x65,0x5b,0x74,0x2b,0x22,0x2d,0x22,
0x2b,0x6e,0x5d,0x3d,0x4a,0x74,0x5b,0x6e,0x5d,0x7d,0x66,0x75,0x6e,0x63,0x74,0x69,0x6f,0x6e,0x20,0x4e,
0x74,0x28,0x74,0x29,0x7b,0x72,0x65,0x74,0x75,0x72,0x6e,0x20,0x74,0x2b,0x28,0x74,0x2e,0x6d,0x61,0x74,
0x63,0x68,0x28,0x2f,0x5e,0x5b,0x2d,0x30,0x2d,0x39,0x2e,0x5d,0x2b,0x24,0x2f,0x29,0x3f,0x22,0x70,0x78,
0x22,0x3a,0x22,0x22,0x29,0x7d,0x66,0x75,0x6e,0x63,0x74,0x69,0x6f,0x6e,0x20,0x5f,0x6e,0x28,0x74,0x2c,
0x65,0x2c,0x6e,0x2c,0x6f,0x29,0x7b,0x63,0x6f,0x6e,0x73,0x74,0x20,0x69,0x3d,0x65,0x2e,0x63,0x75,0x73,
0x74,0x6f,0x6d,0x69,0x73,0x61,0x74,0x69,0x6f,0x6e,0x73,0x2c,0x73,0x3d,0x5a,0x28,0x6e,0x2c,0x69,0x29,
0x2c,0x72,0x3d,0x73,0x2e,0x61,0x74,0x74,0x72,0x69,0x62,0x75,0x74,0x65,0x73,0x2c,0x63,0x3d,0x74,0x5b,
0x53,0x5d,0x2c,0x61,0x3d,0x75,0x65,0x28,0x73,0x2e,0x62,0x6f,0x64,0x79,0x2c,0x7b,0x2e,0x2e,0x2e,0x72,
0x2c,0x77,0x69,0x64,0x74,0x68,0x3a,0x6e,0x2e,0x77,0x69,0x64,0x74,0x68,0x2b,0x22,0x22,0x2c,0x68,0x65,
0x69,0x67,0x68,0x74,0x3a,0x6e,0x2e,0x68,0x65,0x69,0x67,0x68,0x74,0x2b,0x22,0x22,0x7d,0x29,0x2c,0x6c,
0x3d,0x66,0x65,0x28,0x65,0x2e,0x69,0x63,0x6f,0x6e,0x29,0x2c,0x75,0x3d,0x64,0x65,0x28,0x74,0x2c,0x6c,
0x2c,0x6e,0x65,0x77,0x20,0x53,0x65,0x74,0x28,0x63,0x26,0x26,0x63,0x2e,0x61,0x64,0x64,0x65,0x64,0x43,
0x6c,0x61,0x73,0x73,0x65,0x73,0x29,0x29,0x2c,0x64,0x3d,0x7b,0x22,0x2d,0x2d,0x73,0x76,0x67,0x22,0x3a,
0x71,0x6e,0x28,0x61,0x29,0x2c,0x77,0x69,0x64,0x74,0x68,0x3a,0x4e,0x74,0x28,0x72,0x2e,0x77,0x69,0x64,
0x74,0x68,0x29,0x2c,0x68,0x65,0x69,0x67,0x68,0x74,0x3a,0x4e,0x74,0x28,0x72,0x2e,0x68,0x65,0x69,0x67,
0x68,0x74,0x29,0x2c,0x2e,0x2e,0x2e,0x57,0x6e,0x2c,0x2e,0x2e,0x2e,0x6f,0x3f,0x76,0x74,0x3a,0x67,0x65,
0x7d,0x3b,0x69,0x2e,0x69,0x6e,0x6c,0x69,0x6e,0x65,0x26,0x26,0x28,0x64,0x5b,0x22,0x76,0x65,0x72,0x74,
0x69,0x63,0x61,0x6c,0x2d,0x61,0x6c,0x69,0x67,0x6e,0x22,0x5d,0x3d,0x22,0x2d,0x30,0x2e,0x31,0x32,0x35,
0x65,0x6d,0x22,0x29,0x3b,0x63,0x6f,0x6e,0x73,0x74,0x20,0x67,0x3d,0x68,0x65,0x28,0x74,0x2c,0x64,0x2c,
0x63,0x26,0x26,0x63,0x2e,0x61,0x64,0x64,0x65,0x64,0x53,0x74,0x79,0x6c,0x65,0x73,0x29,0x2c,0x6d,0x3d,
0x7b,0x2e,0x2e,0x2e,0x65,0x2c,0x73,0x74,0x61,0x74,0x75,0x73,0x3a,0x22,0x6c,0x6f,0x61,0x64,0x65,0x64,
0x22,0x2c,0x61,0x64,0x64,0x65,0x64,0x43,0x6c,0x61,0x73,0x73,0x65,0x73,0x3a,0x75,0x2c,0x61,0x64,0x64,
0x65,0x64,0x53,0x74,0x79,0x6c,0x65,0x73,0x3a,0x67,0x7d,0x3b,0x72,0x65,0x74,0x75,0x72,0x6e,0x20,0x74,
0x5b,0x53,0x5d,0x3d,0x6d,0x2c,0x74,0x7d,0x6c,0x65,0x74,0x20,0x57,0x3d,0x21,0x31,0x3b,0x66,0x75,0x6e,
0x63,0x74,0x69,0x6f,0x6e,0x20,0x51,0x6e,0x28,0x29,0x7b,0x57,0x7c,0x7c,0x28,0x57,0x3d,0x21,0x30,0x2c,
0x73,0x65,0x74,0x54,0x69,0x6d,0x65,0x6f,0x75,0x74,0x28,0x28,0x29,0x3d,0x3e,0x7b,0x57,0x26,0x26,0x28,
0x57,0x3d,0x21,0x31,0x2c,0x4c,0x28,0x29,0x29,0x7d,0x29,0x29,0x7d,0x66,0x75,0x6e,0x63,0x74,0x69,0x6f,
0x6e,0x20,0x4c,0x28,0x74,0x2c,0x65,0x3d,0x21,0x31,0x29,0x7b,0x63,0x6f,0x6e,0x73,0x74,0x20,0x6e,0x3d,
0x4f,0x62,0x6a,0x65,0x63,0x74,0x2e,0x63,0x72,0x65,0x61,0x74,0x65,0x28,0x6e,0x75,0x6c,0x6c,0x29,0x3b,
0x66,0x75,0x6e,0x63,0x74,0x69,0x6f,0x6e,0x20,0x6f,0x28,0x69,0x2c,0x73,0x29,0x7b,0x63,0x6f,0x6e,0x73,
0x74,0x7b,0x70,0x72,0x6f,0x76,0x69,0x64,0x65,0x72,0x3a,0x72,0x2c,0x70,0x72,0x65,0x66,0x69,0x78,0x3a,
0x63,0x2c,0x6e,0x61,0x6d,0x65,0x3a,0x61,0x7d,0x3d,0x69,0x2c,0x6c,0x3d,0x77,0x28,0x72,0x2c,0x63,0x29,
0x2c,0x75,0x3d,0x6c,0x2e,0x69,0x63,0x6f,0x6e,0x73,0x5b,0x61,0x5d,0x3b,0x69,0x66,0x28,0x75,0x29,0x72,
0x65,0x74,0x75,0x72,0x6e,0x7b,0x73,0x74,0x61,0x74,0x75,0x73,0x3a,0x22,0x6c,0x6f,0x61,0x64,0x65,0x64,
0x22,0x2c,0x69,0x63,0x6f,0x6e,0x3a,0x75,0x7d,0x3b,0x69,0x66,0x28,0x6c,0x2e,0x6d,0x69,0x73,0x73,0x69,
0x6e,0x67,0x2e,0x68,0x61,0x73,0x28,0x61,0x29,0x29,0x72,0x65,0x74,0x75,0x72,0x6e,0x7b,0x73,0x74,0x61,
0x74,0x75,0x73,0x3a,0x22,0x6d,0x69,0x73,0x73,0x69,0x6e,0x67,0x22,0x7d,0x3b,0x69,0x66,0x28,0x73,0x26,
0x26,0x21,0x43,0x6e,0x28,0x69,0x29,0x29,0x7b,0x63,0x6f,0x6e,0x73,0x74,0x20,0x66,0x3d,0x6e,0x5b,0x72,
0x5d,0x7c,0x7c,0x28,0x6e,0x5b,0x72,0x5d,0x3d,0x4f,0x62,0x6a,0x65,0x63,0x74,0x2e,0x63,0x72,0x65,0x61,
0x74,0x65,0x28,0x6e,0x75,0x6c,0x6c,0x29,0x29,0x3b,0x28,0x66,0x5b,0x63,0x5d,0x7c,0x7c,0x28,0x66,0x5b,
0x63,0x5d,0x3d,0x6e,0x65,0x77,0x20,0x53,0x65,0x74,0x29,0x29,0x2e,0x61,0x64,0x64,0x28,0x61,0x29,0x7d,
0x72,0x65,0x74,0x75,0x72,0x6e,0x7b,0x73,0x74,0x61,0x74,0x75,0x73,0x3a,0x22,0x6c,0x6f,0x61,0x64,0x69,
0x6e,0x67,0x22,0x7d,0x7d,0x28,0x74,0x3f,0x5b,0x74,0x5d,0x3a,0x7a,0x28,0x29,0x29,0x2e,0x66,0x6f,0x72,
0x45,0x61,0x63,0x68,0x28,0x69,0x3d,0x3e,0x7b,0x63,0x6f,0x6e,0x73,0x74,0x20,0x73,0x3d,0x74,0x79,0x70,
0x65,0x6f,0x66,0x20,0x69,0x2e,0x6e,0x6f,0x64,0x65,0x3d,0x3d,0x22,0x66,0x75,0x6e,0x63,0x74,0x69,0x6f,
0x6e,0x22,0x3f,0x69,0x2e,0x6e,0x6f,0x64,0x65,0x28,0x29,0x3a,0x69,0x2e,0x6e,0x6f,0x64,0x65,0x3b,0x69,
0x66,0x28,0x21,0x73,0x7c,0x7c,0x21,0x73,0x2e,0x71,0x75,0x65,0x72,0x79,0x53,0x65,0x6c,0x65,0x63,0x74,
0x6f,0x72,0x41,0x6c,0x6c,0x29,0x72,0x65,0x74,0x75,0x72,0x6e,0x3b,0x6c,0x65,0x74,0x20,0x72,0x3d,0x21,
0x31,0x2c,0x63,0x3d,0x21,0x31,0x3b,0x66,0x75,0x6e,0x63,0x74,0x69,0x6f,0x6e,0x20,0x61,0x28,0x6c,0x2c,
0x75,0x2c,0x66,0x29,0x7b,0x69,0x66,0x28,0x63,0x7c,0x7c,0x28,0x63,0x3d,0x21,0x30,0x2c,0x79,0x74,0x28,
0x69,0x29,0x29,0x2c,0x6c,0x2e,0x74,0x61,0x67,0x4e,0x61,0x6d,0x65,0x2e,0x74,0x6f,0x55,0x70,0x70,0x65,
0x72,0x43,0x61,0x73,0x65,0x28,0x29,0x21,0x3d,0x3d,0x22,0x53,0x56,0x47,0x22,0x29,0x7b,0x63,0x6f,0x6e,
0x73,0x74,0x20,0x64,0x3d,0x75,0x2e,0x6d,0x6f,0x64,0x65,0x2c,0x67,0x3d,0x64,0x3d,0x3d,0x3d,0x22,0x6d,
0x61,0x73,0x6b,0x22,0x7c,0x7c,0x28,0x64,0x3d,0x3d,0x3d,0x22,0x62,0x67,0x22,0x3f,0x21,0x31,0x3a,0x64,
0x3d,0x3d,0x3d,0x22,0x73,0x74,0x79,0x6c,0x65,0x22,0x3f,0x66,0x2e,0x62,0x6f,0x64,0x79,0x2e,0x69,0x6e,
0x64,0x65,0x78,0x4f,0x66,0x28,0x22,0x63,0x75,0x72,0x72,0x65,0x6e,0x74,0x43,0x6f,0x6c,0x6f,0x72,0x22,
0x29,0x21,0x3d,0x3d,0x2d,0x31,0x3a,0x6e,0x75,0x6c,0x6c,0x29,0x3b,0x69,0x66,0x28,0x74,0x79,0x70,0x65,
0x6f,0x66,0x20,0x67,0x3d,0x3d,0x22,0x62,0x6f,0x6f,0x6c,0x65,0x61,0x6e,0x22,0x29,0x7b,0x5f,0x6e,0x28,
0x6c,0x2c,0x75,0x2c,0x7b,0x2e,0x2e,0x2e,0x44,0x2c,0x2e,0x2e,0x2e,0x66,0x7d,0x2c,0x67,0x29,0x3b,0x72,
0x65,0x74,0x75,0x72,0x6e,0x7d,0x7d,0x70,0x65,0x28,0x6c,0x2c,0x75,0x2c,0x66,0x29,0x7d,0x4e,0x6e,0x28,
0x73,0x29,0x2e,0x66,0x6f,0x72,0x45,0x61,0x63,0x68,0x28,0x28,0x7b,0x6e,0x6f,0x64,0x65,0x3a,0x6c,0x2c,
0x70,0x72,0x6f,0x70,0x73,0x3a,0x75,0x7d,0x29,0x3d,0x3e,0x7b,0x63,0x6f,0x6e,0x73,0x74,0x20,0x66,0x3d,
0x6c,0x5b,0x53,0x5d,0x3b,0x69,0x66,0x28,0x21,0x66,0x29,0x7b,0x63,0x6f,0x6e,0x73,0x74,0x7b,0x73,0x74,
0x61,0x74,0x75,0x73,0x3a,0x67,0x2c,0x69,0x63,0x6f,0x6e,0x3a,0x6d,0x7d,0x3d,0x6f,0x28,0x75,0x2e,0x69,
0x63,0x6f,0x6e,0x2c,0x21,0x30,0x29,0x3b,0x69,0x66,0x28,0x6d,0x29,0x7b,0x61,0x28,0x6c,0x2c,0x75,0x2c,
0x6d,0x29,0x3b,0x72,0x65,0x74,0x75,0x72,0x6e,0x7d,0x72,0x3d,0x72,0x7c,0x7c,0x67,0x3d,0x3d,0x3d,0x22,
0x6c,0x6f,0x61,0x64,0x69,0x6e,0x67,0x22,0x2c,0x6c,0x5b,0x53,0x5d,0x3d,0x7b,0x2e,0x2e,0x2e,0x75,0x2c,
0x73,0x74,0x61,0x74,0x75,0x73,0x3a,0x67,0x7d,0x3b,0x72,0x65,0x74,0x75,0x72,0x6e,0x7d,0x6c,0x65,0x74,
0x20,0x64,0x3b,0x69,0x66,0x28,0x4c,0x6e,0x28,0x66,0x2c,0x75,0x29,0x29,0x7b,0x69,0x66,0x28,0x64,0x3d,
0x6f,0x28,0x75,0x2e,0x69,0x63,0x6f,0x6e,0x2c,0x66,0x2e,0x6e,0x61,0x6d,0x65,0x21,0x3d,0x3d,0x75,0x2e,
0x6e,0x61,0x6d,0x65,0x29,0x2c,0x21,0x64,0x2e,0x69,0x63,0x6f,0x6e,0x29,0x7b,0x72,0x3d,0x72,0x7c,0x7c,
0x64,0x2e,0x73,0x74,0x61,0x74,0x75,0x73,0x3d,0x3d,0x3d,0x22,0x6c,0x6f,0x61,0x64,0x69,0x6e,0x67,0x22,
0x2c,0x4f,0x62,0x6a,0x65,0x63,0x74,0x2e,0x61,0x73,0x73,0x69,0x67,0x6e,0x28,0x66,0x2c,0x7b,0x2e,0x2e,
0x2e,0x75,0x2c,0x73,0x74,0x61,0x74,0x75,0x73,0x3a,0x64,0x2e,0x73,0x74,0x61,0x74,0x75,0x73,0x7d,0x29,
0x3b,0x72,0x65,0x74,0x75,0x72,0x6e,0x7d,0x7d,0x65,0x6c,0x73,0x65,0x7b,0x69,0x66,0x28,0x66,0x2e,0x73,
0x74,0x61,0x74,0x75,0x73,0x21,0x3d,0x3d,0x22,0x6c,0x6f,0x61,0x64,0x69,0x6e,0x67,0x22,0x29,0x72,0x65,
0x74,0x75,0x72,0x6e,0x3b,0x69,0x66,0x28,0x64,0x3d,0x6f,0x28,0x75,0x2e,0x69,0x63,0x6f,0x6e,0x2c,0x21,
0x31,0x29,0x2c,0x21,0x64,0x2e,0x69,0x63,0x6f,0x6e,0x29,0x7b,0x66,0x2e,0x73,0x74,0x61,0x74,0x75,0x73,
0x3d,0x64,0x2e,0x73,0x74,0x61,0x74,0x75,0x73,0x3b,0x72,0x65,0x74,0x75,0x72,0x6e,0x7d,0x7d,0x61,0x28,
0x6c,0x2c,0x75,0x2c,0x64,0x2e,0x69,0x63,0x6f,0x6e,0x29,0x7d,0x29,0x2c,0x69,0x2e,0x74,0x65,0x6d,0x70,
0x6f,0x72,0x61,0x72,0x79,0x26,0x26,0x21,0x72,0x3f,0x6c,0x65,0x28,0x73,0x29,0x3a,0x65,0x26,0x26,0x72,
0x3f,0x61,0x65,0x28,0x73,0x2c,0x21,0x30,0x29,0x3a,0x63,0x26,0x26,0x69,0x2e,0x6f,0x62,0x73,0x65,0x72,
0x76,0x65,0x72,0x26,0x26,0x62,0x74,0x28,0x69,0x29,0x7d,0x29,0x3b,0x66,0x6f,0x72,0x28,0x63,0x6f,0x6e,
0x73,0x74,0x20,0x69,0x20,0x69,0x6e,0x20,0x6e,0x29,0x7b,0x63,0x6f,0x6e,0x73,0x74,0x20,0x73,0x3d,0x6e,
0x5b,0x69,0x5d,0x3b,0x66,0x6f,0x72,0x28,0x63,0x6f,0x6e,0x73,0x74,0x20,0x72,0x20,0x69,0x6e,0x20,0x73,
0x29,0x7b,0x63,0x6f,0x6e,0x73,0x74,0x20,0x63,0x3d,0x73,0x5b,0x72,0x5d,0x3b,0x78,0x74,0x28,0x41,0x72,
0x72,0x61,0x79,0x2e,0x66,0x72,0x6f,0x6d,0x28,0x63,0x29,0x2e,0x6d,0x61,0x70,0x28,0x61,0x3d,0x3e,0x28,
0x7b,0x70,0x72,0x6f,0x76,0x69,0x64,0x65,0x72,0x3a,0x69,0x2c,0x70,0x72,0x65,0x66,0x69,0x78,0x3a,0x72,
0x2c,0x6e,0x61,0x6d,0x65,0x3a,0x61,0x7d,0x29,0x29,0x2c,0x51,0x6e,0x29,0x7d,0x7d,0x7d,0x66,0x75,0x6e,
0x63,0x74,0x69,0x6f,0x6e,0x20,0x24,0x6e,0x28,0x74,0x29,0x7b,0x63,0x6f,0x6e,0x73,0x74,0x20,0x65,0x3d,
0x46,0x28,0x74,0x29,0x3b,0x65,0x3f,0x4c,0x28,0x65,0x29,0x3a,0x4c,0x28,0x7b,0x6e,0x6f,0x64,0x65,0x3a,
0x74,0x2c,0x74,0x65,0x6d,0x70,0x6f,0x72,0x61,0x72,0x79,0x3a,0x21,0x30,0x7d,0x2c,0x21,0x30,0x29,0x7d,
0x66,0x75,0x6e,0x63,0x74,0x69,0x6f,0x6e,0x20,0x6d,0x65,0x28,0x74,0x2c,0x65,0x2c,0x6e,0x3d,0x21,0x31,
0x29,0x7b,0x63,0x6f,0x6e,0x73,0x74,0x20,0x6f,0x3d,0x4e,0x28,0x74,0x29,0x3b,0x69,0x66,0x28,0x21,0x6f,
0x29,0x72,0x65,0x74,0x75,0x72,0x6e,0x20,0x6e,0x75,0x6c,0x6c,0x3b,0x63,0x6f,0x6e,0x73,0x74,0x20,0x69,
0x3d,0x50,0x28,0x74,0x29,0x2c,0x73,0x3d,0x6f,0x65,0x28,0x6e,0x74,0x2c,0x65,0x7c,0x7c,0x7b,0x7d,0x29,
0x2c,0x72,0x3d,0x70,0x65,0x28,0x64,0x6f,0x63,0x75,0x6d,0x65,0x6e,0x74,0x2e,0x63,0x72,0x65,0x61,0x74,
0x65,0x45,0x6c,0x65,0x6d,0x65,0x6e,0x74,0x28,0x22,0x73,0x70,0x61,0x6e,0x22,0x29,0x2c,0x7b,0x6e,0x61,
0x6d,0x65,0x3a,0x74,0x2c,0x69,0x63,0x6f,0x6e,0x3a,0x69,0x2c,0x63,0x75,0x73,0x74,0x6f,0x6d,0x69,0x73,
0x61,0x74,0x69,0x6f,0x6e,0x73,0x3a,0x73,0x7d,0x2c,0x6f,0x29,0x3b,0x72,0x65,0x74,0x75,0x72,0x6e,0x20,
0x6e,0x3f,0x72,0x2e,0x6f,0x75,0x74,0x65,0x72,0x48,0x54,0x4d,0x4c,0x3a,0x72,0x7d,0x66,0x75,0x6e,0x63,
0x74,0x69,0x6f,0x6e,0x20,0x47,0x6e,0x28,0x29,0x7b,0x72,0x65,0x74,0x75,0x72,0x6e,0x22,0x33,0x2e,0x31,
0x2e,0x31,0x22,0x7d,0x66,0x75,0x6e,0x63,0x74,0x69,0x6f,0x6e,0x20,0x4b,0x6e,0x28,0x74,0x2c,0x65,0x29,
0x7b,0x72,0x65,0x74,0x75,0x72,0x6e,0x20,0x6d,0x65,0x28,0x74,0x2c,0x65,0x2c,0x21,0x31,0x29,0x7d,0x66,
0x75,0x6e,0x63,0x74,0x69,0x6f,0x6e,0x20,0x58,0x6e,0x28,0x74,0x2c,0x65,0x29,0x7b,0x72,0x65,0x74,0x75,
0x72,0x6e,0x20,0x6d,0x65,0x28,0x74,0x2c,0x65,0x2c,0x21,0x30,0x29,0x7d,0x66,0x75,0x6e,0x63,0x74,0x69,
0x6f,0x6e,0x20,0x59,0x6e,0x28,0x74,0x2c,0x65,0x29,0x7b,0x63,0x6f,0x6e,0x73,0x74,0x20,0x6e,0x3d,0x4e,
0x28,0x74,0x29,0x3b,0x69,0x66,0x28,0x21,0x6e,0x29,0x72,0x65,0x74,0x75,0x72,0x6e,0x20,0x6e,0x75,0x6c,
0x6c,0x3b,0x63,0x6f,0x6e,0x73,0x74,0x20,0x6f,0x3d,0x6f,0x65,0x28,0x6e,0x74,0x2c,0x65,0x7c,0x7c,0x7b,
0x7d,0x29,0x3b,0x72,0x65,0x74,0x75,0x72,0x6e,0x20,0x5a,0x28,0x6e,0x2c,0x6f,0x29,0x7d,0x66,0x75,0x6e,
0x63,0x74,0x69,0x6f,0x6e,0x20,0x5a,0x6e,0x28,0x74,0x29,0x7b,0x74,0x3f,0x24,0x6e,0x28,0x74,0x29,0x3a,
0x4c,0x28,0x29,0x7d,0x69,0x66,0x28,0x74,0x79,0x70,0x65,0x6f,0x66,0x20,0x64,0x6f,0x63,0x75,0x6d,0x65,
0x6e,0x74,0x3c,0x22,0x75,0x22,0x26,0x26,0x74,0x79,0x70,0x65,0x6f,0x66,0x20,0x77,0x69,0x6e,0x64,0x6f,
0x77,0x3c,0x22,0x75,0x22,0x29,0x7b,0x77,0x6e,0x28,0x29,0x3b,0x63,0x6f,0x6e,0x73,0x74,0x20,0x74,0x3d,
0x77,0x69,0x6e,0x64,0x6f,0x77,0x3b,0x69,0x66,0x28,0x74,0x2e,0x49,0x63,0x6f,0x6e,0x69,0x66,0x79,0x50,
0x72,0x65,0x6c,0x6f,0x61,0x64,0x21,0x3d,0x3d,0x76,0x6f,0x69,0x64,0x20,0x30,0x29,0x7b,0x63,0x6f,0x6e,
0x73,0x74,0x20,0x65,0x3d,0x74,0x2e,0x49,0x63,0x6f,0x6e,0x69,0x66,0x79,0x50,0x72,0x65,0x6c,0x6f,0x61,
0x64,0x2c,0x6e,0x3d,0x22,0x49,0x6e,0x76,0x61,0x6c,0x69,0x64,0x20,0x49,0x63,0x6f,0x6e,0x69,0x66,0x79,
0x50,0x72,0x65,0x6c,0x6f,0x61,0x64,0x20,0x73,0x79,0x6e,0x74,0x61,0x78,0x2e,0x22,0x3b,0x74,0x79,0x70,
0x65,0x6f,0x66,0x20,0x65,0x3d,0x3d,0x22,0x6f,0x62,0x6a,0x65,0x63,0x74,0x22,0x26,0x26,0x65,0x21,0x3d,
0x3d,0x6e,0x75,0x6c,0x6c,0x26,0x26,0x28,0x65,0x20,0x69,0x6e,0x73,0x74,0x61,0x6e,0x63,0x65,0x6f,0x66,
0x20,0x41,0x72,0x72,0x61,0x79,0x3f,0x65,0x3a,0x5b,0x65,0x5d,0x29,0x2e,0x66,0x6f,0x72,0x45,0x61,0x63,
0x68,0x28,0x6f,0x3d,0x3e,0x7b,0x74,0x72,0x79,0x7b,0x28,0x74,0x79,0x70,0x65,0x6f,0x66,0x20,0x6f,0x21,
0x3d,0x22,0x6f,0x62,0x6a,0x65,0x63,0x74,0x22,0x7c,0x7c,0x6f,0x3d,0x3d,0x3d,0x6e,0x75,0x6c,0x6c,0x7c,
0x7c,0x6f,0x20,0x69,0x6e,0x73,0x74,0x61,0x6e,0x63,0x65,0x6f,0x66,0x20,0x41,0x72,0x72,0x61,0x79,0x7c,
0x7c,0x74,0x79,0x70,0x65,0x6f,0x66,0x20,0x6f,0x2e,0x69,0x63,0x6f,0x6e,0x73,0x21,0x3d,0x22,0x6f,0x62,
0x6a,0x65,0x63,0x74,0x22,0x7c,0x7c,0x74,0x79,0x70,0x65,0x6f,0x66,0x20,0x6f,0x2e,0x70,0x72,0x65,0x66,
0x69,0x78,0x21,0x3d,0x22,0x73,0x74,0x72,0x69,0x6e,0x67,0x22,0x7c,0x7c,0x21,0x7a,0x74,0x28,0x6f,0x29,
0x29,0x26,0x26,0x63,0x6f,0x6e,0x73,0x6f,0x6c,0x65,0x2e,0x65,0x72,0x72,0x6f,0x72,0x28,0x6e,0x29,0x7d,
0x63,0x61,0x74,0x63,0x68,0x7b,0x63,0x6f,0x6e,0x73,0x6f,0x6c,0x65,0x2e,0x65,0x72,0x72,0x6f,0x72,0x28,
0x6e,0x29,0x7d,0x7d,0x29,0x7d,0x73,0x65,0x74,0x54,0x69,0x6d,0x65,0x6f,0x75,0x74,0x28,0x28,0x29,0x3d,
0x3e,0x7b,0x54,0x6e,0x28,0x4c,0x29,0x2c,0x4c,0x28,0x29,0x7d,0x29,0x7d,0x66,0x75,0x6e,0x63,0x74,0x69,
0x6f,0x6e,0x20,0x74,0x6f,0x28,0x74,0x2c,0x65,0x29,0x7b,0x58,0x74,0x28,0x74,0x2c,0x65,0x21,0x3d,0x3d,
0x21,0x31,0x29,0x7d,0x66,0x75,0x6e,0x63,0x74,0x69,0x6f,0x6e,0x20,0x65,0x6f,0x28,0x74,0x29,0x7b,0x58,
0x74,0x28,0x74,0x2c,0x21,0x30,0x29,0x7d,0x59,0x74,0x28,0x22,0x22,0x2c,0x63,0x6e,0x29,0x3b,0x69,0x66,
0x28,0x74,0x79,0x70,0x65,0x6f,0x66,0x20,0x64,0x6f,0x63,0x75,0x6d,0x65,0x6e,0x74,0x3c,0x22,0x75,0x22,
0x26,0x26,0x74,0x79,0x70,0x65,0x6f,0x66,0x20,0x77,0x69,0x6e,0x64,0x6f,0x77,0x3c,0x22,0x75,0x22,0x29,
0x7b,0x4b,0x74,0x28,0x29,0x3b,0x63,0x6f,0x6e,0x73,0x74,0x20,0x74,0x3d,0x77,0x69,0x6e,0x64,0x6f,0x77,
0x3b,0x69,0x66,0x28,0x74,0x2e,0x49,0x63,0x6f,0x6e,0x69,0x66,0x79,0x50,0x72,0x6f,0x76,0x69,0x64,0x65,
0x72,0x73,0x21,0x3d,0x3d,0x76,0x6f,0x69,0x64,0x20,0x30,0x29,0x7b,0x63,0x6f,0x6e,0x73,0x74,0x20,0x65,
0x3d,0x74,0x2e,0x49,0x63,0x6f,0x6e,0x69,0x66,0x79,0x50,0x72,0x6f,0x76,0x69,0x64,0x65,0x72,0x73,0x3b,
0x69,0x66,0x28,0x74,0x79,0x70,0x65,0x6f,0x66,0x20,0x65,0x3d,0x3d,0x22,0x6f,0x62,0x6a,0x65,0x63,0x74,
0x22,0x26,0x26,0x65,0x21,0x3d,0x3d,0x6e,0x75,0x6c,0x6c,0x29,0x66,0x6f,0x72,0x28,0x63,0x6f,0x6e,0x73,
0x74,0x20,0x6e,0x20,0x69,0x6e,0x20,0x65,0x29,0x7b,0x63,0x6f,0x6e,0x73,0x74,0x20,0x6f,0x3d,0x22,0x49,
0x63,0x6f,0x6e,0x69,0x66,0x79,0x50,0x72,0x6f,0x76,0x69,0x64,0x65,0x72,0x73,0x5b,0x22,0x2b,0x6e,0x2b,
0x22,0x5d,0x20,0x69,0x73,0x20,0x69,0x6e,0x76,0x61,0x6c,0x69,0x64,0x2e,0x22,0x3b,0x74,0x72,0x79,0x7b,
0x63,0x6f,0x6e,0x73,0x74,0x20,0x69,0x3d,0x65,0x5b,0x6e,0x5d,0x3b,0x69,0x66,0x28,0x74,0x79,0x70,0x65,
0x6f,0x66,0x20,0x69,0x21,0x3d,0x22,0x6f,0x62,0x6a,0x65,0x63,0x74,0x22,0x7c,0x7c,0x21,0x69,0x7c,0x7c,
0x69,0x2e,0x72,0x65,0x73,0x6f,0x75,0x72,0x63,0x65,0x73,0x3d,0x3d,0x3d,0x76,0x6f,0x69,0x64,0x20,0x30,
0x29,0x63,0x6f,0x6e,0x74,0x69,0x6e,0x75,0x65,0x3b,0x5a,0x74,0x28,0x6e,0x2c,0x69,0x29,0x7c,0x7c,0x63,
0x6f,0x6e,0x73,0x6f,0x6c,0x65,0x2e,0x65,0x72,0x72,0x6f,0x72,0x28,0x6f,0x29,0x7d,0x63,0x61,0x74,0x63,
0x68,0x7b,0x63,0x6f,0x6e,0x73,0x6f,0x6c,0x65,0x2e,0x65,0x72,0x72,0x6f,0x72,0x28,0x6f,0x29,0x7d,0x7d,
0x7d,0x7d,0x63,0x6f,0x6e,0x73,0x74,0x20,0x6e,0x6f,0x3d,0x7b,0x67,0x65,0x74,0x41,0x50,0x49,0x43,0x6f,
0x6e,0x66,0x69,0x67,0x3a,0x65,0x74,0x2c,0x73,0x65,0x74,0x41,0x50,0x49,0x4d,0x6f,0x64,0x75,0x6c,0x65,
0x3a,0x59,0x74,0x2c,0x73,0x65,0x6e,0x64,0x41,0x50,0x49,0x51,0x75,0x65,0x72,0x79,0x3a,0x6e,0x65,0x2c,
0x73,0x65,0x74,0x46,0x65,0x74,0x63,0x68,0x3a,0x5a,0x65,0x2c,0x67,0x65,0x74,0x46,0x65,0x74,0x63,0x68,
0x3a,0x74,0x6e,0x2c,0x6c,0x69,0x73,0x74,0x41,0x50,0x49,0x50,0x72,0x6f,0x76,0x69,0x64,0x65,0x72,0x73,
0x3a,0x58,0x65,0x7d,0x2c,0x43,0x74,0x3d,0x7b,0x5f,0x61,0x70,0x69,0x3a,0x6e,0x6f,0x2c,0x61,0x64,0x64,
0x41,0x50,0x49,0x50,0x72,0x6f,0x76,0x69,0x64,0x65,0x72,0x3a,0x5a,0x74,0x2c,0x6c,0x6f,0x61,0x64,0x49,
0x63,0x6f,0x6e,0x73,0x3a,0x78,0x74,0x2c,0x6c,0x6f,0x61,0x64,0x49,0x63,0x6f,0x6e,0x3a,0x6b,0x6e,0x2c,
0x69,0x63,0x6f,0x6e,0x45,0x78,0x69,0x73,0x74,0x73,0x3a,0x7a,0x65,0x2c,0x67,0x65,0x74,0x49,0x63,0x6f,
0x6e,0x3a,0x56,0x65,0x2c,0x6c,0x69,0x73,0x74,0x49,0x63,0x6f,0x6e,0x73,0x3a,0x44,0x65,0x2c,0x61,0x64,
0x64,0x49,0x63,0x6f,0x6e,0x3a,0x46,0x65,0x2c,0x61,0x64,0x64,0x43,0x6f,0x6c,0x6c,0x65,0x63,0x74,0x69,
0x6f,0x6e,0x3a,0x7a,0x74,0x2c,0x72,0x65,0x70,0x6c,0x61,0x63,0x65,0x49,0x44,0x73,0x3a,0x71,0x74,0x2c,
0x63,0x61,0x6c,0x63,0x75,0x6c,0x61,0x74,0x65,0x53,0x69,0x7a,0x65,0x3a,0x75,0x74,0x2c,0x62,0x75,0x69,
0x6c,0x64,0x49,0x63,0x6f,0x6e,0x3a,0x5a,0x2c,0x67,0x65,0x74,0x56,0x65,0x72,0x73,0x69,0x6f,0x6e,0x3a,
0x47,0x6e,0x2c,0x72,0x65,0x6e,0x64,0x65,0x72,0x53,0x56,0x47,0x3a,0x4b,0x6e,0x2c,0x72,0x65,0x6e,0x64,
0x65,0x72,0x48,0x54,0x4d,0x4c,0x3a,0x58,0x6e,0x2c,0x72,0x65,0x6e,0x64,0x65,0x72,0x49,0x63,0x6f,0x6e,
0x3a,0x59,0x6e,0x2c,0x73,0x63,0x61,0x6e,0x3a,0x5a,0x6e,0x2c,0x6f,0x62,0x73,0x65,0x72,0x76,0x65,0x3a,
0x61,0x65,0x2c,0x73,0x74,0x6f,0x70,0x4f,0x62,0x73,0x65,0x72,0x76,0x69,0x6e,0x67,0x3a,0x6c,0x65,0x2c,
0x70,0x61,0x75,0x73,0x65,0x4f,0x62,0x73,0x65,0x72,0x76,0x65,0x72,0x3a,0x4d,0x6e,0x2c,0x72,0x65,0x73,
0x75,0x6d,0x65,0x4f,0x62,0x73,0x65,0x72,0x76,0x65,0x72,0x3a,0x41,0x6e,0x2c,0x65,0x6e,0x61,0x62,0x6c,
0x65,0x43,0x61,0x63,0x68,0x65,0x3a,0x74,0x6f,0x2c,0x64,0x69,0x73,0x61,0x62,0x6c,0x65,0x43,0x61,0x63,
0x68,0x65,0x3a,0x65,0x6f,0x7d,0x3b,0x74,0x72,0x79,0x7b,0x73,0x65,0x6c,0x66,0x2e,0x49,0x63,0x6f,0x6e,
0x69,0x66,0x79,0x3d,0x3d,0x3d,0x76,0x6f,0x69,0x64,0x20,0x30,0x26,0x26,0x28,0x73,0x65,0x6c,0x66,0x2e,
0x49,0x63,0x6f,0x6e,0x69,0x66,0x79,0x3d,0x43,0x74,0x29,0x7d,0x63,0x61,0x74,0x63,0x68,0x7b,0x7d,0x63,
0x6f,0x6e,0x73,0x74,0x20,0x6f,0x6f,0x3d,0x43,0x74,0x2e,0x64,0x65,0x66,0x61,0x75,0x6c,0x74,0x7c,0x7c,
0x43,0x74,0x2c,0x69,0x6f,0x3d,0x4a,0x53,0x4f,0x4e,0x2e,0x70,0x61,0x72,0x73,0x65,0x28,0x27,0x5b,0x7b,
0x22,0x70,0x72,0x65,0x66,0x69,0x78,0x22,0x3a,0x22,0x62,0x69,0x22,0x2c,0x22,0x69,0x63,0x6f,0x6e,0x73,
0x22,0x3a,0x7b,0x22,0x62,0x61,0x74,0x74,0x65,0x72,0x79,0x22,0x3a,0x7b,0x22,0x62,0x6f,0x64,0x79,0x22,
0x3a,0x22,0x3c,0x70,0x61,0x74,0x68,0x20,0x66,0x69,0x6c,0x6c,0x3d,0x5c,0x5c,0x22,0x63,0x75,0x72,0x72,
0x65,0x6e,0x74,0x43,0x6f,0x6c,0x6f,0x72,0x5c,0x5c,0x22,0x20,0x64,0x3d,0x5c,0x5c,0x22,0x4d,0x30,0x20,
0x36,0x61,0x32,0x20,0x32,0x20,0x30,0x20,0x30,0x20,0x31,0x20,0x32,0x2d,0x32,0x68,0x31,0x30,0x61,0x32,
0x20,0x32,0x20,0x30,0x20,0x30,0x20,0x31,0x20,0x32,0x20,0x32,0x76,0x34,0x61,0x32,0x20,0x32,0x20,0x30,
0x20,0x30,0x20,0x31,0x2d,0x32,0x20,0x32,0x48,0x32,0x61,0x32,0x20,0x32,0x20,0x30,0x20,0x30,0x20,0x31,
0x2d,0x32,0x2d,0x32,0x7a,0x6d,0x32,0x2d,0x31,0x61,0x31,0x20,0x31,0x20,0x30,0x20,0x30,0x20,0x30,0x2d,
0x31,0x20,0x31,0x76,0x34,0x61,0x31,0x20,0x31,0x20,0x30,0x20,0x30,0x20,0x30,0x20,0x31,0x20,0x31,0x68,
0x31,0x30,0x61,0x31,0x20,0x31,0x20,0x30,0x20,0x30,0x20,0x30,0x20,0x31,0x2d,0x31,0x56,0x36,0x61,0x31,
0x20,0x31,0x20,0x30,0x20,0x30,0x20,0x30,0x2d,0x31,0x2d,0x31,0x7a,0x6d,0x31,0x34,0x20,0x33,0x61,0x31,
0x2e,0x35,0x20,0x31,0x2e,0x35,0x20,0x30,0x20,0x30,0x20,0x31,0x2d,0x31,0x2e,0x35,0x20,0x31,0x2e,0x35,
0x76,0x2d,0x33,0x41,0x31,0x2e,0x35,0x20,0x31,0x2e,0x35,0x20,0x30,0x20,0x30,0x20,0x31,0x20,0x31,0x36,
0x20,0x38,0x5c,0x5c,0x22,0x2f,0x3e,0x22,0x7d,0x2c,0x22,0x62,0x61,0x74,0x74,0x65,0x72,0x79,0x2d,0x66,
0x75,0x6c,0x6c,0x22,0x3a,0x7b,0x22,0x62,0x6f,0x64,0x79,0x22,0x3a,0x22,0x3c,0x67,0x20,0x66,0x69,0x6c,
0x6c,0x3d,0x5c,0x5c,0x22,0x63,0x75,0x72,0x72,0x65,0x6e,0x74,0x43,0x6f,0x6c,0x6f,0x72,0x5c,0x5c,0x22,
0x3e,0x3c,0x70,0x61,0x74,0x68,0x20,0x64,0x3d,0x5c,0x5c,0x22,0x4d,0x32,0x20,0x36,0x68,0x31,0x30,0x76,
0x34,0x48,0x32,0x7a,0x5c,0x5c,0x22,0x2f,0x3e,0x3c,0x70,0x61,0x74,0x68,0x20,0x64,0x3d,0x5c,0x5c,0x22,
0x4d,0x32,0x20,0x34,0x61,0x32,0x20,0x32,0x20,0x30,0x20,0x30,0x20,0x30,0x2d,0x32,0x20,0x32,0x76,0x34,
0x61,0x32,0x20,0x32,0x20,0x30,0x20,0x30,0x20,0x30,0x20,0x32,0x20,0x32,0x68,0x31,0x30,0x61,0x32,0x20,
0x32,0x20,0x30,0x20,0x30,0x20,0x30,0x20,0x32,0x2d,0x32,0x56,0x36,0x61,0x32,0x20,0x32,0x20,0x30,0x20,
0x30,0x20,0x30,0x2d,0x32,0x2d,0x32,0x7a,0x6d,0x31,0x30,0x20,0x31,0x61,0x31,0x20,0x31,0x20,0x30,0x20,
0x30,0x20,0x31,0x20,0x31,0x20,0x31,0x76,0x34,0x61,0x31,0x20,0x31,0x20,0x30,0x20,0x30,0x20,0x31,0x2d,
0x31,0x20,0x31,0x48,0x32,0x61,0x31,0x20,0x31,0x20,0x30,0x20,0x30,0x20,0x31,0x2d,0x31,0x2d,0x31,0x56,
0x36,0x61,0x31,0x20,0x31,0x20,0x30,0x20,0x30,0x20,0x31,0x20,0x31,0x2d,0x31,0x7a,0x6d,0x34,0x20,0x33,
0x61,0x31,0x2e,0x35,0x20,0x31,0x2e,0x35,0x20,0x30,0x20,0x30,0x20,0x31,0x2d,0x31,0x2e,0x35,0x20,0x31,
0x2e,0x35,0x76,0x2d,0x33,0x41,0x31,0x2e,0x35,0x20,0x31,0x2e,0x35,0x20,0x30,0x20,0x30,0x20,0x31,0x20,
0x31,0x36,0x20,0x38,0x5c,0x5c,0x22,0x2f,0x3e,0x3c,0x2f,0x67,0x3e,0x22,0x7d,0x2c,0x22,0x62,0x61,0x74,
0x74,0x65,0x72,0x79,0x2d,0x68,0x61,0x6c,0x66,0x22,0x3a,0x7b,0x22,0x62,0x6f,0x64,0x79,0x22,0x3a,0x22,
0x3c,0x67,0x20,0x66,0x69,0x6c,0x6c,0x3d,0x5c,0x5c,0x22,0x63,0x75,0x72,0x72,0x65,0x6e,0x74,0x43,0x6f,
0x6c,0x6f,0x72,0x5c,0x5c,0x22,0x3e,0x3c,0x70,0x61,0x74,0x68,0x20,0x64,0x3d,0x5c,0x5c,0x22,0x4d,0x32,
0x20,0x36,0x68,0x35,0x76,0x34,0x48,0x32,0x7a,0x5c,0x5c,0x22,0x2f,0x3e,0x3c,0x70,0x61,0x74,0x68,0x20,
0x64,0x3d,0x5c,0x5c,0x22,0x4d,0x32,0x20,0x34,0x61,0x32,0x20,0x32,0x20,0x30,0x20,0x30,0x20,0x30,0x2d,
0x32,0x20,0x32,0x76,0x34,0x61,0x32,0x20,0x32,0x20,0x30,0x20,0x30,0x20,0x30,0x20,0x32,0x20,0x32,0x68,
0x31,0x30,0x61,0x32,0x20,0x32,0x20,0x30,0x20,0x30,0x20,0x30,0x20,0x32,0x2d,0x32,0x56,0x36,0x61,0x32,
0x20,0x32,0x20,0x30,0x20,0x30,0x20,0x30,0x2d,0x32,0x2d,0x32,0x7a,0x6d,0x31,0x30,0x20,0x31,0x61,0x31,
0x20,0x31,0x20,0x30,0x20,0x30,0x20,0x31,0x20,0x31,0x20,0x31,0x76,0x34,0x61,0x31,0x20,0x31,0x20,0x30,
0x20,0x30,0x20,0x31,0x2d,0x31,0x20,0x31,0x48,0x32,0x61,0x31,0x20,0x31,0x20,0x30,0x20,0x30,0x20,0x31,
0x2d,0x31,0x2d,0x31,0x56,0x36,0x61,0x31,0x20,0x31,0x20,0x30,0x20,0x30,0x20,0x31,0x20,0x31,0x2d,0x31,
0x7a,0x6d,0x34,0x20,0x33,0x61,0x31,0x2e,0x35,0x20,0x31,0x2e,0x35,0x20,0x30,0x20,0x30,0x20,0x31,0x2d,
0x31,0x2e,0x35,0x20,0x31,0x2e,0x35,0x76,0x2d,0x33,0x41,0x31,0x2e,0x35,0x20,0x31,0x2e,0x35,0x20,0x30,
0x20,0x30,0x20,0x31,0x20,0x31,0x36,0x20,0x38,0x5c,0x5c,0x22,0x2f,0x3e,0x3c,0x2f,0x67,0x3e,0x22,0x7d,
0x2c,0x22,0x67,0x65,0x61,0x72,0x22,0x3a,0x7b,0x22,0x62,0x6f,0x64,0x79,0x22,0x3a,0x22,0x3c,0x67,0x20,
0x66,0x69,0x6c,0x6c,0x3d,0x5c,0x5c,0x22,0x63,0x75,0x72,0x72,0x65,0x6e,0x74,0x43,0x6f,0x6c,0x6f,0x72,
0x5c,0x5c,0x22,0x3e,0x3c,0x70,0x61,0x74,0x68,0x20,0x64,0x3d,0x5c,0x5c,0x22,0x4d,0x38,0x20,0x34,0x2e,
0x37,0x35,0x34,0x61,0x33,0x2e,0x32,0x34,0x36,0x20,0x33,0x2e,0x32,0x34,0x36,0x20,0x30,0x20,0x31,0x20,
0x30,0x20,0x30,0x20,0x36,0x2e,0x34,0x39,0x32,0x61,0x33,0x2e,0x32,0x34,0x36,0x20,0x33,0x2e,0x32,0x34,
0x36,0x20,0x30,0x20,0x30,0x20,0x30,0x20,0x30,0x2d,0x36,0x2e,0x34,0x39,0x32,0x4d,0x35,0x2e,0x37,0x35,
0x34,0x20,0x38,0x61,0x32,0x2e,0x32,0x34,0x36,0x20,0x32,0x2e,0x32,0x34,0x36,0x20,0x30,0x20,0x31,0x20,
0x31,0x20,0x34,0x2e,0x34,0x39,0x32,0x20,0x30,0x61,0x32,0x2e,0x32,0x34,0x36,0x20,0x32,0x2e,0x32,0x34,
0x36,0x20,0x30,0x20,0x30,0x20,0x31,0x2d,0x34,0x2e,0x34,0x39,0x32,0x20,0x30,0x5c,0x5c,0x22,0x2f,0x3e,
0x3c,0x70,0x61,0x74,0x68,0x20,0x64,0x3d,0x5c,0x5c,0x22,0x4d,0x39,0x2e,0x37,0x39,0x36,0x20,0x31,0x2e,
0x33,0x34,0x33,0x63,0x2d,0x2e,0x35,0x32,0x37,0x2d,0x31,0x2e,0x37,0x39,0x2d,0x33,0x2e,0x30,0x36,0x35,
0x2d,0x31,0x2e,0x37,0x39,0x2d,0x33,0x2e,0x35,0x39,0x32,0x20,0x30,0x6c,0x2d,0x2e,0x30,0x39,0x34,0x2e,
0x33,0x31,0x39,0x61,0x2e,0x38,0x37,0x33,0x2e,0x38,0x37,0x33,0x20,0x30,0x20,0x30,0x20,0x31,0x2d,0x31,
0x2e,0x32,0x35,0x35,0x2e,0x35,0x32,0x6c,0x2d,0x2e,0x32,0x39,0x32,0x2d,0x2e,0x31,0x36,0x63,0x2d,0x31,
0x2e,0x36,0x34,0x2d,0x2e,0x38,0x39,0x32,0x2d,0x33,0x2e,0x34,0x33,0x33,0x2e,0x39,0x30,0x32,0x2d,0x32,
0x2e,0x35,0x34,0x20,0x32,0x2e,0x35,0x34,0x31,0x6c,0x2e,0x31,0x35,0x39,0x2e,0x32,0x39,0x32,0x61,0x2e,
0x38,0x37,0x33,0x2e,0x38,0x37,0x33,0x20,0x30,0x20,0x30,0x20,0x31,0x2d,0x2e,0x35,0x32,0x20,0x31,0x2e,
0x32,0x35,0x35,0x6c,0x2d,0x2e,0x33,0x31,0x39,0x2e,0x30,0x39,0x34,0x63,0x2d,0x31,0x2e,0x37,0x39,0x2e,
0x35,0x32,0x37,0x2d,0x31,0x2e,0x37,0x39,0x20,0x33,0x2e,0x30,0x36,0x35,0x20,0x30,0x20,0x33,0x2e,0x35,
0x39,0x32,0x6c,0x2e,0x33,0x31,0x39,0x2e,0x30,0x39,0x34,0x61,0x2e,0x38,0x37,0x33,0x2e,0x38,0x37,0x33,
0x20,0x30,0x20,0x30,0x20,0x31,0x20,0x2e,0x35,0x32,0x20,0x31,0x2e,0x32,0x35,0x35,0x6c,0x2d,0x2e,0x31,
0x36,0x2e,0x32,0x39,0x32,0x63,0x2d,0x2e,0x38,0x39,0x32,0x20,0x31,0x2e,0x36,0x34,0x2e,0x39,0x30,0x31,
0x20,0x33,0x2e,0x34,0x33,0x34,0x20,0x32,0x2e,0x35,0x34,0x31,0x20,0x32,0x2e,0x35,0x34,0x6c,0x2e,0x32,
0x39,0x32,0x2d,0x2e,0x31,0x35,0x39,0x61,0x2e,0x38,0x37,0x33,0x2e,0x38,0x37,0x33,0x20,0x30,0x20,0x30,
0x20,0x31,0x20,0x31,0x2e,0x32,0x35,0x35,0x2e,0x35,0x32,0x6c,0x2e,0x30,0x39,0x34,0x2e,0x33,0x31,0x39,
0x63,0x2e,0x35,0x32,0x37,0x20,0x31,0x2e,0x37,0x39,0x20,0x33,0x2e,0x30,0x36,0x35,0x20,0x31,0x2e,0x37,
0x39,0x20,0x33,0x2e,0x35,0x39,0x32,0x20,0x30,0x6c,0x2e,0x30,0x39,0x34,0x2d,0x2e,0x33,0x31,0x39,0x61,
0x2e,0x38,0x37,0x33,0x2e,0x38,0x37,0x33,0x20,0x30,0x20,0x30,0x20,0x31,0x20,0x31,0x2e,0x32,0x35,0x35,
0x2d,0x2e,0x35,0x32,0x6c,0x2e,0x32,0x39,0x32,0x2e,0x31,0x36,0x63,0x31,0x2e,0x36,0x34,0x2e,0x38,0x39,
0x33,0x20,0x33,0x2e,0x34,0x33,0x34,0x2d,0x2e,0x39,0x30,0x32,0x20,0x32,0x2e,0x35,0x34,0x2d,0x32,0x2e,
0x35,0x34,0x31,0x6c,0x2d,0x2e,0x31,0x35,0x39,0x2d,0x2e,0x32,0x39,0x32,0x61,0x2e,0x38,0x37,0x33,0x2e,
0x38,0x37,0x33,0x20,0x30,0x20,0x30,0x20,0x31,0x20,0x2e,0x35,0x32,0x2d,0x31,0x2e,0x32,0x35,0x35,0x6c,
0x2e,0x33,0x31,0x39,0x2d,0x2e,0x30,0x39,0x34,0x63,0x31,0x2e,0x37,0x39,0x2d,0x2e,0x35,0x32,0x37,0x20,
0x31,0x2e,0x37,0x39,0x2d,0x33,0x2e,0x30,0x36,0x35,0x20,0x30,0x2d,0x33,0x2e,0x35,0x39,0x32,0x6c,0x2d,
0x2e,0x33,0x31,0x39,0x2d,0x2e,0x30,0x39,0x34,0x61,0x2e,0x38,0x37,0x33,0x2e,0x38,0x37,0x33,0x20,0x30,
0x20,0x30,0x20,0x31,0x2d,0x2e,0x35,0x32,0x2d,0x31,0x2e,0x32,0x35,0x35,0x6c,0x2e,0x31,0x36,0x2d,0x2e,
0x32,0x39,0x32,0x63,0x2e,0x38,0x39,0x33,0x2d,0x31,0x2e,0x36,0x34,0x2d,0x2e,0x39,0x30,0x32,0x2d,0x33,
0x2e,0x34,0x33,0x33,0x2d,0x32,0x2e,0x35,0x34,0x31,0x2d,0x32,0x2e,0x35,0x34,0x6c,0x2d,0x2e,0x32,0x39,
0x32,0x2e,0x31,0x35,0x39,0x61,0x2e,0x38,0x37,0x33,0x2e,0x38,0x37,0x33,0x20,0x30,0x20,0x30,0x20,0x31,
0x2d,0x31,0x2e,0x32,0x35,0x35,0x2d,0x2e,0x35,0x32,0x7a,0x6d,0x2d,0x32,0x2e,0x36,0x33,0x33,0x2e,0x32,
0x38,0x33,0x63,0x2e,0x32,0x34,0x36,0x2d,0x2e,0x38,0x33,0x35,0x20,0x31,0x2e,0x34,0x32,0x38,0x2d,0x2e,
0x38,0x33,0x35,0x20,0x31,0x2e,0x36,0x37,0x34,0x20,0x30,0x6c,0x2e,0x30,0x39,0x34,0x2e,0x33,0x31,0x39,
0x61,0x31,0x2e,0x38,0x37,0x33,0x20,0x31,0x2e,0x38,0x37,0x33,0x20,0x30,0x20,0x30,0x20,0x30,0x20,0x32,
0x2e,0x36,0x39,0x33,0x20,0x31,0x2e,0x31,0x31,0x35,0x6c,0x2e,0x32,0x39,0x31,0x2d,0x2e,0x31,0x36,0x63,
0x2e,0x37,0x36,0x34,0x2d,0x2e,0x34,0x31,0x35,0x20,0x31,0x2e,0x36,0x2e,0x34,0x32,0x20,0x31,0x2e,0x31,
0x38,0x34,0x20,0x31,0x2e,0x31,0x38,0x35,0x6c,0x2d,0x2e,0x31,0x35,0x39,0x2e,0x32,0x39,0x32,0x61,0x31,
0x2e,0x38,0x37,0x33,0x20,0x31,0x2e,0x38,0x37,0x33,0x20,0x30,0x20,0x30,0x20,0x30,0x20,0x31,0x2e,0x31,
0x31,0x36,0x20,0x32,0x2e,0x36,0x39,0x32,0x6c,0x2e,0x33,0x31,0x38,0x2e,0x30,0x39,0x34,0x63,0x2e,0x38,
0x33,0x35,0x2e,0x32,0x34,0x36,0x2e,0x38,0x33,0x35,0x20,0x31,0x2e,0x34,0x32,0x38,0x20,0x30,0x20,0x31,
0x2e,0x36,0x37,0x34,0x6c,0x2d,0x2e,0x33,0x31,0x39,0x2e,0x30,0x39,0x34,0x61,0x31,0x2e,0x38,0x37,0x33,
0x20,0x31,0x2e,0x38,0x37,0x33,0x20,0x30,0x20,0x30,0x20,0x30,0x2d,0x31,0x2e,0x31,0x31,0x35,0x20,0x32,
0x2e,0x36,0x39,0x33,0x6c,0x2e,0x31,0x36,0x2e,0x32,0x39,0x31,0x63,0x2e,0x34,0x31,0x35,0x2e,0x37,0x36,
0x34,0x2d,0x2e,0x34,0x32,0x20,0x31,0x2e,0x36,0x2d,0x31,0x2e,0x31,0x38,0x35,0x20,0x31,0x2e,0x31,0x38,
0x34,0x6c,0x2d,0x2e,0x32,0x39,0x31,0x2d,0x2e,0x31,0x35,0x39,0x61,0x31,0x2e,0x38,0x37,0x33,0x20,0x31,
0x2e,0x38,0x37,0x33,0x20,0x30,0x20,0x30,0x20,0x30,0x2d,0x32,0x2e,0x36,0x39,0x33,0x20,0x31,0x2e,0x31,
0x31,0x36,0x6c,0x2d,0x2e,0x30,0x39,0x34,0x2e,0x33,0x31,0x38,0x63,0x2d,0x2e,0x32,0x34,0x36,0x2e,0x38,
0x33,0x35,0x2d,0x31,0x2e,0x34,0x32,0x38,0x2e,0x38,0x33,0x35,0x2d,0x31,0x2e,0x36,0x37,0x34,0x20,0x30,
0x6c,0x2d,0x2e,0x30,0x39,0x34,0x2d,0x2e,0x33,0x31,0x39,0x61,0x31,0x2e,0x38,0x37,0x33,0x20,0x31,0x2e,
0x38,0x37,0x33,0x20,0x30,0x20,0x30,0x20,0x30,0x2d,0x32,0x2e,0x36,0x39,0x32,0x2d,0x31,0x2e,0x31,0x31,
0x35,0x6c,0x2d,0x2e,0x32,0x39,0x32,0x2e,0x31,0x36,0x63,0x2d,0x2e,0x37,0x36,0x34,0x2e,0x34,0x31,0x35,
0x2d,0x31,0x2e,0x36,0x2d,0x2e,0x34,0x32,0x2d,0x31,0x2e,0x31,0x38,0x34,0x2d,0x31,0x2e,0x31,0x38,0x35,
0x6c,0x2e,0x31,0x35,0x39,0x2d,0x2e,0x32,0x39,0x31,0x41,0x31,0x2e,0x38,0x37,0x33,0x20,0x31,0x2e,0x38,
0x37,0x33,0x20,0x30,0x20,0x30,0x20,0x30,0x20,0x31,0x2e,0x39,0x34,0x35,0x20,0x38,0x2e,0x39,0x33,0x6c,
0x2d,0x2e,0x33,0x31,0x39,0x2d,0x2e,0x30,0x39,0x34,0x63,0x2d,0x2e,0x38,0x33,0x35,0x2d,0x2e,0x32,0x34,
0x36,0x2d,0x2e,0x38,0x33,0x35,0x2d,0x31,0x2e,0x34,0x32,0x38,0x20,0x30,0x2d,0x31,0x2e,0x36,0x37,0x34,
0x6c,0x2e,0x33,0x31,0x39,0x2d,0x2e,0x30,0x39,0x34,0x41,0x31,0x2e,0x38,0x37,0x33,0x20,0x31,0x2e,0x38,
0x37,0x33,0x20,0x30,0x20,0x30,0x20,0x30,0x20,0x33,0x2e,0x30,0x36,0x20,0x34,0x2e,0x33,0x37,0x37,0x6c,
0x2d,0x2e,0x31,0x36,0x2d,0x2e,0x32,0x39,0x32,0x63,0x2d,0x2e,0x34,0x31,0x35,0x2d,0x2e,0x37,0x36,0x34,
0x2e,0x34,0x32,0x2d,0x31,0x2e,0x36,0x20,0x31,0x2e,0x31,0x38,0x35,0x2d,0x31,0x2e,0x31,0x38,0x34,0x6c,
0x2e,0x32,0x39,0x32,0x2e,0x31,0x35,0x39,0x61,0x31,0x2e,0x38,0x37,0x33,0x20,0x31,0x2e,0x38,0x37,0x33,
0x20,0x30,0x20,0x30,0x20,0x30,0x20,0x32,0x2e,0x36,0x39,0x32,0x2d,0x31,0x2e,0x31,0x31,0x35,0x7a,0x5c,
0x5c,0x22,0x2f,0x3e,0x3c,0x2f,0x67,0x3e,0x22,0x7d,0x2c,0x22,0x69,0x6e,0x66,0x6f,0x22,0x3a,0x7b,0x22,
0x62,0x6f,0x64,0x79,0x22,0x3a,0x22,0x3c,0x70,0x61,0x74,0x68,0x20,0x66,0x69,0x6c,0x6c,0x3d,0x5c,0x5c,
0x22,0x63,0x75,0x72,0x72,0x65,0x6e,0x74,0x43,0x6f,0x6c,0x6f,0x72,0x5c,0x5c,0x22,0x20,0x64,0x3d,0x5c,
0x5c,0x22,0x6d,0x38,0x2e,0x39,0x33,0x20,0x36,0x2e,0x35,0x38,0x38,0x6c,0x2d,0x32,0x2e,0x32,0x39,0x2e,
0x32,0x38,0x37,0x6c,0x2d,0x2e,0x30,0x38,0x32,0x2e,0x33,0x38,0x6c,0x2e,0x34,0x35,0x2e,0x30,0x38,0x33,
0x63,0x2e,0x32,0x39,0x34,0x2e,0x30,0x37,0x2e,0x33,0x35,0x32,0x2e,0x31,0x37,0x36,0x2e,0x32,0x38,0x38,
0x2e,0x34,0x36,0x39,0x6c,0x2d,0x2e,0x37,0x33,0x38,0x20,0x33,0x2e,0x34,0x36,0x38,0x63,0x2d,0x2e,0x31,
0x39,0x34,0x2e,0x38,0x39,0x37,0x2e,0x31,0x30,0x35,0x20,0x31,0x2e,0x33,0x31,0x39,0x2e,0x38,0x30,0x38,
0x20,0x31,0x2e,0x33,0x31,0x39,0x63,0x2e,0x35,0x34,0x35,0x20,0x30,0x20,0x31,0x2e,0x31,0x37,0x38,0x2d,
0x2e,0x32,0x35,0x32,0x20,0x31,0x2e,0x34,0x36,0x35,0x2d,0x2e,0x35,0x39,0x38,0x6c,0x2e,0x30,0x38,0x38,
0x2d,0x2e,0x34,0x31,0x36,0x63,0x2d,0x2e,0x32,0x2e,0x31,0x37,0x36,0x2d,0x2e,0x34,0x39,0x32,0x2e,0x32,
0x34,0x36,0x2d,0x2e,0x36,0x38,0x36,0x2e,0x32,0x34,0x36,0x63,0x2d,0x2e,0x32,0x37,0x35,0x20,0x30,0x2d,
0x2e,0x33,0x37,0x35,0x2d,0x2e,0x31,0x39,0x33,0x2d,0x2e,0x33,0x30,0x34,0x2d,0x2e,0x35,0x33,0x33,0x7a,
0x4d,0x39,0x20,0x34,0x2e,0x35,0x61,0x31,0x20,0x31,0x20,0x30,0x20,0x31,0x20,0x31,0x2d,0x32,0x20,0x30,
0x61,0x31,0x20,0x31,0x20,0x30,0x20,0x30,0x20,0x31,0x20,0x32,0x20,0x30,0x5c,0x5c,0x22,0x2f,0x3e,0x22,
0x7d,0x2c,0x22,0x77,0x69,0x66,0x69,0x22,0x3a,0x7b,0x22,0x62,0x6f,0x64,0x79,0x22,0x3a,0x22,0x3c,0x67,
0x20,0x66,0x69,0x6c,0x6c,0x3d,0x5c,0x5c,0x22,0x63,0x75,0x72,0x72,0x65,0x6e,0x74,0x43,0x6f,0x6c,0x6f,
0x72,0x5c,0x5c,0x22,0x3e,0x3c,0x70,0x61,0x74,0x68,0x20,0x64,0x3d,0x5c,0x5c,0x22,0x4d,0x31,0x35,0x2e,
0x33,0x38,0x34,0x20,0x36,0x2e,0x31,0x31,0x35,0x61,0x2e,0x34,0x38,0x35,0x2e,0x34,0x38,0x35,0x20,0x30,
0x20,0x30,0x20,0x30,0x2d,0x2e,0x30,0x34,0x37,0x2d,0x2e,0x37,0x33,0x36,0x41,0x31,0x32,0x2e,0x34,0x34,
0x20,0x31,0x32,0x2e,0x34,0x34,0x20,0x30,0x20,0x30,0x20,0x30,0x20,0x38,0x20,0x33,0x43,0x35,0x2e,0x32,
0x35,0x39,0x20,0x33,0x20,0x32,0x2e,0x37,0x32,0x33,0x20,0x33,0x2e,0x38,0x38,0x32,0x2e,0x36,0x36,0x33,
0x20,0x35,0x2e,0x33,0x37,0x39,0x61,0x2e,0x34,0x38,0x35,0x2e,0x34,0x38,0x35,0x20,0x30,0x20,0x30,0x20,
0x30,0x2d,0x2e,0x30,0x34,0x38,0x2e,0x37,0x33,0x36,0x61,0x2e,0x35,0x32,0x2e,0x35,0x32,0x20,0x30,0x20,
0x30,0x20,0x30,0x20,0x2e,0x36,0x36,0x38,0x2e,0x30,0x35,0x41,0x31,0x31,0x2e,0x34,0x35,0x20,0x31,0x31,
0x2e,0x34,0x35,0x20,0x30,0x20,0x30,0x20,0x31,0x20,0x38,0x20,0x34,0x63,0x32,0x2e,0x35,0x30,0x37,0x20,
0x30,0x20,0x34,0x2e,0x38,0x32,0x37,0x2e,0x38,0x30,0x32,0x20,0x36,0x2e,0x37,0x31,0x36,0x20,0x32,0x2e,
0x31,0x36,0x34,0x63,0x2e,0x32,0x30,0x35,0x2e,0x31,0x34,0x38,0x2e,0x34,0x39,0x2e,0x31,0x33,0x2e,0x36,
0x36,0x38,0x2d,0x2e,0x30,0x34,0x39,0x5c,0x5c,0x22,0x2f,0x3e,0x3c,0x70,0x61,0x74,0x68,0x20,0x64,0x3d,
0x5c,0x5c,0x22,0x4d,0x31,0x33,0x2e,0x32,0x32,0x39,0x20,0x38,0x2e,0x32,0x37,0x31,0x61,0x2e,0x34,0x38,
0x32,0x2e,0x34,0x38,0x32,0x20,0x30,0x20,0x30,0x20,0x30,0x2d,0x2e,0x30,0x36,0x33,0x2d,0x2e,0x37,0x34,
0x35,0x41,0x39,0x2e,0x34,0x36,0x20,0x39,0x2e,0x34,0x36,0x20,0x30,0x20,0x30,0x20,0x30,0x20,0x38,0x20,
0x36,0x63,0x2d,0x31,0x2e,0x39,0x30,0x35,0x20,0x30,0x2d,0x33,0x2e,0x36,0x38,0x2e,0x35,0x36,0x2d,0x35,
0x2e,0x31,0x36,0x36,0x20,0x31,0x2e,0x35,0x32,0x36,0x61,0x2e,0x34,0x38,0x2e,0x34,0x38,0x20,0x30,0x20,
0x30,0x20,0x30,0x2d,0x2e,0x30,0x36,0x33,0x2e,0x37,0x34,0x35,0x61,0x2e,0x35,0x32,0x35,0x2e,0x35,0x32,
0x35,0x20,0x30,0x20,0x30,0x20,0x30,0x20,0x2e,0x36,0x35,0x32,0x2e,0x30,0x36,0x35,0x41,0x38,0x2e,0x34,
0x36,0x20,0x38,0x2e,0x34,0x36,0x20,0x30,0x20,0x30,0x20,0x31,0x20,0x38,0x20,0x37,0x61,0x38,0x2e,0x34,
0x36,0x20,0x38,0x2e,0x34,0x36,0x20,0x30,0x20,0x30,0x20,0x31,0x20,0x34,0x2e,0x35,0x37,0x36,0x20,0x31,
0x2e,0x33,0x33,0x36,0x63,0x2e,0x32,0x30,0x36,0x2e,0x31,0x33,0x32,0x2e,0x34,0x38,0x2e,0x31,0x30,0x38,
0x2e,0x36,0x35,0x33,0x2d,0x2e,0x30,0x36,0x35,0x6d,0x2d,0x32,0x2e,0x31,0x38,0x33,0x20,0x32,0x2e,0x31,
0x38,0x33,0x63,0x2e,0x32,0x32,0x36,0x2d,0x2e,0x32,0x32,0x36,0x2e,0x31,0x38,0x35,0x2d,0x2e,0x36,0x30,
0x35,0x2d,0x2e,0x31,0x2d,0x2e,0x37,0x35,0x41,0x36,0x2e,0x35,0x20,0x36,0x2e,0x35,0x20,0x30,0x20,0x30,
0x20,0x30,0x20,0x38,0x20,0x39,0x63,0x2d,0x31,0x2e,0x30,0x36,0x20,0x30,0x2d,0x32,0x2e,0x30,0x36,0x32,
0x2e,0x32,0x35,0x34,0x2d,0x32,0x2e,0x39,0x34,0x36,0x2e,0x37,0x30,0x34,0x63,0x2d,0x2e,0x32,0x38,0x35,
0x2e,0x31,0x34,0x35,0x2d,0x2e,0x33,0x32,0x36,0x2e,0x35,0x32,0x34,0x2d,0x2e,0x31,0x2e,0x37,0x35,0x6c,
0x2e,0x30,0x31,0x35,0x2e,0x30,0x31,0x35,0x63,0x2e,0x31,0x36,0x2e,0x31,0x36,0x2e,0x34,0x30,0x37,0x2e,
0x31,0x39,0x2e,0x36,0x31,0x31,0x2e,0x30,0x39,0x41,0x35,0x2e,0x35,0x20,0x35,0x2e,0x35,0x20,0x30,0x20,
0x30,0x20,0x31,0x20,0x38,0x20,0x31,0x30,0x63,0x2e,0x38,0x36,0x38,0x20,0x30,0x20,0x31,0x2e,0x36,0x39,
0x2e,0x32,0x30,0x31,0x20,0x32,0x2e,0x34,0x32,0x2e,0x35,0x36,0x63,0x2e,0x32,0x30,0x33,0x2e,0x31,0x2e,
0x34,0x35,0x2e,0x30,0x37,0x2e,0x36,0x31,0x2d,0x2e,0x30,0x39,0x31,0x7a,0x4d,0x39,0x2e,0x30,0x36,0x20,
0x31,0x32,0x2e,0x34,0x34,0x63,0x2e,0x31,0x39,0x36,0x2d,0x2e,0x31,0x39,0x36,0x2e,0x31,0x39,0x38,0x2d,
0x2e,0x35,0x32,0x2d,0x2e,0x30,0x34,0x2d,0x2e,0x36,0x36,0x41,0x32,0x20,0x32,0x20,0x30,0x20,0x30,0x20,
0x30,0x20,0x38,0x20,0x31,0x31,0x2e,0x35,0x61,0x32,0x20,0x32,0x20,0x30,0x20,0x30,0x20,0x30,0x2d,0x31,
0x2e,0x30,0x32,0x2e,0x32,0x38,0x63,0x2d,0x2e,0x32,0x33,0x38,0x2e,0x31,0x34,0x2d,0x2e,0x32,0x33,0x36,
0x2e,0x34,0x36,0x34,0x2d,0x2e,0x30,0x34,0x2e,0x36,0x36,0x6c,0x2e,0x37,0x30,0x36,0x2e,0x37,0x30,0x36,
0x61,0x2e,0x35,0x2e,0x35,0x20,0x30,0x20,0x30,0x20,0x30,0x20,0x2e,0x37,0x30,0x37,0x20,0x30,0x6c,0x2e,
0x37,0x30,0x37,0x2d,0x2e,0x37,0x30,0x37,0x7a,0x5c,0x5c,0x22,0x2f,0x3e,0x3c,0x2f,0x67,0x3e,0x22,0x7d,
0x2c,0x22,0x77,0x69,0x66,0x69,0x2d,0x31,0x22,0x3a,0x7b,0x22,0x62,0x6f,0x64,0x79,0x22,0x3a,0x22,0x3c,
0x70,0x61,0x74,0x68,0x20,0x66,0x69,0x6c,0x6c,0x3d,0x5c,0x5c,0x22,0x63,0x75,0x72,0x72,0x65,0x6e,0x74,
0x43,0x6f,0x6c,0x6f,0x72,0x5c,0x5c,0x22,0x20,0x64,0x3d,0x5c,0x5c,0x22,0x4d,0x31,0x31,0x2e,0x30,0x34,
0x36,0x20,0x31,0x30,0x2e,0x34,0x35,0x34,0x63,0x2e,0x32,0x32,0x36,0x2d,0x2e,0x32,0x32,0x36,0x2e,0x31,
0x38,0x35,0x2d,0x2e,0x36,0x30,0x35,0x2d,0x2e,0x31,0x2d,0x2e,0x37,0x35,0x41,0x36,0x2e,0x35,0x20,0x36,
0x2e,0x35,0x20,0x30,0x20,0x30,0x20,0x30,0x20,0x38,0x20,0x39,0x63,0x2d,0x31,0x2e,0x30,0x36,0x20,0x30,
0x2d,0x32,0x2e,0x30,0x36,0x32,0x2e,0x32,0x35,0x34,0x2d,0x32,0x2e,0x39,0x34,0x36,0x2e,0x37,0x30,0x34,
0x63,0x2d,0x2e,0x32,0x38,0x35,0x2e,0x31,0x34,0x35,0x2d,0x2e,0x33,0x32,0x36,0x2e,0x35,0x32,0x34,0x2d,
0x2e,0x31,0x2e,0x37,0x35,0x6c,0x2e,0x30,0x31,0x35,0x2e,0x30,0x31,0x35,0x63,0x2e,0x31,0x36,0x2e,0x31,
0x36,0x2e,0x34,0x30,0x37,0x2e,0x31,0x39,0x2e,0x36,0x31,0x31,0x2e,0x30,0x39,0x41,0x35,0x2e,0x35,0x20,
0x35,0x2e,0x35,0x20,0x30,0x20,0x30,0x20,0x31,0x20,0x38,0x20,0x31,0x30,0x63,0x2e,0x38,0x36,0x38,0x20,
0x30,0x20,0x31,0x2e,0x36,0x39,0x2e,0x32,0x30,0x31,0x20,0x32,0x2e,0x34,0x32,0x2e,0x35,0x36,0x63,0x2e,
0x32,0x30,0x33,0x2e,0x31,0x2e,0x34,0x35,0x2e,0x30,0x37,0x2e,0x36,0x31,0x31,0x2d,0x2e,0x30,0x39,0x31,
0x7a,0x4d,0x39,0x2e,0x30,0x36,0x20,0x31,0x32,0x2e,0x34,0x34,0x63,0x2e,0x31,0x39,0x36,0x2d,0x2e,0x31,
0x39,0x36,0x2e,0x31,0x39,0x38,0x2d,0x2e,0x35,0x32,0x2d,0x2e,0x30,0x34,0x2d,0x2e,0x36,0x36,0x41,0x32,
0x20,0x32,0x20,0x30,0x20,0x30,0x20,0x30,0x20,0x38,0x20,0x31,0x31,0x2e,0x35,0x61,0x32,0x20,0x32,0x20,
0x30,0x20,0x30,0x20,0x30,0x2d,0x31,0x2e,0x30,0x32,0x2e,0x32,0x38,0x63,0x2d,0x2e,0x32,0x33,0x38,0x2e,
0x31,0x34,0x2d,0x2e,0x32,0x33,0x36,0x2e,0x34,0x36,0x34,0x2d,0x2e,0x30,0x34,0x2e,0x36,0x36,0x6c,0x2e,
0x37,0x30,0x36,0x2e,0x37,0x30,0x36,0x61,0x2e,0x35,0x2e,0x35,0x20,0x30,0x20,0x30,0x20,0x30,0x20,0x2e,
0x37,0x30,0x37,0x20,0x30,0x6c,0x2e,0x37,0x30,0x38,0x2d,0x2e,0x37,0x30,0x37,0x7a,0x5c,0x5c,0x22,0x2f,
0x3e,0x22,0x7d,0x2c,0x22,0x77,0x69,0x66,0x69,0x2d,0x32,0x22,0x3a,0x7b,0x22,0x62,0x6f,0x64,0x79,0x22,
0x3a,0x22,0x3c,0x70,0x61,0x74,0x68,0x20,0x66,0x69,0x6c,0x6c,0x3d,0x5c,0x5c,0x22,0x63,0x75,0x72,0x72,
0x65,0x6e,0x74,0x43,0x6f,0x6c,0x6f,0x72,0x5c,0x5c,0x22,0x20,0x64,0x3d,0x5c,0x5c,0x22,0x4d,0x31,0x33,
0x2e,0x32,0x32,0x39,0x20,0x38,0x2e,0x32,0x37,0x31,0x63,0x2e,0x32,0x31,0x36,0x2d,0x2e,0x32,0x31,0x36,
0x2e,0x31,0x39,0x34,0x2d,0x2e,0x35,0x37,0x38,0x2d,0x2e,0x30,0x36,0x33,0x2d,0x2e,0x37,0x34,0x35,0x41,
0x39,0x2e,0x34,0x36,0x20,0x39,0x2e,0x34,0x36,0x20,0x30,0x20,0x30,0x20,0x30,0x20,0x38,0x20,0x36,0x63,
0x2d,0x31,0x2e,0x39,0x30,0x35,0x20,0x30,0x2d,0x33,0x2e,0x36,0x38,0x2e,0x35,0x36,0x2d,0x35,0x2e,0x31,
0x36,0x36,0x20,0x31,0x2e,0x35,0x32,0x36,0x61,0x2e,0x34,0x38,0x2e,0x34,0x38,0x20,0x30,0x20,0x30,0x20,
0x30,0x2d,0x2e,0x30,0x36,0x33,0x2e,0x37,0x34,0x35,0x61,0x2e,0x35,0x32,0x35,0x2e,0x35,0x32,0x35,0x20,
0x30,0x20,0x30,0x20,0x30,0x20,0x2e,0x36,0x35,0x32,0x2e,0x30,0x36,0x35,0x41,0x38,0x2e,0x34,0x36,0x20,
0x38,0x2e,0x34,0x36,0x20,0x30,0x20,0x30,0x20,0x31,0x20,0x38,0x20,0x37,0x61,0x38,0x2e,0x34,0x36,0x20,
0x38,0x2e,0x34,0x36,0x20,0x30,0x20,0x30,0x20,0x31,0x20,0x34,0x2e,0x35,0x37,0x37,0x20,0x31,0x2e,0x33,
0x33,0x36,0x63,0x2e,0x32,0x30,0x35,0x2e,0x31,0x33,0x32,0x2e,0x34,0x38,0x2e,0x31,0x30,0x38,0x2e,0x36,
0x35,0x32,0x2d,0x2e,0x30,0x36,0x35,0x6d,0x2d,0x32,0x2e,0x31,0x38,0x33,0x20,0x32,0x2e,0x31,0x38,0x33,
0x63,0x2e,0x32,0x32,0x36,0x2d,0x2e,0x32,0x32,0x36,0x2e,0x31,0x38,0x35,0x2d,0x2e,0x36,0x30,0x35,0x2d,
0x2e,0x31,0x2d,0x2e,0x37,0x35,0x41,0x36,0x2e,0x35,0x20,0x36,0x2e,0x35,0x20,0x30,0x20,0x30,0x20,0x30,
0x20,0x38,0x20,0x39,0x63,0x2d,0x31,0x2e,0x30,0x36,0x20,0x30,0x2d,0x32,0x2e,0x30,0x36,0x32,0x2e,0x32,
0x35,0x34,0x2d,0x32,0x2e,0x39,0x34,0x36,0x2e,0x37,0x30,0x34,0x63,0x2d,0x2e,0x32,0x38,0x35,0x2e,0x31,
0x34,0x35,0x2d,0x2e,0x33,0x32,0x36,0x2e,0x35,0x32,0x34,0x2d,0x2e,0x31,0x2e,0x37,0x35,0x6c,0x2e,0x30,
0x31,0x35,0x2e,0x30,0x31,0x35,0x63,0x2e,0x31,0x36,0x2e,0x31,0x36,0x2e,0x34,0x30,0x38,0x2e,0x31,0x39,
0x2e,0x36,0x31,0x31,0x2e,0x30,0x39,0x41,0x35,0x2e,0x35,0x20,0x35,0x2e,0x35,0x20,0x30,0x20,0x30,0x20,
0x31,0x20,0x38,0x20,0x31,0x30,0x63,0x2e,0x38,0x36,0x38,0x20,0x30,0x20,0x31,0x2e,0x36,0x39,0x2e,0x32,
0x30,0x31,0x20,0x32,0x2e,0x34,0x32,0x2e,0x35,0x36,0x63,0x2e,0x32,0x30,0x33,0x2e,0x31,0x2e,0x34,0x35,
0x2e,0x30,0x37,0x2e,0x36,0x31,0x31,0x2d,0x2e,0x30,0x39,0x31,0x7a,0x4d,0x39,0x2e,0x30,0x36,0x20,0x31,
0x32,0x2e,0x34,0x34,0x63,0x2e,0x31,0x39,0x36,0x2d,0x2e,0x31,0x39,0x36,0x2e,0x31,0x39,0x38,0x2d,0x2e,
0x35,0x32,0x2d,0x2e,0x30,0x34,0x2d,0x2e,0x36,0x36,0x41,0x32,0x20,0x32,0x20,0x30,0x20,0x30,0x20,0x30,
0x20,0x38,0x20,0x31,0x31,0x2e,0x35,0x61,0x32,0x20,0x32,0x20,0x30,0x20,0x30,0x20,0x30,0x2d,0x31,0x2e,
0x30,0x32,0x2e,0x32,0x38,0x63,0x2d,0x2e,0x32,0x33,0x38,0x2e,0x31,0x34,0x2d,0x2e,0x32,0x33,0x36,0x2e,
0x34,0x36,0x34,0x2d,0x2e,0x30,0x34,0x2e,0x36,0x36,0x6c,0x2e,0x37,0x30,0x36,0x2e,0x37,0x30,0x36,0x61,
0x2e,0x35,0x2e,0x35,0x20,0x30,0x20,0x30,0x20,0x30,0x20,0x2e,0x37,0x30,0x38,0x20,0x30,0x6c,0x2e,0x37,
0x30,0x37,0x2d,0x2e,0x37,0x30,0x37,0x7a,0x5c,0x5c,0x22,0x2f,0x3e,0x22,0x7d,0x2c,0x22,0x77,0x69,0x66,
0x69,0x2d,0x6f,0x66,0x66,0x22,0x3a,0x7b,0x22,0x62,0x6f,0x64,0x79,0x22,0x3a,0x22,0x3c,0x70,0x61,0x74,
0x68,0x20,0x66,0x69,0x6c,0x6c,0x3d,0x5c,0x5c,0x22,0x63,0x75,0x72,0x72,0x65,0x6e,0x74,0x43,0x6f,0x6c,
0x6f,0x72,0x5c,0x5c,0x22,0x20,0x64,0x3d,0x5c,0x5c,0x22,0x4d,0x31,0x30,0x2e,0x37,0x30,0x36,0x20,0x33,
0x2e,0x32,0x39,0x34,0x41,0x31,0x32,0x2e,0x36,0x20,0x31,0x32,0x2e,0x36,0x20,0x30,0x20,0x30,0x20,0x30,
0x20,0x38,0x20,0x33,0x43,0x35,0x2e,0x32,0x35,0x39,0x20,0x33,0x20,0x32,0x2e,0x37,0x32,0x33,0x20,0x33,
0x2e,0x38,0x38,0x32,0x2e,0x36,0x36,0x33,0x20,0x35,0x2e,0x33,0x37,0x39,0x61,0x2e,0x34,0x38,0x35,0x2e,
0x34,0x38,0x35,0x20,0x30,0x20,0x30,0x20,0x30,0x2d,0x2e,0x30,0x34,0x38,0x2e,0x37,0x33,0x36,0x61,0x2e,
0x35,0x32,0x2e,0x35,0x32,0x20,0x30,0x20,0x30,0x20,0x30,0x20,0x2e,0x36,0x36,0x38,0x2e,0x30,0x35,0x41,
0x31,0x31,0x2e,0x34,0x35,0x20,0x31,0x31,0x2e,0x34,0x35,0x20,0x30,0x20,0x30,0x20,0x31,0x20,0x38,0x20,
0x34,0x71,0x2e,0x39,0x34,0x36,0x20,0x30,0x20,0x31,0x2e,0x38,0x35,0x32,0x2e,0x31,0x34,0x38,0x7a,0x4d,
0x38,0x20,0x36,0x63,0x2d,0x31,0x2e,0x39,0x30,0x35,0x20,0x30,0x2d,0x33,0x2e,0x36,0x38,0x2e,0x35,0x36,
0x2d,0x35,0x2e,0x31,0x36,0x36,0x20,0x31,0x2e,0x35,0x32,0x36,0x61,0x2e,0x34,0x38,0x2e,0x34,0x38,0x20,
0x30,0x20,0x30,0x20,0x30,0x2d,0x2e,0x30,0x36,0x33,0x2e,0x37,0x34,0x35,0x61,0x2e,0x35,0x32,0x35,0x2e,
0x35,0x32,0x35,0x20,0x30,0x20,0x30,0x20,0x30,0x20,0x2e,0x36,0x35,0x32,0x2e,0x30,0x36,0x35,0x61,0x38,
0x2e,0x34,0x35,0x20,0x38,0x2e,0x34,0x35,0x20,0x30,0x20,0x30,0x20,0x31,0x20,0x33,0x2e,0x35,0x31,0x2d,
0x31,0x2e,0x32,0x37,0x7a,0x6d,0x32,0x2e,0x35,0x39,0x36,0x20,0x31,0x2e,0x34,0x30,0x34,0x6c,0x2e,0x37,
0x38,0x35,0x2d,0x2e,0x37,0x38,0x35,0x71,0x2e,0x39,0x34,0x37,0x2e,0x33,0x36,0x32,0x20,0x31,0x2e,0x37,
0x38,0x35,0x2e,0x39,0x30,0x37,0x61,0x2e,0x34,0x38,0x32,0x2e,0x34,0x38,0x32,0x20,0x30,0x20,0x30,0x20,
0x31,0x20,0x2e,0x30,0x36,0x33,0x2e,0x37,0x34,0x35,0x61,0x2e,0x35,0x32,0x35,0x2e,0x35,0x32,0x35,0x20,
0x30,0x20,0x30,0x20,0x31,0x2d,0x2e,0x36,0x35,0x32,0x2e,0x30,0x36,0x35,0x61,0x38,0x2e,0x35,0x20,0x38,
0x2e,0x35,0x20,0x30,0x20,0x30,0x20,0x30,0x2d,0x31,0x2e,0x39,0x38,0x2d,0x2e,0x39,0x33,0x32,0x7a,0x4d,
0x38,0x20,0x31,0x30,0x6c,0x2e,0x39,0x33,0x33,0x2d,0x2e,0x39,0x33,0x33,0x61,0x36,0x2e,0x35,0x20,0x36,
0x2e,0x35,0x20,0x30,0x20,0x30,0x20,0x31,0x20,0x32,0x2e,0x30,0x31,0x33,0x2e,0x36,0x33,0x37,0x63,0x2e,
0x32,0x38,0x35,0x2e,0x31,0x34,0x35,0x2e,0x33,0x32,0x36,0x2e,0x35,0x32,0x34,0x2e,0x31,0x2e,0x37,0x35,
0x6c,0x2d,0x2e,0x30,0x31,0x35,0x2e,0x30,0x31,0x35,0x61,0x2e,0x35,0x33,0x2e,0x35,0x33,0x20,0x30,0x20,
0x30,0x20,0x31,0x2d,0x2e,0x36,0x31,0x31,0x2e,0x30,0x39,0x41,0x35,0x2e,0x35,0x20,0x35,0x2e,0x35,0x20,
0x30,0x20,0x30,0x20,0x30,0x20,0x38,0x20,0x31,0x30,0x6d,0x34,0x2e,0x39,0x30,0x35,0x2d,0x34,0x2e,0x39,
0x30,0x35,0x6c,0x2e,0x37,0x34,0x37,0x2d,0x2e,0x37,0x34,0x37,0x71,0x2e,0x38,0x38,0x36,0x2e,0x34,0x35,
0x31,0x20,0x31,0x2e,0x36,0x38,0x35,0x20,0x31,0x2e,0x30,0x33,0x61,0x2e,0x34,0x38,0x35,0x2e,0x34,0x38,
0x35,0x20,0x30,0x20,0x30,0x20,0x31,0x20,0x2e,0x30,0x34,0x37,0x2e,0x37,0x33,0x37,0x61,0x2e,0x35,0x32,
0x2e,0x35,0x32,0x20,0x30,0x20,0x30,0x20,0x31,0x2d,0x2e,0x36,0x36,0x38,0x2e,0x30,0x35,0x61,0x31,0x31,
0x2e,0x35,0x20,0x31,0x31,0x2e,0x35,0x20,0x30,0x20,0x30,0x20,0x30,0x2d,0x31,0x2e,0x38,0x31,0x31,0x2d,
0x31,0x2e,0x30,0x37,0x4d,0x39,0x2e,0x30,0x32,0x20,0x31,0x31,0x2e,0x37,0x38,0x63,0x2e,0x32,0x33,0x38,
0x2e,0x31,0x34,0x2e,0x32,0x33,0x36,0x2e,0x34,0x36,0x34,0x2e,0x30,0x34,0x2e,0x36,0x36,0x6c,0x2d,0x2e,
0x37,0x30,0x37,0x2e,0x37,0x30,0x36,0x61,0x2e,0x35,0x2e,0x35,0x20,0x30,0x20,0x30,0x20,0x31,0x2d,0x2e,
0x37,0x30,0x37,0x20,0x30,0x6c,0x2d,0x2e,0x37,0x30,0x37,0x2d,0x2e,0x37,0x30,0x37,0x63,0x2d,0x2e,0x31,
0x39,0x35,0x2d,0x2e,0x31,0x39,0x35,0x2d,0x2e,0x31,0x39,0x37,0x2d,0x2e,0x35,0x31,0x38,0x2e,0x30,0x34,
0x2d,0x2e,0x36,0x36,0x41,0x32,0x20,0x32,0x20,0x30,0x20,0x30,0x20,0x31,0x20,0x38,0x20,0x31,0x31,0x2e,
0x35,0x63,0x2e,0x33,0x37,0x34,0x20,0x30,0x20,0x2e,0x37,0x32,0x33,0x2e,0x31,0x30,0x32,0x20,0x31,0x2e,
0x30,0x32,0x31,0x2e,0x32,0x38,0x7a,0x6d,0x34,0x2e,0x33,0x35,0x35,0x2d,0x39,0x2e,0x39,0x30,0x35,0x61,
0x2e,0x35,0x33,0x2e,0x35,0x33,0x20,0x30,0x20,0x30,0x20,0x31,0x20,0x2e,0x37,0x35,0x2e,0x37,0x35,0x6c,
0x2d,0x31,0x30,0x2e,0x37,0x35,0x20,0x31,0x30,0x2e,0x37,0x35,0x61,0x2e,0x35,0x33,0x2e,0x35,0x33,0x20,
0x30,0x20,0x30,0x20,0x31,0x2d,0x2e,0x37,0x35,0x2d,0x2e,0x37,0x35,0x7a,0x5c,0x5c,0x22,0x2f,0x3e,0x22,
0x7d,0x7d,0x7d,0x2c,0x7b,0x22,0x70,0x72,0x65,0x66,0x69,0x78,0x22,0x3a,0x22,0x65,0x74,0x22,0x2c,0x22,
0x77,0x69,0x64,0x74,0x68,0x22,0x3a,0x33,0x32,0x2c,0x22,0x68,0x65,0x69,0x67,0x68,0x74,0x22,0x3a,0x33,
0x32,0x2c,0x22,0x69,0x63,0x6f,0x6e,0x73,0x22,0x3a,0x7b,0x7d,0x7d,0x2c,0x7b,0x22,0x70,0x72,0x65,0x66,
0x69,0x78,0x22,0x3a,0x22,0x69,0x6f,0x6e,0x22,0x2c,0x22,0x77,0x69,0x64,0x74,0x68,0x22,0x3a,0x35,0x31,
0x32,0x2c,0x22,0x68,0x65,0x69,0x67,0x68,0x74,0x22,0x3a,0x35,0x31,0x32,0x2c,0x22,0x69,0x63,0x6f,0x6e,
0x73,0x22,0x3a,0x7b,0x7d,0x7d,0x2c,0x7b,0x22,0x70,0x72,0x65,0x66,0x69,0x78,0x22,0x3a,0x22,0x70,0x73,
0x22,0x2c,0x22,0x77,0x69,0x64,0x74,0x68,0x22,0x3a,0x35,0x31,0x32,0x2c,0x22,0x68,0x65,0x69,0x67,0x68,
0x74,0x22,0x3a,0x35,0x31,0x32,0x2c,0x22,0x69,0x63,0x6f,0x6e,0x73,0x22,0x3a,0x7b,0x7d,0x7d,0x5d,0x27,
0x29,0x3b,0x69,0x6f,0x2e,0x66,0x6f,0x72,0x45,0x61,0x63,0x68,0x28,0x74,0x3d,0x3e,0x6f,0x6f,0x2e,0x61,
0x64,0x64,0x43,0x6f,0x6c,0x6c,0x65,0x63,0x74,0x69,0x6f,0x6e,0x28,0x74,0x29,0x29,0x3b,0x63,0x6f,0x6e,
0x73,0x74,0x20,0x6b,0x3d,0x6e,0x65,0x77,0x20,0x41,0x65,0x3b,0x66,0x75,0x6e,0x63,0x74,0x69,0x6f,0x6e,
0x20,0x73,0x6f,0x28,0x29,0x7b,0x6b,0x2e,0x75,0x70,0x64,0x61,0x74,0x65,0x43,0x6f,0x6e,0x74,0x72,0x6f,
0x6c,0x73,0x28,0x29,0x2c,0x6b,0x2e,0x73,0x65,0x6e,0x64,0x48,0x65,0x61,0x72,0x74,0x62,0x65,0x61,0x74,
0x28,0x29,0x7d,0x66,0x75,0x6e,0x63,0x74,0x69,0x6f,0x6e,0x20,0x72,0x6f,0x28,0x29,0x7b,0x6b,0x65,0x28,
0x75,0x6f,0x2c,0x70,0x29,0x2c,0x6b,0x2e,0x73,0x65,0x74,0x49,0x6e,0x70,0x75,0x74,0x4a,0x6f,0x79,0x73,
0x74,0x69,0x63,0x6b,0x73,0x28,0x70,0x2e,0x6c,0x65,0x66,0x74,0x4a,0x6f,0x79,0x73,0x74,0x69,0x63,0x6b,
0x2c,0x70,0x2e,0x72,0x69,0x67,0x68,0x74,0x4a,0x6f,0x79,0x73,0x74,0x69,0x63,0x6b,0x29,0x2c,0x6b,0x2e,
0x73,0x65,0x74,0x53,0x74,0x61,0x74,0x75,0x73,0x43,0x61,0x6c,0x6c,0x62,0x61,0x63,0x6b,0x28,0x6c,0x6f,
0x29,0x2c,0x6b,0x2e,0x73,0x65,0x74,0x4f,0x6e,0x6c,0x69,0x6e,0x65,0x43,0x61,0x6c,0x6c,0x62,0x61,0x63,
0x6b,0x28,0x61,0x6f,0x29,0x2c,0x6b,0x2e,0x73,0x65,0x74,0x4f,0x66,0x66,0x6c,0x69,0x6e,0x65,0x43,0x61,
0x6c,0x6c,0x62,0x61,0x63,0x6b,0x28,0x63,0x6f,0x29,0x2c,0x6b,0x2e,0x73,0x74,0x61,0x72,0x74,0x48,0x65,
0x61,0x72,0x74,0x62,0x65,0x61,0x74,0x43,0x68,0x65,0x63,0x6b,0x28,0x29,0x2c,0x70,0x2e,0x62,0x61,0x74,
0x74,0x65,0x72,0x79,0x50,0x65,0x72,0x63,0x65,0x6e,0x74,0x61,0x67,0x65,0x3d,0x30,0x2c,0x61,0x74,0x28,
0x70,0x2e,0x62,0x61,0x74,0x74,0x65,0x72,0x79,0x50,0x65,0x72,0x63,0x65,0x6e,0x74,0x61,0x67,0x65,0x2c,
0x22,0x42,0x61,0x74,0x74,0x65,0x72,0x79,0x22,0x29,0x2c,0x73,0x65,0x74,0x54,0x69,0x6d,0x65,0x6f,0x75,
0x74,0x28,0x66,0x75,0x6e,0x63,0x74,0x69,0x6f,0x6e,0x28,0x29,0x7b,0x63,0x6f,0x6e,0x73,0x6f,0x6c,0x65,
0x2e,0x6c,0x6f,0x67,0x28,0x22,0x41,0x74,0x74,0x65,0x6d,0x70,0x74,0x69,0x6e,0x67,0x20,0x74,0x6f,0x20,
0x63,0x6f,0x6e,0x6e,0x65,0x63,0x74,0x22,0x29,0x2c,0x6b,0x2e,0x63,0x6f,0x6e,0x6e,0x65,0x63,0x74,0x28,
0x29,0x2c,0x79,0x65,0x28,0x29,0x2c,0x73,0x65,0x74,0x49,0x6e,0x74,0x65,0x72,0x76,0x61,0x6c,0x28,0x73,
0x6f,0x2c,0x31,0x30,0x30,0x29,0x7d,0x2c,0x32,0x65,0x33,0x29,0x7d,0x57,0x69,0x6e,0x64,0x6f,0x77,0x2e,
0x6f,0x6e,0x6c,0x6f,0x61,0x64,0x3d,0x72,0x6f,0x28,0x29,0x3b,0x76,0x61,0x72,0x20,0x59,0x3d,0x2d,0x31,
0x3b,0x66,0x75,0x6e,0x63,0x74,0x69,0x6f,0x6e,0x20,0x63,0x6f,0x28,0x29,0x7b,0x63,0x6f,0x6e,0x73,0x6f,
0x6c,0x65,0x2e,0x6c,0x6f,0x67,0x28,0x22,0x57,0x65,0x6e,0x74,0x20,0x6f,0x66,0x66,0x6c,0x69,0x6e,0x65,
0x22,0x29,0x2c,0x79,0x65,0x28,0x29,0x2c,0x77,0x65,0x28,0x29,0x7d,0x66,0x75,0x6e,0x63,0x74,0x69,0x6f,
0x6e,0x20,0x61,0x6f,0x28,0x29,0x7b,0x63,0x6f,0x6e,0x73,0x6f,0x6c,0x65,0x2e,0x6c,0x6f,0x67,0x28,0x22,
0x57,0x65,0x6e,0x74,0x20,0x62,0x61,0x63,0x6b,0x20,0x6f,0x6e,0x6c,0x69,0x6e,0x65,0x22,0x29,0x2c,0x63,
0x6c,0x65,0x61,0x72,0x49,0x6e,0x74,0x65,0x72,0x76,0x61,0x6c,0x28,0x59,0x29,0x2c,0x59,0x3d,0x2d,0x31,
0x2c,0x45,0x65,0x28,0x29,0x7d,0x66,0x75,0x6e,0x63,0x74,0x69,0x6f,0x6e,0x20,0x79,0x65,0x28,0x29,0x7b,
0x59,0x3d,0x3d,0x2d,0x31,0x26,0x26,0x28,0x63,0x6f,0x6e,0x73,0x6f,0x6c,0x65,0x2e,0x6c,0x6f,0x67,0x28,
0x22,0x53,0x65,0x74,0x74,0x69,0x6e,0x67,0x20,0x72,0x65,0x63,0x6f,0x6e,0x6e,0x65,0x63,0x74,0x69,0x6f,
0x6e,0x20,0x74,0x69,0x6d,0x65,0x72,0x22,0x29,0x2c,0x59,0x3d,0x73,0x65,0x74,0x49,0x6e,0x74,0x65,0x72,
0x76,0x61,0x6c,0x28,0x28,0x29,0x3d,0x3e,0x7b,0x63,0x6f,0x6e,0x73,0x6f,0x6c,0x65,0x2e,0x6c,0x6f,0x67,
0x28,0x22,0x41,0x74,0x74,0x65,0x6d,0x70,0x74,0x69,0x6e,0x67,0x20,0x72,0x65,0x63,0x6f,0x6e,0x6e,0x65,
0x63,0x74,0x69,0x6f,0x6e,0x22,0x29,0x2c,0x6b,0x2e,0x72,0x65,0x63,0x6f,0x6e,0x6e,0x65,0x63,0x74,0x28,
0x29,0x7d,0x2c,0x35,0x65,0x33,0x29,0x29,0x7d,0x66,0x75,0x6e,0x63,0x74,0x69,0x6f,0x6e,0x20,0x6c,0x6f,
0x28,0x74,0x29,0x7b,0x76,0x61,0x72,0x20,0x65,0x3d,0x70,0x61,0x72,0x73,0x65,0x49,0x6e,0x74,0x28,0x74,
0x2e,0x70,0x61,0x72,0x61,0x6d,0x65,0x74,0x65,0x72,0x73,0x5b,0x30,0x5d,0x29,0x2c,0x6e,0x3d,0x70,0x61,
0x72,0x73,0x65,0x49,0x6e,0x74,0x28,0x74,0x2e,0x70,0x61,0x72,0x61,0x6d,0x65,0x74,0x65,0x72,0x73,0x5b,
0x31,0x5d,0x29,0x3b,0x61,0x74,0x28,0x65,0x2c,0x22,0x42,0x61,0x74,0x74,0x65,0x72,0x79,0x22,0x29,0x2c,
0x61,0x74,0x28,0x6e,0x2c,0x22,0x4e,0x65,0x74,0x77,0x6f,0x72,0x6b,0x22,0x29,0x7d,0x66,0x75,0x6e,0x63,
0x74,0x69,0x6f,0x6e,0x20,0x75,0x6f,0x28,0x29,0x7b,0x76,0x61,0x72,0x20,0x74,0x3d,0x64,0x6f,0x63,0x75,
0x6d,0x65,0x6e,0x74,0x2e,0x67,0x65,0x74,0x45,0x6c,0x65,0x6d,0x65,0x6e,0x74,0x42,0x79,0x49,0x64,0x28,
0x22,0x4c,0x65,0x64,0x4d,0x6f,0x64,0x65,0x53,0x65,0x6c,0x65,0x63,0x74,0x22,0x29,0x2e,0x76,0x61,0x6c,
0x75,0x65,0x2c,0x65,0x3d,0x64,0x6f,0x63,0x75,0x6d,0x65,0x6e,0x74,0x2e,0x67,0x65,0x74,0x45,0x6c,0x65,
0x6d,0x65,0x6e,0x74,0x42,0x79,0x49,0x64,0x28,0x22,0x4c,0x65,0x64,0x43,0x6f,0x6c,0x6f,0x72,0x50,0x69,
0x63,0x6b,0x65,0x72,0x22,0x29,0x2e,0x76,0x61,0x6c,0x75,0x65,0x3b,0x63,0x6f,0x6e,0x73,0x6f,0x6c,0x65,
0x2e,0x6c,0x6f,0x67,0x28,0x65,0x29,0x3b,0x76,0x61,0x72,0x20,0x6e,0x3d,0x66,0x6f,0x28,0x65,0x29,0x2c,
0x6f,0x3d,0x6b,0x2e,0x70,0x61,0x72,0x73,0x65,0x72,0x2e,0x67,0x65,0x6e,0x65,0x72,0x61,0x74,0x65,0x45,
0x6d,0x70,0x74,0x79,0x43,0x6f,0x6d,0x6d,0x61,0x6e,0x64,0x28,0x29,0x3b,0x6f,0x2e,0x69,0x64,0x3d,0x41,
0x2e,0x43,0x6f,0x6e,0x74,0x72,0x6f,0x6c,0x4c,0x65,0x64,0x2c,0x6f,0x2e,0x70,0x61,0x72,0x61,0x6d,0x65,
0x74,0x65,0x72,0x43,0x6f,0x75,0x6e,0x74,0x3d,0x34,0x2c,0x6f,0x2e,0x70,0x61,0x72,0x61,0x6d,0x65,0x74,
0x65,0x72,0x73,0x2e,0x70,0x75,0x73,0x68,0x28,0x74,0x29,0x2c,0x6f,0x2e,0x70,0x61,0x72,0x61,0x6d,0x65,
0x74,0x65,0x72,0x73,0x2e,0x70,0x75,0x73,0x68,0x28,0x6e,0x2e,0x72,0x29,0x2c,0x6f,0x2e,0x70,0x61,0x72,
0x61,0x6d,0x65,0x74,0x65,0x72,0x73,0x2e,0x70,0x75,0x73,0x68,0x28,0x6e,0x2e,0x67,0x29,0x2c,0x6f,0x2e,
0x70,0x61,0x72,0x61,0x6d,0x65,0x74,0x65,0x72,0x73,0x2e,0x70,0x75,0x73,0x68,0x28,0x6e,0x2e,0x62,0x29,
0x2c,0x6b,0x2e,0x73,0x65,0x6e,0x64,0x43,0x6f,0x6d,0x6d,0x61,0x6e,0x64,0x28,0x6f,0x29,0x7d,0x66,0x75,
0x6e,0x63,0x74,0x69,0x6f,0x6e,0x20,0x66,0x6f,0x28,0x74,0x29,0x7b,0x76,0x61,0x72,0x20,0x65,0x3d,0x2f,
0x5e,0x23,0x3f,0x28,0x5b,0x61,0x2d,0x66,0x5c,0x64,0x5d,0x7b,0x32,0x7d,0x29,0x28,0x5b,0x61,0x2d,0x66,
0x5c,0x64,0x5d,0x7b,0x32,0x7d,0x29,0x28,0x5b,0x61,0x2d,0x66,0x5c,0x64,0x5d,0x7b,0x32,0x7d,0x29,0x24,
0x2f,0x69,0x2e,0x65,0x78,0x65,0x63,0x28,0x74,0x29,0x3b,0x72,0x65,0x74,0x75,0x72,0x6e,0x20,0x65,0x3f,
0x7b,0x72,0x3a,0x70,0x61,0x72,0x73,0x65,0x49,0x6e,0x74,0x28,0x65,0x5b,0x31,0x5d,0x2c,0x31,0x36,0x29,
0x2c,0x67,0x3a,0x70,0x61,0x72,0x73,0x65,0x49,0x6e,0x74,0x28,0x65,0x5b,0x32,0x5d,0x2c,0x31,0x36,0x29,
0x2c,0x62,0x3a,0x70,0x61,0x72,0x73,0x65,0x49,0x6e,0x74,0x28,0x65,0x5b,0x33,0x5d,0x2c,0x31,0x36,0x29,
0x7d,0x3a,0x6e,0x75,0x6c,0x6c,0x7d,0x0a };
//File: main-QxcDOFYF.css
const uint16_t main_QxcDOFYF_css_length = 2521;
const char main_QxcDOFYF_css[] PROGMEM = { 
0x62,0x6f,0x64,0x79,0x7b,0x62,0x61,0x63,0x6b,0x67,0x72,0x6f,0x75,0x6e,0x64,0x2d,0x63,0x6f,0x6c,0x6f,
0x72,0x3a,0x23,0x66,0x63,0x30,0x3b,0x63,0x6f,0x6c,0x6f,0x72,0x3a,0x23,0x66,0x66,0x66,0x3b,0x66,0x6f,
0x6e,0x74,0x2d,0x66,0x61,0x6d,0x69,0x6c,0x79,0x3a,0x56,0x65,0x72,0x64,0x61,0x6e,0x61,0x2c,0x47,0x65,
0x6e,0x65,0x76,0x61,0x2c,0x54,0x61,0x68,0x6f,0x6d,0x61,0x2c,0x73,0x61,0x6e,0x73,0x2d,0x73,0x65,0x72,
0x69,0x66,0x3b,0x6f,0x76,0x65,0x72,0x66,0x6c,0x6f,0x77,0x3a,0x68,0x69,0x64,0x64,0x65,0x6e,0x7d,0x62,
0x75,0x74,0x74,0x6f,0x6e,0x2c,0x69,0x6e,0x70,0x75,0x74,0x7b,0x62,0x61,0x63,0x6b,0x67,0x72,0x6f,0x75,
0x6e,0x64,0x2d,0x63,0x6f,0x6c,0x6f,0x72,0x3a,0x23,0x34,0x37,0x34,0x36,0x34,0x33,0x3b,0x62,0x6f,0x72,
0x64,0x65,0x72,0x2d,0x63,0x6f,0x6c,0x6f,0x72,0x3a,0x23,0x62,0x33,0x62,0x32,0x61,0x66,0x3b,0x62,0x6f,
0x72,0x64,0x65,0x72,0x2d,0x73,0x74,0x79,0x6c,0x65,0x3a,0x73,0x6f,0x6c,0x69,0x64,0x3b,0x62,0x6f,0x72,
0x64,0x65,0x72,0x2d,0x77,0x69,0x64,0x74,0x68,0x3a,0x32,0x70,0x78,0x3b,0x62,0x6f,0x72,0x64,0x65,0x72,
0x2d,0x72,0x61,0x64,0x69,0x75,0x73,0x3a,0x34,0x70,0x78,0x3b,0x68,0x65,0x69,0x67,0x68,0x74,0x3a,0x33,
0x30,0x70,0x78,0x3b,0x63,0x6f,0x6c,0x6f,0x72,0x3a,0x23,0x66,0x66,0x66,0x7d,0x2e,0x70,0x6f,0x70,0x75,
0x70,0x43,0x6f,0x6e,0x74,0x65,0x6e,0x74,0x7b,0x76,0x69,0x73,0x69,0x62,0x69,0x6c,0x69,0x74,0x79,0x3a,
0x68,0x69,0x64,0x64,0x65,0x6e,0x3b,0x62,0x61,0x63,0x6b,0x67,0x72,0x6f,0x75,0x6e,0x64,0x2d,0x63,0x6f,
0x6c,0x6f,0x72,0x3a,0x23,0x30,0x30,0x30,0x39,0x3b,0x77,0x69,0x64,0x74,0x68,0x3a,0x31,0x30,0x30,0x25,
0x3b,0x68,0x65,0x69,0x67,0x68,0x74,0x3a,0x31,0x30,0x30,0x25,0x3b,0x74,0x6f,0x70,0x3a,0x30,0x25,0x3b,
0x6c,0x65,0x66,0x74,0x3a,0x30,0x25,0x3b,0x74,0x65,0x78,0x74,0x2d,0x61,0x6c,0x69,0x67,0x6e,0x3a,0x63,
0x65,0x6e,0x74,0x65,0x72,0x3b,0x70,0x6f,0x73,0x69,0x74,0x69,0x6f,0x6e,0x3a,0x61,0x62,0x73,0x6f,0x6c,
0x75,0x74,0x65,0x3b,0x7a,0x2d,0x69,0x6e,0x64,0x65,0x78,0x3a,0x31,0x30,0x30,0x7d,0x73,0x65,0x6c,0x65,
0x63,0x74,0x7b,0x62,0x61,0x63,0x6b,0x67,0x72,0x6f,0x75,0x6e,0x64,0x2d,0x63,0x6f,0x6c,0x6f,0x72,0x3a,
0x23,0x34,0x37,0x34,0x36,0x34,0x33,0x3b,0x62,0x6f,0x72,0x64,0x65,0x72,0x2d,0x63,0x6f,0x6c,0x6f,0x72,
0x3a,0x23,0x62,0x33,0x62,0x32,0x61,0x66,0x3b,0x62,0x6f,0x72,0x64,0x65,0x72,0x2d,0x73,0x74,0x79,0x6c,
0x65,0x3a,0x73,0x6f,0x6c,0x69,0x64,0x3b,0x62,0x6f,0x72,0x64,0x65,0x72,0x2d,0x77,0x69,0x64,0x74,0x68,
0x3a,0x32,0x70,0x78,0x3b,0x62,0x6f,0x72,0x64,0x65,0x72,0x2d,0x72,0x61,0x64,0x69,0x75,0x73,0x3a,0x34,
0x70,0x78,0x3b,0x68,0x65,0x69,0x67,0x68,0x74,0x3a,0x33,0x30,0x70,0x78,0x3b,0x63,0x6f,0x6c,0x6f,0x72,
0x3a,0x23,0x66,0x66,0x66,0x3b,0x77,0x69,0x64,0x74,0x68,0x3a,0x31,0x30,0x30,0x70,0x78,0x3b,0x74,0x65,
0x78,0x74,0x2d,0x61,0x6c,0x69,0x67,0x6e,0x3a,0x63,0x65,0x6e,0x74,0x65,0x72,0x7d,0x23,0x4d,0x61,0x69,
0x6e,0x47,0x72,0x69,0x64,0x43,0x6f,0x6e,0x74,0x61,0x69,0x6e,0x65,0x72,0x7b,0x6f,0x76,0x65,0x72,0x66,
0x6c,0x6f,0x77,0x3a,0x68,0x69,0x64,0x64,0x65,0x6e,0x3b,0x77,0x69,0x64,0x74,0x68,0x3a,0x31,0x30,0x30,
0x25,0x3b,0x68,0x65,0x69,0x67,0x68,0x74,0x3a,0x31,0x30,0x30,0x25,0x3b,0x64,0x69,0x73,0x70,0x6c,0x61,
0x79,0x3a,0x67,0x72,0x69,0x64,0x3b,0x67,0x72,0x69,0x64,0x2d,0x74,0x65,0x6d,0x70,0x6c,0x61,0x74,0x65,
0x2d,0x63,0x6f,0x6c,0x75,0x6d,0x6e,0x73,0x3a,0x31,0x66,0x72,0x20,0x31,0x66,0x72,0x20,0x31,0x66,0x72,
0x3b,0x67,0x72,0x69,0x64,0x2d,0x74,0x65,0x6d,0x70,0x6c,0x61,0x74,0x65,0x2d,0x72,0x6f,0x77,0x73,0x3a,
0x31,0x66,0x72,0x3b,0x63,0x6f,0x6c,0x75,0x6d,0x6e,0x2d,0x67,0x61,0x70,0x3a,0x31,0x30,0x70,0x78,0x7d,
0x2e,0x73,0x69,0x64,0x65,0x70,0x61,0x6e,0x65,0x6c,0x7b,0x62,0x61,0x63,0x6b,0x67,0x72,0x6f,0x75,0x6e,
0x64,0x2d,0x63,0x6f,0x6c,0x6f,0x72,0x3a,0x23,0x34,0x37,0x34,0x36,0x34,0x33,0x3b,0x64,0x69,0x73,0x70,
0x6c,0x61,0x79,0x3a,0x66,0x6c,0x65,0x78,0x3b,0x6a,0x75,0x73,0x74,0x69,0x66,0x79,0x2d,0x63,0x6f,0x6e,
0x74,0x65,0x6e,0x74,0x3a,0x63,0x65,0x6e,0x74,0x65,0x72,0x3b,0x61,0x6c,0x69,0x67,0x6e,0x2d,0x69,0x74,
0x65,0x6d,0x73,0x3a,0x63,0x65,0x6e,0x74,0x65,0x72,0x7d,0x2e,0x6a,0x6f,0x79,0x73,0x74,0x69,0x63,0x6b,
0x43,0x6f,0x6e,0x74,0x61,0x69,0x6e,0x65,0x72,0x7b,0x77,0x69,0x64,0x74,0x68,0x3a,0x32,0x32,0x30,0x70,
0x78,0x3b,0x68,0x65,0x69,0x67,0x68,0x74,0x3a,0x32,0x32,0x30,0x70,0x78,0x3b,0x62,0x6f,0x72,0x64,0x65,
0x72,0x2d,0x63,0x6f,0x6c,0x6f,0x72,0x3a,0x23,0x62,0x33,0x62,0x32,0x61,0x66,0x3b,0x62,0x6f,0x72,0x64,
0x65,0x72,0x2d,0x73,0x74,0x79,0x6c,0x65,0x3a,0x73,0x6f,0x6c,0x69,0x64,0x3b,0x62,0x6f,0x72,0x64,0x65,
0x72,0x2d,0x77,0x69,0x64,0x74,0x68,0x3a,0x32,0x70,0x78,0x3b,0x62,0x6f,0x72,0x64,0x65,0x72,0x2d,0x72,
0x61,0x64,0x69,0x75,0x73,0x3a,0x33,0x30,0x70,0x78,0x3b,0x70,0x6f,0x73,0x69,0x74,0x69,0x6f,0x6e,0x3a,
0x72,0x65,0x6c,0x61,0x74,0x69,0x76,0x65,0x7d,0x2e,0x6a,0x6f,0x79,0x73,0x74,0x69,0x63,0x6b,0x42,0x61,
0x63,0x6b,0x67,0x72,0x6f,0x75,0x6e,0x64,0x7b,0x77,0x69,0x64,0x74,0x68,0x3a,0x32,0x30,0x30,0x70,0x78,
0x3b,0x68,0x65,0x69,0x67,0x68,0x74,0x3a,0x32,0x30,0x30,0x70,0x78,0x3b,0x70,0x6f,0x73,0x69,0x74,0x69,
0x6f,0x6e,0x3a,0x61,0x62,0x73,0x6f,0x6c,0x75,0x74,0x65,0x3b,0x6c,0x65,0x66,0x74,0x3a,0x31,0x30,0x3b,
0x74,0x6f,0x70,0x3a,0x31,0x30,0x3b,0x7a,0x2d,0x69,0x6e,0x64,0x65,0x78,0x3a,0x30,0x7d,0x2e,0x6a,0x6f,
0x79,0x73,0x74,0x69,0x63,0x6b,0x7b,0x77,0x69,0x64,0x74,0x68,0x3a,0x32,0x30,0x30,0x70,0x78,0x3b,0x68,
0x65,0x69,0x67,0x68,0x74,0x3a,0x32,0x30,0x30,0x70,0x78,0x3b,0x70,0x6f,0x73,0x69,0x74,0x69,0x6f,0x6e,
0x3a,0x61,0x62,0x73,0x6f,0x6c,0x75,0x74,0x65,0x3b,0x6c,0x65,0x66,0x74,0x3a,0x31,0x30,0x3b,0x74,0x6f,
0x70,0x3a,0x31,0x30,0x3b,0x7a,0x2d,0x69,0x6e,0x64,0x65,0x78,0x3a,0x31,0x7d,0x2e,0x6a,0x6f,0x79,0x73,
0x74,0x69,0x63,0x6b,0x53,0x6c,0x69,0x64,0x65,0x72,0x7b,0x2d,0x77,0x65,0x62,0x6b,0x69,0x74,0x2d,0x61,
0x70,0x70,0x65,0x61,0x72,0x61,0x6e,0x63,0x65,0x3a,0x6e,0x6f,0x6e,0x65,0x3b,0x2d,0x6d,0x6f,0x7a,0x2d,
0x61,0x70,0x70,0x65,0x61,0x72,0x61,0x6e,0x63,0x65,0x3a,0x6e,0x6f,0x6e,0x65,0x3b,0x61,0x70,0x70,0x65,
0x61,0x72,0x61,0x6e,0x63,0x65,0x3a,0x6e,0x6f,0x6e,0x65,0x3b,0x62,0x61,0x63,0x6b,0x67,0x72,0x6f,0x75,
0x6e,0x64,0x3a,0x23,0x64,0x33,0x64,0x33,0x64,0x33,0x3b,0x68,0x65,0x69,0x67,0x68,0x74,0x3a,0x32,0x30,
0x70,0x78,0x3b,0x77,0x69,0x64,0x74,0x68,0x3a,0x31,0x30,0x30,0x25,0x7d,0x23,0x43,0x65,0x6e,0x74,0x65,
0x72,0x47,0x72,0x69,0x64,0x43,0x6f,0x6e,0x74,0x61,0x69,0x6e,0x65,0x72,0x7b,0x62,0x61,0x63,0x6b,0x67,
0x72,0x6f,0x75,0x6e,0x64,0x2d,0x63,0x6f,0x6c,0x6f,0x72,0x3a,0x23,0x34,0x37,0x34,0x36,0x34,0x33,0x3b,
0x64,0x69,0x73,0x70,0x6c,0x61,0x79,0x3a,0x67,0x72,0x69,0x64,0x3b,0x67,0x72,0x69,0x64,0x2d,0x74,0x65,
0x6d,0x70,0x6c,0x61,0x74,0x65,0x2d,0x63,0x6f,0x6c,0x75,0x6d,0x6e,0x73,0x3a,0x31,0x66,0x72,0x3b,0x67,
0x72,0x69,0x64,0x2d,0x74,0x65,0x6d,0x70,0x6c,0x61,0x74,0x65,0x2d,0x72,0x6f,0x77,0x73,0x3a,0x31,0x66,
0x72,0x20,0x32,0x66,0x72,0x3b,0x72,0x6f,0x77,0x2d,0x67,0x61,0x70,0x3a,0x30,0x70,0x78,0x7d,0x23,0x53,
0x74,0x61,0x74,0x75,0x73,0x50,0x61,0x6e,0x65,0x6c,0x7b,0x64,0x69,0x73,0x70,0x6c,0x61,0x79,0x3a,0x67,
0x72,0x69,0x64,0x3b,0x67,0x72,0x69,0x64,0x2d,0x74,0x65,0x6d,0x70,0x6c,0x61,0x74,0x65,0x2d,0x63,0x6f,
0x6c,0x75,0x6d,0x6e,0x73,0x3a,0x31,0x66,0x72,0x20,0x31,0x66,0x72,0x3b,0x67,0x72,0x69,0x64,0x2d,0x74,
0x65,0x6d,0x70,0x6c,0x61,0x74,0x65,0x2d,0x72,0x6f,0x77,0x73,0x3a,0x31,0x66,0x72,0x3b,0x6a,0x75,0x73,
0x74,0x69,0x66,0x79,0x2d,0x63,0x6f,0x6e,0x74,0x65,0x6e,0x74,0x3a,0x63,0x65,0x6e,0x74,0x65,0x72,0x3b,
0x61,0x6c,0x69,0x67,0x6e,0x2d,0x69,0x74,0x65,0x6d,0x73,0x3a,0x63,0x65,0x6e,0x74,0x65,0x72,0x7d,0x23,
0x42,0x61,0x74,0x74,0x65,0x72,0x79,0x50,0x61,0x6e,0x65,0x6c,0x2c,0x23,0x4e,0x65,0x74,0x77,0x6f,0x72,
0x6b,0x50,0x61,0x6e,0x65,0x6c,0x7b,0x77,0x69,0x64,0x74,0x68,0x3a,0x31,0x30,0x30,0x25,0x3b,0x64,0x69,
0x73,0x70,0x6c,0x61,0x79,0x3a,0x66,0x6c,0x65,0x78,0x3b,0x6a,0x75,0x73,0x74,0x69,0x66,0x79,0x2d,0x63,
0x6f,0x6e,0x74,0x65,0x6e,0x74,0x3a,0x63,0x65,0x6e,0x74,0x65,0x72,0x3b,0x61,0x6c,0x69,0x67,0x6e,0x2d,
0x69,0x74,0x65,0x6d,0x73,0x3a,0x63,0x65,0x6e,0x74,0x65,0x72,0x7d,0x2e,0x4d,0x61,0x69,0x6e,0x42,0x75,
0x74,0x74,0x6f,0x6e,0x50,0x61,0x6e,0x65,0x6c,0x7b,0x77,0x69,0x64,0x74,0x68,0x3a,0x31,0x30,0x30,0x25,
0x3b,0x64,0x69,0x73,0x70,0x6c,0x61,0x79,0x3a,0x66,0x6c,0x65,0x78,0x3b,0x61,0x6c,0x69,0x67,0x6e,0x2d,
0x69,0x74,0x65,0x6d,0x73,0x3a,0x63,0x65,0x6e,0x74,0x65,0x72,0x3b,0x6a,0x75,0x73,0x74,0x69,0x66,0x79,
0x2d,0x63,0x6f,0x6e,0x74,0x65,0x6e,0x74,0x3a,0x73,0x70,0x61,0x63,0x65,0x2d,0x61,0x72,0x6f,0x75,0x6e,
0x64,0x3b,0x66,0x6c,0x65,0x78,0x2d,0x64,0x69,0x72,0x65,0x63,0x74,0x69,0x6f,0x6e,0x3a,0x63,0x6f,0x6c,
0x75,0x6d,0x6e,0x7d,0x2e,0x4d,0x61,0x69,0x6e,0x42,0x75,0x74,0x74,0x6f,0x6e,0x7b,0x62,0x61,0x63,0x6b,
0x67,0x72,0x6f,0x75,0x6e,0x64,0x2d,0x63,0x6f,0x6c,0x6f,0x72,0x3a,0x23,0x34,0x37,0x34,0x36,0x34,0x33,
0x3b,0x62,0x6f,0x72,0x64,0x65,0x72,0x2d,0x63,0x6f,0x6c,0x6f,0x72,0x3a,0x23,0x62,0x33,0x62,0x32,0x61,
0x66,0x3b,0x62,0x6f,0x72,0x64,0x65,0x72,0x2d,0x73,0x74,0x79,0x6c,0x65,0x3a,0x73,0x6f,0x6c,0x69,0x64,
0x3b,0x62,0x6f,0x72,0x64,0x65,0x72,0x2d,0x77,0x69,0x64,0x74,0x68,0x3a,0x32,0x70,0x78,0x3b,0x62,0x6f,
0x72,0x64,0x65,0x72,0x2d,0x72,0x61,0x64,0x69,0x75,0x73,0x3a,0x34,0x70,0x78,0x3b,0x68,0x65,0x69,0x67,
0x68,0x74,0x3a,0x35,0x30,0x70,0x78,0x3b,0x77,0x69,0x64,0x74,0x68,0x3a,0x35,0x30,0x70,0x78,0x3b,0x63,
0x6f,0x6c,0x6f,0x72,0x3a,0x23,0x66,0x66,0x66,0x3b,0x64,0x69,0x73,0x70,0x6c,0x61,0x79,0x3a,0x66,0x6c,
0x65,0x78,0x3b,0x66,0x6c,0x65,0x78,0x2d,0x64,0x69,0x72,0x65,0x63,0x74,0x69,0x6f,0x6e,0x3a,0x72,0x6f,
0x77,0x3b,0x6a,0x75,0x73,0x74,0x69,0x66,0x79,0x2d,0x63,0x6f,0x6e,0x74,0x65,0x6e,0x74,0x3a,0x63,0x65,
0x6e,0x74,0x65,0x72,0x3b,0x61,0x6c,0x69,0x67,0x6e,0x2d,0x69,0x74,0x65,0x6d,0x73,0x3a,0x63,0x65,0x6e,
0x74,0x65,0x72,0x7d,0x23,0x4c,0x65,0x64,0x50,0x61,0x6e,0x65,0x6c,0x7b,0x64,0x69,0x73,0x70,0x6c,0x61,
0x79,0x3a,0x66,0x6c,0x65,0x78,0x3b,0x6a,0x75,0x73,0x74,0x69,0x66,0x79,0x2d,0x63,0x6f,0x6e,0x74,0x65,
0x6e,0x74,0x3a,0x63,0x65,0x6e,0x74,0x65,0x72,0x3b,0x61,0x6c,0x69,0x67,0x6e,0x2d,0x69,0x74,0x65,0x6d,
0x73,0x3a,0x63,0x65,0x6e,0x74,0x65,0x72,0x7d,0x23,0x4c,0x65,0x64,0x43,0x6f,0x6e,0x74,0x72,0x6f,0x6c,
0x73,0x47,0x72,0x69,0x64,0x7b,0x64,0x69,0x73,0x70,0x6c,0x61,0x79,0x3a,0x67,0x72,0x69,0x64,0x3b,0x67,
0x72,0x69,0x64,0x2d,0x74,0x65,0x6d,0x70,0x6c,0x61,0x74,0x65,0x2d,0x63,0x6f,0x6c,0x75,0x6d,0x6e,0x73,
0x3a,0x31,0x66,0x72,0x20,0x31,0x66,0x72,0x20,0x31,0x66,0x72,0x3b,0x67,0x72,0x69,0x64,0x2d,0x74,0x65,
0x6d,0x70,0x6c,0x61,0x74,0x65,0x2d,0x72,0x6f,0x77,0x73,0x3a,0x31,0x66,0x72,0x20,0x31,0x66,0x72,0x3b,
0x63,0x6f,0x6c,0x75,0x6d,0x6e,0x2d,0x67,0x61,0x70,0x3a,0x31,0x30,0x70,0x78,0x3b,0x72,0x6f,0x77,0x2d,
0x67,0x61,0x70,0x3a,0x31,0x30,0x70,0x78,0x3b,0x67,0x72,0x69,0x64,0x2d,0x74,0x65,0x6d,0x70,0x6c,0x61,
0x74,0x65,0x2d,0x61,0x72,0x65,0x61,0x73,0x3a,0x22,0x41,0x20,0x42,0x20,0x44,0x22,0x20,0x22,0x41,0x20,
0x43,0x20,0x44,0x22,0x7d,0x23,0x53,0x70,0x61,0x63,0x65,0x72,0x7b,0x67,0x72,0x69,0x64,0x2d,0x61,0x72,
0x65,0x61,0x3a,0x41,0x3b,0x63,0x6f,0x6c,0x6f,0x72,0x3a,0x23,0x66,0x66,0x66,0x3b,0x74,0x65,0x78,0x74,
0x2d,0x61,0x6c,0x69,0x67,0x6e,0x3a,0x63,0x65,0x6e,0x74,0x65,0x72,0x3b,0x61,0x6c,0x69,0x67,0x6e,0x2d,
0x73,0x65,0x6c,0x66,0x3a,0x63,0x65,0x6e,0x74,0x65,0x72,0x7d,0x23,0x4c,0x65,0x64,0x4d,0x6f,0x64,0x65,
0x53,0x65,0x6c,0x65,0x63,0x74,0x7b,0x67,0x72,0x69,0x64,0x2d,0x61,0x72,0x65,0x61,0x3a,0x42,0x7d,0x23,
0x4c,0x65,0x64,0x53,0x65,0x6e,0x64,0x42,0x75,0x74,0x74,0x6f,0x6e,0x7b,0x67,0x72,0x69,0x64,0x2d,0x61,
0x72,0x65,0x61,0x3a,0x43,0x7d,0x23,0x4c,0x65,0x64,0x43,0x6f,0x6c,0x6f,0x72,0x50,0x69,0x63,0x6b,0x65,
0x72,0x7b,0x67,0x72,0x69,0x64,0x2d,0x61,0x72,0x65,0x61,0x3a,0x44,0x3b,0x61,0x6c,0x69,0x67,0x6e,0x2d,
0x73,0x65,0x6c,0x66,0x3a,0x63,0x65,0x6e,0x74,0x65,0x72,0x3b,0x2d,0x77,0x65,0x62,0x6b,0x69,0x74,0x2d,
0x61,0x70,0x70,0x65,0x61,0x72,0x61,0x6e,0x63,0x65,0x3a,0x6e,0x6f,0x6e,0x65,0x3b,0x2d,0x6d,0x6f,0x7a,
0x2d,0x61,0x70,0x70,0x65,0x61,0x72,0x61,0x6e,0x63,0x65,0x3a,0x6e,0x6f,0x6e,0x65,0x3b,0x61,0x70,0x70,
0x65,0x61,0x72,0x61,0x6e,0x63,0x65,0x3a,0x6e,0x6f,0x6e,0x65,0x3b,0x77,0x69,0x64,0x74,0x68,0x3a,0x34,
0x30,0x70,0x78,0x3b,0x68,0x65,0x69,0x67,0x68,0x74,0x3a,0x34,0x30,0x70,0x78,0x3b,0x62,0x6f,0x72,0x64,
0x65,0x72,0x3a,0x6e,0x6f,0x6e,0x65,0x3b,0x62,0x61,0x63,0x6b,0x67,0x72,0x6f,0x75,0x6e,0x64,0x2d,0x63,
0x6f,0x6c,0x6f,0x72,0x3a,0x74,0x72,0x61,0x6e,0x73,0x70,0x61,0x72,0x65,0x6e,0x74,0x7d,0x23,0x4c,0x65,
0x64,0x43,0x6f,0x6c,0x6f,0x72,0x50,0x69,0x63,0x6b,0x65,0x72,0x3a,0x3a,0x2d,0x77,0x65,0x62,0x6b,0x69,
0x74,0x2d,0x63,0x6f,0x6c,0x6f,0x72,0x2d,0x73,0x77,0x61,0x74,0x63,0x68,0x7b,0x62,0x6f,0x72,0x64,0x65,
0x72,0x2d,0x72,0x61,0x64,0x69,0x75,0x73,0x3a,0x31,0x30,0x25,0x3b,0x62,0x6f,0x72,0x64,0x65,0x72,0x3a,
0x6e,0x6f,0x6e,0x65,0x7d,0x23,0x4d,0x6f,0x64,0x65,0x50,0x61,0x6e,0x65,0x6c,0x7b,0x64,0x69,0x73,0x70,
0x6c,0x61,0x79,0x3a,0x66,0x6c,0x65,0x78,0x3b,0x6a,0x75,0x73,0x74,0x69,0x66,0x79,0x2d,0x63,0x6f,0x6e,
0x74,0x65,0x6e,0x74,0x3a,0x63,0x65,0x6e,0x74,0x65,0x72,0x3b,0x61,0x6c,0x69,0x67,0x6e,0x2d,0x69,0x74,
0x65,0x6d,0x73,0x3a,0x63,0x65,0x6e,0x74,0x65,0x72,0x3b,0x67,0x61,0x70,0x3a,0x31,0x30,0x70,0x78,0x7d,
0x0a };
//File: modulepreload-polyfill-B5Qt9EMX.js
const uint16_t modulepreload_polyfill_B5Qt9EMX_js_length = 711;
const char modulepreload_polyfill_B5Qt9EMX_js[] PROGMEM = { 
0x28,0x66,0x75,0x6e,0x63,0x74,0x69,0x6f,0x6e,0x28,0x29,0x7b,0x63,0x6f,0x6e,0x73,0x74,0x20,0x74,0x3d,
0x64,0x6f,0x63,0x75,0x6d,0x65,0x6e,0x74,0x2e,0x63,0x72,0x65,0x61,0x74,0x65,0x45,0x6c,0x65,0x6d,0x65,
0x6e,0x74,0x28,0x22,0x6c,0x69,0x6e,0x6b,0x22,0x29,0x2e,0x72,0x65,0x6c,0x4c,0x69,0x73,0x74,0x3b,0x69,
0x66,0x28,0x74,0x26,0x26,0x74,0x2e,0x73,0x75,0x70,0x70,0x6f,0x72,0x74,0x73,0x26,0x26,0x74,0x2e,0x73,
0x75,0x70,0x70,0x6f,0x72,0x74,0x73,0x28,0x22,0x6d,0x6f,0x64,0x75,0x6c,0x65,0x70,0x72,0x65,0x6c,0x6f,
0x61,0x64,0x22,0x29,0x29,0x72,0x65,0x74,0x75,0x72,0x6e,0x3b,0x66,0x6f,0x72,0x28,0x63,0x6f,0x6e,0x73,
0x74,0x20,0x65,0x20,0x6f,0x66,0x20,0x64,0x6f,0x63,0x75,0x6d,0x65,0x6e,0x74,0x2e,0x71,0x75,0x65,0x72,
0x79,0x53,0x65,0x6c,0x65,0x63,0x74,0x6f,0x72,0x41,0x6c,0x6c,0x28,0x27,0x6c,0x69,0x6e,0x6b,0x5b,0x72,
0x65,0x6c,0x3d,0x22,0x6d,0x6f,0x64,0x75,0x6c,0x65,0x70,0x72,0x65,0x6c,0x6f,0x61,0x64,0x22,0x5d,0x27,
0x29,0x29,0x69,0x28,0x65,0x29,0x3b,0x6e,0x65,0x77,0x20,0x4d,0x75,0x74,0x61,0x74,0x69,0x6f,0x6e,0x4f,
0x62,0x73,0x65,0x72,0x76,0x65,0x72,0x28,0x65,0x3d,0x3e,0x7b,0x66,0x6f,0x72,0x28,0x63,0x6f,0x6e,0x73,
0x74,0x20,0x72,0x20,0x6f,0x66,0x20,0x65,0x29,0x69,0x66,0x28,0x72,0x2e,0x74,0x79,0x70,0x65,0x3d,0x3d,
0x3d,0x22,0x63,0x68,0x69,0x6c,0x64,0x4c,0x69,0x73,0x74,0x22,0x29,0x66,0x6f,0x72,0x28,0x63,0x6f,0x6e,
0x73,0x74,0x20,0x6f,0x20,0x6f,0x66,0x20,0x72,0x2e,0x61,0x64,0x64,0x65,0x64,0x4e,0x6f,0x64,0x65,0x73,
0x29,0x6f,0x2e,0x74,0x61,0x67,0x4e,0x61,0x6d,0x65,0x3d,0x3d,0x3d,0x22,0x4c,0x49,0x4e,0x4b,0x22,0x26,
0x26,0x6f,0x2e,0x72,0x65,0x6c,0x3d,0x3d,0x3d,0x22,0x6d,0x6f,0x64,0x75,0x6c,0x65,0x70,0x72,0x65,0x6c,
0x6f,0x61,0x64,0x22,0x26,0x26,0x69,0x28,0x6f,0x29,0x7d,0x29,0x2e,0x6f,0x62,0x73,0x65,0x72,0x76,0x65,
0x28,0x64,0x6f,0x63,0x75,0x6d,0x65,0x6e,0x74,0x2c,0x7b,0x63,0x68,0x69,0x6c,0x64,0x4c,0x69,0x73,0x74,
0x3a,0x21,0x30,0x2c,0x73,0x75,0x62,0x74,0x72,0x65,0x65,0x3a,0x21,0x30,0x7d,0x29,0x3b,0x66,0x75,0x6e,
0x63,0x74,0x69,0x6f,0x6e,0x20,0x73,0x28,0x65,0x29,0x7b,0x63,0x6f,0x6e,0x73,0x74,0x20,0x72,0x3d,0x7b,
0x7d,0x3b,0x72,0x65,0x74,0x75,0x72,0x6e,0x20,0x65,0x2e,0x69,0x6e,0x74,0x65,0x67,0x72,0x69,0x74,0x79,
0x26,0x26,0x28,0x72,0x2e,0x69,0x6e,0x74,0x65,0x67,0x72,0x69,0x74,0x79,0x3d,0x65,0x2e,0x69,0x6e,0x74,
0x65,0x67,0x72,0x69,0x74,0x79,0x29,0x2c,0x65,0x2e,0x72,0x65,0x66,0x65,0x72,0x72,0x65,0x72,0x50,0x6f,
0x6c,0x69,0x63,0x79,0x26,0x26,0x28,0x72,0x2e,0x72,0x65,0x66,0x65,0x72,0x72,0x65,0x72,0x50,0x6f,0x6c,
0x69,0x63,0x79,0x3d,0x65,0x2e,0x72,0x65,0x66,0x65,0x72,0x72,0x65,0x72,0x50,0x6f,0x6c,0x69,0x63,0x79,
0x29,0x2c,0x65,0x2e,0x63,0x72,0x6f,0x73,0x73,0x4f,0x72,0x69,0x67,0x69,0x6e,0x3d,0x3d,0x3d,0x22,0x75,
0x73,0x65,0x2d,0x63,0x72,0x65,0x64,0x65,0x6e,0x74,0x69,0x61,0x6c,0x73,0x22,0x3f,0x72,0x2e,0x63,0x72,
0x65,0x64,0x65,0x6e,0x74,0x69,0x61,0x6c,0x73,0x3d,0x22,0x69,0x6e,0x63,0x6c,0x75,0x64,0x65,0x22,0x3a,
0x65,0x2e,0x63,0x72,0x6f,0x73,0x73,0x4f,0x72,0x69,0x67,0x69,0x6e,0x3d,0x3d,0x3d,0x22,0x61,0x6e,0x6f,
0x6e,0x79,0x6d,0x6f,0x75,0x73,0x22,0x3f,0x72,0x2e,0x63,0x72,0x65,0x64,0x65,0x6e,0x74,0x69,0x61,0x6c,
0x73,0x3d,0x22,0x6f,0x6d,0x69,0x74,0x22,0x3a,0x72,0x2e,0x63,0x72,0x65,0x64,0x65,0x6e,0x74,0x69,0x61,
0x6c,0x73,0x3d,0x22,0x73,0x61,0x6d,0x65,0x2d,0x6f,0x72,0x69,0x67,0x69,0x6e,0x22,0x2c,0x72,0x7d,0x66,
0x75,0x6e,0x63,0x74,0x69,0x6f,0x6e,0x20,0x69,0x28,0x65,0x29,0x7b,0x69,0x66,0x28,0x65,0x2e,0x65,0x70,
0x29,0x72,0x65,0x74,0x75,0x72,0x6e,0x3b,0x65,0x2e,0x65,0x70,0x3d,0x21,0x30,0x3b,0x63,0x6f,0x6e,0x73,
0x74,0x20,0x72,0x3d,0x73,0x28,0x65,0x29,0x3b,0x66,0x65,0x74,0x63,0x68,0x28,0x65,0x2e,0x68,0x72,0x65,
0x66,0x2c,0x72,0x29,0x7d,0x7d,0x29,0x28,0x29,0x3b,0x0a };
//File: settings-BgHX5jLb.js
const uint16_t settings_BgHX5jLb_js_length = 6952;
const char settings_BgHX5jLb_js[] PROGMEM = { 
0x69,0x6d,0x70,0x6f,0x72,0x74,0x22,0x2e,0x2f,0x6d,0x6f,0x64,0x75,0x6c,0x65,0x70,0x72,0x65,0x6c,0x6f,
0x61,0x64,0x2d,0x70,0x6f,0x6c,0x79,0x66,0x69,0x6c,0x6c,0x2d,0x42,0x35,0x51,0x74,0x39,0x45,0x4d,0x58,
0x2e,0x6a,0x73,0x22,0x3b,0x63,0x6f,0x6e,0x73,0x74,0x20,0x49,0x3d,0x22,0x6d,0x6b,0x65,0x2d,0x73,0x65,
0x74,0x74,0x69,0x6e,0x67,0x73,0x2d,0x6c,0x61,0x6e,0x67,0x22,0x2c,0x69,0x3d,0x7b,0x65,0x6e,0x3a,0x7b,
0x62,0x61,0x63,0x6b,0x42,0x75,0x74,0x74,0x6f,0x6e,0x3a,0x22,0x00,0x20,0x42,0x61,0x63,0x6b,0x22,0x2c,
0x70,0x61,0x67,0x65,0x54,0x69,0x74,0x6c,0x65,0x3a,0x22,0x53,0x65,0x74,0x74,0x69,0x6e,0x67,0x73,0x22,
0x2c,0x77,0x69,0x66,0x69,0x48,0x65,0x61,0x64,0x69,0x6e,0x67,0x3a,0x22,0x57,0x69,0x46,0x69,0x22,0x2c,
0x61,0x70,0x4d,0x6f,0x64,0x65,0x53,0x77,0x69,0x74,0x63,0x68,0x4c,0x61,0x62,0x65,0x6c,0x3a,0x22,0x41,
0x63,0x63,0x65,0x73,0x73,0x20,0x50,0x6f,0x69,0x6e,0x74,0x22,0x2c,0x73,0x74,0x61,0x4d,0x6f,0x64,0x65,
0x53,0x77,0x69,0x74,0x63,0x68,0x4c,0x61,0x62,0x65,0x6c,0x3a,0x22,0x53,0x74,0x61,0x74,0x69,0x6f,0x6e,
0x22,0x2c,0x61,0x70,0x46,0x61,0x6c,0x6c,0x62,0x61,0x63,0x6b,0x4e,0x6f,0x74,0x65,0x3a,0x22,0x20,0x28,
0x66,0x61,0x6c,0x6c,0x62,0x61,0x63,0x6b,0x29,0x22,0x2c,0x61,0x70,0x4d,0x6f,0x64,0x65,0x45,0x78,0x70,
0x6c,0x61,0x6e,0x61,0x74,0x69,0x6f,0x6e,0x3a,0x22,0x59,0x6f,0x75,0x72,0x20,0x70,0x68,0x6f,0x6e,0x65,
0x20,0x63,0x6f,0x6e,0x6e,0x65,0x63,0x74,0x73,0x20,0x73,0x74,0x72,0x61,0x69,0x67,0x68,0x74,0x20,0x74,
0x6f,0x20,0x74,0x68,0x65,0x20,0x62,0x6f,0x61,0x74,0x27,0x73,0x20,0x6f,0x77,0x6e,0x20,0x57,0x69,0x46,
0x69,0x20,0x6e,0x65,0x74,0x77,0x6f,0x72,0x6b,0x20,0x2d,0x20,0x6e,0x6f,0x20,0x72,0x6f,0x75,0x74,0x65,
0x72,0x20,0x6e,0x65,0x65,0x64,0x65,0x64,0x2e,0x20,0x42,0x65,0x73,0x74,0x20,0x77,0x68,0x65,0x6e,0x20,
0x79,0x6f,0x75,0x27,0x72,0x65,0x20,0x61,0x77,0x61,0x79,0x20,0x66,0x72,0x6f,0x6d,0x20,0x68,0x6f,0x6d,
0x65,0x2c,0x20,0x77,0x69,0x74,0x68,0x20,0x6e,0x6f,0x20,0x57,0x69,0x46,0x69,0x20,0x61,0x72,0x6f,0x75,
0x6e,0x64,0x2e,0x22,0x2c,0x73,0x74,0x61,0x4d,0x6f,0x64,0x65,0x45,0x78,0x70,0x6c,0x61,0x6e,0x61,0x74,
0x69,0x6f,0x6e,0x3a,0x22,0x54,0x68,0x65,0x20,0x62,0x6f,0x61,0x74,0x20,0x6a,0x6f,0x69,0x6e,0x73,0x20,
0x79,0x6f,0x75,0x72,0x20,0x65,0x78,0x69,0x73,0x74,0x69,0x6e,0x67,0x20,0x57,0x69,0x46,0x69,0x20,0x6e,
0x65,0x74,0x77,0x6f,0x72,0x6b,0x2c,0x20,0x73,0x6f,0x20,0x79,0x6f,0x75,0x72,0x20,0x70,0x68,0x6f,0x6e,
0x65,0x20,0x72,0x65,0x61,0x63,0x68,0x65,0x73,0x20,0x69,0x74,0x20,0x74,0x68,0x72,0x6f,0x75,0x67,0x68,
0x20,0x79,0x6f,0x75,0x72,0x20,0x72,0x6f,0x75,0x74,0x65,0x72,0x2e,0x20,0x48,0x61,0x6e,0x64,0x79,0x20,
0x66,0x6f,0x72,0x20,0x74,0x65,0x73,0x74,0x69,0x6e,0x67,0x20,0x61,0x74,0x20,0x68,0x6f,0x6d,0x65,0x2c,
0x20,0x62,0x75,0x74,0x20,0x6b,0x65,0x65,0x70,0x73,0x20,0x74,0x68,0x65,0x20,0x62,0x6f,0x61,0x74,0x20,
0x77,0x69,0x74,0x68,0x69,0x6e,0x20,0x74,0x68,0x61,0x74,0x20,0x6e,0x65,0x74,0x77,0x6f,0x72,0x6b,0x27,
0x73,0x20,0x72,0x61,0x6e,0x67,0x65,0x2e,0x22,0x2c,0x61,0x70,0x53,0x65,0x74,0x74,0x69,0x6e,0x67,0x73,
0x48,0x65,0x61,0x64,0x69,0x6e,0x67,0x3a,0x22,0x41,0x63,0x63,0x65,0x73,0x73,0x20,0x50,0x6f,0x69,0x6e,
0x74,0x20,0x53,0x65,0x74,0x74,0x69,0x6e,0x67,0x73,0x22,0x2c,0x61,0x70,0x53,0x73,0x69,0x64,0x4c,0x61,
0x62,0x65,0x6c,0x3a,0x22,0x42,0x6f,0x61,0x74,0x20,0x57,0x69,0x46,0x69,0x20,0x4e,0x61,0x6d,0x65,0x20,
0x28,0x41,0x50,0x20,0x4d,0x6f,0x64,0x65,0x29,0x22,0x2c,0x61,0x70,0x50,0x61,0x73,0x73,0x77,0x6f,0x72,
0x64,0x4c,0x61,0x62,0x65,0x6c,0x3a,0x22,0x42,0x6f,0x61,0x74,0x20,0x57,0x69,0x46,0x69,0x20,0x50,0x61,
0x73,0x73,0x77,0x6f,0x72,0x64,0x20,0x28,0x41,0x50,0x20,0x4d,0x6f,0x64,0x65,0x29,0x22,0x2c,0x73,0x74,
0x61,0x53,0x65,0x74,0x74,0x69,0x6e,0x67,0x73,0x48,0x65,0x61,0x64,0x69,0x6e,0x67,0x3a,0x22,0x53,0x74,
0x61,0x74,0x69,0x6f,0x6e,0x20,0x53,0x65,0x74,0x74,0x69,0x6e,0x67,0x73,0x22,0x2c,0x73,0x74,0x61,0x53,
0x73,0x69,0x64,0x4c,0x61,0x62,0x65,0x6c,0x3a,0x22,0x57,0x69,0x46,0x69,0x20,0x4e,0x65,0x74,0x77,0x6f,
0x72,0x6b,0x20,0x4e,0x61,0x6d,0x65,0x20,0x28,0x53,0x74,0x61,0x74,0x69,0x6f,0x6e,0x20,0x4d,0x6f,0x64,
0x65,0x29,0x22,0x2c,0x73,0x74,0x61,0x50,0x61,0x73,0x73,0x77,0x6f,0x72,0x64,0x4c,0x61,0x62,0x65,0x6c,
0x3a,0x22,0x57,0x69,0x46,0x69,0x20,0x4e,0x65,0x74,0x77,0x6f,0x72,0x6b,0x20,0x50,0x61,0x73,0x73,0x77,
0x6f,0x72,0x64,0x20,0x28,0x53,0x74,0x61,0x74,0x69,0x6f,0x6e,0x20,0x4d,0x6f,0x64,0x65,0x29,0x22,0x2c,
0x70,0x69,0x6e,0x73,0x48,0x65,0x61,0x64,0x69,0x6e,0x67,0x3a,0x22,0x50,0x69,0x6e,0x73,0x22,0x2c,0x70,
0x69,0x6e,0x6f,0x75,0x74,0x43,0x61,0x70,0x74,0x69,0x6f,0x6e,0x3a,0x22,0x44,0x2d,0x70,0x69,0x6e,0x20,
0x73,0x69,0x6c,0x6b,0x73,0x63,0x72,0x65,0x65,0x6e,0x20,0x6c,0x61,0x62,0x65,0x6c,0x20,0x00,0x20,0x47,
0x50,0x49,0x4f,0x20,0x6e,0x75,0x6d,0x62,0x65,0x72,0x2e,0x20,0x55,0x73,0x65,0x20,0x74,0x68,0x65,0x20,
0x47,0x50,0x49,0x4f,0x20,0x6e,0x75,0x6d,0x62,0x65,0x72,0x20,0x69,0x6e,0x20,0x74,0x68,0x65,0x20,0x66,
0x69,0x65,0x6c,0x64,0x73,0x20,0x62,0x65,0x6c,0x6f,0x77,0x2e,0x22,0x2c,0x70,0x69,0x6e,0x6f,0x75,0x74,
0x52,0x65,0x73,0x65,0x72,0x76,0x65,0x64,0x4e,0x6f,0x74,0x65,0x3a,0x22,0x44,0x33,0x20,0x2f,0x20,0x47,
0x50,0x49,0x4f,0x30,0x20,0x69,0x73,0x20,0x75,0x73,0x65,0x64,0x20,0x66,0x6f,0x72,0x20,0x66,0x6c,0x61,
0x73,0x68,0x69,0x6e,0x67,0x20,0x00,0x20,0x61,0x76,0x6f,0x69,0x64,0x20,0x61,0x73,0x73,0x69,0x67,0x6e,
0x69,0x6e,0x67,0x20,0x69,0x74,0x22,0x2c,0x6d,0x6f,0x74,0x6f,0x72,0x45,0x6e,0x4c,0x61,0x62,0x65,0x6c,
0x3a,0x22,0x4d,0x6f,0x74,0x6f,0x72,0x20,0x45,0x6e,0x61,0x62,0x6c,0x65,0x20,0x50,0x69,0x6e,0x22,0x2c,
0x6d,0x6f,0x74,0x6f,0x72,0x49,0x6e,0x31,0x4c,0x61,0x62,0x65,0x6c,0x3a,0x22,0x4d,0x6f,0x74,0x6f,0x72,
0x20,0x49,0x6e,0x31,0x20,0x50,0x69,0x6e,0x22,0x2c,0x6d,0x6f,0x74,0x6f,0x72,0x49,0x6e,0x32,0x4c,0x61,
0x62,0x65,0x6c,0x3a,0x22,0x4d,0x6f,0x74,0x6f,0x72,0x20,0x49,0x6e,0x32,0x20,0x50,0x69,0x6e,0x22,0x2c,
0x6d,0x6f,0x74,0x6f,0x72,0x49,0x6e,0x33,0x4c,0x61,0x62,0x65,0x6c,0x3a,0x22,0x4d,0x6f,0x74,0x6f,0x72,
0x20,0x49,0x6e,0x33,0x20,0x50,0x69,0x6e,0x22,0x2c,0x6d,0x6f,0x74,0x6f,0x72,0x49,0x6e,0x34,0x4c,0x61,
0x62,0x65,0x6c,0x3a,0x22,0x4d,0x6f,0x74,0x6f,0x72,0x20,0x49,0x6e,0x34,0x20,0x50,0x69,0x6e,0x22,0x2c,
0x6c,0x65,0x64,0x50,0x69,0x6e,0x4c,0x61,0x62,0x65,0x6c,0x3a,0x22,0x4c,0x45,0x44,0x20,0x50,0x69,0x6e,
0x22,0x2c,0x6c,0x65,0x64,0x43,0x6f,0x75,0x6e,0x74,0x4c,0x61,0x62,0x65,0x6c,0x3a,0x22,0x4c,0x45,0x44,
0x20,0x43,0x6f,0x75,0x6e,0x74,0x22,0x2c,0x72,0x65,0x73,0x65,0x74,0x50,0x69,0x6e,0x73,0x42,0x75,0x74,
0x74,0x6f,0x6e,0x3a,0x22,0x52,0x65,0x73,0x65,0x74,0x20,0x50,0x69,0x6e,0x73,0x20,0x74,0x6f,0x20,0x44,
0x65,0x66,0x61,0x75,0x6c,0x74,0x73,0x22,0x2c,0x70,0x69,0x6e,0x56,0x61,0x6c,0x69,0x64,0x61,0x74,0x69,
0x6f,0x6e,0x4d,0x65,0x73,0x73,0x61,0x67,0x65,0x3a,0x22,0x4e,0x6f,0x74,0x20,0x61,0x20,0x47,0x50,0x49,
0x4f,0x20,0x70,0x69,0x6e,0x20,0x6f,0x6e,0x20,0x74,0x68,0x69,0x73,0x20,0x62,0x6f,0x61,0x72,0x64,0x20,
0x2d,0x20,0x73,0x65,0x65,0x20,0x74,0x68,0x65,0x20,0x70,0x69,0x6e,0x6f,0x75,0x74,0x20,0x64,0x69,0x61,
0x67,0x72,0x61,0x6d,0x20,0x61,0x62,0x6f,0x76,0x65,0x2e,0x22,0x2c,0x73,0x61,0x76,0x65,0x42,0x75,0x74,
0x74,0x6f,0x6e,0x3a,0x22,0x53,0x61,0x76,0x65,0x22,0x2c,0x73,0x73,0x69,0x64,0x50,0x6c,0x61,0x63,0x65,
0x68,0x6f,0x6c,0x64,0x65,0x72,0x3a,0x22,0x73,0x73,0x69,0x64,0x22,0x2c,0x70,0x61,0x73,0x73,0x77,0x6f,
0x72,0x64,0x50,0x6c,0x61,0x63,0x65,0x68,0x6f,0x6c,0x64,0x65,0x72,0x3a,0x22,0x70,0x61,0x73,0x73,0x77,
0x6f,0x72,0x64,0x22,0x2c,0x73,0x74,0x61,0x74,0x75,0x73,0x4c,0x6f,0x61,0x64,0x46,0x61,0x69,0x6c,0x65,
0x64,0x3a,0x22,0x46,0x61,0x69,0x6c,0x65,0x64,0x20,0x74,0x6f,0x20,0x6c,0x6f,0x61,0x64,0x20,0x73,0x65,
0x74,0x74,0x69,0x6e,0x67,0x73,0x2e,0x22,0x2c,0x73,0x74,0x61,0x74,0x75,0x73,0x53,0x61,0x76,0x69,0x6e,
0x67,0x3a,0x22,0x53,0x61,0x76,0x69,0x6e,0x67,0x2e,0x2e,0x2e,0x22,0x2c,0x73,0x74,0x61,0x74,0x75,0x73,
0x53,0x61,0x76,0x65,0x64,0x52,0x65,0x62,0x6f,0x6f,0x74,0x69,0x6e,0x67,0x3a,0x22,0x53,0x61,0x76,0x65,
0x64,0x2c,0x20,0x72,0x65,0x62,0x6f,0x6f,0x74,0x69,0x6e,0x67,0x2e,0x2e,0x2e,0x22,0x2c,0x73,0x74,0x61,
0x74,0x75,0x73,0x49,0x6e,0x76,0x61,0x6c,0x69,0x64,0x50,0x69,0x6e,0x73,0x3a,0x22,0x46,0x69,0x78,0x20,
0x74,0x68,0x65,0x20,0x68,0x69,0x67,0x68,0x6c,0x69,0x67,0x68,0x74,0x65,0x64,0x20,0x50,0x69,0x6e,0x20,
0x66,0x69,0x65,0x6c,0x64,0x73,0x20,0x62,0x65,0x66,0x6f,0x72,0x65,0x20,0x73,0x61,0x76,0x69,0x6e,0x67,
0x2e,0x22,0x7d,0x2c,0x64,0x65,0x3a,0x7b,0x62,0x61,0x63,0x6b,0x42,0x75,0x74,0x74,0x6f,0x6e,0x3a,0x22,
0x00,0x20,0x5a,0x75,0x72,0x00,0x63,0x6b,0x22,0x2c,0x70,0x61,0x67,0x65,0x54,0x69,0x74,0x6c,0x65,0x3a,
0x22,0x45,0x69,0x6e,0x73,0x74,0x65,0x6c,0x6c,0x75,0x6e,0x67,0x65,0x6e,0x22,0x2c,0x77,0x69,0x66,0x69,
0x48,0x65,0x61,0x64,0x69,0x6e,0x67,0x3a,0x22,0x57,0x4c,0x41,0x4e,0x22,0x2c,0x61,0x70,0x4d,0x6f,0x64,
0x65,0x53,0x77,0x69,0x74,0x63,0x68,0x4c,0x61,0x62,0x65,0x6c,0x3a,0x22,0x41,0x63,0x63,0x65,0x73,0x73,
0x20,0x50,0x6f,0x69,0x6e,0x74,0x22,0x2c,0x73,0x74,0x61,0x4d,0x6f,0x64,0x65,0x53,0x77,0x69,0x74,0x63,
0x68,0x4c,0x61,0x62,0x65,0x6c,0x3a,0x22,0x53,0x74,0x61,0x74,0x69,0x6f,0x6e,0x22,0x2c,0x61,0x70,0x46,
0x61,0x6c,0x6c,0x62,0x61,0x63,0x6b,0x4e,0x6f,0x74,0x65,0x3a,0x22,0x20,0x28,0x46,0x61,0x6c,0x6c,0x62,
0x61,0x63,0x6b,0x29,0x22,0x2c,0x61,0x70,0x4d,0x6f,0x64,0x65,0x45,0x78,0x70,0x6c,0x61,0x6e,0x61,0x74,
0x69,0x6f,0x6e,0x3a,0x22,0x44,0x65,0x69,0x6e,0x20,0x48,0x61,0x6e,0x64,0x79,0x20,0x76,0x65,0x72,0x62,
0x69,0x6e,0x64,0x65,0x74,0x20,0x73,0x69,0x63,0x68,0x20,0x64,0x69,0x72,0x65,0x6b,0x74,0x20,0x6d,0x69,
0x74,0x20,0x64,0x65,0x6d,0x20,0x65,0x69,0x67,0x65,0x6e,0x65,0x6e,0x20,0x57,0x4c,0x41,0x4e,0x20,0x64,
0x65,0x73,0x20,0x42,0x6f,0x6f,0x74,0x73,0x20,0x2d,0x20,0x6b,0x65,0x69,0x6e,0x20,0x52,0x6f,0x75,0x74,
0x65,0x72,0x20,0x6e,0x00,0x74,0x69,0x67,0x2e,0x20,0x41,0x6d,0x20,0x62,0x65,0x73,0x74,0x65,0x6e,0x20,
0x67,0x65,0x65,0x69,0x67,0x6e,0x65,0x74,0x2c,0x20,0x77,0x65,0x6e,0x6e,0x20,0x6b,0x65,0x69,0x6e,0x20,
0x57,0x4c,0x41,0x4e,0x20,0x69,0x6e,0x20,0x64,0x65,0x72,0x20,0x4e,0x00,0x68,0x65,0x20,0x69,0x73,0x74,
0x2e,0x22,0x2c,0x73,0x74,0x61,0x4d,0x6f,0x64,0x65,0x45,0x78,0x70,0x6c,0x61,0x6e,0x61,0x74,0x69,0x6f,
0x6e,0x3a,0x22,0x44,0x61,0x73,0x20,0x42,0x6f,0x6f,0x74,0x20,0x76,0x65,0x72,0x62,0x69,0x6e,0x64,0x65,
0x74,0x20,0x73,0x69,0x63,0x68,0x20,0x6d,0x69,0x74,0x20,0x64,0x65,0x69,0x6e,0x65,0x6d,0x20,0x62,0x65,
0x73,0x74,0x65,0x68,0x65,0x6e,0x64,0x65,0x6e,0x20,0x57,0x4c,0x41,0x4e,0x2c,0x20,0x73,0x6f,0x64,0x61,
0x73,0x73,0x20,0x64,0x65,0x69,0x6e,0x20,0x48,0x61,0x6e,0x64,0x79,0x20,0x00,0x62,0x65,0x72,0x20,0x64,
0x65,0x69,0x6e,0x65,0x6e,0x20,0x52,0x6f,0x75,0x74,0x65,0x72,0x20,0x6d,0x69,0x74,0x20,0x69,0x68,0x6d,
0x20,0x73,0x70,0x72,0x69,0x63,0x68,0x74,0x2e,0x20,0x50,0x72,0x61,0x6b,0x74,0x69,0x73,0x63,0x68,0x20,
0x7a,0x75,0x6d,0x20,0x54,0x65,0x73,0x74,0x65,0x6e,0x20,0x7a,0x75,0x20,0x48,0x61,0x75,0x73,0x65,0x2c,
0x20,0x62,0x69,0x6e,0x64,0x65,0x74,0x20,0x64,0x61,0x73,0x20,0x42,0x6f,0x6f,0x74,0x20,0x61,0x62,0x65,
0x72,0x20,0x61,0x6e,0x20,0x64,0x69,0x65,0x20,0x52,0x65,0x69,0x63,0x68,0x77,0x65,0x69,0x74,0x65,0x20,
0x64,0x69,0x65,0x73,0x65,0x73,0x20,0x4e,0x65,0x74,0x7a,0x77,0x65,0x72,0x6b,0x73,0x2e,0x22,0x2c,0x61,
0x70,0x53,0x65,0x74,0x74,0x69,0x6e,0x67,0x73,0x48,0x65,0x61,0x64,0x69,0x6e,0x67,0x3a,0x22,0x41,0x63,
0x63,0x65,0x73,0x73,0x2d,0x50,0x6f,0x69,0x6e,0x74,0x2d,0x45,0x69,0x6e,0x73,0x74,0x65,0x6c,0x6c,0x75,
0x6e,0x67,0x65,0x6e,0x22,0x2c,0x61,0x70,0x53,0x73,0x69,0x64,0x4c,0x61,0x62,0x65,0x6c,0x3a,0x22,0x42,
0x6f,0x6f,0x74,0x2d,0x57,0x4c,0x41,0x4e,0x20,0x4e,0x61,0x6d,0x65,0x20,0x28,0x41,0x50,0x2d,0x4d,0x6f,
0x64,0x75,0x73,0x29,0x22,0x2c,0x61,0x70,0x50,0x61,0x73,0x73,0x77,0x6f,0x72,0x64,0x4c,0x61,0x62,0x65,
0x6c,0x3a,0x22,0x42,0x6f,0x6f,0x74,0x2d,0x57,0x4c,0x41,0x4e,0x20,0x50,0x61,0x73,0x73,0x77,0x6f,0x72,
0x74,0x20,0x28,0x41,0x50,0x2d,0x4d,0x6f,0x64,0x75,0x73,0x29,0x22,0x2c,0x73,0x74,0x61,0x53,0x65,0x74,
0x74,0x69,0x6e,0x67,0x73,0x48,0x65,0x61,0x64,0x69,0x6e,0x67,0x3a,0x22,0x53,0x74,0x61,0x74,0x69,0x6f,
0x6e,0x73,0x65,0x69,0x6e,0x73,0x74,0x65,0x6c,0x6c,0x75,0x6e,0x67,0x65,0x6e,0x22,0x2c,0x73,0x74,0x61,
0x53,0x73,0x69,0x64,0x4c,0x61,0x62,0x65,0x6c,0x3a,0x22,0x57,0x4c,0x41,0x4e,0x2d,0x4e,0x65,0x74,0x7a,
0x77,0x65,0x72,0x6b,0x20,0x4e,0x61,0x6d,0x65,0x20,0x28,0x53,0x74,0x61,0x74,0x69,0x6f,0x6e,0x73,0x6d,
0x6f,0x64,0x75,0x73,0x29,0x22,0x2c,0x73,0x74,0x61,0x50,0x61,0x73,0x73,0x77,0x6f,0x72,0x64,0x4c,0x61,
0x62,0x65,0x6c,0x3a,0x22,0x57,0x4c,0x41,0x4e,0x2d,0x4e,0x65,0x74,0x7a,0x77,0x65,0x72,0x6b,0x20,0x50,
0x61,0x73,0x73,0x77,0x6f,0x72,0x74,0x20,0x28,0x53,0x74,0x61,0x74,0x69,0x6f,0x6e,0x73,0x6d,0x6f,0x64,
0x75,0x73,0x29,0x22,0x2c,0x70,0x69,0x6e,0x73,0x48,0x65,0x61,0x64,0x69,0x6e,0x67,0x3a,0x22,0x50,0x69,
0x6e,0x73,0x22,0x2c,0x70,0x69,0x6e,0x6f,0x75,0x74,0x43,0x61,0x70,0x74,0x69,0x6f,0x6e,0x3a,0x22,0x44,
0x2d,0x50,0x69,0x6e,0x2d,0x41,0x75,0x66,0x64,0x72,0x75,0x63,0x6b,0x20,0x00,0x20,0x47,0x50,0x49,0x4f,
0x2d,0x4e,0x75,0x6d,0x6d,0x65,0x72,0x2e,0x20,0x44,0x69,0x65,0x20,0x47,0x50,0x49,0x4f,0x2d,0x4e,0x75,
0x6d,0x6d,0x65,0x72,0x20,0x69,0x6e,0x20,0x64,0x69,0x65,0x20,0x46,0x65,0x6c,0x64,0x65,0x72,0x20,0x75,
0x6e,0x74,0x65,0x6e,0x20,0x65,0x69,0x6e,0x74,0x72,0x61,0x67,0x65,0x6e,0x2e,0x22,0x2c,0x70,0x69,0x6e,
0x6f,0x75,0x74,0x52,0x65,0x73,0x65,0x72,0x76,0x65,0x64,0x4e,0x6f,0x74,0x65,0x3a,0x22,0x44,0x33,0x20,
0x2f,0x20,0x47,0x50,0x49,0x4f,0x30,0x20,0x77,0x69,0x72,0x64,0x20,0x7a,0x75,0x6d,0x20,0x46,0x6c,0x61,
0x73,0x68,0x65,0x6e,0x20,0x76,0x65,0x72,0x77,0x65,0x6e,0x64,0x65,0x74,0x20,0x00,0x20,0x6e,0x69,0x63,
0x68,0x74,0x20,0x62,0x65,0x6c,0x65,0x67,0x65,0x6e,0x22,0x2c,0x6d,0x6f,0x74,0x6f,0x72,0x45,0x6e,0x4c,
0x61,0x62,0x65,0x6c,0x3a,0x22,0x4d,0x6f,0x74,0x6f,0x72,0x2d,0x45,0x6e,0x61,0x62,0x6c,0x65,0x2d,0x50,
0x69,0x6e,0x22,0x2c,0x6d,0x6f,0x74,0x6f,0x72,0x49,0x6e,0x31,0x4c,0x61,0x62,0x65,0x6c,0x3a,0x22,0x4d,
0x6f,0x74,0x6f,0x72,0x2d,0x49,0x6e,0x31,0x2d,0x50,0x69,0x6e,0x22,0x2c,0x6d,0x6f,0x74,0x6f,0x72,0x49,
0x6e,0x32,0x4c,0x61,0x62,0x65,0x6c,0x3a,0x22,0x4d,0x6f,0x74,0x6f,0x72,0x2d,0x49,0x6e,0x32,0x2d,0x50,
0x69,0x6e,0x22,0x2c,0x6d,0x6f,0x74,0x6f,0x72,0x49,0x6e,0x33,0x4c,0x61,0x62,0x65,0x6c,0x3a,0x22,0x4d,
0x6f,0x74,0x6f,0x72,0x2d,0x49,0x6e,0x33,0x2d,0x50,0x69,0x6e,0x22,0x2c,0x6d,0x6f,0x74,0x6f,0x72,0x49,
0x6e,0x34,0x4c,0x61,0x62,0x65,0x6c,0x3a,0x22,0x4d,0x6f,0x74,0x6f,0x72,0x2d,0x49,0x6e,0x34,0x2d,0x50,
0x69,0x6e,0x22,0x2c,0x6c,0x65,0x64,0x50,0x69,0x6e,0x4c,0x61,0x62,0x65,0x6c,0x3a,0x22,0x4c,0x45,0x44,
0x2d,0x50,0x69,0x6e,0x22,0x2c,0x6c,0x65,0x64,0x43,0x6f,0x75,0x6e,0x74,0x4c,0x61,0x62,0x65,0x6c,0x3a,
0x22,0x4c,0x45,0x44,0x2d,0x41,0x6e,0x7a,0x61,0x68,0x6c,0x22,0x2c,0x72,0x65,0x73,0x65,0x74,0x50,0x69,
0x6e,0x73,0x42,0x75,0x74,0x74,0x6f,0x6e,0x3a,0x22,0x50,0x69,0x6e,0x73,0x20,0x61,0x75,0x66,0x20,0x53,
0x74,0x61,0x6e,0x64,0x61,0x72,0x64,0x77,0x65,0x72,0x74,0x65,0x20,0x7a,0x75,0x72,0x00,0x63,0x6b,0x73,
0x65,0x74,0x7a,0x65,0x6e,0x22,0x2c,0x70,0x69,0x6e,0x56,0x61,0x6c,0x69,0x64,0x61,0x74,0x69,0x6f,0x6e,
0x4d,0x65,0x73,0x73,0x61,0x67,0x65,0x3a,0x22,0x4b,0x65,0x69,0x6e,0x20,0x47,0x50,0x49,0x4f,0x2d,0x50,
0x69,0x6e,0x20,0x61,0x75,0x66,0x20,0x64,0x69,0x65,0x73,0x65,0x6d,0x20,0x42,0x6f,0x61,0x72,0x64,0x20,
0x2d,0x20,0x73,0x69,0x65,0x68,0x65,0x20,0x50,0x69,0x6e,0x6f,0x75,0x74,0x2d,0x44,0x69,0x61,0x67,0x72,
0x61,0x6d,0x6d,0x20,0x6f,0x62,0x65,0x6e,0x2e,0x22,0x2c,0x73,0x61,0x76,0x65,0x42,0x75,0x74,0x74,0x6f,
0x6e,0x3a,0x22,0x53,0x70,0x65,0x69,0x63,0x68,0x65,0x72,0x6e,0x22,0x2c,0x73,0x73,0x69,0x64,0x50,0x6c,
0x61,0x63,0x65,0x68,0x6f,0x6c,0x64,0x65,0x72,0x3a,0x22,0x73,0x73,0x69,0x64,0x22,0x2c,0x70,0x61,0x73,
0x73,0x77,0x6f,0x72,0x64,0x50,0x6c,0x61,0x63,0x65,0x68,0x6f,0x6c,0x64,0x65,0x72,0x3a,0x22,0x50,0x61,
0x73,0x73,0x77,0x6f,0x72,0x74,0x22,0x2c,0x73,0x74,0x61,0x74,0x75,0x73,0x4c,0x6f,0x61,0x64,0x46,0x61,
0x69,0x6c,0x65,0x64,0x3a,0x22,0x45,0x69,0x6e,0x73,0x74,0x65,0x6c,0x6c,0x75,0x6e,0x67,0x65,0x6e,0x20,
0x6b,0x6f,0x6e,0x6e,0x74,0x65,0x6e,0x20,0x6e,0x69,0x63,0x68,0x74,0x20,0x67,0x65,0x6c,0x61,0x64,0x65,
0x6e,0x20,0x77,0x65,0x72,0x64,0x65,0x6e,0x2e,0x22,0x2c,0x73,0x74,0x61,0x74,0x75,0x73,0x53,0x61,0x76,
0x69,0x6e,0x67,0x3a,0x22,0x53,0x70,0x65,0x69,0x63,0x68,0x65,0x72,0x6e,0x2e,0x2e,0x2e,0x22,0x2c,0x73,
0x74,0x61,0x74,0x75,0x73,0x53,0x61,0x76,0x65,0x64,0x52,0x65,0x62,0x6f,0x6f,0x74,0x69,0x6e,0x67,0x3a,
0x22,0x47,0x65,0x73,0x70,0x65,0x69,0x63,0x68,0x65,0x72,0x74,0x2c,0x20,0x4e,0x65,0x75,0x73,0x74,0x61,
0x72,0x74,0x20,0x6c,0x00,0x75,0x66,0x74,0x2e,0x2e,0x2e,0x22,0x2c,0x73,0x74,0x61,0x74,0x75,0x73,0x49,
0x6e,0x76,0x61,0x6c,0x69,0x64,0x50,0x69,0x6e,0x73,0x3a,0x22,0x42,0x69,0x74,0x74,0x65,0x20,0x64,0x69,
0x65,0x20,0x6d,0x61,0x72,0x6b,0x69,0x65,0x72,0x74,0x65,0x6e,0x20,0x50,0x69,0x6e,0x2d,0x46,0x65,0x6c,
0x64,0x65,0x72,0x20,0x76,0x6f,0x72,0x20,0x64,0x65,0x6d,0x20,0x53,0x70,0x65,0x69,0x63,0x68,0x65,0x72,
0x6e,0x20,0x6b,0x6f,0x72,0x72,0x69,0x67,0x69,0x65,0x72,0x65,0x6e,0x2e,0x22,0x7d,0x7d,0x3b,0x66,0x75,
0x6e,0x63,0x74,0x69,0x6f,0x6e,0x20,0x67,0x28,0x29,0x7b,0x72,0x65,0x74,0x75,0x72,0x6e,0x20,0x6c,0x6f,
0x63,0x61,0x6c,0x53,0x74,0x6f,0x72,0x61,0x67,0x65,0x2e,0x67,0x65,0x74,0x49,0x74,0x65,0x6d,0x28,0x49,
0x29,0x7c,0x7c,0x22,0x65,0x6e,0x22,0x7d,0x66,0x75,0x6e,0x63,0x74,0x69,0x6f,0x6e,0x20,0x73,0x28,0x74,
0x29,0x7b,0x63,0x6f,0x6e,0x73,0x74,0x20,0x65,0x3d,0x67,0x28,0x29,0x3b,0x72,0x65,0x74,0x75,0x72,0x6e,
0x20,0x69,0x5b,0x65,0x5d,0x26,0x26,0x69,0x5b,0x65,0x5d,0x5b,0x74,0x5d,0x7c,0x7c,0x69,0x2e,0x65,0x6e,
0x5b,0x74,0x5d,0x7c,0x7c,0x74,0x7d,0x66,0x75,0x6e,0x63,0x74,0x69,0x6f,0x6e,0x20,0x45,0x28,0x74,0x29,
0x7b,0x64,0x6f,0x63,0x75,0x6d,0x65,0x6e,0x74,0x2e,0x64,0x6f,0x63,0x75,0x6d,0x65,0x6e,0x74,0x45,0x6c,
0x65,0x6d,0x65,0x6e,0x74,0x2e,0x6c,0x61,0x6e,0x67,0x3d,0x74,0x2c,0x64,0x6f,0x63,0x75,0x6d,0x65,0x6e,
0x74,0x2e,0x71,0x75,0x65,0x72,0x79,0x53,0x65,0x6c,0x65,0x63,0x74,0x6f,0x72,0x41,0x6c,0x6c,0x28,0x22,
0x5b,0x64,0x61,0x74,0x61,0x2d,0x69,0x31,0x38,0x6e,0x5d,0x22,0x29,0x2e,0x66,0x6f,0x72,0x45,0x61,0x63,
0x68,0x28,0x6e,0x3d,0x3e,0x7b,0x63,0x6f,0x6e,0x73,0x74,0x20,0x6f,0x3d,0x6e,0x2e,0x64,0x61,0x74,0x61,
0x73,0x65,0x74,0x2e,0x69,0x31,0x38,0x6e,0x3b,0x69,0x5b,0x74,0x5d,0x5b,0x6f,0x5d,0x26,0x26,0x28,0x6e,
0x2e,0x74,0x65,0x78,0x74,0x43,0x6f,0x6e,0x74,0x65,0x6e,0x74,0x3d,0x69,0x5b,0x74,0x5d,0x5b,0x6f,0x5d,
0x29,0x7d,0x29,0x2c,0x64,0x6f,0x63,0x75,0x6d,0x65,0x6e,0x74,0x2e,0x71,0x75,0x65,0x72,0x79,0x53,0x65,
0x6c,0x65,0x63,0x74,0x6f,0x72,0x41,0x6c,0x6c,0x28,0x22,0x5b,0x64,0x61,0x74,0x61,0x2d,0x69,0x31,0x38,
0x6e,0x2d,0x70,0x6c,0x61,0x63,0x65,0x68,0x6f,0x6c,0x64,0x65,0x72,0x5d,0x22,0x29,0x2e,0x66,0x6f,0x72,
0x45,0x61,0x63,0x68,0x28,0x6e,0x3d,0x3e,0x7b,0x63,0x6f,0x6e,0x73,0x74,0x20,0x6f,0x3d,0x6e,0x2e,0x64,
0x61,0x74,0x61,0x73,0x65,0x74,0x2e,0x69,0x31,0x38,0x6e,0x50,0x6c,0x61,0x63,0x65,0x68,0x6f,0x6c,0x64,
0x65,0x72,0x3b,0x69,0x5b,0x74,0x5d,0x5b,0x6f,0x5d,0x26,0x26,0x28,0x6e,0x2e,0x70,0x6c,0x61,0x63,0x65,
0x68,0x6f,0x6c,0x64,0x65,0x72,0x3d,0x69,0x5b,0x74,0x5d,0x5b,0x6f,0x5d,0x29,0x7d,0x29,0x3b,0x63,0x6f,
0x6e,0x73,0x74,0x20,0x65,0x3d,0x64,0x6f,0x63,0x75,0x6d,0x65,0x6e,0x74,0x2e,0x67,0x65,0x74,0x45,0x6c,
0x65,0x6d,0x65,0x6e,0x74,0x42,0x79,0x49,0x64,0x28,0x22,0x6c,0x61,0x6e,0x67,0x2d,0x74,0x6f,0x67,0x67,
0x6c,0x65,0x22,0x29,0x3b,0x65,0x26,0x26,0x28,0x65,0x2e,0x74,0x65,0x78,0x74,0x43,0x6f,0x6e,0x74,0x65,
0x6e,0x74,0x3d,0x74,0x3d,0x3d,0x3d,0x22,0x65,0x6e,0x22,0x3f,0x22,0x44,0x45,0x22,0x3a,0x22,0x45,0x4e,
0x22,0x29,0x7d,0x66,0x75,0x6e,0x63,0x74,0x69,0x6f,0x6e,0x20,0x77,0x28,0x74,0x29,0x7b,0x6c,0x6f,0x63,
0x61,0x6c,0x53,0x74,0x6f,0x72,0x61,0x67,0x65,0x2e,0x73,0x65,0x74,0x49,0x74,0x65,0x6d,0x28,0x49,0x2c,
0x74,0x29,0x2c,0x45,0x28,0x74,0x29,0x7d,0x63,0x6f,0x6e,0x73,0x74,0x20,0x62,0x3d,0x64,0x6f,0x63,0x75,
0x6d,0x65,0x6e,0x74,0x2e,0x67,0x65,0x74,0x45,0x6c,0x65,0x6d,0x65,0x6e,0x74,0x42,0x79,0x49,0x64,0x28,
0x22,0x6c,0x61,0x6e,0x67,0x2d,0x74,0x6f,0x67,0x67,0x6c,0x65,0x22,0x29,0x3b,0x62,0x26,0x26,0x62,0x2e,
0x61,0x64,0x64,0x45,0x76,0x65,0x6e,0x74,0x4c,0x69,0x73,0x74,0x65,0x6e,0x65,0x72,0x28,0x22,0x63,0x6c,
0x69,0x63,0x6b,0x22,0x2c,0x28,0x29,0x3d,0x3e,0x7b,0x77,0x28,0x67,0x28,0x29,0x3d,0x3d,0x3d,0x22,0x65,
0x6e,0x22,0x3f,0x22,0x64,0x65,0x22,0x3a,0x22,0x65,0x6e,0x22,0x29,0x7d,0x29,0x3b,0x45,0x28,0x67,0x28,
0x29,0x29,0x3b,0x63,0x6f,0x6e,0x73,0x74,0x20,0x72,0x3d,0x64,0x6f,0x63,0x75,0x6d,0x65,0x6e,0x74,0x2e,
0x67,0x65,0x74,0x45,0x6c,0x65,0x6d,0x65,0x6e,0x74,0x42,0x79,0x49,0x64,0x28,0x22,0x73,0x65,0x74,0x74,
0x69,0x6e,0x67,0x73,0x2d,0x66,0x6f,0x72,0x6d,0x22,0x29,0x2c,0x64,0x3d,0x64,0x6f,0x63,0x75,0x6d,0x65,
0x6e,0x74,0x2e,0x67,0x65,0x74,0x45,0x6c,0x65,0x6d,0x65,0x6e,0x74,0x42,0x79,0x49,0x64,0x28,0x22,0x73,
0x74,0x61,0x74,0x75,0x73,0x2d,0x6d,0x65,0x73,0x73,0x61,0x67,0x65,0x22,0x29,0x2c,0x53,0x3d,0x64,0x6f,
0x63,0x75,0x6d,0x65,0x6e,0x74,0x2e,0x67,0x65,0x74,0x45,0x6c,0x65,0x6d,0x65,0x6e,0x74,0x42,0x79,0x49,
0x64,0x28,0x22,0x61,0x70,0x4d,0x6f,0x64,0x65,0x22,0x29,0x2c,0x75,0x3d,0x64,0x6f,0x63,0x75,0x6d,0x65,
0x6e,0x74,0x2e,0x67,0x65,0x74,0x45,0x6c,0x65,0x6d,0x65,0x6e,0x74,0x42,0x79,0x49,0x64,0x28,0x22,0x61,
0x70,0x2d,0x6d,0x6f,0x64,0x65,0x2d,0x74,0x6f,0x67,0x67,0x6c,0x65,0x22,0x29,0x2c,0x79,0x3d,0x64,0x6f,
0x63,0x75,0x6d,0x65,0x6e,0x74,0x2e,0x67,0x65,0x74,0x45,0x6c,0x65,0x6d,0x65,0x6e,0x74,0x42,0x79,0x49,
0x64,0x28,0x22,0x6d,0x6f,0x64,0x65,0x2d,0x70,0x69,0x63,0x74,0x6f,0x67,0x72,0x61,0x6d,0x22,0x29,0x2c,
0x50,0x3d,0x64,0x6f,0x63,0x75,0x6d,0x65,0x6e,0x74,0x2e,0x67,0x65,0x74,0x45,0x6c,0x65,0x6d,0x65,0x6e,
0x74,0x42,0x79,0x49,0x64,0x28,0x22,0x6d,0x6f,0x64,0x65,0x2d,0x65,0x78,0x70,0x6c,0x61,0x6e,0x61,0x74,
0x69,0x6f,0x6e,0x22,0x29,0x2c,0x42,0x3d,0x64,0x6f,0x63,0x75,0x6d,0x65,0x6e,0x74,0x2e,0x67,0x65,0x74,
0x45,0x6c,0x65,0x6d,0x65,0x6e,0x74,0x42,0x79,0x49,0x64,0x28,0x22,0x61,0x70,0x2d,0x66,0x61,0x6c,0x6c,
0x62,0x61,0x63,0x6b,0x2d,0x6e,0x6f,0x74,0x65,0x22,0x29,0x2c,0x4e,0x3d,0x64,0x6f,0x63,0x75,0x6d,0x65,
0x6e,0x74,0x2e,0x67,0x65,0x74,0x45,0x6c,0x65,0x6d,0x65,0x6e,0x74,0x42,0x79,0x49,0x64,0x28,0x22,0x73,
0x74,0x61,0x74,0x69,0x6f,0x6e,0x2d,0x66,0x69,0x65,0x6c,0x64,0x73,0x22,0x29,0x2c,0x6b,0x3d,0x64,0x6f,
0x63,0x75,0x6d,0x65,0x6e,0x74,0x2e,0x67,0x65,0x74,0x45,0x6c,0x65,0x6d,0x65,0x6e,0x74,0x42,0x79,0x49,
0x64,0x28,0x22,0x73,0x74,0x61,0x53,0x73,0x69,0x64,0x22,0x29,0x2c,0x4d,0x3d,0x64,0x6f,0x63,0x75,0x6d,
0x65,0x6e,0x74,0x2e,0x67,0x65,0x74,0x45,0x6c,0x65,0x6d,0x65,0x6e,0x74,0x42,0x79,0x49,0x64,0x28,0x22,
0x73,0x74,0x61,0x50,0x61,0x73,0x73,0x77,0x6f,0x72,0x64,0x22,0x29,0x3b,0x66,0x75,0x6e,0x63,0x74,0x69,
0x6f,0x6e,0x20,0x6d,0x28,0x29,0x7b,0x63,0x6f,0x6e,0x73,0x74,0x20,0x74,0x3d,0x53,0x2e,0x76,0x61,0x6c,
0x75,0x65,0x3d,0x3d,0x3d,0x22,0x30,0x22,0x3b,0x75,0x2e,0x63,0x68,0x65,0x63,0x6b,0x65,0x64,0x3d,0x74,
0x2c,0x79,0x2e,0x63,0x6c,0x61,0x73,0x73,0x4c,0x69,0x73,0x74,0x2e,0x74,0x6f,0x67,0x67,0x6c,0x65,0x28,
0x22,0x6d,0x6f,0x64,0x65,0x2d,0x73,0x74,0x61,0x74,0x69,0x6f,0x6e,0x22,0x2c,0x74,0x29,0x2c,0x42,0x2e,
0x63,0x6c,0x61,0x73,0x73,0x4c,0x69,0x73,0x74,0x2e,0x74,0x6f,0x67,0x67,0x6c,0x65,0x28,0x22,0x76,0x69,
0x73,0x69,0x62,0x6c,0x65,0x22,0x2c,0x74,0x29,0x2c,0x4e,0x2e,0x63,0x6c,0x61,0x73,0x73,0x4c,0x69,0x73,
0x74,0x2e,0x74,0x6f,0x67,0x67,0x6c,0x65,0x28,0x22,0x73,0x65,0x74,0x74,0x69,0x6e,0x67,0x73,0x2d,0x67,
0x72,0x6f,0x75,0x70,0x2d,0x2d,0x69,0x6e,0x61,0x63,0x74,0x69,0x76,0x65,0x22,0x2c,0x21,0x74,0x29,0x2c,
0x6b,0x2e,0x64,0x69,0x73,0x61,0x62,0x6c,0x65,0x64,0x3d,0x21,0x74,0x2c,0x4d,0x2e,0x64,0x69,0x73,0x61,
0x62,0x6c,0x65,0x64,0x3d,0x21,0x74,0x3b,0x63,0x6f,0x6e,0x73,0x74,0x20,0x65,0x3d,0x74,0x3f,0x22,0x73,
0x74,0x61,0x4d,0x6f,0x64,0x65,0x45,0x78,0x70,0x6c,0x61,0x6e,0x61,0x74,0x69,0x6f,0x6e,0x22,0x3a,0x22,
0x61,0x70,0x4d,0x6f,0x64,0x65,0x45,0x78,0x70,0x6c,0x61,0x6e,0x61,0x74,0x69,0x6f,0x6e,0x22,0x3b,0x50,
0x2e,0x64,0x61,0x74,0x61,0x73,0x65,0x74,0x2e,0x69,0x31,0x38,0x6e,0x3d,0x65,0x2c,0x50,0x2e,0x74,0x65,
0x78,0x74,0x43,0x6f,0x6e,0x74,0x65,0x6e,0x74,0x3d,0x73,0x28,0x65,0x29,0x7d,0x75,0x2e,0x61,0x64,0x64,
0x45,0x76,0x65,0x6e,0x74,0x4c,0x69,0x73,0x74,0x65,0x6e,0x65,0x72,0x28,0x22,0x63,0x68,0x61,0x6e,0x67,
0x65,0x22,0x2c,0x28,0x29,0x3d,0x3e,0x7b,0x53,0x2e,0x76,0x61,0x6c,0x75,0x65,0x3d,0x75,0x2e,0x63,0x68,
0x65,0x63,0x6b,0x65,0x64,0x3f,0x22,0x30,0x22,0x3a,0x22,0x31,0x22,0x2c,0x6d,0x28,0x29,0x7d,0x29,0x3b,
0x6d,0x28,0x29,0x3b,0x63,0x6f,0x6e,0x73,0x74,0x20,0x70,0x3d,0x5b,0x7b,0x69,0x64,0x3a,0x22,0x6d,0x6f,
0x74,0x6f,0x72,0x45,0x6e,0x22,0x2c,0x74,0x61,0x67,0x3a,0x22,0x45,0x4e,0x22,0x7d,0x2c,0x7b,0x69,0x64,
0x3a,0x22,0x6d,0x6f,0x74,0x6f,0x72,0x49,0x6e,0x31,0x22,0x2c,0x74,0x61,0x67,0x3a,0x22,0x49,0x4e,0x31,
0x22,0x7d,0x2c,0x7b,0x69,0x64,0x3a,0x22,0x6d,0x6f,0x74,0x6f,0x72,0x49,0x6e,0x32,0x22,0x2c,0x74,0x61,
0x67,0x3a,0x22,0x49,0x4e,0x32,0x22,0x7d,0x2c,0x7b,0x69,0x64,0x3a,0x22,0x6d,0x6f,0x74,0x6f,0x72,0x49,
0x6e,0x33,0x22,0x2c,0x74,0x61,0x67,0x3a,0x22,0x49,0x4e,0x33,0x22,0x7d,0x2c,0x7b,0x69,0x64,0x3a,0x22,
0x6d,0x6f,0x74,0x6f,0x72,0x49,0x6e,0x34,0x22,0x2c,0x74,0x61,0x67,0x3a,0x22,0x49,0x4e,0x34,0x22,0x7d,
0x2c,0x7b,0x69,0x64,0x3a,0x22,0x6c,0x65,0x64,0x50,0x69,0x6e,0x22,0x2c,0x74,0x61,0x67,0x3a,0x22,0x4c,
0x45,0x44,0x22,0x7d,0x5d,0x2c,0x68,0x3d,0x41,0x72,0x72,0x61,0x79,0x2e,0x66,0x72,0x6f,0x6d,0x28,0x64,
0x6f,0x63,0x75,0x6d,0x65,0x6e,0x74,0x2e,0x71,0x75,0x65,0x72,0x79,0x53,0x65,0x6c,0x65,0x63,0x74,0x6f,
0x72,0x41,0x6c,0x6c,0x28,0x22,0x2e,0x70,0x69,0x6e,0x6f,0x75,0x74,0x2d,0x64,0x69,0x61,0x67,0x72,0x61,
0x6d,0x20,0x2e,0x70,0x69,0x6e,0x6f,0x75,0x74,0x2d,0x72,0x6f,0x77,0x5b,0x64,0x61,0x74,0x61,0x2d,0x67,
0x70,0x69,0x6f,0x5d,0x22,0x29,0x29,0x2c,0x41,0x3d,0x6e,0x65,0x77,0x20,0x4d,0x61,0x70,0x28,0x68,0x2e,
0x6d,0x61,0x70,0x28,0x74,0x3d,0x3e,0x5b,0x74,0x2c,0x74,0x2e,0x71,0x75,0x65,0x72,0x79,0x53,0x65,0x6c,
0x65,0x63,0x74,0x6f,0x72,0x28,0x22,0x2e,0x70,0x69,0x6e,0x2d,0x67,0x70,0x69,0x6f,0x22,0x29,0x2e,0x74,
0x65,0x78,0x74,0x43,0x6f,0x6e,0x74,0x65,0x6e,0x74,0x5d,0x29,0x29,0x2c,0x46,0x3d,0x6e,0x65,0x77,0x20,
0x53,0x65,0x74,0x28,0x68,0x2e,0x6d,0x61,0x70,0x28,0x74,0x3d,0x3e,0x74,0x2e,0x64,0x61,0x74,0x61,0x73,
0x65,0x74,0x2e,0x67,0x70,0x69,0x6f,0x29,0x29,0x2c,0x66,0x3d,0x70,0x2e,0x6d,0x61,0x70,0x28,0x28,0x7b,
0x69,0x64,0x3a,0x74,0x7d,0x29,0x3d,0x3e,0x74,0x29,0x3b,0x66,0x75,0x6e,0x63,0x74,0x69,0x6f,0x6e,0x20,
0x4c,0x28,0x74,0x29,0x7b,0x63,0x6f,0x6e,0x73,0x74,0x20,0x65,0x3d,0x74,0x2e,0x76,0x61,0x6c,0x75,0x65,
0x2e,0x74,0x72,0x69,0x6d,0x28,0x29,0x2c,0x6e,0x3d,0x65,0x21,0x3d,0x3d,0x22,0x22,0x26,0x26,0x46,0x2e,
0x68,0x61,0x73,0x28,0x65,0x29,0x3b,0x74,0x2e,0x73,0x65,0x74,0x43,0x75,0x73,0x74,0x6f,0x6d,0x56,0x61,
0x6c,0x69,0x64,0x69,0x74,0x79,0x28,0x6e,0x3f,0x22,0x22,0x3a,0x73,0x28,0x22,0x70,0x69,0x6e,0x56,0x61,
0x6c,0x69,0x64,0x61,0x74,0x69,0x6f,0x6e,0x4d,0x65,0x73,0x73,0x61,0x67,0x65,0x22,0x29,0x29,0x7d,0x66,
0x75,0x6e,0x63,0x74,0x69,0x6f,0x6e,0x20,0x6c,0x28,0x29,0x7b,0x66,0x2e,0x66,0x6f,0x72,0x45,0x61,0x63,
0x68,0x28,0x74,0x3d,0x3e,0x4c,0x28,0x64,0x6f,0x63,0x75,0x6d,0x65,0x6e,0x74,0x2e,0x67,0x65,0x74,0x45,
0x6c,0x65,0x6d,0x65,0x6e,0x74,0x42,0x79,0x49,0x64,0x28,0x74,0x29,0x29,0x29,0x7d,0x66,0x75,0x6e,0x63,
0x74,0x69,0x6f,0x6e,0x20,0x63,0x28,0x29,0x7b,0x63,0x6f,0x6e,0x73,0x74,0x20,0x74,0x3d,0x6e,0x65,0x77,
0x20,0x4d,0x61,0x70,0x3b,0x70,0x2e,0x66,0x6f,0x72,0x45,0x61,0x63,0x68,0x28,0x28,0x7b,0x69,0x64,0x3a,
0x65,0x2c,0x74,0x61,0x67,0x3a,0x6e,0x7d,0x29,0x3d,0x3e,0x7b,0x63,0x6f,0x6e,0x73,0x74,0x20,0x6f,0x3d,
0x64,0x6f,0x63,0x75,0x6d,0x65,0x6e,0x74,0x2e,0x67,0x65,0x74,0x45,0x6c,0x65,0x6d,0x65,0x6e,0x74,0x42,
0x79,0x49,0x64,0x28,0x65,0x29,0x2e,0x76,0x61,0x6c,0x75,0x65,0x2e,0x74,0x72,0x69,0x6d,0x28,0x29,0x3b,
0x6f,0x21,0x3d,0x3d,0x22,0x22,0x26,0x26,0x28,0x74,0x2e,0x68,0x61,0x73,0x28,0x6f,0x29,0x7c,0x7c,0x74,
0x2e,0x73,0x65,0x74,0x28,0x6f,0x2c,0x5b,0x5d,0x29,0x2c,0x74,0x2e,0x67,0x65,0x74,0x28,0x6f,0x29,0x2e,
0x70,0x75,0x73,0x68,0x28,0x6e,0x29,0x29,0x7d,0x29,0x2c,0x68,0x2e,0x66,0x6f,0x72,0x45,0x61,0x63,0x68,
0x28,0x65,0x3d,0x3e,0x7b,0x63,0x6f,0x6e,0x73,0x74,0x20,0x6e,0x3d,0x65,0x2e,0x71,0x75,0x65,0x72,0x79,
0x53,0x65,0x6c,0x65,0x63,0x74,0x6f,0x72,0x28,0x22,0x2e,0x70,0x69,0x6e,0x2d,0x67,0x70,0x69,0x6f,0x22,
0x29,0x2c,0x6f,0x3d,0x74,0x2e,0x67,0x65,0x74,0x28,0x65,0x2e,0x64,0x61,0x74,0x61,0x73,0x65,0x74,0x2e,
0x67,0x70,0x69,0x6f,0x29,0x3b,0x69,0x66,0x28,0x6e,0x2e,0x74,0x65,0x78,0x74,0x43,0x6f,0x6e,0x74,0x65,
0x6e,0x74,0x3d,0x41,0x2e,0x67,0x65,0x74,0x28,0x65,0x29,0x2c,0x6f,0x29,0x7b,0x63,0x6f,0x6e,0x73,0x74,
0x20,0x61,0x3d,0x64,0x6f,0x63,0x75,0x6d,0x65,0x6e,0x74,0x2e,0x63,0x72,0x65,0x61,0x74,0x65,0x45,0x6c,
0x65,0x6d,0x65,0x6e,0x74,0x4e,0x53,0x28,0x22,0x68,0x74,0x74,0x70,0x3a,0x2f,0x2f,0x77,0x77,0x77,0x2e,
0x77,0x33,0x2e,0x6f,0x72,0x67,0x2f,0x32,0x30,0x30,0x30,0x2f,0x73,0x76,0x67,0x22,0x2c,0x22,0x74,0x73,
0x70,0x61,0x6e,0x22,0x29,0x3b,0x61,0x2e,0x73,0x65,0x74,0x41,0x74,0x74,0x72,0x69,0x62,0x75,0x74,0x65,
0x28,0x22,0x63,0x6c,0x61,0x73,0x73,0x22,0x2c,0x22,0x70,0x69,0x6e,0x2d,0x61,0x73,0x73,0x69,0x67,0x6e,
0x6d,0x65,0x6e,0x74,0x22,0x29,0x2c,0x61,0x2e,0x74,0x65,0x78,0x74,0x43,0x6f,0x6e,0x74,0x65,0x6e,0x74,
0x3d,0x22,0x20,0x22,0x2b,0x6f,0x2e,0x6a,0x6f,0x69,0x6e,0x28,0x22,0x2b,0x22,0x29,0x2c,0x6e,0x2e,0x61,
0x70,0x70,0x65,0x6e,0x64,0x43,0x68,0x69,0x6c,0x64,0x28,0x61,0x29,0x7d,0x7d,0x29,0x7d,0x70,0x2e,0x66,
0x6f,0x72,0x45,0x61,0x63,0x68,0x28,0x28,0x7b,0x69,0x64,0x3a,0x74,0x7d,0x29,0x3d,0x3e,0x7b,0x64,0x6f,
0x63,0x75,0x6d,0x65,0x6e,0x74,0x2e,0x67,0x65,0x74,0x45,0x6c,0x65,0x6d,0x65,0x6e,0x74,0x42,0x79,0x49,
0x64,0x28,0x74,0x29,0x2e,0x61,0x64,0x64,0x45,0x76,0x65,0x6e,0x74,0x4c,0x69,0x73,0x74,0x65,0x6e,0x65,
0x72,0x28,0x22,0x69,0x6e,0x70,0x75,0x74,0x22,0x2c,0x63,0x29,0x7d,0x29,0x3b,0x66,0x2e,0x66,0x6f,0x72,
0x45,0x61,0x63,0x68,0x28,0x74,0x3d,0x3e,0x7b,0x64,0x6f,0x63,0x75,0x6d,0x65,0x6e,0x74,0x2e,0x67,0x65,
0x74,0x45,0x6c,0x65,0x6d,0x65,0x6e,0x74,0x42,0x79,0x49,0x64,0x28,0x74,0x29,0x2e,0x61,0x64,0x64,0x45,
0x76,0x65,0x6e,0x74,0x4c,0x69,0x73,0x74,0x65,0x6e,0x65,0x72,0x28,0x22,0x69,0x6e,0x70,0x75,0x74,0x22,
0x2c,0x28,0x29,0x3d,0x3e,0x4c,0x28,0x64,0x6f,0x63,0x75,0x6d,0x65,0x6e,0x74,0x2e,0x67,0x65,0x74,0x45,
0x6c,0x65,0x6d,0x65,0x6e,0x74,0x42,0x79,0x49,0x64,0x28,0x74,0x29,0x29,0x29,0x7d,0x29,0x3b,0x63,0x28,
0x29,0x3b,0x6c,0x28,0x29,0x3b,0x63,0x6f,0x6e,0x73,0x74,0x20,0x78,0x3d,0x7b,0x6d,0x6f,0x74,0x6f,0x72,
0x45,0x6e,0x3a,0x22,0x31,0x35,0x22,0x2c,0x6d,0x6f,0x74,0x6f,0x72,0x49,0x6e,0x31,0x3a,0x22,0x31,0x33,
0x22,0x2c,0x6d,0x6f,0x74,0x6f,0x72,0x49,0x6e,0x32,0x3a,0x22,0x30,0x22,0x2c,0x6d,0x6f,0x74,0x6f,0x72,
0x49,0x6e,0x33,0x3a,0x22,0x31,0x34,0x22,0x2c,0x6d,0x6f,0x74,0x6f,0x72,0x49,0x6e,0x34,0x3a,0x22,0x31,
0x32,0x22,0x2c,0x6c,0x65,0x64,0x50,0x69,0x6e,0x3a,0x22,0x32,0x22,0x2c,0x6c,0x65,0x64,0x43,0x6f,0x75,
0x6e,0x74,0x3a,0x22,0x38,0x22,0x7d,0x3b,0x64,0x6f,0x63,0x75,0x6d,0x65,0x6e,0x74,0x2e,0x67,0x65,0x74,
0x45,0x6c,0x65,0x6d,0x65,0x6e,0x74,0x42,0x79,0x49,0x64,0x28,0x22,0x72,0x65,0x73,0x65,0x74,0x2d,0x70,
0x69,0x6e,0x73,0x2d,0x62,0x75,0x74,0x74,0x6f,0x6e,0x22,0x29,0x2e,0x61,0x64,0x64,0x45,0x76,0x65,0x6e,
0x74,0x4c,0x69,0x73,0x74,0x65,0x6e,0x65,0x72,0x28,0x22,0x63,0x6c,0x69,0x63,0x6b,0x22,0x2c,0x28,0x29,
0x3d,0x3e,0x7b,0x66,0x6f,0x72,0x28,0x63,0x6f,0x6e,0x73,0x74,0x5b,0x74,0x2c,0x65,0x5d,0x6f,0x66,0x20,
0x4f,0x62,0x6a,0x65,0x63,0x74,0x2e,0x65,0x6e,0x74,0x72,0x69,0x65,0x73,0x28,0x78,0x29,0x29,0x64,0x6f,
0x63,0x75,0x6d,0x65,0x6e,0x74,0x2e,0x67,0x65,0x74,0x45,0x6c,0x65,0x6d,0x65,0x6e,0x74,0x42,0x79,0x49,
0x64,0x28,0x74,0x29,0x2e,0x76,0x61,0x6c,0x75,0x65,0x3d,0x65,0x3b,0x63,0x28,0x29,0x2c,0x6c,0x28,0x29,
0x7d,0x29,0x3b,0x66,0x75,0x6e,0x63,0x74,0x69,0x6f,0x6e,0x20,0x43,0x28,0x74,0x29,0x7b,0x63,0x6f,0x6e,
0x73,0x74,0x20,0x65,0x3d,0x7b,0x7d,0x3b,0x72,0x65,0x74,0x75,0x72,0x6e,0x20,0x74,0x2e,0x73,0x70,0x6c,
0x69,0x74,0x28,0x60,0x0a,0x60,0x29,0x2e,0x66,0x6f,0x72,0x45,0x61,0x63,0x68,0x28,0x6e,0x3d,0x3e,0x7b,
0x69,0x66,0x28,0x6e,0x3d,0x6e,0x2e,0x74,0x72,0x69,0x6d,0x28,0x29,0x2c,0x21,0x6e,0x29,0x72,0x65,0x74,
0x75,0x72,0x6e,0x3b,0x63,0x6f,0x6e,0x73,0x74,0x20,0x6f,0x3d,0x6e,0x2e,0x69,0x6e,0x64,0x65,0x78,0x4f,
0x66,0x28,0x22,0x3d,0x22,0x29,0x3b,0x69,0x66,0x28,0x6f,0x3d,0x3d,0x3d,0x2d,0x31,0x29,0x72,0x65,0x74,
0x75,0x72,0x6e,0x3b,0x63,0x6f,0x6e,0x73,0x74,0x20,0x61,0x3d,0x6e,0x2e,0x73,0x75,0x62,0x73,0x74,0x72,
0x69,0x6e,0x67,0x28,0x30,0x2c,0x6f,0x29,0x2c,0x76,0x3d,0x6e,0x2e,0x73,0x75,0x62,0x73,0x74,0x72,0x69,
0x6e,0x67,0x28,0x6f,0x2b,0x31,0x29,0x3b,0x65,0x5b,0x61,0x5d,0x3d,0x76,0x7d,0x29,0x2c,0x65,0x7d,0x66,
0x75,0x6e,0x63,0x74,0x69,0x6f,0x6e,0x20,0x44,0x28,0x74,0x29,0x7b,0x66,0x6f,0x72,0x28,0x63,0x6f,0x6e,
0x73,0x74,0x20,0x65,0x20,0x69,0x6e,0x20,0x74,0x29,0x7b,0x63,0x6f,0x6e,0x73,0x74,0x20,0x6e,0x3d,0x74,
0x5b,0x65,0x5d,0x2c,0x6f,0x3d,0x72,0x2e,0x71,0x75,0x65,0x72,0x79,0x53,0x65,0x6c,0x65,0x63,0x74,0x6f,
0x72,0x41,0x6c,0x6c,0x28,0x60,0x5b,0x6e,0x61,0x6d,0x65,0x3d,0x22,0x24,0x7b,0x65,0x7d,0x22,0x5d,0x60,
0x29,0x3b,0x6f,0x2e,0x6c,0x65,0x6e,0x67,0x74,0x68,0x21,0x3d,0x3d,0x30,0x26,0x26,0x28,0x6f,0x5b,0x30,
0x5d,0x2e,0x74,0x79,0x70,0x65,0x3d,0x3d,0x3d,0x22,0x72,0x61,0x64,0x69,0x6f,0x22,0x3f,0x6f,0x2e,0x66,
0x6f,0x72,0x45,0x61,0x63,0x68,0x28,0x61,0x3d,0x3e,0x7b,0x61,0x2e,0x63,0x68,0x65,0x63,0x6b,0x65,0x64,
0x3d,0x61,0x2e,0x76,0x61,0x6c,0x75,0x65,0x3d,0x3d,0x3d,0x6e,0x7d,0x29,0x3a,0x6f,0x5b,0x30,0x5d,0x2e,
0x76,0x61,0x6c,0x75,0x65,0x3d,0x6e,0x29,0x7d,0x7d,0x66,0x75,0x6e,0x63,0x74,0x69,0x6f,0x6e,0x20,0x57,
0x28,0x29,0x7b,0x66,0x65,0x74,0x63,0x68,0x28,0x22,0x2f,0x61,0x70,0x69,0x2f,0x73,0x65,0x74,0x74,0x69,
0x6e,0x67,0x73,0x22,0x29,0x2e,0x74,0x68,0x65,0x6e,0x28,0x74,0x3d,0x3e,0x74,0x2e,0x74,0x65,0x78,0x74,
0x28,0x29,0x29,0x2e,0x74,0x68,0x65,0x6e,0x28,0x74,0x3d,0x3e,0x7b,0x44,0x28,0x43,0x28,0x74,0x29,0x29,
0x2c,0x6d,0x28,0x29,0x2c,0x63,0x28,0x29,0x2c,0x6c,0x28,0x29,0x7d,0x29,0x2e,0x63,0x61,0x74,0x63,0x68,
0x28,0x74,0x3d,0x3e,0x7b,0x63,0x6f,0x6e,0x73,0x6f,0x6c,0x65,0x2e,0x6c,0x6f,0x67,0x28,0x74,0x29,0x2c,
0x64,0x2e,0x74,0x65,0x78,0x74,0x43,0x6f,0x6e,0x74,0x65,0x6e,0x74,0x3d,0x73,0x28,0x22,0x73,0x74,0x61,
0x74,0x75,0x73,0x4c,0x6f,0x61,0x64,0x46,0x61,0x69,0x6c,0x65,0x64,0x22,0x29,0x7d,0x29,0x7d,0x66,0x75,
0x6e,0x63,0x74,0x69,0x6f,0x6e,0x20,0x47,0x28,0x74,0x29,0x7b,0x69,0x66,0x28,0x74,0x2e,0x70,0x72,0x65,
0x76,0x65,0x6e,0x74,0x44,0x65,0x66,0x61,0x75,0x6c,0x74,0x28,0x29,0x2c,0x6c,0x28,0x29,0x2c,0x21,0x72,
0x2e,0x72,0x65,0x70,0x6f,0x72,0x74,0x56,0x61,0x6c,0x69,0x64,0x69,0x74,0x79,0x28,0x29,0x29,0x7b,0x64,
0x2e,0x74,0x65,0x78,0x74,0x43,0x6f,0x6e,0x74,0x65,0x6e,0x74,0x3d,0x73,0x28,0x22,0x73,0x74,0x61,0x74,
0x75,0x73,0x49,0x6e,0x76,0x61,0x6c,0x69,0x64,0x50,0x69,0x6e,0x73,0x22,0x29,0x3b,0x72,0x65,0x74,0x75,
0x72,0x6e,0x7d,0x63,0x6f,0x6e,0x73,0x74,0x20,0x65,0x3d,0x6e,0x65,0x77,0x20,0x55,0x52,0x4c,0x53,0x65,
0x61,0x72,0x63,0x68,0x50,0x61,0x72,0x61,0x6d,0x73,0x28,0x6e,0x65,0x77,0x20,0x46,0x6f,0x72,0x6d,0x44,
0x61,0x74,0x61,0x28,0x72,0x29,0x29,0x3b,0x64,0x2e,0x74,0x65,0x78,0x74,0x43,0x6f,0x6e,0x74,0x65,0x6e,
0x74,0x3d,0x73,0x28,0x22,0x73,0x74,0x61,0x74,0x75,0x73,0x53,0x61,0x76,0x69,0x6e,0x67,0x22,0x29,0x2c,
0x66,0x65,0x74,0x63,0x68,0x28,0x22,0x2f,0x61,0x70,0x69,0x2f,0x73,0x65,0x74,0x74,0x69,0x6e,0x67,0x73,
0x2f,0x73,0x61,0x76,0x65,0x22,0x2c,0x7b,0x6d,0x65,0x74,0x68,0x6f,0x64,0x3a,0x22,0x50,0x4f,0x53,0x54,
0x22,0x2c,0x62,0x6f,0x64,0x79,0x3a,0x65,0x7d,0x29,0x2e,0x74,0x68,0x65,0x6e,0x28,0x28,0x29,0x3d,0x3e,
0x7b,0x64,0x2e,0x74,0x65,0x78,0x74,0x43,0x6f,0x6e,0x74,0x65,0x6e,0x74,0x3d,0x73,0x28,0x22,0x73,0x74,
0x61,0x74,0x75,0x73,0x53,0x61,0x76,0x65,0x64,0x52,0x65,0x62,0x6f,0x6f,0x74,0x69,0x6e,0x67,0x22,0x29,
0x7d,0x29,0x2e,0x63,0x61,0x74,0x63,0x68,0x28,0x28,0x29,0x3d,0x3e,0x7b,0x64,0x2e,0x74,0x65,0x78,0x74,
0x43,0x6f,0x6e,0x74,0x65,0x6e,0x74,0x3d,0x73,0x28,0x22,0x73,0x74,0x61,0x74,0x75,0x73,0x53,0x61,0x76,
0x65,0x64,0x52,0x65,0x62,0x6f,0x6f,0x74,0x69,0x6e,0x67,0x22,0x29,0x7d,0x29,0x7d,0x72,0x2e,0x61,0x64,
0x64,0x45,0x76,0x65,0x6e,0x74,0x4c,0x69,0x73,0x74,0x65,0x6e,0x65,0x72,0x28,0x22,0x73,0x75,0x62,0x6d,
0x69,0x74,0x22,0x2c,0x47,0x29,0x3b,0x57,0x28,0x29,0x3b,0x0a };
//File: settings-BmJ9NouM.css
const uint16_t settings_BmJ9NouM_css_length = 5073;
const char settings_BmJ9NouM_css[] PROGMEM = { 
0x2a,0x7b,0x62,0x6f,0x78,0x2d,0x73,0x69,0x7a,0x69,0x6e,0x67,0x3a,0x62,0x6f,0x72,0x64,0x65,0x72,0x2d,
0x62,0x6f,0x78,0x7d,0x62,0x6f,0x64,0x79,0x7b,0x6d,0x61,0x72,0x67,0x69,0x6e,0x3a,0x30,0x3b,0x70,0x61,
0x64,0x64,0x69,0x6e,0x67,0x3a,0x31,0x36,0x70,0x78,0x20,0x31,0x36,0x70,0x78,0x20,0x39,0x36,0x70,0x78,
0x3b,0x62,0x61,0x63,0x6b,0x67,0x72,0x6f,0x75,0x6e,0x64,0x2d,0x63,0x6f,0x6c,0x6f,0x72,0x3a,0x23,0x66,
0x63,0x30,0x3b,0x63,0x6f,0x6c,0x6f,0x72,0x3a,0x23,0x66,0x66,0x66,0x3b,0x66,0x6f,0x6e,0x74,0x2d,0x66,
0x61,0x6d,0x69,0x6c,0x79,0x3a,0x56,0x65,0x72,0x64,0x61,0x6e,0x61,0x2c,0x47,0x65,0x6e,0x65,0x76,0x61,
0x2c,0x54,0x61,0x68,0x6f,0x6d,0x61,0x2c,0x73,0x61,0x6e,0x73,0x2d,0x73,0x65,0x72,0x69,0x66,0x7d,0x68,
0x31,0x7b,0x63,0x6f,0x6c,0x6f,0x72,0x3a,0x23,0x66,0x66,0x66,0x3b,0x74,0x65,0x78,0x74,0x2d,0x61,0x6c,
0x69,0x67,0x6e,0x3a,0x63,0x65,0x6e,0x74,0x65,0x72,0x7d,0x68,0x32,0x2c,0x68,0x33,0x7b,0x63,0x6f,0x6c,
0x6f,0x72,0x3a,0x23,0x66,0x66,0x66,0x7d,0x2e,0x74,0x6f,0x70,0x2d,0x62,0x61,0x72,0x7b,0x64,0x69,0x73,
0x70,0x6c,0x61,0x79,0x3a,0x66,0x6c,0x65,0x78,0x3b,0x61,0x6c,0x69,0x67,0x6e,0x2d,0x69,0x74,0x65,0x6d,
0x73,0x3a,0x63,0x65,0x6e,0x74,0x65,0x72,0x3b,0x6a,0x75,0x73,0x74,0x69,0x66,0x79,0x2d,0x63,0x6f,0x6e,
0x74,0x65,0x6e,0x74,0x3a,0x73,0x70,0x61,0x63,0x65,0x2d,0x62,0x65,0x74,0x77,0x65,0x65,0x6e,0x7d,0x2e,
0x62,0x61,0x63,0x6b,0x2d,0x62,0x75,0x74,0x74,0x6f,0x6e,0x7b,0x63,0x6f,0x6c,0x6f,0x72,0x3a,0x23,0x66,
0x66,0x66,0x3b,0x74,0x65,0x78,0x74,0x2d,0x64,0x65,0x63,0x6f,0x72,0x61,0x74,0x69,0x6f,0x6e,0x3a,0x6e,
0x6f,0x6e,0x65,0x3b,0x66,0x6f,0x6e,0x74,0x2d,0x77,0x65,0x69,0x67,0x68,0x74,0x3a,0x37,0x30,0x30,0x3b,
0x70,0x61,0x64,0x64,0x69,0x6e,0x67,0x3a,0x38,0x70,0x78,0x20,0x34,0x70,0x78,0x7d,0x2e,0x6c,0x61,0x6e,
0x67,0x2d,0x74,0x6f,0x67,0x67,0x6c,0x65,0x7b,0x62,0x61,0x63,0x6b,0x67,0x72,0x6f,0x75,0x6e,0x64,0x2d,
0x63,0x6f,0x6c,0x6f,0x72,0x3a,0x23,0x34,0x37,0x34,0x36,0x34,0x33,0x3b,0x62,0x6f,0x72,0x64,0x65,0x72,
0x3a,0x32,0x70,0x78,0x20,0x73,0x6f,0x6c,0x69,0x64,0x20,0x72,0x67,0x62,0x28,0x31,0x37,0x39,0x2c,0x31,
0x37,0x38,0x2c,0x31,0x37,0x35,0x29,0x3b,0x62,0x6f,0x72,0x64,0x65,0x72,0x2d,0x72,0x61,0x64,0x69,0x75,
0x73,0x3a,0x34,0x70,0x78,0x3b,0x63,0x6f,0x6c,0x6f,0x72,0x3a,0x23,0x66,0x66,0x66,0x3b,0x70,0x61,0x64,
0x64,0x69,0x6e,0x67,0x3a,0x36,0x70,0x78,0x20,0x31,0x32,0x70,0x78,0x3b,0x66,0x6f,0x6e,0x74,0x2d,0x77,
0x65,0x69,0x67,0x68,0x74,0x3a,0x37,0x30,0x30,0x7d,0x66,0x6f,0x72,0x6d,0x7b,0x77,0x69,0x64,0x74,0x68,
0x3a,0x31,0x30,0x30,0x25,0x3b,0x6d,0x61,0x78,0x2d,0x77,0x69,0x64,0x74,0x68,0x3a,0x34,0x38,0x30,0x70,
0x78,0x3b,0x6d,0x61,0x72,0x67,0x69,0x6e,0x3a,0x30,0x20,0x61,0x75,0x74,0x6f,0x20,0x33,0x30,0x70,0x78,
0x7d,0x6c,0x61,0x62,0x65,0x6c,0x7b,0x64,0x69,0x73,0x70,0x6c,0x61,0x79,0x3a,0x62,0x6c,0x6f,0x63,0x6b,
0x3b,0x6d,0x61,0x72,0x67,0x69,0x6e,0x2d,0x74,0x6f,0x70,0x3a,0x31,0x30,0x70,0x78,0x7d,0x69,0x6e,0x70,
0x75,0x74,0x2c,0x73,0x65,0x6c,0x65,0x63,0x74,0x7b,0x77,0x69,0x64,0x74,0x68,0x3a,0x31,0x30,0x30,0x25,
0x3b,0x62,0x61,0x63,0x6b,0x67,0x72,0x6f,0x75,0x6e,0x64,0x2d,0x63,0x6f,0x6c,0x6f,0x72,0x3a,0x23,0x34,
0x37,0x34,0x36,0x34,0x33,0x3b,0x62,0x6f,0x72,0x64,0x65,0x72,0x3a,0x32,0x70,0x78,0x20,0x73,0x6f,0x6c,
0x69,0x64,0x20,0x72,0x67,0x62,0x28,0x31,0x37,0x39,0x2c,0x31,0x37,0x38,0x2c,0x31,0x37,0x35,0x29,0x3b,
0x62,0x6f,0x72,0x64,0x65,0x72,0x2d,0x72,0x61,0x64,0x69,0x75,0x73,0x3a,0x34,0x70,0x78,0x3b,0x63,0x6f,
0x6c,0x6f,0x72,0x3a,0x23,0x66,0x66,0x66,0x3b,0x68,0x65,0x69,0x67,0x68,0x74,0x3a,0x33,0x36,0x70,0x78,
0x3b,0x62,0x6f,0x78,0x2d,0x73,0x69,0x7a,0x69,0x6e,0x67,0x3a,0x62,0x6f,0x72,0x64,0x65,0x72,0x2d,0x62,
0x6f,0x78,0x3b,0x6d,0x61,0x72,0x67,0x69,0x6e,0x2d,0x74,0x6f,0x70,0x3a,0x34,0x70,0x78,0x7d,0x69,0x6e,
0x70,0x75,0x74,0x3a,0x69,0x6e,0x76,0x61,0x6c,0x69,0x64,0x7b,0x62,0x6f,0x72,0x64,0x65,0x72,0x2d,0x63,
0x6f,0x6c,0x6f,0x72,0x3a,0x74,0x6f,0x6d,0x61,0x74,0x6f,0x3b,0x62,0x61,0x63,0x6b,0x67,0x72,0x6f,0x75,
0x6e,0x64,0x2d,0x63,0x6f,0x6c,0x6f,0x72,0x3a,0x23,0x35,0x61,0x33,0x61,0x33,0x37,0x7d,0x2e,0x73,0x65,
0x63,0x6f,0x6e,0x64,0x61,0x72,0x79,0x2d,0x62,0x75,0x74,0x74,0x6f,0x6e,0x7b,0x64,0x69,0x73,0x70,0x6c,
0x61,0x79,0x3a,0x62,0x6c,0x6f,0x63,0x6b,0x3b,0x77,0x69,0x64,0x74,0x68,0x3a,0x31,0x30,0x30,0x25,0x3b,
0x6d,0x61,0x72,0x67,0x69,0x6e,0x2d,0x74,0x6f,0x70,0x3a,0x31,0x36,0x70,0x78,0x3b,0x70,0x61,0x64,0x64,
0x69,0x6e,0x67,0x3a,0x31,0x30,0x70,0x78,0x3b,0x62,0x61,0x63,0x6b,0x67,0x72,0x6f,0x75,0x6e,0x64,0x2d,
0x63,0x6f,0x6c,0x6f,0x72,0x3a,0x74,0x72,0x61,0x6e,0x73,0x70,0x61,0x72,0x65,0x6e,0x74,0x3b,0x62,0x6f,
0x72,0x64,0x65,0x72,0x3a,0x32,0x70,0x78,0x20,0x73,0x6f,0x6c,0x69,0x64,0x20,0x72,0x67,0x62,0x28,0x31,
0x37,0x39,0x2c,0x31,0x37,0x38,0x2c,0x31,0x37,0x35,0x29,0x3b,0x62,0x6f,0x72,0x64,0x65,0x72,0x2d,0x72,
0x61,0x64,0x69,0x75,0x73,0x3a,0x34,0x70,0x78,0x3b,0x63,0x6f,0x6c,0x6f,0x72,0x3a,0x23,0x66,0x66,0x66,
0x3b,0x6f,0x70,0x61,0x63,0x69,0x74,0x79,0x3a,0x2e,0x38,0x35,0x3b,0x68,0x65,0x69,0x67,0x68,0x74,0x3a,
0x61,0x75,0x74,0x6f,0x7d,0x2e,0x72,0x61,0x64,0x69,0x6f,0x2d,0x72,0x6f,0x77,0x7b,0x64,0x69,0x73,0x70,
0x6c,0x61,0x79,0x3a,0x66,0x6c,0x65,0x78,0x3b,0x61,0x6c,0x69,0x67,0x6e,0x2d,0x69,0x74,0x65,0x6d,0x73,
0x3a,0x63,0x65,0x6e,0x74,0x65,0x72,0x3b,0x67,0x61,0x70,0x3a,0x36,0x70,0x78,0x3b,0x6d,0x61,0x72,0x67,
0x69,0x6e,0x2d,0x74,0x6f,0x70,0x3a,0x31,0x30,0x70,0x78,0x7d,0x2e,0x72,0x61,0x64,0x69,0x6f,0x2d,0x72,
0x6f,0x77,0x20,0x6c,0x61,0x62,0x65,0x6c,0x7b,0x64,0x69,0x73,0x70,0x6c,0x61,0x79,0x3a,0x69,0x6e,0x6c,
0x69,0x6e,0x65,0x3b,0x6d,0x61,0x72,0x67,0x69,0x6e,0x2d,0x74,0x6f,0x70,0x3a,0x30,0x7d,0x2e,0x6d,0x6f,
0x64,0x65,0x2d,0x74,0x6f,0x67,0x67,0x6c,0x65,0x2d,0x72,0x6f,0x77,0x7b,0x64,0x69,0x73,0x70,0x6c,0x61,
0x79,0x3a,0x67,0x72,0x69,0x64,0x3b,0x67,0x72,0x69,0x64,0x2d,0x74,0x65,0x6d,0x70,0x6c,0x61,0x74,0x65,
0x2d,0x63,0x6f,0x6c,0x75,0x6d,0x6e,0x73,0x3a,0x31,0x66,0x72,0x20,0x61,0x75,0x74,0x6f,0x20,0x31,0x66,
0x72,0x3b,0x61,0x6c,0x69,0x67,0x6e,0x2d,0x69,0x74,0x65,0x6d,0x73,0x3a,0x63,0x65,0x6e,0x74,0x65,0x72,
0x3b,0x63,0x6f,0x6c,0x75,0x6d,0x6e,0x2d,0x67,0x61,0x70,0x3a,0x31,0x30,0x70,0x78,0x3b,0x6d,0x61,0x72,
0x67,0x69,0x6e,0x2d,0x74,0x6f,0x70,0x3a,0x31,0x34,0x70,0x78,0x7d,0x2e,0x6d,0x6f,0x64,0x65,0x2d,0x74,
0x6f,0x67,0x67,0x6c,0x65,0x2d,0x6c,0x61,0x62,0x65,0x6c,0x7b,0x66,0x6f,0x6e,0x74,0x2d,0x73,0x69,0x7a,
0x65,0x3a,0x2e,0x38,0x35,0x72,0x65,0x6d,0x3b,0x6f,0x70,0x61,0x63,0x69,0x74,0x79,0x3a,0x2e,0x38,0x3b,
0x74,0x65,0x78,0x74,0x2d,0x61,0x6c,0x69,0x67,0x6e,0x3a,0x72,0x69,0x67,0x68,0x74,0x7d,0x2e,0x6d,0x6f,
0x64,0x65,0x2d,0x74,0x6f,0x67,0x67,0x6c,0x65,0x2d,0x72,0x6f,0x77,0x3e,0x2e,0x6d,0x6f,0x64,0x65,0x2d,
0x74,0x6f,0x67,0x67,0x6c,0x65,0x2d,0x6c,0x61,0x62,0x65,0x6c,0x3a,0x6c,0x61,0x73,0x74,0x2d,0x63,0x68,
0x69,0x6c,0x64,0x7b,0x74,0x65,0x78,0x74,0x2d,0x61,0x6c,0x69,0x67,0x6e,0x3a,0x6c,0x65,0x66,0x74,0x7d,
0x2e,0x6d,0x6f,0x64,0x65,0x2d,0x73,0x77,0x69,0x74,0x63,0x68,0x7b,0x70,0x6f,0x73,0x69,0x74,0x69,0x6f,
0x6e,0x3a,0x72,0x65,0x6c,0x61,0x74,0x69,0x76,0x65,0x3b,0x64,0x69,0x73,0x70,0x6c,0x61,0x79,0x3a,0x69,
0x6e,0x6c,0x69,0x6e,0x65,0x2d,0x62,0x6c,0x6f,0x63,0x6b,0x3b,0x77,0x69,0x64,0x74,0x68,0x3a,0x34,0x36,
0x70,0x78,0x3b,0x68,0x65,0x69,0x67,0x68,0x74,0x3a,0x32,0x36,0x70,0x78,0x3b,0x6d,0x61,0x72,0x67,0x69,
0x6e,0x2d,0x74,0x6f,0x70,0x3a,0x30,0x7d,0x2e,0x6d,0x6f,0x64,0x65,0x2d,0x73,0x77,0x69,0x74,0x63,0x68,
0x20,0x69,0x6e,0x70,0x75,0x74,0x7b,0x70,0x6f,0x73,0x69,0x74,0x69,0x6f,0x6e,0x3a,0x61,0x62,0x73,0x6f,
0x6c,0x75,0x74,0x65,0x3b,0x6f,0x70,0x61,0x63,0x69,0x74,0x79,0x3a,0x30,0x3b,0x77,0x69,0x64,0x74,0x68,
0x3a,0x30,0x3b,0x68,0x65,0x69,0x67,0x68,0x74,0x3a,0x30,0x7d,0x2e,0x6d,0x6f,0x64,0x65,0x2d,0x73,0x77,
0x69,0x74,0x63,0x68,0x2d,0x74,0x72,0x61,0x63,0x6b,0x7b,0x70,0x6f,0x73,0x69,0x74,0x69,0x6f,0x6e,0x3a,
0x61,0x62,0x73,0x6f,0x6c,0x75,0x74,0x65,0x3b,0x74,0x6f,0x70,0x3a,0x30,0x3b,0x72,0x69,0x67,0x68,0x74,
0x3a,0x30,0x3b,0x62,0x6f,0x74,0x74,0x6f,0x6d,0x3a,0x30,0x3b,0x6c,0x65,0x66,0x74,0x3a,0x30,0x3b,0x62,
0x61,0x63,0x6b,0x67,0x72,0x6f,0x75,0x6e,0x64,0x2d,0x63,0x6f,0x6c,0x6f,0x72,0x3a,0x23,0x34,0x37,0x34,
0x36,0x34,0x33,0x3b,0x62,0x6f,0x72,0x64,0x65,0x72,0x3a,0x32,0x70,0x78,0x20,0x73,0x6f,0x6c,0x69,0x64,
0x20,0x72,0x67,0x62,0x28,0x31,0x37,0x39,0x2c,0x31,0x37,0x38,0x2c,0x31,0x37,0x35,0x29,0x3b,0x62,0x6f,
0x72,0x64,0x65,0x72,0x2d,0x72,0x61,0x64,0x69,0x75,0x73,0x3a,0x39,0x39,0x39,0x70,0x78,0x3b,0x63,0x75,
0x72,0x73,0x6f,0x72,0x3a,0x70,0x6f,0x69,0x6e,0x74,0x65,0x72,0x3b,0x74,0x72,0x61,0x6e,0x73,0x69,0x74,
0x69,0x6f,0x6e,0x3a,0x62,0x61,0x63,0x6b,0x67,0x72,0x6f,0x75,0x6e,0x64,0x2d,0x63,0x6f,0x6c,0x6f,0x72,
0x20,0x2e,0x32,0x73,0x20,0x65,0x61,0x73,0x65,0x7d,0x2e,0x6d,0x6f,0x64,0x65,0x2d,0x73,0x77,0x69,0x74,
0x63,0x68,0x2d,0x74,0x68,0x75,0x6d,0x62,0x7b,0x70,0x6f,0x73,0x69,0x74,0x69,0x6f,0x6e,0x3a,0x61,0x62,
0x73,0x6f,0x6c,0x75,0x74,0x65,0x3b,0x74,0x6f,0x70,0x3a,0x32,0x70,0x78,0x3b,0x6c,0x65,0x66,0x74,0x3a,
0x32,0x70,0x78,0x3b,0x77,0x69,0x64,0x74,0x68,0x3a,0x31,0x38,0x70,0x78,0x3b,0x68,0x65,0x69,0x67,0x68,
0x74,0x3a,0x31,0x38,0x70,0x78,0x3b,0x62,0x6f,0x72,0x64,0x65,0x72,0x2d,0x72,0x61,0x64,0x69,0x75,0x73,
0x3a,0x35,0x30,0x25,0x3b,0x62,0x61,0x63,0x6b,0x67,0x72,0x6f,0x75,0x6e,0x64,0x2d,0x63,0x6f,0x6c,0x6f,
0x72,0x3a,0x23,0x66,0x66,0x66,0x3b,0x74,0x72,0x61,0x6e,0x73,0x69,0x74,0x69,0x6f,0x6e,0x3a,0x74,0x72,
0x61,0x6e,0x73,0x66,0x6f,0x72,0x6d,0x20,0x2e,0x32,0x73,0x20,0x65,0x61,0x73,0x65,0x7d,0x2e,0x6d,0x6f,
0x64,0x65,0x2d,0x73,0x77,0x69,0x74,0x63,0x68,0x20,0x69,0x6e,0x70,0x75,0x74,0x3a,0x63,0x68,0x65,0x63,
0x6b,0x65,0x64,0x2b,0x2e,0x6d,0x6f,0x64,0x65,0x2d,0x73,0x77,0x69,0x74,0x63,0x68,0x2d,0x74,0x72,0x61,
0x63,0x6b,0x7b,0x62,0x61,0x63,0x6b,0x67,0x72,0x6f,0x75,0x6e,0x64,0x2d,0x63,0x6f,0x6c,0x6f,0x72,0x3a,
0x23,0x32,0x32,0x38,0x62,0x32,0x32,0x7d,0x2e,0x6d,0x6f,0x64,0x65,0x2d,0x73,0x77,0x69,0x74,0x63,0x68,
0x20,0x69,0x6e,0x70,0x75,0x74,0x3a,0x63,0x68,0x65,0x63,0x6b,0x65,0x64,0x2b,0x2e,0x6d,0x6f,0x64,0x65,
0x2d,0x73,0x77,0x69,0x74,0x63,0x68,0x2d,0x74,0x72,0x61,0x63,0x6b,0x20,0x2e,0x6d,0x6f,0x64,0x65,0x2d,
0x73,0x77,0x69,0x74,0x63,0x68,0x2d,0x74,0x68,0x75,0x6d,0x62,0x7b,0x74,0x72,0x61,0x6e,0x73,0x66,0x6f,
0x72,0x6d,0x3a,0x74,0x72,0x61,0x6e,0x73,0x6c,0x61,0x74,0x65,0x28,0x32,0x30,0x70,0x78,0x29,0x7d,0x2e,
0x66,0x61,0x6c,0x6c,0x62,0x61,0x63,0x6b,0x2d,0x6e,0x6f,0x74,0x65,0x7b,0x64,0x69,0x73,0x70,0x6c,0x61,
0x79,0x3a,0x6e,0x6f,0x6e,0x65,0x3b,0x66,0x6f,0x6e,0x74,0x2d,0x73,0x74,0x79,0x6c,0x65,0x3a,0x69,0x74,
0x61,0x6c,0x69,0x63,0x3b,0x6f,0x70,0x61,0x63,0x69,0x74,0x79,0x3a,0x2e,0x37,0x35,0x3b,0x66,0x6f,0x6e,
0x74,0x2d,0x73,0x69,0x7a,0x65,0x3a,0x2e,0x39,0x65,0x6d,0x7d,0x2e,0x66,0x61,0x6c,0x6c,0x62,0x61,0x63,
0x6b,0x2d,0x6e,0x6f,0x74,0x65,0x2e,0x76,0x69,0x73,0x69,0x62,0x6c,0x65,0x7b,0x64,0x69,0x73,0x70,0x6c,
0x61,0x79,0x3a,0x69,0x6e,0x6c,0x69,0x6e,0x65,0x7d,0x2e,0x73,0x65,0x74,0x74,0x69,0x6e,0x67,0x73,0x2d,
0x67,0x72,0x6f,0x75,0x70,0x7b,0x74,0x72,0x61,0x6e,0x73,0x69,0x74,0x69,0x6f,0x6e,0x3a,0x6f,0x70,0x61,
0x63,0x69,0x74,0x79,0x20,0x2e,0x32,0x73,0x20,0x65,0x61,0x73,0x65,0x7d,0x2e,0x73,0x65,0x74,0x74,0x69,
0x6e,0x67,0x73,0x2d,0x67,0x72,0x6f,0x75,0x70,0x2d,0x2d,0x69,0x6e,0x61,0x63,0x74,0x69,0x76,0x65,0x7b,
0x6f,0x70,0x61,0x63,0x69,0x74,0x79,0x3a,0x2e,0x34,0x35,0x3b,0x70,0x6f,0x69,0x6e,0x74,0x65,0x72,0x2d,
0x65,0x76,0x65,0x6e,0x74,0x73,0x3a,0x6e,0x6f,0x6e,0x65,0x7d,0x2e,0x73,0x65,0x74,0x74,0x69,0x6e,0x67,
0x73,0x2d,0x67,0x72,0x6f,0x75,0x70,0x2d,0x2d,0x69,0x6e,0x61,0x63,0x74,0x69,0x76,0x65,0x20,0x69,0x6e,
0x70,0x75,0x74,0x7b,0x63,0x75,0x72,0x73,0x6f,0x72,0x3a,0x6e,0x6f,0x74,0x2d,0x61,0x6c,0x6c,0x6f,0x77,
0x65,0x64,0x7d,0x2e,0x6d,0x6f,0x64,0x65,0x2d,0x70,0x69,0x63,0x74,0x6f,0x67,0x72,0x61,0x6d,0x7b,0x64,
0x69,0x73,0x70,0x6c,0x61,0x79,0x3a,0x62,0x6c,0x6f,0x63,0x6b,0x3b,0x77,0x69,0x64,0x74,0x68,0x3a,0x31,
0x30,0x30,0x25,0x3b,0x6d,0x61,0x78,0x2d,0x77,0x69,0x64,0x74,0x68,0x3a,0x32,0x32,0x30,0x70,0x78,0x3b,
0x68,0x65,0x69,0x67,0x68,0x74,0x3a,0x61,0x75,0x74,0x6f,0x3b,0x6d,0x61,0x72,0x67,0x69,0x6e,0x3a,0x31,
0x30,0x70,0x78,0x20,0x61,0x75,0x74,0x6f,0x20,0x30,0x7d,0x2e,0x70,0x69,0x63,0x74,0x6f,0x67,0x72,0x61,
0x6d,0x2d,0x64,0x65,0x76,0x69,0x63,0x65,0x7b,0x66,0x69,0x6c,0x6c,0x3a,0x23,0x65,0x30,0x65,0x30,0x65,
0x30,0x3b,0x73,0x74,0x72,0x6f,0x6b,0x65,0x3a,0x23,0x37,0x37,0x37,0x3b,0x73,0x74,0x72,0x6f,0x6b,0x65,
0x2d,0x77,0x69,0x64,0x74,0x68,0x3a,0x31,0x2e,0x35,0x7d,0x2e,0x70,0x69,0x63,0x74,0x6f,0x67,0x72,0x61,
0x6d,0x2d,0x64,0x65,0x76,0x69,0x63,0x65,0x2d,0x64,0x65,0x74,0x61,0x69,0x6c,0x7b,0x66,0x69,0x6c,0x6c,
0x3a,0x23,0x37,0x37,0x37,0x3b,0x73,0x74,0x72,0x6f,0x6b,0x65,0x3a,0x23,0x37,0x37,0x37,0x3b,0x73,0x74,
0x72,0x6f,0x6b,0x65,0x2d,0x77,0x69,0x64,0x74,0x68,0x3a,0x31,0x2e,0x35,0x7d,0x2e,0x70,0x69,0x63,0x74,
0x6f,0x67,0x72,0x61,0x6d,0x2d,0x77,0x69,0x66,0x69,0x2d,0x61,0x72,0x63,0x7b,0x66,0x69,0x6c,0x6c,0x3a,
0x6e,0x6f,0x6e,0x65,0x3b,0x73,0x74,0x72,0x6f,0x6b,0x65,0x3a,0x23,0x66,0x66,0x62,0x33,0x30,0x30,0x3b,
0x73,0x74,0x72,0x6f,0x6b,0x65,0x2d,0x77,0x69,0x64,0x74,0x68,0x3a,0x32,0x3b,0x73,0x74,0x72,0x6f,0x6b,
0x65,0x2d,0x6c,0x69,0x6e,0x65,0x63,0x61,0x70,0x3a,0x72,0x6f,0x75,0x6e,0x64,0x7d,0x2e,0x70,0x69,0x63,
0x74,0x6f,0x67,0x72,0x61,0x6d,0x2d,0x72,0x6f,0x75,0x74,0x65,0x72,0x2d,0x69,0x63,0x6f,0x6e,0x7b,0x6f,
0x70,0x61,0x63,0x69,0x74,0x79,0x3a,0x2e,0x33,0x3b,0x74,0x72,0x61,0x6e,0x73,0x69,0x74,0x69,0x6f,0x6e,
0x3a,0x6f,0x70,0x61,0x63,0x69,0x74,0x79,0x20,0x2e,0x32,0x73,0x20,0x65,0x61,0x73,0x65,0x7d,0x2e,0x70,
0x69,0x63,0x74,0x6f,0x67,0x72,0x61,0x6d,0x2d,0x64,0x69,0x72,0x65,0x63,0x74,0x2d,0x6c,0x69,0x6e,0x65,
0x7b,0x66,0x69,0x6c,0x6c,0x3a,0x6e,0x6f,0x6e,0x65,0x3b,0x73,0x74,0x72,0x6f,0x6b,0x65,0x3a,0x23,0x32,
0x32,0x38,0x62,0x32,0x32,0x3b,0x73,0x74,0x72,0x6f,0x6b,0x65,0x2d,0x77,0x69,0x64,0x74,0x68,0x3a,0x32,
0x2e,0x35,0x3b,0x73,0x74,0x72,0x6f,0x6b,0x65,0x2d,0x64,0x61,0x73,0x68,0x61,0x72,0x72,0x61,0x79,0x3a,
0x34,0x20,0x33,0x3b,0x6f,0x70,0x61,0x63,0x69,0x74,0x79,0x3a,0x31,0x3b,0x74,0x72,0x61,0x6e,0x73,0x69,
0x74,0x69,0x6f,0x6e,0x3a,0x6f,0x70,0x61,0x63,0x69,0x74,0x79,0x20,0x2e,0x32,0x73,0x20,0x65,0x61,0x73,
0x65,0x7d,0x2e,0x70,0x69,0x63,0x74,0x6f,0x67,0x72,0x61,0x6d,0x2d,0x72,0x6f,0x75,0x74,0x65,0x72,0x2d,
0x6c,0x69,0x6e,0x65,0x7b,0x66,0x69,0x6c,0x6c,0x3a,0x6e,0x6f,0x6e,0x65,0x3b,0x73,0x74,0x72,0x6f,0x6b,
0x65,0x3a,0x23,0x32,0x32,0x38,0x62,0x32,0x32,0x3b,0x73,0x74,0x72,0x6f,0x6b,0x65,0x2d,0x77,0x69,0x64,
0x74,0x68,0x3a,0x32,0x2e,0x35,0x3b,0x6f,0x70,0x61,0x63,0x69,0x74,0x79,0x3a,0x30,0x3b,0x74,0x72,0x61,
0x6e,0x73,0x69,0x74,0x69,0x6f,0x6e,0x3a,0x6f,0x70,0x61,0x63,0x69,0x74,0x79,0x20,0x2e,0x32,0x73,0x20,
0x65,0x61,0x73,0x65,0x7d,0x2e,0x6d,0x6f,0x64,0x65,0x2d,0x70,0x69,0x63,0x74,0x6f,0x67,0x72,0x61,0x6d,
0x2e,0x6d,0x6f,0x64,0x65,0x2d,0x73,0x74,0x61,0x74,0x69,0x6f,0x6e,0x20,0x2e,0x70,0x69,0x63,0x74,0x6f,
0x67,0x72,0x61,0x6d,0x2d,0x72,0x6f,0x75,0x74,0x65,0x72,0x2d,0x69,0x63,0x6f,0x6e,0x7b,0x6f,0x70,0x61,
0x63,0x69,0x74,0x79,0x3a,0x31,0x7d,0x2e,0x6d,0x6f,0x64,0x65,0x2d,0x70,0x69,0x63,0x74,0x6f,0x67,0x72,
0x61,0x6d,0x2e,0x6d,0x6f,0x64,0x65,0x2d,0x73,0x74,0x61,0x74,0x69,0x6f,0x6e,0x20,0x2e,0x70,0x69,0x63,
0x74,0x6f,0x67,0x72,0x61,0x6d,0x2d,0x64,0x69,0x72,0x65,0x63,0x74,0x2d,0x6c,0x69,0x6e,0x65,0x7b,0x6f,
0x70,0x61,0x63,0x69,0x74,0x79,0x3a,0x30,0x7d,0x2e,0x6d,0x6f,0x64,0x65,0x2d,0x70,0x69,0x63,0x74,0x6f,
0x67,0x72,0x61,0x6d,0x2e,0x6d,0x6f,0x64,0x65,0x2d,0x73,0x74,0x61,0x74,0x69,0x6f,0x6e,0x20,0x2e,0x70,
0x69,0x63,0x74,0x6f,0x67,0x72,0x61,0x6d,0x2d,0x72,0x6f,0x75,0x74,0x65,0x72,0x2d,0x6c,0x69,0x6e,0x65,
0x7b,0x6f,0x70,0x61,0x63,0x69,0x74,0x79,0x3a,0x31,0x7d,0x2e,0x6d,0x6f,0x64,0x65,0x2d,0x65,0x78,0x70,
0x6c,0x61,0x6e,0x61,0x74,0x69,0x6f,0x6e,0x7b,0x66,0x6f,0x6e,0x74,0x2d,0x73,0x69,0x7a,0x65,0x3a,0x2e,
0x38,0x35,0x72,0x65,0x6d,0x3b,0x74,0x65,0x78,0x74,0x2d,0x61,0x6c,0x69,0x67,0x6e,0x3a,0x63,0x65,0x6e,
0x74,0x65,0x72,0x3b,0x6f,0x70,0x61,0x63,0x69,0x74,0x79,0x3a,0x2e,0x39,0x3b,0x6d,0x61,0x72,0x67,0x69,
0x6e,0x3a,0x38,0x70,0x78,0x20,0x30,0x20,0x34,0x70,0x78,0x7d,0x2e,0x70,0x69,0x6e,0x6f,0x75,0x74,0x7b,
0x6d,0x61,0x72,0x67,0x69,0x6e,0x3a,0x31,0x36,0x70,0x78,0x20,0x30,0x3b,0x74,0x65,0x78,0x74,0x2d,0x61,
0x6c,0x69,0x67,0x6e,0x3a,0x63,0x65,0x6e,0x74,0x65,0x72,0x7d,0x2e,0x70,0x69,0x6e,0x6f,0x75,0x74,0x2d,
0x64,0x69,0x61,0x67,0x72,0x61,0x6d,0x7b,0x77,0x69,0x64,0x74,0x68,0x3a,0x31,0x30,0x30,0x25,0x3b,0x6d,
0x61,0x78,0x2d,0x77,0x69,0x64,0x74,0x68,0x3a,0x33,0x36,0x30,0x70,0x78,0x3b,0x68,0x65,0x69,0x67,0x68,
0x74,0x3a,0x61,0x75,0x74,0x6f,0x7d,0x2e,0x62,0x6f,0x61,0x72,0x64,0x2d,0x70,0x63,0x62,0x7b,0x66,0x69,
0x6c,0x6c,0x3a,0x23,0x30,0x66,0x35,0x63,0x38,0x63,0x3b,0x73,0x74,0x72,0x6f,0x6b,0x65,0x3a,0x23,0x30,
0x38,0x33,0x61,0x35,0x38,0x3b,0x73,0x74,0x72,0x6f,0x6b,0x65,0x2d,0x77,0x69,0x64,0x74,0x68,0x3a,0x32,
0x7d,0x2e,0x61,0x6e,0x74,0x65,0x6e,0x6e,0x61,0x2d,0x68,0x6f,0x75,0x73,0x69,0x6e,0x67,0x7b,0x66,0x69,
0x6c,0x6c,0x3a,0x23,0x31,0x63,0x31,0x63,0x31,0x63,0x7d,0x2e,0x61,0x6e,0x74,0x65,0x6e,0x6e,0x61,0x2d,
0x74,0x72,0x61,0x63,0x65,0x7b,0x66,0x69,0x6c,0x6c,0x3a,0x6e,0x6f,0x6e,0x65,0x3b,0x73,0x74,0x72,0x6f,
0x6b,0x65,0x3a,0x23,0x63,0x39,0x39,0x32,0x32,0x61,0x3b,0x73,0x74,0x72,0x6f,0x6b,0x65,0x2d,0x77,0x69,
0x64,0x74,0x68,0x3a,0x32,0x2e,0x35,0x3b,0x73,0x74,0x72,0x6f,0x6b,0x65,0x2d,0x6c,0x69,0x6e,0x65,0x63,
0x61,0x70,0x3a,0x72,0x6f,0x75,0x6e,0x64,0x3b,0x73,0x74,0x72,0x6f,0x6b,0x65,0x2d,0x6c,0x69,0x6e,0x65,
0x6a,0x6f,0x69,0x6e,0x3a,0x72,0x6f,0x75,0x6e,0x64,0x7d,0x2e,0x77,0x69,0x66,0x69,0x2d,0x6d,0x6f,0x64,
0x75,0x6c,0x65,0x7b,0x66,0x69,0x6c,0x6c,0x3a,0x23,0x33,0x61,0x32,0x61,0x32,0x30,0x3b,0x73,0x74,0x72,
0x6f,0x6b,0x65,0x3a,0x23,0x31,0x34,0x30,0x65,0x30,0x61,0x3b,0x73,0x74,0x72,0x6f,0x6b,0x65,0x2d,0x77,
0x69,0x64,0x74,0x68,0x3a,0x31,0x2e,0x35,0x7d,0x2e,0x77,0x69,0x66,0x69,0x2d,0x6d,0x6f,0x64,0x75,0x6c,
0x65,0x2d,0x74,0x65,0x78,0x74,0x7b,0x66,0x69,0x6c,0x6c,0x3a,0x23,0x66,0x66,0x66,0x3b,0x66,0x6f,0x6e,
0x74,0x2d,0x73,0x69,0x7a,0x65,0x3a,0x31,0x31,0x70,0x78,0x3b,0x66,0x6f,0x6e,0x74,0x2d,0x77,0x65,0x69,
0x67,0x68,0x74,0x3a,0x37,0x30,0x30,0x3b,0x66,0x6f,0x6e,0x74,0x2d,0x66,0x61,0x6d,0x69,0x6c,0x79,0x3a,
0x56,0x65,0x72,0x64,0x61,0x6e,0x61,0x2c,0x47,0x65,0x6e,0x65,0x76,0x61,0x2c,0x54,0x61,0x68,0x6f,0x6d,
0x61,0x2c,0x73,0x61,0x6e,0x73,0x2d,0x73,0x65,0x72,0x69,0x66,0x7d,0x2e,0x77,0x69,0x66,0x69,0x2d,0x6d,
0x6f,0x64,0x75,0x6c,0x65,0x2d,0x73,0x75,0x62,0x74,0x65,0x78,0x74,0x7b,0x66,0x69,0x6c,0x6c,0x3a,0x23,
0x63,0x39,0x39,0x32,0x32,0x61,0x3b,0x66,0x6f,0x6e,0x74,0x2d,0x73,0x69,0x7a,0x65,0x3a,0x39,0x70,0x78,
0x3b,0x66,0x6f,0x6e,0x74,0x2d,0x73,0x74,0x79,0x6c,0x65,0x3a,0x69,0x74,0x61,0x6c,0x69,0x63,0x3b,0x66,
0x6f,0x6e,0x74,0x2d,0x66,0x61,0x6d,0x69,0x6c,0x79,0x3a,0x56,0x65,0x72,0x64,0x61,0x6e,0x61,0x2c,0x47,
0x65,0x6e,0x65,0x76,0x61,0x2c,0x54,0x61,0x68,0x6f,0x6d,0x61,0x2c,0x73,0x61,0x6e,0x73,0x2d,0x73,0x65,
0x72,0x69,0x66,0x7d,0x2e,0x72,0x65,0x73,0x65,0x74,0x2d,0x62,0x75,0x74,0x74,0x6f,0x6e,0x7b,0x66,0x69,
0x6c,0x6c,0x3a,0x23,0x63,0x30,0x33,0x39,0x32,0x62,0x3b,0x73,0x74,0x72,0x6f,0x6b,0x65,0x3a,0x23,0x37,
0x62,0x32,0x34,0x31,0x63,0x3b,0x73,0x74,0x72,0x6f,0x6b,0x65,0x2d,0x77,0x69,0x64,0x74,0x68,0x3a,0x31,
0x2e,0x35,0x7d,0x2e,0x75,0x73,0x62,0x2d,0x70,0x6f,0x72,0x74,0x7b,0x66,0x69,0x6c,0x6c,0x3a,0x23,0x62,
0x30,0x62,0x30,0x62,0x30,0x3b,0x73,0x74,0x72,0x6f,0x6b,0x65,0x3a,0x23,0x37,0x37,0x37,0x3b,0x73,0x74,
0x72,0x6f,0x6b,0x65,0x2d,0x77,0x69,0x64,0x74,0x68,0x3a,0x31,0x7d,0x2e,0x62,0x6f,0x61,0x72,0x64,0x2d,
0x73,0x69,0x6c,0x6b,0x7b,0x66,0x69,0x6c,0x6c,0x3a,0x23,0x66,0x66,0x66,0x66,0x66,0x66,0x64,0x39,0x3b,
0x66,0x6f,0x6e,0x74,0x2d,0x73,0x69,0x7a,0x65,0x3a,0x38,0x70,0x78,0x3b,0x6c,0x65,0x74,0x74,0x65,0x72,
0x2d,0x73,0x70,0x61,0x63,0x69,0x6e,0x67,0x3a,0x2e,0x35,0x70,0x78,0x3b,0x66,0x6f,0x6e,0x74,0x2d,0x66,
0x61,0x6d,0x69,0x6c,0x79,0x3a,0x56,0x65,0x72,0x64,0x61,0x6e,0x61,0x2c,0x47,0x65,0x6e,0x65,0x76,0x61,
0x2c,0x54,0x61,0x68,0x6f,0x6d,0x61,0x2c,0x73,0x61,0x6e,0x73,0x2d,0x73,0x65,0x72,0x69,0x66,0x7d,0x2e,
0x62,0x6f,0x61,0x72,0x64,0x2d,0x6e,0x61,0x6d,0x65,0x7b,0x66,0x69,0x6c,0x6c,0x3a,0x23,0x66,0x66,0x66,
0x66,0x66,0x66,0x64,0x39,0x3b,0x66,0x6f,0x6e,0x74,0x2d,0x73,0x69,0x7a,0x65,0x3a,0x31,0x32,0x70,0x78,
0x3b,0x66,0x6f,0x6e,0x74,0x2d,0x73,0x74,0x79,0x6c,0x65,0x3a,0x69,0x74,0x61,0x6c,0x69,0x63,0x3b,0x66,
0x6f,0x6e,0x74,0x2d,0x66,0x61,0x6d,0x69,0x6c,0x79,0x3a,0x47,0x65,0x6f,0x72,0x67,0x69,0x61,0x2c,0x54,
0x69,0x6d,0x65,0x73,0x20,0x4e,0x65,0x77,0x20,0x52,0x6f,0x6d,0x61,0x6e,0x2c,0x73,0x65,0x72,0x69,0x66,
0x7d,0x2e,0x70,0x69,0x6e,0x2d,0x63,0x69,0x72,0x63,0x6c,0x65,0x7b,0x66,0x69,0x6c,0x6c,0x3a,0x23,0x65,
0x30,0x65,0x30,0x65,0x30,0x3b,0x73,0x74,0x72,0x6f,0x6b,0x65,0x3a,0x23,0x37,0x37,0x37,0x3b,0x73,0x74,
0x72,0x6f,0x6b,0x65,0x2d,0x77,0x69,0x64,0x74,0x68,0x3a,0x31,0x2e,0x35,0x7d,0x2e,0x70,0x69,0x6e,0x2d,
0x6e,0x61,0x6d,0x65,0x7b,0x66,0x69,0x6c,0x6c,0x3a,0x23,0x66,0x66,0x66,0x3b,0x66,0x6f,0x6e,0x74,0x2d,
0x73,0x69,0x7a,0x65,0x3a,0x31,0x33,0x70,0x78,0x3b,0x66,0x6f,0x6e,0x74,0x2d,0x77,0x65,0x69,0x67,0x68,
0x74,0x3a,0x37,0x30,0x30,0x3b,0x66,0x6f,0x6e,0x74,0x2d,0x66,0x61,0x6d,0x69,0x6c,0x79,0x3a,0x56,0x65,
0x72,0x64,0x61,0x6e,0x61,0x2c,0x47,0x65,0x6e,0x65,0x76,0x61,0x2c,0x54,0x61,0x68,0x6f,0x6d,0x61,0x2c,
0x73,0x61,0x6e,0x73,0x2d,0x73,0x65,0x72,0x69,0x66,0x7d,0x2e,0x70,0x69,0x6e,0x2d,0x67,0x70,0x69,0x6f,
0x7b,0x66,0x69,0x6c,0x6c,0x3a,0x23,0x30,0x30,0x30,0x3b,0x66,0x6f,0x6e,0x74,0x2d,0x73,0x69,0x7a,0x65,
0x3a,0x31,0x31,0x70,0x78,0x3b,0x66,0x6f,0x6e,0x74,0x2d,0x73,0x74,0x79,0x6c,0x65,0x3a,0x69,0x74,0x61,
0x6c,0x69,0x63,0x3b,0x66,0x6f,0x6e,0x74,0x2d,0x66,0x61,0x6d,0x69,0x6c,0x79,0x3a,0x56,0x65,0x72,0x64,
0x61,0x6e,0x61,0x2c,0x47,0x65,0x6e,0x65,0x76,0x61,0x2c,0x54,0x61,0x68,0x6f,0x6d,0x61,0x2c,0x73,0x61,
0x6e,0x73,0x2d,0x73,0x65,0x72,0x69,0x66,0x7d,0x2e,0x70,0x69,0x6e,0x2d,0x61,0x73,0x73,0x69,0x67,0x6e,
0x6d,0x65,0x6e,0x74,0x7b,0x66,0x69,0x6c,0x6c,0x3a,0x23,0x32,0x32,0x38,0x62,0x32,0x32,0x3b,0x66,0x6f,
0x6e,0x74,0x2d,0x77,0x65,0x69,0x67,0x68,0x74,0x3a,0x37,0x30,0x30,0x3b,0x66,0x6f,0x6e,0x74,0x2d,0x73,
0x74,0x79,0x6c,0x65,0x3a,0x6e,0x6f,0x72,0x6d,0x61,0x6c,0x7d,0x2e,0x70,0x69,0x6e,0x6f,0x75,0x74,0x2d,
0x72,0x6f,0x77,0x2d,0x2d,0x72,0x65,0x73,0x65,0x72,0x76,0x65,0x64,0x20,0x2e,0x70,0x69,0x6e,0x2d,0x63,
0x69,0x72,0x63,0x6c,0x65,0x7b,0x66,0x69,0x6c,0x6c,0x3a,0x74,0x6f,0x6d,0x61,0x74,0x6f,0x7d,0x2e,0x70,
0x69,0x6e,0x6f,0x75,0x74,0x2d,0x72,0x6f,0x77,0x2d,0x2d,0x72,0x65,0x73,0x65,0x72,0x76,0x65,0x64,0x20,
0x2e,0x70,0x69,0x6e,0x2d,0x6e,0x61,0x6d,0x65,0x2c,0x2e,0x70,0x69,0x6e,0x6f,0x75,0x74,0x2d,0x72,0x6f,
0x77,0x2d,0x2d,0x72,0x65,0x73,0x65,0x72,0x76,0x65,0x64,0x20,0x2e,0x70,0x69,0x6e,0x2d,0x67,0x70,0x69,
0x6f,0x7b,0x66,0x69,0x6c,0x6c,0x3a,0x74,0x6f,0x6d,0x61,0x74,0x6f,0x3b,0x66,0x6f,0x6e,0x74,0x2d,0x77,
0x65,0x69,0x67,0x68,0x74,0x3a,0x37,0x30,0x30,0x3b,0x66,0x6f,0x6e,0x74,0x2d,0x73,0x74,0x79,0x6c,0x65,
0x3a,0x6e,0x6f,0x72,0x6d,0x61,0x6c,0x7d,0x2e,0x70,0x69,0x6e,0x6f,0x75,0x74,0x2d,0x72,0x65,0x73,0x65,
0x72,0x76,0x65,0x64,0x2d,0x6e,0x6f,0x74,0x65,0x7b,0x66,0x69,0x6c,0x6c,0x3a,0x74,0x6f,0x6d,0x61,0x74,
0x6f,0x3b,0x66,0x6f,0x6e,0x74,0x2d,0x73,0x69,0x7a,0x65,0x3a,0x31,0x31,0x70,0x78,0x7d,0x2e,0x70,0x69,
0x6e,0x6f,0x75,0x74,0x20,0x66,0x69,0x67,0x63,0x61,0x70,0x74,0x69,0x6f,0x6e,0x7b,0x66,0x6f,0x6e,0x74,
0x2d,0x73,0x69,0x7a,0x65,0x3a,0x2e,0x38,0x35,0x72,0x65,0x6d,0x3b,0x6f,0x70,0x61,0x63,0x69,0x74,0x79,
0x3a,0x2e,0x38,0x35,0x3b,0x6d,0x61,0x72,0x67,0x69,0x6e,0x2d,0x74,0x6f,0x70,0x3a,0x36,0x70,0x78,0x7d,
0x23,0x73,0x74,0x61,0x74,0x75,0x73,0x2d,0x6d,0x65,0x73,0x73,0x61,0x67,0x65,0x7b,0x66,0x6f,0x6e,0x74,
0x2d,0x77,0x65,0x69,0x67,0x68,0x74,0x3a,0x37,0x30,0x30,0x3b,0x6d,0x61,0x72,0x67,0x69,0x6e,0x3a,0x30,
0x20,0x30,0x20,0x38,0x70,0x78,0x3b,0x74,0x65,0x78,0x74,0x2d,0x61,0x6c,0x69,0x67,0x6e,0x3a,0x63,0x65,
0x6e,0x74,0x65,0x72,0x7d,0x2e,0x73,0x61,0x76,0x65,0x2d,0x62,0x61,0x72,0x7b,0x70,0x6f,0x73,0x69,0x74,
0x69,0x6f,0x6e,0x3a,0x66,0x69,0x78,0x65,0x64,0x3b,0x6c,0x65,0x66,0x74,0x3a,0x30,0x3b,0x72,0x69,0x67,
0x68,0x74,0x3a,0x30,0x3b,0x62,0x6f,0x74,0x74,0x6f,0x6d,0x3a,0x30,0x3b,0x64,0x69,0x73,0x70,0x6c,0x61,
0x79,0x3a,0x66,0x6c,0x65,0x78,0x3b,0x66,0x6c,0x65,0x78,0x2d,0x64,0x69,0x72,0x65,0x63,0x74,0x69,0x6f,
0x6e,0x3a,0x63,0x6f,0x6c,0x75,0x6d,0x6e,0x3b,0x61,0x6c,0x69,0x67,0x6e,0x2d,0x69,0x74,0x65,0x6d,0x73,
0x3a,0x63,0x65,0x6e,0x74,0x65,0x72,0x3b,0x70,0x61,0x64,0x64,0x69,0x6e,0x67,0x3a,0x31,0x30,0x70,0x78,
0x20,0x31,0x36,0x70,0x78,0x20,0x63,0x61,0x6c,0x63,0x28,0x31,0x30,0x70,0x78,0x20,0x2b,0x20,0x65,0x6e,
0x76,0x28,0x73,0x61,0x66,0x65,0x2d,0x61,0x72,0x65,0x61,0x2d,0x69,0x6e,0x73,0x65,0x74,0x2d,0x62,0x6f,
0x74,0x74,0x6f,0x6d,0x29,0x29,0x3b,0x62,0x61,0x63,0x6b,0x67,0x72,0x6f,0x75,0x6e,0x64,0x2d,0x63,0x6f,
0x6c,0x6f,0x72,0x3a,0x23,0x30,0x30,0x30,0x30,0x30,0x30,0x37,0x33,0x3b,0x62,0x6f,0x78,0x2d,0x73,0x68,
0x61,0x64,0x6f,0x77,0x3a,0x30,0x20,0x2d,0x32,0x70,0x78,0x20,0x31,0x30,0x70,0x78,0x20,0x23,0x30,0x30,
0x30,0x30,0x30,0x30,0x34,0x64,0x7d,0x23,0x73,0x61,0x76,0x65,0x2d,0x73,0x65,0x74,0x74,0x69,0x6e,0x67,
0x73,0x7b,0x77,0x69,0x64,0x74,0x68,0x3a,0x61,0x75,0x74,0x6f,0x3b,0x6d,0x69,0x6e,0x2d,0x77,0x69,0x64,
0x74,0x68,0x3a,0x32,0x30,0x30,0x70,0x78,0x3b,0x68,0x65,0x69,0x67,0x68,0x74,0x3a,0x61,0x75,0x74,0x6f,
0x3b,0x70,0x61,0x64,0x64,0x69,0x6e,0x67,0x3a,0x31,0x34,0x70,0x78,0x20,0x33,0x32,0x70,0x78,0x3b,0x66,
0x6f,0x6e,0x74,0x2d,0x73,0x69,0x7a,0x65,0x3a,0x31,0x2e,0x30,0x35,0x72,0x65,0x6d,0x3b,0x66,0x6f,0x6e,
0x74,0x2d,0x77,0x65,0x69,0x67,0x68,0x74,0x3a,0x37,0x30,0x30,0x3b,0x62,0x61,0x63,0x6b,0x67,0x72,0x6f,
0x75,0x6e,0x64,0x2d,0x63,0x6f,0x6c,0x6f,0x72,0x3a,0x23,0x32,0x32,0x38,0x62,0x32,0x32,0x3b,0x62,0x6f,
0x72,0x64,0x65,0x72,0x3a,0x32,0x70,0x78,0x20,0x73,0x6f,0x6c,0x69,0x64,0x20,0x72,0x67,0x62,0x28,0x34,
0x36,0x2c,0x31,0x37,0x39,0x2c,0x34,0x36,0x29,0x3b,0x62,0x6f,0x72,0x64,0x65,0x72,0x2d,0x72,0x61,0x64,
0x69,0x75,0x73,0x3a,0x38,0x70,0x78,0x3b,0x63,0x6f,0x6c,0x6f,0x72,0x3a,0x23,0x66,0x66,0x66,0x7d,0x40,
0x6d,0x65,0x64,0x69,0x61,0x20,0x28,0x6d,0x69,0x6e,0x2d,0x77,0x69,0x64,0x74,0x68,0x3a,0x20,0x36,0x30,
0x30,0x70,0x78,0x29,0x7b,0x62,0x6f,0x64,0x79,0x7b,0x70,0x61,0x64,0x64,0x69,0x6e,0x67,0x2d,0x62,0x6f,
0x74,0x74,0x6f,0x6d,0x3a,0x31,0x31,0x30,0x70,0x78,0x7d,0x7d,0x0a };

#endif
